symbol,source,published_at,headline,summary
360ONE,NSE_CORP_ANN,,ESOP/ESOS/ESPS,360 ONE WAM LIMITED has informed the Exchange regarding Allotment of 212637  Shares.
ABB,NSE_CORP_ANN,,General Updates,ABB India Limited has informed the Exchange about General Updates
ABB,NSE_CORP_ANN,,Trading Window,"ABB India Limited has informed the Exchange regarding the Trading Window closure pursuant to SEBI (Prohibition of Insider Trading) Regulations, 2015"
AUBANK,NSE_CORP_ANN,,Allotment of Securities,"AU Small Finance Bank Limited has informed the Exchange regarding allotment of 271991 securities pursuant to ESOP/ESPS at its meeting held on December 12, 2025"
ADANIENSOL,NSE_CORP_ANN,,Analysts/Institutional Investor Meet/Con. Call Updates,Adani Energy Solutions Limited has informed the Exchange about Interaction with Investors
ADANIENSOL,NSE_CORP_ANN,,General Updates,Adani Energy Solutions Limited has informed the Exchange about Execution of Share Purchase Agreement for Acquiring 100% Equity shares of KPS III HVDC Transmission Limited
ADANIENT,NSE_CORP_ANN,,Record Date,Adani Enterprises Limited has informed the Exchange that Record date for the purpose of first Call on partly paid equity shares issued on rights basis is 23-Dec-2025.
ADANIENT,NSE_CORP_ANN,,Outcome of Board Meeting,"Adani Enterprises Limited has informed the Exchange regarding outcome of rights issue committee meeting held on December 17, 2025."
ADANIENT,NSE_CORP_ANN,,Analysts/Institutional Investor Meet/Con. Call Updates,Adani Enterprises Limited has informed the Exchange about Schedule of meet
ADANIENT,NSE_CORP_ANN,,Copy of Newspaper Publication,Adani Enterprises Limited has informed the Exchange about Copy of Newspaper Publication for the matters relating to Rights Issue
ADANIENT,NSE_CORP_ANN,,Acquisition,Adani Enterprises Limited has informed the Exchange about Acquisition
ADANIENT,NSE_CORP_ANN,,Rights Issue,Allotment of partly paid up equity shares on rights basis
ADANIGREEN,NSE_CORP_ANN,,Analysts/Institutional Investor Meet/Con. Call Updates,Adani Green Energy Limited has informed the Exchange about Schedule of meet
ABCAPITAL,NSE_CORP_ANN,,ESOP/ESOS/ESPS,Aditya Birla Capital Limited has informed the Exchange regarding Allotment of 1375753  Shares.
ABCAPITAL,NSE_CORP_ANN,,Granting/withdrawal/surrender/cancellation/suspension of key licenses/ regulatory approvals,Aditya Birla Capital Limited has informed the Exchange about receipt of Certificate of Registration as Non-Banking Financial Company-Investment and Credit Company ( NBFC-ICC )
ABCAPITAL,NSE_CORP_ANN,,General Updates,Aditya Birla Capital Limited has informed the Exchange regarding 'the update on tax litigation of subsidiary company'.
ALKEM,NSE_CORP_ANN,,Appointment,"Alkem Laboratories Limited has informed the Exchange regarding Appointment of Mr. Sunil Sawant as Senior Management Personnel of the company w.e.f. December 16, 2025."
ALKEM,NSE_CORP_ANN,,Analysts/Institutional Investor Meet/Con. Call Updates,Alkem Laboratories Limited has informed the Exchange about Schedule of meet
ALKEM,NSE_CORP_ANN,,Cessation,"Alkem Laboratories Limited has informed the Exchange regarding Cessation of Mr. Vijay Shetty as Senior Management Position  of the company w.e.f. December 12, 2025."
ALKEM,NSE_CORP_ANN,,Copy of Newspaper Publication,Alkem Laboratories Limited has informed the Exchange about Copy of Newspaper Publication
AMBER,NSE_CORP_ANN,,General Updates,Amber Enterprises India Limited has informed the Exchange that the Company is planning to invest Rs. 500 Crore for expansion of its state-of-the-art Research & Development (R&D) Centre in Punjab.
ANGELONE,NSE_CORP_ANN,,Trading Window,"Angel One Limited has informed the Exchange regarding the Trading Window closure pursuant to SEBI (Prohibition of Insider Trading) Regulations, 2015"
ASHOKLEY,NSE_CORP_ANN,,Analysts/Institutional Investor Meet/Con. Call Updates,Ashok Leyland Limited has informed the Exchange about Schedule of  Investor meet
ASIANPAINT,NSE_CORP_ANN,,Trading Window,"Asian Paints Limited has informed the Exchange regarding the Trading Window closure pursuant to SEBI (Prohibition of Insider Trading) Regulations, 2015"
AUROPHARMA,NSE_CORP_ANN,,General Updates,"Aurobindo Pharma Limited has informed the Exchange about completion of US FDA Inspection at Unit-IV of APL Healthcare Limited, a wholly owned subsidiary of the Company"
AUROPHARMA,NSE_CORP_ANN,,Analysts/Institutional Investor Meet/Con. Call Updates,Aurobindo Pharma Limited has informed the Exchange about Schedule of meet
AUROPHARMA,NSE_CORP_ANN,,General Updates,"Aurobindo Pharma Limited has informed the Exchange about completion of US FDA Inspection at Unit-V of Apitoria Pharma Private Limited, a wholly owned subsidiary of the Company"
DMART,NSE_CORP_ANN,,Updates,Avenue Supermarts Limited has informed the Exchange regarding 'Store Opening Intimation'.
DMART,NSE_CORP_ANN,,Updates,Avenue Supermarts Limited has informed the Exchange regarding 'Store Opening Intimation'.
AXISBANK,NSE_CORP_ANN,,Change in Director(s),Axis Bank Limited has informed the Exchange regarding Change in Director(s) of the company.
AXISBANK,NSE_CORP_ANN,,ESOP/ESOS/ESPS,Axis Bank Limited has informed the Exchange regarding Allotment of 245902  Shares.
AXISBANK,NSE_CORP_ANN,,Analysts/Institutional Investor Meet/Con. Call Updates,Axis Bank Limited has informed the Exchange about Presentation
BSE,NSE_CORP_ANN,,Change in Management,BSE Limited has informed the Exchange about re-designation of Key Management Personnel and Senior Management
BSE,NSE_CORP_ANN,,Outcome of Board Meeting,"BSE Limited has informed the Exchange regarding Outcome of Board Meeting held on December 17, 2025."
BSE,NSE_CORP_ANN,,Action(s) taken or orders passed,BSE Limited has informed the Exchange about Action(s) taken or orders passed.
BSE,NSE_CORP_ANN,,Change in Director(s),BSE Limited has informed the Exchange regarding Change in Director(s) of the company.
BAJAJ-AUTO,NSE_CORP_ANN,,ESOP/ESOS/ESPS,Bajaj Auto Limited has informed the Exchange regarding Allotment of 240230  Shares.
BANDHANBNK,NSE_CORP_ANN,,Analysts/Institutional Investor Meet/Con. Call Updates,"Bandhan Bank Limited has informed the Exchange about Update on the Analysts / Institutional Investors Meet held on December 18, 2025"
BANDHANBNK,NSE_CORP_ANN,,Analysts/Institutional Investor Meet/Con. Call Updates,"Bandhan Bank Limited has informed the Exchange about Update on Analysts / Institutional Investors Meet held on December 17, 2025."
BANDHANBNK,NSE_CORP_ANN,,Resignation of Independent director,BANDHAN BANK LIMITED has informed the Exchange about Resignation of Independent director.
BANDHANBNK,NSE_CORP_ANN,,Change in Director(s),Bandhan Bank Limited has informed the Exchange regarding Change in Director(s) of the company.
BANDHANBNK,NSE_CORP_ANN,,Shareholders meeting,"Bandhan Bank Limited has submitted the Exchange, the Voting Results of Postal Ballot, along with a copy of the Scrutinizer's Report."
BANDHANBNK,NSE_CORP_ANN,,General Updates,"Bandhan Bank Limited has informed the Exchange about Schedule of Analysts / Institutional Investors Meets to be held on December 17, 2025 and December 18, 2025."
BANKBARODA,NSE_CORP_ANN,,General Updates,Bank Of Baroda has informed the Exchange about Subscription of Shares of Indian Digital Payment Intelligence Corporation
BANKBARODA,NSE_CORP_ANN,,General Updates,Bank Of Baroda has informed the Exchange about Group Investor Conference Intimation
BANKINDIA,NSE_CORP_ANN,,Credit Rating,Bank Of India has informed the Exchange about Credit Rating
BANKINDIA,NSE_CORP_ANN,,Analysts/Institutional Investor Meet/Con. Call Updates,Bank Of India has informed the Exchange about Investor/Analyst Meet
BANKINDIA,NSE_CORP_ANN,,Analysts/Institutional Investor Meet/Con. Call Updates,Bank Of India has informed the Exchange about Investor/Analyst Meet
BANKINDIA,NSE_CORP_ANN,,Updates,"Bank Of India has informed the Exchange regarding 'Issue of BASEL III Compliant Tier II Bonds of Rs.2,500 Crores'."
BANKINDIA,NSE_CORP_ANN,,Appointment,"Bank Of India has informed the Exchange regarding Appointment of  Continuation of SCAs as Other of the company w.e.f. December 11, 2025."
BEL,NSE_CORP_ANN,,Press Release,"Bharat Electronics Limited has informed the Exchange regarding a press release dated December 12, 2025, titled ""BEL Receives Order worth Rs.776 Crores""."
BHARATFORG,NSE_CORP_ANN,,Analysts/Institutional Investor Meet/Con. Call Updates,Bharat Forge Limited has informed the Exchange about Schedule of meet
BHARATFORG,NSE_CORP_ANN,,Analysts/Institutional Investor Meet/Con. Call Updates,Bharat Forge Limited has informed the Exchange about Schedule of meet
BHEL,NSE_CORP_ANN,,Amendment to AOA/MOA,Bharat Heavy Electricals Limited has informed the Exchange regarding the Amendment to AOA/MOA of the company.
BHEL,NSE_CORP_ANN,,Shareholders meeting,Voting Results of Postal Ballot along with Scrutinizer's Report
BHEL,NSE_CORP_ANN,,Change in Management,Bharat Heavy Electricals Limited has informed the Exchange about change in Management
BHEL,NSE_CORP_ANN,,Change in Management,Bharat Heavy Electricals Limited has informed the Exchange about change in Management
BPCL,NSE_CORP_ANN,,General Updates,Bharat Petroleum Corporation Limited has informed the Exchange about General Updates
BPCL,NSE_CORP_ANN,,Copy of Newspaper Publication,Bharat Petroleum Corporation Limited has informed the Exchange about Copy of Newspaper Publication
BHARTIARTL,NSE_CORP_ANN,,Amendment to AOA/MOA,Bharti Airtel Limited has informed the Exchange regarding the Amendment to AOA/MOA of the company.
BHARTIARTL,NSE_CORP_ANN,,Agreements,Bharti Airtel Limited has informed the Exchange about Agreements
BHARTIARTL,NSE_CORP_ANN,,General Updates,"Bharti Airtel Limited has informed the Exchange about the outcome of the Board meeting dt. December 18, 2025 w.r.t. First and Final Call on partly paid-up equity shares."
BHARTIARTL,NSE_CORP_ANN,,Change in Director(s),Bharti Airtel Limited has informed the Exchange regarding Change in Director(s) of the company.
BHARTIARTL,NSE_CORP_ANN,,Change in Management,Bharti Airtel Limited has informed the Exchange about change in Management
BHARTIARTL,NSE_CORP_ANN,,Action(s) taken or orders passed,Bharti Airtel Limited has informed the Exchange about Action(s) taken or orders passed
BIOCON,NSE_CORP_ANN,,Updates,Biocon Limited has informed the Exchange regarding 'Notification to Stock Exchanges'.
BIOCON,NSE_CORP_ANN,,Press Release,"Biocon Limited has informed the Exchange regarding a press release dated December 17, 2025, titled ""Biocon Biologics Recognized as Asia IP Elite for 2025 by IAM.""."
BIOCON,NSE_CORP_ANN,,Credit Rating,Biocon Limited has informed the Exchange about Credit Rating
BIOCON,NSE_CORP_ANN,,Credit Rating,Biocon Limited has informed the Exchange about Credit Rating
BIOCON,NSE_CORP_ANN,,Press Release,"Biocon Limited has informed the Exchange regarding a press release dated December 15, 2025, titled ""Biocon Limited launches its Glucagon-like Peptide-1 (GLP -1), Liraglutide, in the Netherlands""."
BIOCON,NSE_CORP_ANN,,Press Release,"Biocon Limited has informed the Exchange regarding a press release dated December 13, 2025, titled ""Biocon Biologics Signs Settlement and License Agreement to Commercialize Biosimilar Aflibercept Worldwide""."
BIOCON,NSE_CORP_ANN,,Press Release,"Biocon Limited has informed the Exchange regarding a press release dated December 11, 2025, titled ""S&P Global Places Biocon Biologics on Positive CreditWatchOn Account of Accelerated Debt Reduction""."
BOSCHLTD,NSE_CORP_ANN,,Trading Window,"Bosch Limited has informed the Exchange regarding the Trading Window closure pursuant to SEBI (Prohibition of Insider Trading) Regulations, 2015"
BRITANNIA,NSE_CORP_ANN,,Change in Management,"Pursuant to Regulation 30 read with Clause 7 of Para A of Part A of Schedule III of the SEBI Listing Regulations, 2015, this is to inform you that the Board of Directors, based on the recommendation of the Nomination and Remuneration Committee, have approved the following:  Appointment of Mr. Abhishek Sinha as the Chief Sales Transformation Officer of the Company with effect from 15th December, 2025.Appointment of Mr. Subhashis Basu as the Chief Business Officer-Dairy of the Company with effect from 15th December, 2025."
BRITANNIA,NSE_CORP_ANN,,General Updates,"Intimation under Regulation 30 of the Securities and Exchange Board of India (Listing Obligations and Disclosure Requirements) Regulations, 2015"
CGPOWER,NSE_CORP_ANN,,Updates,"CG Power and Industrial Solutions Limited has informed the Exchange regarding 'Disclosure under Regulation 31A of SEBI LODR, Regulations, 2015'."
CGPOWER,NSE_CORP_ANN,,ESOP/ESOS/ESPS,CG Power and Industrial Solutions Limited has informed the Exchange regarding Allotment of 40000  Shares.
CANBK,NSE_CORP_ANN,,Updates,Canara Bank has informed the Exchange regarding 'Credit confirmation of Annual Interest Payment & Redemption Payment'.
CANBK,NSE_CORP_ANN,,Updates,Canara Bank has informed the Exchange regarding ''.
CHOLAFIN,NSE_CORP_ANN,,Updates,"Cholamandalam Investment and Finance Company Limited has informed the Exchange regarding 'Intimation under Regulation 31(A)(8) of SEBI Listing Regulations, 2015'."
CHOLAFIN,NSE_CORP_ANN,,ESOP/ESOS/ESPS,Cholamandalam Investment and Finance Company Limited has informed the Exchange regarding Allotment of 98980  Shares.
CIPLA,NSE_CORP_ANN,,ESOP/ESOS/ESPS,Cipla Limited has informed the Exchange regarding Allotment of 585  Shares.
COALINDIA,NSE_CORP_ANN,,General Updates,"Coal India Limited has informed the Exchange about General Updates-Additional charge arrangement for the post of Chairman cum Managing Director, Northern Coalfields Limited (NCL) to CMD, CIL."
COALINDIA,NSE_CORP_ANN,,Press Release,"Coal India Limited has informed the Exchange regarding a press release dated December 16, 2025, titled ""Mr. B Sairam new Coal India Chief""."
COALINDIA,NSE_CORP_ANN,,Change in Director(s),Coal India Limited has informed the Exchange regarding Change in Director(s) of the company.
COFORGE,NSE_CORP_ANN,,General Updates,Coforge Limited has informed the Exchange about Filing of Second Motion Petition with the Hon ble National Company Law Tribunal ( NCLT )
COFORGE,NSE_CORP_ANN,,Press Release,"Coforge Limited has informed the Exchange regarding a press release dated December 16, 2025, titled ""Coforge Unveils  Data Cosmos    A Next-Gen AI-Enabled, Cloud-Native Data & Analytics Platform Designed to Accelerate Enterprise Transformation""."
COFORGE,NSE_CORP_ANN,,General Updates,Coforge Limited has informed the Exchange about Allotment of Equity Shares under ESOP Scheme
CAMS,NSE_CORP_ANN,,Agreements,Computer Age Management Services Limited has informed the Exchange about Business Transfer Agreement executed between the Company and its wholly owned subsidiary on 17th December 2025.
CAMS,NSE_CORP_ANN,,Analysts/Institutional Investor Meet/Con. Call Updates,Computer Age Management Services Limited has informed the Exchange about Schedule of meet
CAMS,NSE_CORP_ANN,,Analysts/Institutional Investor Meet/Con. Call Updates,Computer Age Management Services Limited has informed the Exchange about Schedule of meet
CROMPTON,NSE_CORP_ANN,,Action(s) taken or orders passed,Crompton Greaves Consumer Electricals Limited has informed the Exchange about Action(s) taken or orders passed
CROMPTON,NSE_CORP_ANN,,Action(s) initiated or orders passed,Crompton Greaves Consumer Electricals Limited has informed the Exchange about Action(s) initiated or orders passed
CROMPTON,NSE_CORP_ANN,,Bagging/Receiving of orders/contracts,Crompton Greaves Consumer Electricals Limited has informed the Exchange about Bagging/Receiving of orders/contracts
CROMPTON,NSE_CORP_ANN,,Copy of Newspaper Publication,Crompton Greaves Consumer Electricals Limited has informed the Exchange about Copy of Newspaper Publication
CROMPTON,NSE_CORP_ANN,,Analysts/Institutional Investor Meet/Con. Call Updates,Crompton Greaves Consumer Electricals Limited has informed the Exchange about Schedule of meet
CUMMINSIND,NSE_CORP_ANN,,General Updates,Cummins India Limited has informed the Exchange about General Updates - Approval for acquisition of stake in Clean Max Yellowstone Private Limited
CUMMINSIND,NSE_CORP_ANN,,Outcome of Board Meeting,"Cummins India Limited has informed the Exchange regarding Outcome of Board Meeting held on December 18, 2025."
CUMMINSIND,NSE_CORP_ANN,,Outcome of Board Meeting,"Cummins India Limited has informed the Exchange regarding  Board meeting held on December 18, 2025 - Approval for acquisition of stake in Clean Max Yellowstone Private Limited"
CYIENT,NSE_CORP_ANN,,Analysts/Institutional Investor Meet/Con. Call Updates,Cyient Limited has informed the Exchange about Link of Recording
CYIENT,NSE_CORP_ANN,,Press Release,"Cyient Limited has informed the Exchange regarding a press release dated December 17, 2025, titled ""Cyient Semiconductors Acquires Majority Stake in Kinetic Technologies to Drive Custom Power IC Leadership for Edge AI and High-Performance Compute Markets""."
CYIENT,NSE_CORP_ANN,,Analysts/Institutional Investor Meet/Con. Call Updates,Cyient Limited has informed the Exchange about Schedule of meet
CYIENT,NSE_CORP_ANN,,Acquisition,Cyient Limited has informed the Exchange about Acquisition
CYIENT,NSE_CORP_ANN,,Outcome of Board Meeting,"Cyient Limited has informed the Exchange regarding  Board meeting held on December 17, 2025."
CYIENT,NSE_CORP_ANN,,Shareholders meeting,"Cyient Limited has submitted the Exchange a copy Srutinizers report of  Postal Ballot. Further, the company has informed the Exchange regarding voting results."
CYIENT,NSE_CORP_ANN,,Trading Window,"Cyient Limited has informed the Exchange regarding the Trading Window closure pursuant to SEBI (Prohibition of Insider Trading) Regulations, 2015"
CYIENT,NSE_CORP_ANN,,Press Release,"Cyient Limited has informed the Exchange regarding a press release dated December 11, 2025, titled ""Cyient Strengthens Middle East Operations; to Drive Intelligent Engineering for Energy, Utilities, Transportation & Connectivity Sectors""."
DLF,NSE_CORP_ANN,,Updates,DLF Limited has informed the Exchange regarding 'Disclosure under Regulation 30 of SEBI Listing Regulations'.
DABUR,NSE_CORP_ANN,,Action(s) taken or orders passed,"Dabur India Limited has informed the Exchange about update on Action(s) taken or orders passed on February 5, 2025"
DABUR,NSE_CORP_ANN,,Updates,Dabur India Limited has informed the Exchange regarding 'Report on Special Window for Re-lodgement of Transfer Request of Physical Shares'.
DABUR,NSE_CORP_ANN,,Trading Window,"Dabur India Limited has informed the Exchange regarding the Trading Window closure pursuant to SEBI (Prohibition of Insider Trading) Regulations, 2015"
DALBHARAT,NSE_CORP_ANN,,General Updates,Dalmia Bharat Limited has informed the Exchange about General Updates. Pls find schedule of Analysts Meetings to be attended by Company management
DELHIVERY,NSE_CORP_ANN,,Press Release,"Delhivery Limited has informed the Exchange regarding a press release dated December 15, 2025, titled ""Delhivery launches On-demand Intracity offering in Mumbai and Hyderabad via the Delhivery Direct App""."
DRREDDY,NSE_CORP_ANN,,Copy of Newspaper Publication,Dr. Reddy's Laboratories Limited has informed the Exchange about Copy of Newspaper Publication
DRREDDY,NSE_CORP_ANN,,Analysts/Institutional Investor Meet/Con. Call Updates,Dr. Reddy's Laboratories Limited has informed the Exchange about Schedule of meet
DRREDDY,NSE_CORP_ANN,,General Updates,Dr. Reddy's Laboratories Limited has informed the Exchange about General Updates
DRREDDY,NSE_CORP_ANN,,Analysts/Institutional Investor Meet/Con. Call Updates,Dr. Reddy's Laboratories Limited has informed the Exchange about Schedule of meet
DRREDDY,NSE_CORP_ANN,,Press Release,"Dr. Reddy's Laboratories Limited has informed the Exchange regarding a press release dated December 12, 2025, titled ""Dr. Reddy s Laboratories announces Science-Based Net Zero Climate Targets""."
ETERNAL,NSE_CORP_ANN,,General Updates,"Eternal Limited has informed the exchange about incorporation of Eternal General Service Foundation, a wholly owned subsidiary of the Company"
NYKAA,NSE_CORP_ANN,,ESOP/ESOS/ESPS,FSN E Commerce Ventures Limited has informed the Exchange regarding Allotment of 259450 Equity Shares pursuant to exercise of vested stock options by employees under Employees Stock Option schemes of the Company.
FORTIS,NSE_CORP_ANN,,Updates,"Fortis Healthcare Limited has informed the Exchange regarding 'status of re-lodgement of transfer requests of physical shares for the month ended on November 30, 2025'."
FORTIS,NSE_CORP_ANN,,Copy of Newspaper Publication,"Newspaper clippings   Special Window for re-lodgement of transfer requests of physical shares.The newspaper clippings of the advertisement on the captioned subject published today i.e., December 17, 2025 in the columns of English daily  Financial Express , all editions and Punjabi daily  Rozana Spokesman , Mohali edition are enclosed for information and records."
GAIL,NSE_CORP_ANN,,Analysts/Institutional Investor Meet/Con. Call Updates,GAIL (India) Limited has informed the Exchange about Schedule of meet
GAIL,NSE_CORP_ANN,,Action(s) taken or orders passed,GAIL (India) Limited has informed the Exchange about Action(s) taken or orders passed
GMRAIRPORT,NSE_CORP_ANN,,Copy of Newspaper Publication,GMR AIRPORTS LIMITED has informed the Exchange about Intimation regarding Newspaper Publication for Notice of Postal Ballot
GMRAIRPORT,NSE_CORP_ANN,,Shareholders meeting,GMR AIRPORTS LIMITED has informed the Exchange regarding Notice of Postal Ballot
GMRAIRPORT,NSE_CORP_ANN,,Resignation,GMR AIRPORTS LIMITED has informed the Exchange regarding Intimation regarding Resignation of Alternate Director of the Company
GMRAIRPORT,NSE_CORP_ANN,,General Updates,"GMR AIRPORTS LIMITED has informed the Exchange about SEBI (Listing Obligations and Disclosure Requirements) Regulations, 2015 - Monthly Traffic Updates"
GLENMARK,NSE_CORP_ANN,,Press Release,"Glenmark Pharmaceuticals Limited has informed the Exchange regarding a press release dated December 16, 2025, titled ""Glenmark Secures Exclusive Multi-Regional Rights to Aumolertinib, an MHRA and NMPA approved Third-Generation EGFR-TKI, from Hansoh Pharma""."
GLENMARK,NSE_CORP_ANN,,Press Release,"Glenmark Pharmaceuticals Limited has informed the Exchange regarding a press release dated December 11, 2025, titled ""Glenmark Pharmaceuticals Inc., USA to launch Leucovorin Calcium for Injection USP, 350 mg/vial Single-Dose Vial""."
HCLTECH,NSE_CORP_ANN,,Acquisition,HCL Technologies Limited has informed the Exchange about Acquisition
HCLTECH,NSE_CORP_ANN,,Updates,HCL Technologies Limited has informed the Exchange regarding 'Release    ASN Bank signs a contract with HCLTech to accelerate digital transformation and enhance customer experience
HCLTECH,NSE_CORP_ANN,,Updates,HCL Technologies Limited has informed the Exchange regarding 'Release    NSE Academy collaborates with HCLTech to develop next-gen workforce for the evolving digital economy '.
HCLTECH,NSE_CORP_ANN,,Updates,HCL Technologies Limited has informed the Exchange regarding 'Release    Aurobay Technologies expands digital transformation partnership with HCLTech to boost manufacturing excellence and innovation '.
HCLTECH,NSE_CORP_ANN,,Updates,HCL Technologies Limited has informed the Exchange regarding 'Release    HCLTech recognized as a Leader in the IDC MarketScape for Worldwide Experience Build Services 2025 '.
HCLTECH,NSE_CORP_ANN,,Updates,"HCL Technologies Limited has informed the Exchange regarding 'Release:  HCLFoundation celebrates India s rich handicraft heritage, facilitates dialogues to strengthen sector '."
HDFCBANK,NSE_CORP_ANN,,ESOP/ESOS/ESPS,HDFC Bank Limited has informed the Exchange regarding Allotment of 2066610  Shares.
HDFCBANK,NSE_CORP_ANN,,Copy of Newspaper Publication,HDFC Bank Limited has informed the Exchange about Copy of Newspaper Publication
HDFCBANK,NSE_CORP_ANN,,General Updates,HDFC Bank Limited has informed the Exchange about General Updates
HDFCBANK,NSE_CORP_ANN,,Change in Management,HDFC Bank Limited has informed the Exchange about change in Management
HDFCLIFE,NSE_CORP_ANN,,General Updates,HDFC Life Insurance Company Limited has informed the Exchange about the allotment of 769885 securities pursuant to ESOP/ESPS
HDFCLIFE,NSE_CORP_ANN,,General Updates,HDFC Life Insurance Company Limited has informed the Exchange about the allotment of debentures
HFCL,NSE_CORP_ANN,,Updates,"HFCL Limited has informed the Exchange regarding 'Update on Sale of 2,17,594 equity shares i.e. entire stake, held in Nivetti Systems Private Limited'."
HFCL,NSE_CORP_ANN,,Updates,HFCL Limited has informed the Exchange regarding 'Sustainability Report for the financial year 2024-25'.
HAVELLS,NSE_CORP_ANN,,Change in Management,Havells India Limited has informed the Exchange about change in Management
HAVELLS,NSE_CORP_ANN,,Change in Management,Havells India Limited has informed the Exchange about change in Management
HEROMOTOCO,NSE_CORP_ANN,,Press Release,Please find enclosed herewith a copy of the Press Release being issued by the Company.
HINDALCO,NSE_CORP_ANN,,General Updates,Hindalco Industries Limited has informed the Exchange about General Updates
HINDUNILVR,NSE_CORP_ANN,,General Updates,Update on acquisition of Equity Shares of Transition Sustainable Energy Services One Private Limited
HINDUNILVR,NSE_CORP_ANN,,Trading Window,"Hindustan Unilever Limited has informed the Exchange regarding the Trading Window closure pursuant to SEBI (Prohibition of Insider Trading) Regulations, 2015"
HINDUNILVR,NSE_CORP_ANN,,General Updates,Material update in connection with the Scheme of Arrangement - Communication received from Kwality Wall's (India) Limited
HINDUNILVR,NSE_CORP_ANN,,General Updates,Hindustan Unilever Limited has informed the Exchange about General Updates
HINDZINC,NSE_CORP_ANN,,Action(s) taken or orders passed,Hindustan Zinc Limited has informed the Exchange about Action(s) taken or orders passed
HINDZINC,NSE_CORP_ANN,,Action(s) taken or orders passed,Hindustan Zinc Limited has informed the Exchange about Action(s) taken or orders passed
HINDZINC,NSE_CORP_ANN,,General Updates,"Hindustan Zinc Limited has informed the Exchange regarding Intimation under the Securities and Exchange Board of India (Listing Obligations and Disclosure Requirements) Regulations, 2015 ( Listing Regulations )   ESG Rating(s)"
POWERINDIA,NSE_CORP_ANN,,Action(s) taken or orders passed,Hitachi Energy India Limited has informed the Exchange about Action(s) taken or orders passed
POWERINDIA,NSE_CORP_ANN,,Trading Window,"Hitachi Energy India Limited has informed the Exchange regarding the Trading Window closure pursuant to SEBI (Prohibition of Insider Trading) Regulations, 2015"
POWERINDIA,NSE_CORP_ANN,,Action(s) taken or orders passed,Hitachi Energy India Limited has informed the Exchange about Action(s) taken or orders passed
HUDCO,NSE_CORP_ANN,,Outcome of Board Meeting,"Housing & Urban Development Corporation Limited has informed the Exchange regarding  Board meeting held on December 12, 2025."
HUDCO,NSE_CORP_ANN,,Committee Meeting Updates,"Housing & Urban Development Corporation Limited has informed the Exchange regarding Outcome of Committee Meeting held on December 12, 2025."
ICICIBANK,NSE_CORP_ANN,,ESOP/ESOS/ESPS,ICICI Bank Limited has informed the Exchange regarding Allotment of 19752  Shares.
ICICIBANK,NSE_CORP_ANN,,General Updates,"ICICI Bank Limited has informed the Exchange about disclosure under Regulation 30 of the SEBI (Listing Obligations and Disclosure Requirements), Regulations, 2015"
ICICIBANK,NSE_CORP_ANN,,General Updates,"ICICI Bank Limited has informed the Exchange about disclosure under Regulation 30 of the SEBI (Listing Obligations and Disclosure Requirements) Regulations, 2015"
ICICIBANK,NSE_CORP_ANN,,ESOP/ESOS/ESPS,ICICI Bank Limited has informed the Exchange regarding Allotment of 76323  Shares.
ICICIBANK,NSE_CORP_ANN,,ESOP/ESOS/ESPS,ICICI Bank Limited has informed the Exchange regarding Allotment of 255634  Shares.
ICICIGI,NSE_CORP_ANN,,Updates,"ICICI Lombard General Insurance Company Limited has informed the Exchange regarding 'Schedule Of Analyst/ Institutional Investor Meet - Intimation. Rescheduling of Analyst/Institutional Investor Meet to held on December 16, 2025.'."
ICICIGI,NSE_CORP_ANN,,ESOP/ESOS/ESPS,ICICI Lombard General Insurance Company Limited has informed the Exchange regarding Allotment of 28523  Shares.
ICICIPRULI,NSE_CORP_ANN,,ESOP/ESOS/ESPS,ICICI Prudential Life Insurance Company Limited has informed the Exchange regarding Allotment of 78351  Shares.
IIFL,NSE_CORP_ANN,,Credit Rating,IIFL Finance Limited has informed the Exchange about Credit Rating
IIFL,NSE_CORP_ANN,,Allotment of Securities,IIFL Finance Limited has informed the Exchange regarding Intimation of Allotment of Non-Convertible Debentures on Private Placement basis
IIFL,NSE_CORP_ANN,,Press Release,"IIFL Finance Limited has informed the Exchange regarding a press release dated December 16, 2025, titled ""S&P Upgrades IIFL Finances Outlook to Positive On Recovering Market Share in Gold Loans; 'B+/B' Ratings Affirmed""."
IIFL,NSE_CORP_ANN,,Credit Rating,IIFL Finance Limited has informed the Exchange about Credit Rating
IIFL,NSE_CORP_ANN,,Credit Rating,IIFL Finance Limited has informed the Exchange about Credit Rating
IIFL,NSE_CORP_ANN,,Outcome of Board Meeting,"IIFL Finance Limited has informed the Exchange regarding Finance Committee meeting held today i.e., December 11, 2025 whereby the terms and conditions of issuance of debt instruments in the form of senior, unsecured, listed, rated, redeemable Non-Convertible Debentures on a private placement basis were approved"
ITC,NSE_CORP_ANN,,General Updates,ITC Limited has informed the Exchange about Acquisition of Pulp and Paper Undertaking of Aditya Birla Real Estate Limited - Update
ITC,NSE_CORP_ANN,,Change in Director(s),ITC Limited has informed the Exchange regarding Change in Director(s) of the company.
ITC,NSE_CORP_ANN,,Shareholders meeting,ITC Limited has informed the Exchange regarding voting results of  Postal Ballot
INDIANB,NSE_CORP_ANN,,Shareholders meeting,"Indian Bank has informed the Exchange regarding Notice of Extraordinary General Meeting to be held on January 09, 2026"
IEX,NSE_CORP_ANN,,Analysts/Institutional Investor Meet/Con. Call Updates,Indian Energy Exchange Limited has informed the Exchange about Schedule of meet
IEX,NSE_CORP_ANN,,Analysts/Institutional Investor Meet/Con. Call Updates,Indian Energy Exchange Limited has informed the Exchange about Schedule of meet
IOC,NSE_CORP_ANN,,Updates,Indian Oil Corporation Limited has informed the Exchange regarding 'E-mail Communication to members of Indian Oil Corporation Ltd. - Deduction of TDS on Interim Dividend for the year 2025-26'.
IOC,NSE_CORP_ANN,,Record Date,Indian Oil Corporation Limited has informed the Exchange that Record date for the purpose of Dividend  is 18-Dec-2025.
IOC,NSE_CORP_ANN,,Dividend,"Indian Oil Corporation Limited has informed the Exchange that Board of Directors at its meeting held on December 12, 2025, declared Interim Dividend of 5 per equity share."
IRFC,NSE_CORP_ANN,,Change in Auditors,Indian Railway Finance Corporation Limited has informed the Exchange regarding Change in Auditors of the company.
INDUSINDBK,NSE_CORP_ANN,,News Verification,The Exchange has sought clarification from Indusind Bank Limited with respect to recent news item captioned IndusInd Bank Under SFIO Scanner As MCA Orders Probe Citing Public Interest..  The response from the Company is awaited.
INDUSINDBK,NSE_CORP_ANN,,Change in Management,Indusind Bank Limited has informed the Exchange about change in Management
INDUSINDBK,NSE_CORP_ANN,,General Updates,"Indusind Bank Limited has informed the Exchange about intimation under Regulation 30 of SEBI (Listing Obligations and Disclosure Requirements) Regulations, 2015"
INDUSINDBK,NSE_CORP_ANN,,Trading Window,"Indusind Bank Limited has informed the Exchange regarding the Trading Window closure pursuant to SEBI (Prohibition of Insider Trading) Regulations, 2015"
NAUKRI,NSE_CORP_ANN,,Analysts/Institutional Investor Meet/Con. Call Updates,"Info Edge (India) Limited has informed the Exchange about Schedule of the proposed Analyst/Institutional Investor meet under the SEBI (Listing Obligations and Disclosure Requirements) Regulations, 2015"
NAUKRI,NSE_CORP_ANN,,General Updates,"Info Edge (India) Limited has informed the Exchange about - Outcome of the Board Meeting - December 12, 2025 - Company Update on Investment in Startup Internet Services Ltd. and Agreement to Transfer entire stake held in Shopkirana E Trading Private Limited to Hiveloop E-Commerce Private Limited"
INFY,NSE_CORP_ANN,,General Updates,Infosys Limited has informed the Exchange about Disclosure Under Regulation 30 Of SEBI LODR Regulations
INFY,NSE_CORP_ANN,,Updates,Infosys Limited has informed the Exchange regarding Press release titled - Infosys and MIT Technology Review Insights Report Reveals the Critical Role of Psychological Safety in Driving AI Initiatives   with 83% of Business Leaders Reporting a Measurable Impact
INFY,NSE_CORP_ANN,,Copy of Newspaper Publication,Infosys Limited has informed the Exchange about Copy of Newspaper Publication of board meeting notice
INFY,NSE_CORP_ANN,,Updates,Infosys Limited has informed the Exchange regarding 'Extinguishment of equity shares'.
INOXWIND,NSE_CORP_ANN,,Press Release,"Inox Wind Limited has informed the Exchange regarding a press release dated December 16, 2025, titled ""Inox Wind secures a repeat 100 MW order from Jakson Green""."
INOXWIND,NSE_CORP_ANN,,Press Release,"Inox Wind Limited has informed the Exchange regarding a press release dated December 15, 2025, titled ""Inox Wind receives a 102.3 MW order from Aditya Birla Renewables""."
INDIGO,NSE_CORP_ANN,,General Updates,InterGlobe Aviation Limited has informed the Exchange about General Updates
INDIGO,NSE_CORP_ANN,,General Updates,InterGlobe Aviation Limited has informed the Exchange about General Updates
INDIGO,NSE_CORP_ANN,,General Updates,InterGlobe Aviation Limited has informed the Exchange about General Updates
INDIGO,NSE_CORP_ANN,,General Updates,InterGlobe Aviation Limited has informed the Exchange about General Updates
INDIGO,NSE_CORP_ANN,,General Updates,InterGlobe Aviation Limited has informed the Exchange about General Updates
INDIGO,NSE_CORP_ANN,,General Updates,InterGlobe Aviation Limited has informed the Exchange about General Updates
INDIGO,NSE_CORP_ANN,,News Verification,The Exchange has sought clarification from InterGlobe Aviation Limited with respect to recent news item captioned SEBI examining whether IndiGo s parent failed in disclosures; board s role also under scrutiny.  The response from the Company is attached.
INDIGO,NSE_CORP_ANN,,Action(s) taken or orders passed,InterGlobe Aviation Limited has informed the Exchange about Action(s) taken or orders passed
INDIGO,NSE_CORP_ANN,,Pendency of Litigation(s)/dispute(s) or the outcome impacting the Company,InterGlobe Aviation Limited has informed the Exchange about Pendency of Litigation(s)/dispute(s) or the outcome impacting the Company
INDIGO,NSE_CORP_ANN,,General Updates,InterGlobe Aviation Limited has informed the Exchange about General Updates
INDIGO,NSE_CORP_ANN,,News Verification,The Exchange has sought clarification from InterGlobe Aviation Limited with respect to recent news item captioned SEBI examining whether IndiGo s parent failed in disclosures; board s role also under scrutiny.  The response from the Company is awaited.
INDIGO,NSE_CORP_ANN,,General Updates,InterGlobe Aviation Limited has informed the Exchange about General Updates
INDIGO,NSE_CORP_ANN,,General Updates,InterGlobe Aviation Limited has informed the Exchange about General Updates
INDIGO,NSE_CORP_ANN,,General Updates,InterGlobe Aviation Limited has informed the Exchange about General Updates
INDIGO,NSE_CORP_ANN,,News Verification,"The Exchange has sought clarification from InterGlobe Aviation Limited with respect to recent news item captioned IndiGo Meltdown: India's aviation watchdog summons CEO Pieter Elbers, senior officials on Dec 11.  The response from the Company is attached."
JSWENERGY,NSE_CORP_ANN,,Updates,JSW Energy Limited has informed the Exchange about the Assignment of Credit Rating - O2 Companies.
JSWENERGY,NSE_CORP_ANN,,Copy of Newspaper Publication,JSW Energy Limited has informed the Exchange about Copy of Newspaper Publication
JSWENERGY,NSE_CORP_ANN,,Shareholders meeting,"JSW Energy Limited has informed the Exchange regarding Notice of Extraordinary General Meeting to be held on January 03, 2026"
JSWENERGY,NSE_CORP_ANN,,Updates,"JSW Energy Limited has informed the Exchange regarding 'In terms of Regulation 30 (5) of the SEBI Listing Regulations, 2015, Mr. Chandrasekaran Prabhakaran, in addition to the Joint Managing Director & Chief Executive Officer and the Company Secretary, would be the Key Managerial Personnel authorized to determine the materiality of an event or information and for making disclosures to the Stock Exchanges as per the Company s Policy on Criteria for Determining Materiality for Disclosure of Events and Information.'."
JSWENERGY,NSE_CORP_ANN,,Change in Management,"JSW Energy Limited has informed the Exchange about appointment of Mr. Chandrasekaran Prabhakaran as the Chief Financial Officer and a Key Managerial Personnel of the Company with effect from 1st January, 2026"
JSWENERGY,NSE_CORP_ANN,,Appointment,"JSW Energy Limited has informed the Exchange regarding Appointment of Mr Chandrasekaran Prabhakaran as Chief Financial Officer of the company w.e.f. January 01, 2026."
JSWENERGY,NSE_CORP_ANN,,General Updates,JSW Energy Limited has informed the Exchange about raising of Fund
JSWENERGY,NSE_CORP_ANN,,Preferential issue,JSW Energy Limited has informed the Exchange about Preferential issue Preferential issue of equity shares of face value of Rs. 10 each (the  Equity Shares ) and convertible warrants of face value of Rs. 10 each (the  Warrants ) by the Company.
JSWENERGY,NSE_CORP_ANN,,Issue of Securities,JSW Energy Limited has informed the Exchange about Preferential issue of equity shares of face value of Rs. 10 each (the  Equity Shares ) and convertible warrants of face value of Rs. 10 each (the  Warrants ) by the Company.
JSWENERGY,NSE_CORP_ANN,,Outcome of Board Meeting,"Outcome of the Board Meeting held on 12th December, 2025"
JSWENERGY,NSE_CORP_ANN,,General Updates,JSW Energy Limited has informed the Exchange about General Updates about Power Purchase Agreement for 400 MW with Karnataka DISCOMS.
JSWSTEEL,NSE_CORP_ANN,,Credit Rating- Revision,JSW Steel Limited has informed the Exchange about Credit Rating- Revision
JSWSTEEL,NSE_CORP_ANN,,Credit Rating- Revision,JSW Steel Limited has informed the Exchange about Credit Rating- Revision
JIOFIN,NSE_CORP_ANN,,Change in Management,Jio Financial Services Limited has informed the Exchange about change in Management
JUBLFOOD,NSE_CORP_ANN,,Credit Rating,Jubilant Foodworks Limited has informed the Exchange about Credit Rating
JUBLFOOD,NSE_CORP_ANN,,Copy of Newspaper Publication,Jubilant Foodworks Limited has informed the Exchange about Copy of Newspaper Publication
KEI,NSE_CORP_ANN,,General Updates,"Intimation under Regulation 30 of SEBI (Listing Obligations and Disclosure Requirements) Regulations, 2015"
KPITTECH,NSE_CORP_ANN,,Analysts/Institutional Investor Meet/Con. Call Updates,KPIT Technologies Limited has informed the Exchange about Investor Meet Outcome
KPITTECH,NSE_CORP_ANN,,Analysts/Institutional Investor Meet/Con. Call Updates,KPIT Technologies Limited has informed the Exchange about Schedule of Investor meet
KALYANKJIL,NSE_CORP_ANN,,Shareholders meeting,Kalyan Jewellers India Limited has informed the Exchange regarding Proceedings of Postal Ballot
KALYANKJIL,NSE_CORP_ANN,,Shareholders meeting,Kalyan Jewellers India Limited has submitted the Exchange a copy Srutinizers report of  Postal Ballot
KAYNES,NSE_CORP_ANN,,Press Release,"Kaynes Technology India Limited has informed the Exchange regarding a press release dated December 16, 2025, titled "" Kaynes Semicon Announces Strategic Partnerships with Mitsui & Co. and AOI Electronics to Strengthen India s Semiconductor Ecosystem. ""."
KAYNES,NSE_CORP_ANN,,Credit Rating,Kaynes Technology India Limited has informed the Exchange about Credit Rating
KAYNES,NSE_CORP_ANN,,Credit Rating,Kaynes Technology India Limited has informed the Exchange about Credit Rating
KAYNES,NSE_CORP_ANN,,Shareholders meeting,"Kaynes Technology India Limited has submitted the Exchange a copy Srutinizers report of  Postal Ballot. Further, the company has informed the Exchange regarding voting results."
KAYNES,NSE_CORP_ANN,,Analysts/Institutional Investor Meet/Con. Call Updates,Kaynes Technology India Limited has informed the Exchange about Transcript
KFINTECH,NSE_CORP_ANN,,Shareholders meeting,KFin Technologies Limited has submitted the Outcome of Postal Ballot and Voting Results of Postal Ballot along with the Scrutinizer's Report
KFINTECH,NSE_CORP_ANN,,Updates,KFin Technologies Limited has informed the Exchange regarding 'Intimation of Schedule of Analyst / Institutional Investors Meet'.
KFINTECH,NSE_CORP_ANN,,Updates,KFin Technologies Limited has informed the Exchange regarding 'Intimation of Schedule of Analyst / Institutional Investors  Meet'.
KOTAKBANK,NSE_CORP_ANN,,General Updates,Kotak Mahindra Bank Limited has informed the Exchange about Grant of Performance Linked Restricted Stock Units
KOTAKBANK,NSE_CORP_ANN,,Allotment of Securities,"Kotak Mahindra Bank Limited has informed the Exchange regarding allotment of 345606 securities pursuant to ESOP/ESPS at its meeting held on December 12, 2025"
KOTAKBANK,NSE_CORP_ANN,,Analysts/Institutional Investor Meet/Con. Call Updates,Kotak Mahindra Bank Limited has informed the Exchange about Schedule of meet
KOTAKBANK,NSE_CORP_ANN,,Copy of Newspaper Publication,Kotak Mahindra Bank Limited has informed the Exchange about Copy of Newspaper Clipping - Special Window for Re-lodgement of Transfer Requests ofPhysical Shares of the Bank
LTF,NSE_CORP_ANN,,Credit Rating,L&T Finance Limited has informed the Exchange about Credit Rating
LTF,NSE_CORP_ANN,,Analysts/Institutional Investor Meet/Con. Call Updates,L&T Finance Limited has informed the Exchange about Schedule of meet
LTF,NSE_CORP_ANN,,Analysts/Institutional Investor Meet/Con. Call Updates,L&T Finance Limited has informed the Exchange about Schedule of meet
LTIM,NSE_CORP_ANN,,Credit Rating,LTIMindtree Limited has informed the Exchange about Credit Rating
LT,NSE_CORP_ANN,,Press Release,"Larsen & Toubro Limited has informed the Exchange regarding a press release dated December 17, 2025, titled ""L&T Wins Orders (Large*) for Buildings & Factories Business""."
LAURUSLABS,NSE_CORP_ANN,,Analysts/Institutional Investor Meet/Con. Call Updates,Laurus Labs Limited has informed the Exchange about Schedule of meet
LUPIN,NSE_CORP_ANN,,Press Release,"Lupin Limited has informed the Exchange regarding a press release dated December 18, 2025, titled ""Lupin Signs Exclusive Licensing Agreement with Neopharmed for GastroenterologyBrand Plasil® in the Philippines and Brazil""."
LUPIN,NSE_CORP_ANN,,Press Release,"Lupin Limited has informed the Exchange regarding a press release dated December 17, 2025, titled ""Lupin Receives Positive CHMP Opinion for Biosimilar Ranibizumab""."
LUPIN,NSE_CORP_ANN,,Press Release,"Lupin Limited has informed the Exchange regarding the receipt of Establishment Inspection Report (EIR) by the Company from the U.S. FDA for its injectables facility in Nagpur, India, vide Press Release dated December 16, 2025."
LUPIN,NSE_CORP_ANN,,Press Release,"Lupin Limited has informed the Exchange regarding a press release dated December 16, 2025, titled ""Lupin Secures SBTi Validation for Emission Reduction Targets""."
LUPIN,NSE_CORP_ANN,,Press Release,"Lupin Limited has informed the Exchange regarding a press release dated December 12, 2025, titled ""Lupin Manufacturing Solutions and PolyPeptide Announce Strategic Alliance to ScaleGlobal Peptide Supply Chain""."
LUPIN,NSE_CORP_ANN,,Copy of Newspaper Publication,Lupin Limited has informed the Exchange about Newspaper Publication for the information regarding Special Window for re-lodgement for transfer request of physical shares.
M&M,NSE_CORP_ANN,,Updates,Mahindra & Mahindra Limited has informed the Exchange regarding 'Transfer Of Equity Shares By Mahindra & Mahindra Employees' Stock Option Trust To The Stock Option Grantees'.
M&M,NSE_CORP_ANN,,Updates,Mahindra & Mahindra Limited has informed the Exchange regarding 'Transfer of Equity Shares by Mahindra & Mahindra Employees  Stock Option Trust to the Stock Option Grantees'.
M&M,NSE_CORP_ANN,,General Updates,"Intimation Under Regulation 30 Of The SEBI (Listing Obligations And Disclosure Requirements) Regulations, 2015   ESG Ratings"
M&M,NSE_CORP_ANN,,General Updates,"Intimation Under Regulation 30 Of The SEBI (Listing Obligations And Disclosure Requirements) Regulations, 2015   ESG Ratings"
MANAPPURAM,NSE_CORP_ANN,,Allotment of Securities,"Manappuram Finance Limited has informed the Exchange regarding allotment of 50000 securities pursuant to Non Convertible Securities at its meeting held on December 15, 2025"
MARICO,NSE_CORP_ANN,,Acquisition,"Please find attached intimation under Regulation 30 of SEBI (Listing Obligations and Disclosure Requirements) Regulations, 2015."
MARICO,NSE_CORP_ANN,,Press Release,"Please find attached a press release by Marico Limited, titled ""Marico Achieves Dual A- CDP Scores and secures Leadership in NSE ESG Ratings""."
MARICO,NSE_CORP_ANN,,ESOP/ESOS/ESPS,"The Securities Committee of the Board of Directors of the Company vide a resolution passed on December 12, 2025, has allotted 34,423 equity shares of face value of Re. 1 each of the Company under various Schemes of ESOP 2016, to the eligible grantees, pursuant to exercise of stock options granted thereunder."
MARUTI,NSE_CORP_ANN,,General Updates,"Maruti Suzuki India Limited has informed the Exchange about Intimation under Regulation 30 of the Securities and Exchange Board of India (Listing Obligations and Disclosure Requirements) Regulations, 2015"
MARUTI,NSE_CORP_ANN,,General Updates,"Maruti Suzuki India Limited has informed the Exchange about Intimation under Regulation 30 of the SEBI (Listing Obligations and Disclosure Requirements) Regulations, 2015"
MARUTI,NSE_CORP_ANN,,General Updates,"Maruti Suzuki India Limited has informed the Exchange about Intimation under Regulation 30 of the Securities and Exchange Board of India (Listing Obligations and Disclosure Requirements) Regulations, 2015"
MARUTI,NSE_CORP_ANN,,Press Release,"Maruti Suzuki India Limited has informed the Exchange regarding a press release dated December 17, 2025, titled ""Maruti Suzuki ushers in inclusive mobility with WagonR Swivel seat: A step towardsproviding accessible mobility for senior citizens and persons with disabilities""."
MFSL,NSE_CORP_ANN,,Updates,"Max Financial Services Limited has informed the Exchange regarding 'Clarification on the Postal Ballot Notice of Max Financial Services Limited ( MFSL  or   Company ) dated November 11, 2025  '."
MAXHEALTH,NSE_CORP_ANN,,Press Release,"Max Healthcare Institute Limited has informed the Exchange regarding a press release dated December 18, 2025, titled ""Max Healthcare Announces Entry into Pune with a 450-Beds Hospital, Investment of over INR 1000 Cr""."
MAXHEALTH,NSE_CORP_ANN,,Acquisition,Max Healthcare Institute Limited has informed the Exchange about Share Purchase Agreement to acquire equity stake in Yerawada Properties Private Limited and matters relating to setting up a approx. 450 bedded super speciality hospital in Pune
MAXHEALTH,NSE_CORP_ANN,,Outcome of Board Meeting,"Max Healthcare Institute Limited has informed the Exchange regarding Board meeting held on December 18, 2025."
MPHASIS,NSE_CORP_ANN,,Trading Window,"MphasiS Limited has informed the Exchange regarding the Trading Window closure pursuant to SEBI (Prohibition of Insider Trading) Regulations, 2015"
MPHASIS,NSE_CORP_ANN,,Analysts/Institutional Investor Meet/Con. Call Updates,MphasiS Limited has informed the Exchange about Schedule of meet
MPHASIS,NSE_CORP_ANN,,Updates,MphasiS Limited has informed the Exchange regarding 'Allotment of 37834 shares against exercise of ESOPs and RSUs'.
NBCC,NSE_CORP_ANN,,Updates,NBCC (India) Limited has informed the Exchange regarding 'Intimation of Work Orders received by NBCC (India) Limited in the ordinary course of business amounting to Rs. 345.04 Cr. approx.'.
NBCC,NSE_CORP_ANN,,Updates,NBCC (India) Limited has informed the Exchange regarding 'Intimation of Work Orders received by NBCC (India) Limited in the ordinary course of business amounting to Rs. 289.39 Cr. approx.'.
NCC,NSE_CORP_ANN,,Change in Management,NCC Limited has informed the Exchange about change in Management
NHPC,NSE_CORP_ANN,,Updates,"NHPC Limited has informed the Exchange regarding 'Tripartite agreement between, new RTA, erstwhile RTA and NHPC Limited '."
NHPC,NSE_CORP_ANN,,General Updates,NHPC Limited has informed the Exchange about General Updates on Subansiri Lower HE Project (2000 MW) of NHPC Limited
NHPC,NSE_CORP_ANN,,Copy of Newspaper Publication,NHPC Limited has informed the Exchange about Copy of Newspaper Publication
NMDC,NSE_CORP_ANN,,General Updates,NMDC Limited has informed the Exchange about General Updates - Clarification sought on volume movement in the shares of NMDC Limited.
NTPC,NSE_CORP_ANN,,Action(s) taken or orders passed,NTPC Limited has informed the Exchange about Action(s) taken or orders passed
NTPC,NSE_CORP_ANN,,General Updates,NTPC Limited has informed the Exchange about declaration of COD of the fifth part capacity of 37.925 MW out of 300 MW Khavda Solar Energy Project under 450 MW Hybrid Tranche V Project  of NTPC Renewable Energy Limited
NTPC,NSE_CORP_ANN,,General Updates,NTPC Limited has informed the Exchange about declaration of COD of part capacity of 243.66 MW out of 1255 MW Khavda-I Solar PV Project under CPSU scheme Phase-II Tranche-III  in Gujarat of NTPC Renewable Energy Limited
NTPC,NSE_CORP_ANN,,General Updates,"NTPC Limited has informed the Exchange about Declaration of Commercial Operation of Second & Last Part Capacity of 78 MW out of 245 MW at Plot-1 of NTPC Nokh Solar PV Project (3x245 MW) under CPSU Scheme Phase II, Tranche III"
NTPC,NSE_CORP_ANN,,General Updates,NTPC Limited has informed the Exchange about Declaration of COD of Unit III (250 MW) of Tehri PSP (4X250 MW) of THDC India Limited.
NATIONALUM,NSE_CORP_ANN,,General Updates,National Aluminium Company Limited has informed the Exchange about Newspaper publication regarding transfer of shares to IEPF
NESTLEIND,NSE_CORP_ANN,,Trading Window,"Nestle India Limited has informed the Exchange regarding the Trading Window closure pursuant to SEBI (Prohibition of Insider Trading) Regulations, 2015"
NESTLEIND,NSE_CORP_ANN,,Action(s) taken or orders passed,Nestle India Limited has informed the Exchange about Action(s) taken or orders passed
NUVAMA,NSE_CORP_ANN,,Analysts/Institutional Investor Meet/Con. Call Updates,Nuvama Wealth Management Limited has informed the Exchange about Schedule of meet
OBEROIRLTY,NSE_CORP_ANN,,Resignation,"Oberoi Realty Limited has informed the Exchange regarding Resignation of Mr Nimit Gala  as General Manager - Investor Relations of the company w.e.f. December 12, 2025."
OBEROIRLTY,NSE_CORP_ANN,,Clarification - Financial Results,"The Exchange has sought clarification from Oberoi Realty Limited for the quarter ended 30-Sep-2025 with respect to Regulation 33 of the SEBI (Listing Obligations and Disclosure Requirements) Regulations, 2015. On basis of above the Company is required to clarify the following:  The response of the Company is awaited."
ONGC,NSE_CORP_ANN,,Press Release,"Oil & Natural Gas Corporation Limited has informed the Exchange regarding a press release dated December 18, 2025, titled ""ONGC Issues Public Notice Against Fraudulent Use of Its Name""."
ONGC,NSE_CORP_ANN,,General Updates,Oil & Natural Gas Corporation Limited has informed the Exchange about Disclosure of  ESG Rating Report  and  Scores on Climate Change
PAYTM,NSE_CORP_ANN,,Granting/withdrawal/surrender/cancellation/suspension of key licenses/ regulatory approvals,"One 97 Communications Limited has informed the Exchange about General Update - Paytm Payments Services Limited receives RBI Authorisation for Offline and Cross-Border Payments, in addition to earlier authorisation for Online Payment Aggregation"
PAYTM,NSE_CORP_ANN,,Acquisition,One 97 Communications Limited has informed the Exchange about Update on Acquisition
OFSS,NSE_CORP_ANN,,Updates,"Oracle Financial Services Software Limited has informed the Exchange regarding 'Allotment of 5,669  equity shares pursuant to the OFSS Stock Plan, 2014.'."
POLICYBZR,NSE_CORP_ANN,,ESOP/ESOS/ESPS,PB Fintech Limited has informed the Exchange regarding Grant of 18782  stock Options under PB Fintech Employees Stock Option Plan 2021.
PIIND,NSE_CORP_ANN,,Analysts/Institutional Investor Meet/Con. Call Updates,PI Industries Limited has informed the Exchange about Schedule of meet
PIIND,NSE_CORP_ANN,,Analysts/Institutional Investor Meet/Con. Call Updates,PI Industries Limited has informed the Exchange about Schedule of meet
PIIND,NSE_CORP_ANN,,Analysts/Institutional Investor Meet/Con. Call Updates,PI Industries Limited has informed the Exchange about Schedule of meet
PIIND,NSE_CORP_ANN,,Analysts/Institutional Investor Meet/Con. Call Updates,PI Industries Limited has informed the Exchange about Schedule of meet
PNBHOUSING,NSE_CORP_ANN,,Press Release,"PNB Housing Finance Limited has informed the Exchange regarding a press release dated December 18, 2025, titled ""Mr. Ajai Kumar Shukla assumes Charge as new MD & CEO of the Company ""."
PNBHOUSING,NSE_CORP_ANN,,Change in Management,PNB Housing Finance Limited has informed the Exchange about change in Senior Management Personnel (SMP)
PNBHOUSING,NSE_CORP_ANN,,Analysts/Institutional Investor Meet/Con. Call Updates,PNB Housing Finance Limited has informed the Exchange about Schedule of meet
PNBHOUSING,NSE_CORP_ANN,,Appointment,"PNB Housing Finance Limited has informed the Exchange regarding Appointment of Mr Ajai Kumar Shukla as Managing Director & CEO of the company w.e.f. December 18, 2025."
PNBHOUSING,NSE_CORP_ANN,,Outcome of Board Meeting,"PNB Housing Finance Limited has informed the Exchange regarding Outcome of Board Meeting held on December 12, 2025."
PERSISTENT,NSE_CORP_ANN,,Analysts/Institutional Investor Meet/Con. Call Updates,Persistent Systems Limited has informed the Exchange about Schedule of meet
PERSISTENT,NSE_CORP_ANN,,Analysts/Institutional Investor Meet/Con. Call Updates,Persistent Systems Limited has informed the Exchange about Schedule of meet
PERSISTENT,NSE_CORP_ANN,,Press Release,"Persistent Systems Limited has informed the Exchange regarding a press release dated December 16, 2025, titled ""Persistent and DigitalOcean Announce Strategic Partnership to     Advance Accessible, Scalable and Secure AI""."
PERSISTENT,NSE_CORP_ANN,,Analysts/Institutional Investor Meet/Con. Call Updates,Persistent Systems Limited has informed the Exchange about Presentation
PETRONET,NSE_CORP_ANN,,General Updates,Petronet LNG Limited has informed the Exchange about General Updates. Schedule of Analyst/ Institutional Investor Meets/ Conferences / Roadshow proposed to be attended by PLL
PETRONET,NSE_CORP_ANN,,Action(s) initiated or orders passed,Petronet LNG Limited has informed the Exchange about Action(s) initiated or orders passed
PIDILITIND,NSE_CORP_ANN,,Action(s) initiated or orders passed,Pidilite Industries Limited has informed the Exchange about Action(s) initiated or orders passed
PIDILITIND,NSE_CORP_ANN,,Analysts/Institutional Investor Meet/Con. Call Updates,Pidilite Industries Limited has informed the Exchange about Schedule of meet
PPLPHARMA,NSE_CORP_ANN,,Copy of Newspaper Publication,Piramal Pharma Limited has informed the Exchange about newspaper advertisement confirming dispatch of the Notice of Postal Ballot
PPLPHARMA,NSE_CORP_ANN,,Shareholders meeting,Piramal Pharma Limited has informed the Exchange regarding Notice of Postal Ballot
PPLPHARMA,NSE_CORP_ANN,,Shareholders meeting,Piramal Pharma Limited has informed the Exchange about Shareholders meeting
PPLPHARMA,NSE_CORP_ANN,,General Updates,"Disclosure under Regulation 30 of the SEBI (Listing Obligations and Disclosure Requirements) Regulations, 2015   FDA inspection"
POLYCAB,NSE_CORP_ANN,,Credit Rating- Others,Polycab India Limited has informed the Exchange about Carbon Disclosure Project (CDP) has announced its scores for 2025
POLYCAB,NSE_CORP_ANN,,General Updates,Polycab India Limited has informed the Exchange about Analyst(s) / Investor(s) Meet
PFC,NSE_CORP_ANN,,General Updates,Power Finance Corporation Limited has informed the Exchange about Transfer of KPS III HVDC Transmission Limited (wholly owned subsidiary of PFC Consulting Limited) (a wholly owned subsidiary of Power Finance Corporation Limited).
PFC,NSE_CORP_ANN,,General Updates,Power Finance Corporation Limited has informed the Exchange about Incorporation of wholly owned Subsidiary of PFC Consulting Limited (a wholly owned subsidiary of Power Finance Corporation Limited)   LATUR REZ TRANSMISSION LIMITED.
POWERGRID,NSE_CORP_ANN,,General Updates,Power Grid Corporation of India Limited has informed the Exchange about POWERGRID Khavda II-B Transmission Limited has successfully commissioned the Project.
POWERGRID,NSE_CORP_ANN,,General Updates,Power Grid Corporation of India Limited has informed the Exchange about POWERGRID has successfully commissioned the Project.
POWERGRID,NSE_CORP_ANN,,General Updates,Power Grid Corporation of India Limited has informed the Exchange about Investment approval by the Board of POWERGRID.
POWERGRID,NSE_CORP_ANN,,General Updates,Power Grid Corporation of India Limited has informed the Exchange about POWERGRID declared as successful bidder under TBCB.
PNB,NSE_CORP_ANN,,Credit Rating,Punjab National Bank has informed the Exchange about Credit Rating
PNB,NSE_CORP_ANN,,Credit Rating,Punjab National Bank has informed the Exchange about Credit Rating
PNB,NSE_CORP_ANN,,Change in Auditors,Punjab National Bank has informed the Exchange regarding Change in Auditors of the company.
PNB,NSE_CORP_ANN,,Credit Rating,Punjab National Bank has informed the Exchange about Credit Rating
RBLBANK,NSE_CORP_ANN,,Analysts/Institutional Investor Meet/Con. Call Updates,RBL Bank Limited has informed the Exchange about Schedule of meet
RBLBANK,NSE_CORP_ANN,,Credit Rating,RBL Bank Limited has informed the Exchange about Credit Rating
RBLBANK,NSE_CORP_ANN,,Resignation,RBL Bank Limited has informed the Exchange regarding Change in Management
RBLBANK,NSE_CORP_ANN,,Analysts/Institutional Investor Meet/Con. Call Updates,RBL Bank Limited has informed the Exchange about Schedule of meet
RECLTD,NSE_CORP_ANN,,Analysts/Institutional Investor Meet/Con. Call Updates,REC Limited has informed the Exchange about Schedule of Analysts/ Institutional Investors meet.
RVNL,NSE_CORP_ANN,,Action(s) taken or orders passed,"Demand Notice received from the Office of the Senior Joint Commissioner, Large Taxpayer Unit, Corporate Division, Kolkata, West Bengal"
RVNL,NSE_CORP_ANN,,Bagging/Receiving of orders/contracts,"Disclosure under Regulation 30 of SEBI (LODR) Regulations, 2015- Receipt of Letter of Award (LOA) from North Eastern Railway"
RELIANCE,NSE_CORP_ANN,,Updates,"Please find attached a media release by Reliance Consumer Products Limited, asubsidiary of the Company, titled  RELIANCE CONSUMER PRODUCTS ACQUIRESTAMIL NADU S HERITAGE NUTRITION BRAND  UDHAIYAM ."
SBICARD,NSE_CORP_ANN,,Analysts/Institutional Investor Meet/Con. Call Updates,SBI Cards and Payment Services Limited has informed the Exchange about Schedule of meet
SBICARD,NSE_CORP_ANN,,Analysts/Institutional Investor Meet/Con. Call Updates,SBI Cards and Payment Services Limited has informed the Exchange about Schedule of meet
SBICARD,NSE_CORP_ANN,,Analysts/Institutional Investor Meet/Con. Call Updates,SBI Cards and Payment Services Limited has informed the Exchange about Schedule of meet
SBICARD,NSE_CORP_ANN,,Analysts/Institutional Investor Meet/Con. Call Updates,SBI Cards and Payment Services Limited has informed the Exchange about Schedule of meet
SBICARD,NSE_CORP_ANN,,Analysts/Institutional Investor Meet/Con. Call Updates,SBI Cards and Payment Services Limited has informed the Exchange about Schedule of meet
SBICARD,NSE_CORP_ANN,,Analysts/Institutional Investor Meet/Con. Call Updates,SBI Cards and Payment Services Limited has informed the Exchange about Schedule of meet
SBICARD,NSE_CORP_ANN,,Analysts/Institutional Investor Meet/Con. Call Updates,SBI Cards and Payment Services Limited has informed the Exchange about Schedule of meet
SBICARD,NSE_CORP_ANN,,Analysts/Institutional Investor Meet/Con. Call Updates,SBI Cards and Payment Services Limited has informed the Exchange about Schedule of meet
SBICARD,NSE_CORP_ANN,,Analysts/Institutional Investor Meet/Con. Call Updates,SBI Cards and Payment Services Limited has informed the Exchange about Schedule of meet
SBICARD,NSE_CORP_ANN,,Analysts/Institutional Investor Meet/Con. Call Updates,SBI Cards and Payment Services Limited has informed the Exchange about Schedule of meet
SBICARD,NSE_CORP_ANN,,Analysts/Institutional Investor Meet/Con. Call Updates,SBI Cards and Payment Services Limited has informed the Exchange about Schedule of meet
SBILIFE,NSE_CORP_ANN,,ESOP/ESOS/ESPS,"SBI Life Insurance Company Limited has informed the Exchange regarding Allotment of 124645 Equity Shares pursuant to ESOP through circular resolution of the Board Stakeholders' Relationship and Sustainability Committee passed on December 16, 2025."
SHREECEM,NSE_CORP_ANN,,Shareholders meeting,"SHREE CEMENT LIMITED has submitted the Exchange a copy Srutinizers report of  Postal Ballot. Further, the company has informed the Exchange regarding voting results."
SHREECEM,NSE_CORP_ANN,,General Updates,SHREE CEMENT LIMITED has informed the Exchange about ESG Rating by NSE Sustainability Ratings & Analytics Ltd. for FY 2025
SRF,NSE_CORP_ANN,,Pendency of Litigation(s)/dispute(s) or the outcome impacting the Company,SRF Limited has informed the Exchange about Pendency of Litigation(s)/dispute(s) or the outcome impacting the Company
SAMMAANCAP,NSE_CORP_ANN,,News Verification,The Exchange has sought clarification from Sammaan Capital Limited with respect to recent news item captioned Sammaan Capital falls 5% from day's high as Delhi Police files fresh FIR in probe against ex-promoters..  The response from the Company is attached.
SAMMAANCAP,NSE_CORP_ANN,,News Verification,The Exchange has sought clarification from Sammaan Capital Limited with respect to recent news item captioned Sammaan Capital falls 5% from day's high as Delhi Police files fresh FIR in probe against ex-promoters..  The response from the Company is awaited.
SAMMAANCAP,NSE_CORP_ANN,,Suspension of Trading,"Members of the Exchange are hereby informed that the trading in Non-Convertible Debentures of Sammaan Capital Limited shall be suspended w.e.f. December 15, 2025 (ISIN No. INE148I07NI5, INE148I07NH7, INE148I07NP0, INE148I07NM7 & INE148I07NL9) on account of Maturity."
MOTHERSON,NSE_CORP_ANN,,Trading Window,"Samvardhana Motherson International Limited has informed the Exchange regarding the Trading Window closure pursuant to SEBI (Prohibition of Insider Trading) Regulations, 2015"
MOTHERSON,NSE_CORP_ANN,,Analysts/Institutional Investor Meet/Con. Call Updates,"Samvardhana Motherson International Limited has informed the exchange regarding schedule of investor meet to be held on December 18, 2025."
MOTHERSON,NSE_CORP_ANN,,General Updates,Samvardhana Motherson International Limited has submitted with the exchange an intimation under Regulation 30 of SEBI Listing Regulations.
SHRIRAMFIN,NSE_CORP_ANN,,Rumour Verification - Regulation 30(11),Shriram Finance Limited has informed the Exchange about Rumour Verification - Regulation 30(11)
SHRIRAMFIN,NSE_CORP_ANN,,News Verification,The Exchange has sought clarification from Shriram Finance Limited with respect to recent news item captioned Japan's MUFG to invest up to $5 billion in Shriram Finance for 20% stake in major India bet Company Business News.  The response from the Company is attached.
SHRIRAMFIN,NSE_CORP_ANN,,Action(s) taken or orders passed,Shriram Finance Limited has informed the Exchange about Action(s) taken or orders passed
SHRIRAMFIN,NSE_CORP_ANN,,Updates,"Shriram Finance Limited has informed the Exchange regarding 'Report on Special Window for re-lodgement of transfer requests of physical shares of the Company from Integrated Registry Management Services Private Limited, Registrar and Share Transfer Agent of the Company, for the month ended November  30, 2025'."
SHRIRAMFIN,NSE_CORP_ANN,,News Verification,The Exchange has sought clarification from Shriram Finance Limited with respect to recent news item captioned Japan's MUFG to invest up to $5 billion in Shriram Finance for 20% stake in major India bet Company Business News.  The response from the Company is awaited.
SIEMENS,NSE_CORP_ANN,,Disclosure under SEBI Takeover Regulations,"Siemens International Holding B.V. has submitted to the Exchange a copy of Disclosures under Regulation 10(6)-Report to stock Exchange in respect of any acquisition made in reliance upon exemption provided for in regulation 10 of SEBI (SAST) Regulations, 2011."
SIEMENS,NSE_CORP_ANN,,Analysts/Institutional Investor Meet/Con. Call Updates,Siemens Limited has informed the Exchange about Transcript
SIEMENS,NSE_CORP_ANN,,Analysts/Institutional Investor Meet/Con. Call Updates,Siemens Limited has informed the Exchange about Link of Recording
SIEMENS,NSE_CORP_ANN,,Analysts/Institutional Investor Meet/Con. Call Updates,Siemens Limited has informed the Exchange about Presentation
SOLARINDS,NSE_CORP_ANN,,Shareholders meeting,Solar Industries India Limited has informed the Exchange about Submission of the Voting Results and Scrutiniser''s Report of Postal Ballot.
SONACOMS,NSE_CORP_ANN,,Trading Window,"Sona Blw Precision Forgings Limited has informed the Exchange regarding the Trading Window closure pursuant to SEBI (Prohibition of Insider Trading) Regulations, 2015"
SBIN,NSE_CORP_ANN,,Change in Director(s),State Bank Of India has informed the Exchange regarding Change in Director(s) of the company.
SBIN,NSE_CORP_ANN,,Analysts/Institutional Investor Meet/Con. Call Updates,State Bank Of India has informed the Exchange about
SBIN,NSE_CORP_ANN,,Copy of Newspaper Publication,State Bank Of India has informed the Exchange about Copy of Newspaper Publication
SBIN,NSE_CORP_ANN,,Change in Director(s),State Bank Of India has informed the Exchange regarding Change in Director(s) of the company.
SBIN,NSE_CORP_ANN,,General Updates,State Bank Of India has informed the Exchange about signing of EURO 150 million KfW  Line of Credit(Phase 2) for financing Climate friendly energy generation projects
SBIN,NSE_CORP_ANN,,General Updates,"SBIN: State Bank of India has informed the Exchange about RBI approval to establish a Section 8 company under Companies Act, 2013"
SUNPHARMA,NSE_CORP_ANN,,General Updates,"Intimation under Regulation 30 of SEBI (Listing Obligations and Disclosure Requirements) Regulations, 2015   US FDA determines Baska facility inspection classification as OAI"
SUZLON,NSE_CORP_ANN,,Press Release,"Suzlon Energy Limited has informed the Exchange regarding a press release dated December 17, 2025, titled ""Suzlon and Yanara extend partnership with 306 MW Wind Turbine Orders in Rajasthan""."
SUZLON,NSE_CORP_ANN,,General Updates,"Suzlon Energy Limited has informed the Exchange about Proceedings and Voting Results of the meeting of the Unsecured Creditors of Suzlon Energy Limited held on Friday, 12th December 2025"
SUZLON,NSE_CORP_ANN,,Shareholders meeting,"Suzlon Energy Limited has informed the Exchange regarding Proceedings of Court Convened General Meeting held on December 12, 2025. Further, the company has submitted the Exchange a copy of Srutinizers report along with voting results."
SUZLON,NSE_CORP_ANN,,General Updates,Suzlon Energy Limited has informed the Exchange about General Updates
SYNGENE,NSE_CORP_ANN,,Investor Presentation,Syngene International Limited has informed the Exchange about Investor Presentation
SYNGENE,NSE_CORP_ANN,,Analysts/Institutional Investor Meet/Con. Call Updates,Syngene International Limited has informed the Exchange about Schedule of meet
SYNGENE,NSE_CORP_ANN,,Analysts/Institutional Investor Meet/Con. Call Updates,Syngene International Limited has informed the Exchange about Schedule of meet
TITAGARH,NSE_CORP_ANN,,Bagging/Receiving of orders/contracts,TITAGARH RAIL SYSTEMS LIMITED has informed the Exchange about Bagging/Receiving of orders/contracts
TVSMOTOR,NSE_CORP_ANN,,Updates,"TVS Motor Company Limited has informed the Exchange regarding 'Postal ballot as per Section 110 of the Companies Act, 2013'."
TVSMOTOR,NSE_CORP_ANN,,Change in Director(s),TVS Motor Company Limited has informed the Exchange regarding Change in Director(s) of the company.
TCS,NSE_CORP_ANN,,Incorporation,Tata Consultancy Services Limited has informed the Exchange about Incorporation
TCS,NSE_CORP_ANN,,Updates,Tata Consultancy Services Limited has informed the Exchange regarding 'Press Release - TCS Strengthens Partnership with Aviva UK to Enhance Life and Pensions Customer Experience'.
TCS,NSE_CORP_ANN,,Analysts/Institutional Investor Meet/Con. Call Updates,Tata Consultancy Services Limited has informed the Exchange about Presentation
TCS,NSE_CORP_ANN,,Incorporation,Tata Consultancy Services Limited has informed the Exchange about Incorporation
TCS,NSE_CORP_ANN,,Incorporation,Tata Consultancy Services Limited has informed the Exchange about Update on Incorporation
TCS,NSE_CORP_ANN,,Updates,Tata Consultancy Services Limited has informed the Exchange regarding 'Press Release - TCS and CII unveil the 2025 Artificial Intelligence & IP Report for India'.
TCS,NSE_CORP_ANN,,Updates,Tata Consultancy Services Limited has informed the Exchange regarding 'Press Release - TCS Opens New Office in Romania to Power Up its European Delivery Network'.
TCS,NSE_CORP_ANN,,Analysts/Institutional Investor Meet/Con. Call Updates,"Tata Consultancy Services Limited has informed the Exchange about Link to access webcast of TCS Analyst Day 2025 scheduled on December 17, 2025"
TCS,NSE_CORP_ANN,,Credit Rating,Tata Consultancy Services Limited has informed the Exchange about Credit Rating
TCS,NSE_CORP_ANN,,Analysts/Institutional Investor Meet/Con. Call Updates,Tata Consultancy Services Limited has informed the Exchange about Schedule of meet
TATAPOWER,NSE_CORP_ANN,,General Updates,Tata Power Company Limited has informed the Exchange about Update on Acquisition
TATAPOWER,NSE_CORP_ANN,,Analysts/Institutional Investor Meet/Con. Call Updates,Tata Power Company Limited has informed the Exchange about Presentation
TATAPOWER,NSE_CORP_ANN,,Issue of Securities,Tata Power Company Limited has informed the Exchange about Issue of Non-Convertible Debentures (NCDs) on private placement basis.
TATAPOWER,NSE_CORP_ANN,,Bagging/Receiving of orders/contracts,Tata Power Company Limited has informed the Exchange about Bagging/Receiving of orders/contracts
TATASTEEL,NSE_CORP_ANN,,Pendency of Litigation(s)/dispute(s) or the outcome impacting the Company,Tata Steel Limited has informed the Exchange about Pendency of Litigation(s)/dispute(s) or the outcome impacting the Company
TATASTEEL,NSE_CORP_ANN,,Analysts/Institutional Investor Meet/Con. Call Updates,Tata Steel Limited has informed the Exchange about Schedule of meet
TATASTEEL,NSE_CORP_ANN,,News Verification,The Exchange has sought clarification from Tata Steel Limited with respect to recent news item captioned Tata Steel acquires majority stake in Thriveni Pellets to boost raw material supply chain.  The response from the Company is attached.
TECHM,NSE_CORP_ANN,,Incorporation,Tech Mahindra Limited has informed the Exchange about Incorporation
TECHM,NSE_CORP_ANN,,Incorporation,Tech Mahindra Limited has informed the Exchange about Incorporation
TECHM,NSE_CORP_ANN,,Incorporation,Tech Mahindra Limited has informed the Exchange about Incorporation
TECHM,NSE_CORP_ANN,,Allotment of Securities,"Tech Mahindra Limited has informed the Exchange regarding allotment of 60706 securities pursuant to ESOP/ESPS at its meeting held on December 11, 2025"
FEDERALBNK,NSE_CORP_ANN,,Analysts/Institutional Investor Meet/Con. Call Updates,The Federal Bank  Limited has informed the Exchange about Schedule of meet
FEDERALBNK,NSE_CORP_ANN,,Analysts/Institutional Investor Meet/Con. Call Updates,The Federal Bank  Limited has informed the Exchange about Schedule of meet
FEDERALBNK,NSE_CORP_ANN,,General Updates,The Federal Bank  Limited has informed the Exchange about Allotment of Equity Shares on exercise of Stock options pursuant to Employee Stock Option Scheme
FEDERALBNK,NSE_CORP_ANN,,Analysts/Institutional Investor Meet/Con. Call Updates,The Federal Bank  Limited has informed the Exchange about Schedule of meet
FEDERALBNK,NSE_CORP_ANN,,Analysts/Institutional Investor Meet/Con. Call Updates,The Federal Bank  Limited has informed the Exchange about Schedule of meet
TITAN,NSE_CORP_ANN,,Analysts/Institutional Investor Meet/Con. Call Updates,Titan Company Limited has informed the Exchange about Schedule of meet
TITAN,NSE_CORP_ANN,,Copy of Newspaper Publication,Titan Company Limited has informed the Exchange about Copy of Newspaper Publication
TORNTPHARM,NSE_CORP_ANN,,Updates,Torrent Pharmaceuticals Limited has informed the Exchange regarding 'Redemption of Commercial Papers '.
TORNTPHARM,NSE_CORP_ANN,,Updates,Torrent Pharmaceuticals Limited has informed the Exchange regarding 'Redemption of Non-Convertible Debentures'.
TORNTPOWER,NSE_CORP_ANN,,Analysts/Institutional Investor Meet/Con. Call Updates,Torrent Power Limited has informed the Exchange about Schedule of meet
TORNTPOWER,NSE_CORP_ANN,,Analysts/Institutional Investor Meet/Con. Call Updates,Torrent Power Limited has informed the Exchange about Schedule of meet
TRENT,NSE_CORP_ANN,,Analysts/Institutional Investor Meet/Con. Call Updates,Trent Limited has informed the Exchange about Intimation of schedule of Analyst / Institutional Investor Meeting
TRENT,NSE_CORP_ANN,,Analysts/Institutional Investor Meet/Con. Call Updates,Trent Limited has informed the Exchange about Schedule of meet
TRENT,NSE_CORP_ANN,,Copy of Newspaper Publication,Trent Limited has informed the Exchange about Notice of Special Window for re-lodgement of transfer requests of physical shares
TIINDIA,NSE_CORP_ANN,,General Updates,Tube Investments of India Limited has informed the Exchange about General Updates
UNOMINDA,NSE_CORP_ANN,,Updates,UNO Minda Limited has informed the Exchange regarding 'Redemption of Commercial Papers'.
UNOMINDA,NSE_CORP_ANN,,ESOP/ESOS/ESPS,UNO Minda Limited has informed the Exchange regarding Allotment of 81747  Shares.
UNOMINDA,NSE_CORP_ANN,,Acquisition,UNO Minda Limited has informed the Exchange about completion of transaction
UNOMINDA,NSE_CORP_ANN,,Updates,UNO Minda Limited has informed the Exchange regarding 'Loss of share certificate by a shareholder'.
UNOMINDA,NSE_CORP_ANN,,Copy of Newspaper Publication,UNO Minda Limited has informed the Exchange about Copy of Newspaper Publication
ULTRACEMCO,NSE_CORP_ANN,,Action(s) taken or orders passed,UltraTech Cement Limited has informed the Exchange about Action(s) taken or orders passed
UNIONBANK,NSE_CORP_ANN,,Credit Rating,Union Bank of India has informed the Exchange about Credit Rating
VEDL,NSE_CORP_ANN,,Action(s) taken or orders passed,Vedanta Limited has informed the Exchange about Action(s) taken or orders passed
VEDL,NSE_CORP_ANN,,Updates,Vedanta Limited has informed the Exchange regarding 'Update on Scheme of Arrangement for Demerger of Vedanta Limited'.
VEDL,NSE_CORP_ANN,,Credit Rating- Others,Vedanta Limited has informed the Exchange about Reaffirmation of Credit Ratings by India Ratings
VEDL,NSE_CORP_ANN,,News Verification,The Exchange has sought clarification from Vedanta Limited with respect to recent news item captioned Vedanta demerger decks cleared after Mumbai NCLT approves plan; Stock surges.  The response from the Company is attached.
VEDL,NSE_CORP_ANN,,News Verification,The Exchange has sought clarification from Vedanta Limited with respect to recent news item captioned Vedanta demerger decks cleared after Mumbai NCLT approves plan; Stock surges.  The response from the Company is awaited.
VEDL,NSE_CORP_ANN,,Updates,"Vedanta Limited has informed the Exchange regarding 'Intimation under Regulation 30 of the Securities and Exchange Board of India (Listing Obligations and Disclosure Requirements) Regulations, 2015, as amended ( SEBI Listing Regulations )'."
VEDL,NSE_CORP_ANN,,Updates,"Vedanta Limited has informed the Exchange regarding 'Intimation under Regulation 30 of the Securities and Exchange Board of India (Listing Obligations and Disclosure Requirements) Regulations, 2015, as amended - Declaration of Successful Bidder of Genjana Nickel, Chromium and PGE Block under Critical Mineral Auctions Tranche III conducted by the Ministry of Mines, Government of India'."
IDEA,NSE_CORP_ANN,,Press Release,"Vodafone Idea Limited has informed the Exchange regarding a press release dated December 18, 2025, titled ""Disclosure under Regulation 30 of SEBI (Listing Obligations and Disclosure Requirements) Regulations, 2015   Release to media - Issuance of Non-Convertible Debentures aggregating to Rs. 3,300 Crore by Vodafone Idea Telecom Infrastructure Limited ( VITIL ), wholly owned subsidiary of the Company""."
IDEA,NSE_CORP_ANN,,Action(s) taken or orders passed,"Vodafone Idea Limited has informed the Exchange about Disclosure under Regulation 30 of SEBI (Listing Obligations and Disclosure Requirements) Regulations, 2015 regarding order passed under Central Goods and Services Tax Act, 2017"
VOLTAS,NSE_CORP_ANN,,Analysts/Institutional Investor Meet/Con. Call Updates,Voltas Limited has informed the Exchange about Schedule of meet
VOLTAS,NSE_CORP_ANN,,General Updates,Voltas Limited has informed the Exchange about General Updates
VOLTAS,NSE_CORP_ANN,,Analysts/Institutional Investor Meet/Con. Call Updates,Voltas Limited has informed the Exchange about Schedule of meet
VOLTAS,NSE_CORP_ANN,,General Updates,Voltas Limited has informed the Exchange about General Updates
VOLTAS,NSE_CORP_ANN,,General Updates,Voltas Limited has informed the Exchange about General Updates
WIPRO,NSE_CORP_ANN,,Updates,Wipro Limited has informed the Exchange regarding 'Grant of Restricted Stock Units'.
WIPRO,NSE_CORP_ANN,,Updates,"Wipro Limited has informed the Exchange regarding Allotment of 2,52,134 equity shares under ADS Restricted Stock Unit Plan 2004 and 1,43,740 equity shares under the Restricted Stock Unit Plan 2007 on December 15, 2025, pursuant to exercise of ESOPs."
WIPRO,NSE_CORP_ANN,,Copy of Newspaper Publication,"Wipro Limited has informed the Exchange about Newspaper Advertisement - Regulation 47 of SEBI (Listing Obligations and Disclosure Requirements) Regulations, 2015"
WIPRO,NSE_CORP_ANN,,Press Release,"Wipro Limited has informed the Exchange regarding a press release dated December 12, 2025, titled ""Wipro and Google Cloud Expand their Strategic Partnership to Advance Enterprise Productivity""."
WIPRO,NSE_CORP_ANN,,Press Release,"Wipro Limited has informed the Exchange regarding a press release dated December 12, 2025, titled ""Accelerating the AI-Powered Future: Wipro & Microsoft to Empower Enterprises to Transform as Frontier Firms""."
YESBANK,NSE_CORP_ANN,,General Updates,"Disclosure under Regulation 30 of the SEBI (Listing Obligations and Disclosure Requirements) Regulations, 2015 - ESG Rating"
ZYDUSLIFE,NSE_CORP_ANN,,General Updates,Zydus Lifesciences Limited has informed the Exchange about General Updates
ZYDUSLIFE,NSE_CORP_ANN,,Press Release,"Zydus Lifesciences Limited has informed the Exchange regarding a press release dated December 15, 2025, titled ""Sentynl Therapeutics Announces FDA Acceptance of CUTX-101 NDA Resubmission""."
ZYDUSLIFE,NSE_CORP_ANN,,Shareholders meeting,"Zydus Lifesciences Limited has submitted the Exchange a copy Srutinizers report of  Postal Ballot. Further, the company has informed the Exchange regarding voting results along with copy of minutes."
360ONE,NSE_CORP_ANN,,ESOP/ESOS/ESPS,360 ONE WAM LIMITED has informed the Exchange regarding Allotment of 212637  Shares.,
ABB,NSE_CORP_ANN,,General Updates,ABB India Limited has informed the Exchange about General Updates,
ABB,NSE_CORP_ANN,,Trading Window,"ABB India Limited has informed the Exchange regarding the Trading Window closure pursuant to SEBI (Prohibition of Insider Trading) Regulations, 2015",
AUBANK,NSE_CORP_ANN,,Allotment of Securities,"AU Small Finance Bank Limited has informed the Exchange regarding allotment of 271991 securities pursuant to ESOP/ESPS at its meeting held on December 12, 2025",
ADANIENSOL,NSE_CORP_ANN,,Analysts/Institutional Investor Meet/Con. Call Updates,Adani Energy Solutions Limited has informed the Exchange about Interaction with Investors,
ADANIENSOL,NSE_CORP_ANN,,General Updates,Adani Energy Solutions Limited has informed the Exchange about Execution of Share Purchase Agreement for Acquiring 100% Equity shares of KPS III HVDC Transmission Limited,
ADANIENT,NSE_CORP_ANN,,Incorporation,Adani Enterprises Limited has informed the Exchange about Incorporation,
ADANIENT,NSE_CORP_ANN,,Record Date,Adani Enterprises Limited has informed the Exchange that Record date for the purpose of first Call on partly paid equity shares issued on rights basis is 23-Dec-2025.,
ADANIENT,NSE_CORP_ANN,,Outcome of Board Meeting,"Adani Enterprises Limited has informed the Exchange regarding outcome of rights issue committee meeting held on December 17, 2025.",
ADANIENT,NSE_CORP_ANN,,Analysts/Institutional Investor Meet/Con. Call Updates,Adani Enterprises Limited has informed the Exchange about Schedule of meet,
ADANIENT,NSE_CORP_ANN,,Copy of Newspaper Publication,Adani Enterprises Limited has informed the Exchange about Copy of Newspaper Publication for the matters relating to Rights Issue,
ADANIENT,NSE_CORP_ANN,,Acquisition,Adani Enterprises Limited has informed the Exchange about Acquisition,
ADANIENT,NSE_CORP_ANN,,Rights Issue,Allotment of partly paid up equity shares on rights basis,
ADANIGREEN,NSE_CORP_ANN,,Analysts/Institutional Investor Meet/Con. Call Updates,Adani Green Energy Limited has informed the Exchange about Schedule of meet,
ABCAPITAL,NSE_CORP_ANN,,ESOP/ESOS/ESPS,Aditya Birla Capital Limited has informed the Exchange regarding Allotment of 1375753  Shares.,
ABCAPITAL,NSE_CORP_ANN,,Granting/withdrawal/surrender/cancellation/suspension of key licenses/ regulatory approvals,Aditya Birla Capital Limited has informed the Exchange about receipt of Certificate of Registration as Non-Banking Financial Company-Investment and Credit Company ( NBFC-ICC ),
ABCAPITAL,NSE_CORP_ANN,,General Updates,Aditya Birla Capital Limited has informed the Exchange regarding 'the update on tax litigation of subsidiary company'.,
ALKEM,NSE_CORP_ANN,,Appointment,"Alkem Laboratories Limited has informed the Exchange regarding Appointment of Mr. Sunil Sawant as Senior Management Personnel of the company w.e.f. December 16, 2025.",
ALKEM,NSE_CORP_ANN,,Analysts/Institutional Investor Meet/Con. Call Updates,Alkem Laboratories Limited has informed the Exchange about Schedule of meet,
ALKEM,NSE_CORP_ANN,,Cessation,"Alkem Laboratories Limited has informed the Exchange regarding Cessation of Mr. Vijay Shetty as Senior Management Position  of the company w.e.f. December 12, 2025.",
ALKEM,NSE_CORP_ANN,,Copy of Newspaper Publication,Alkem Laboratories Limited has informed the Exchange about Copy of Newspaper Publication,
AMBER,NSE_CORP_ANN,,General Updates,Amber Enterprises India Limited has informed the Exchange that the Company is planning to invest Rs. 500 Crore for expansion of its state-of-the-art Research & Development (R&D) Centre in Punjab.,
ANGELONE,NSE_CORP_ANN,,Trading Window,"Angel One Limited has informed the Exchange regarding the Trading Window closure pursuant to SEBI (Prohibition of Insider Trading) Regulations, 2015",
ASHOKLEY,NSE_CORP_ANN,,Analysts/Institutional Investor Meet/Con. Call Updates,Ashok Leyland Limited has informed the Exchange about Schedule of  Investor meet,
ASIANPAINT,NSE_CORP_ANN,,Trading Window,"Asian Paints Limited has informed the Exchange regarding the Trading Window closure pursuant to SEBI (Prohibition of Insider Trading) Regulations, 2015",
AUROPHARMA,NSE_CORP_ANN,,General Updates,"Aurobindo Pharma Limited has informed the Exchange about completion of US FDA Inspection at Unit-IV of APL Healthcare Limited, a wholly owned subsidiary of the Company",
AUROPHARMA,NSE_CORP_ANN,,Analysts/Institutional Investor Meet/Con. Call Updates,Aurobindo Pharma Limited has informed the Exchange about Schedule of meet,
AUROPHARMA,NSE_CORP_ANN,,General Updates,"Aurobindo Pharma Limited has informed the Exchange about completion of US FDA Inspection at Unit-V of Apitoria Pharma Private Limited, a wholly owned subsidiary of the Company",
DMART,NSE_CORP_ANN,,Updates,Avenue Supermarts Limited has informed the Exchange regarding 'Store Opening Intimation'.,
DMART,NSE_CORP_ANN,,Updates,Avenue Supermarts Limited has informed the Exchange regarding 'Store Opening Intimation'.,
AXISBANK,NSE_CORP_ANN,,Change in Director(s),Axis Bank Limited has informed the Exchange regarding Change in Director(s) of the company.,
AXISBANK,NSE_CORP_ANN,,ESOP/ESOS/ESPS,Axis Bank Limited has informed the Exchange regarding Allotment of 245902  Shares.,
AXISBANK,NSE_CORP_ANN,,Analysts/Institutional Investor Meet/Con. Call Updates,Axis Bank Limited has informed the Exchange about Presentation,
BSE,NSE_CORP_ANN,,Change in Management,BSE Limited has informed the Exchange about re-designation of Key Management Personnel and Senior Management,
BSE,NSE_CORP_ANN,,Outcome of Board Meeting,"BSE Limited has informed the Exchange regarding Outcome of Board Meeting held on December 17, 2025.",
BSE,NSE_CORP_ANN,,Action(s) taken or orders passed,BSE Limited has informed the Exchange about Action(s) taken or orders passed.,
BSE,NSE_CORP_ANN,,Change in Director(s),BSE Limited has informed the Exchange regarding Change in Director(s) of the company.,
BAJAJ-AUTO,NSE_CORP_ANN,,ESOP/ESOS/ESPS,Bajaj Auto Limited has informed the Exchange regarding Allotment of 240230  Shares.,
BANDHANBNK,NSE_CORP_ANN,,Analysts/Institutional Investor Meet/Con. Call Updates,"Bandhan Bank Limited has informed the Exchange about Update on the Analysts / Institutional Investors Meet held on December 18, 2025",
BANDHANBNK,NSE_CORP_ANN,,Analysts/Institutional Investor Meet/Con. Call Updates,"Bandhan Bank Limited has informed the Exchange about Update on Analysts / Institutional Investors Meet held on December 17, 2025.",
BANDHANBNK,NSE_CORP_ANN,,Resignation of Independent director,BANDHAN BANK LIMITED has informed the Exchange about Resignation of Independent director.,
BANDHANBNK,NSE_CORP_ANN,,Change in Director(s),Bandhan Bank Limited has informed the Exchange regarding Change in Director(s) of the company.,
BANDHANBNK,NSE_CORP_ANN,,Shareholders meeting,"Bandhan Bank Limited has submitted the Exchange, the Voting Results of Postal Ballot, along with a copy of the Scrutinizer's Report.",
BANDHANBNK,NSE_CORP_ANN,,General Updates,"Bandhan Bank Limited has informed the Exchange about Schedule of Analysts / Institutional Investors Meets to be held on December 17, 2025 and December 18, 2025.",
BANKBARODA,NSE_CORP_ANN,,General Updates,Bank Of Baroda has informed the Exchange about Subscription of Shares of Indian Digital Payment Intelligence Corporation,
BANKBARODA,NSE_CORP_ANN,,General Updates,Bank Of Baroda has informed the Exchange about Group Investor Conference Intimation,
BANKINDIA,NSE_CORP_ANN,,Credit Rating,Bank Of India has informed the Exchange about Credit Rating,
BANKINDIA,NSE_CORP_ANN,,Analysts/Institutional Investor Meet/Con. Call Updates,Bank Of India has informed the Exchange about Investor/Analyst Meet,
BANKINDIA,NSE_CORP_ANN,,Analysts/Institutional Investor Meet/Con. Call Updates,Bank Of India has informed the Exchange about Investor/Analyst Meet,
BANKINDIA,NSE_CORP_ANN,,Updates,"Bank Of India has informed the Exchange regarding 'Issue of BASEL III Compliant Tier II Bonds of Rs.2,500 Crores'.",
BANKINDIA,NSE_CORP_ANN,,Appointment,"Bank Of India has informed the Exchange regarding Appointment of  Continuation of SCAs as Other of the company w.e.f. December 11, 2025.",
BEL,NSE_CORP_ANN,,Press Release,"Bharat Electronics Limited has informed the Exchange regarding a press release dated December 12, 2025, titled ""BEL Receives Order worth Rs.776 Crores"".",
BHARATFORG,NSE_CORP_ANN,,Analysts/Institutional Investor Meet/Con. Call Updates,Bharat Forge Limited has informed the Exchange about Schedule of meet,
BHARATFORG,NSE_CORP_ANN,,Analysts/Institutional Investor Meet/Con. Call Updates,Bharat Forge Limited has informed the Exchange about Schedule of meet,
BHEL,NSE_CORP_ANN,,Amendment to AOA/MOA,Bharat Heavy Electricals Limited has informed the Exchange regarding the Amendment to AOA/MOA of the company.,
BHEL,NSE_CORP_ANN,,Shareholders meeting,Voting Results of Postal Ballot along with Scrutinizer's Report,
BHEL,NSE_CORP_ANN,,Change in Management,Bharat Heavy Electricals Limited has informed the Exchange about change in Management,
BHEL,NSE_CORP_ANN,,Change in Management,Bharat Heavy Electricals Limited has informed the Exchange about change in Management,
BPCL,NSE_CORP_ANN,,General Updates,Bharat Petroleum Corporation Limited has informed the Exchange about General Updates,
BPCL,NSE_CORP_ANN,,Copy of Newspaper Publication,Bharat Petroleum Corporation Limited has informed the Exchange about Copy of Newspaper Publication,
BHARTIARTL,NSE_CORP_ANN,,Amendment to AOA/MOA,Bharti Airtel Limited has informed the Exchange regarding the Amendment to AOA/MOA of the company.,
BHARTIARTL,NSE_CORP_ANN,,Agreements,Bharti Airtel Limited has informed the Exchange about Agreements,
BHARTIARTL,NSE_CORP_ANN,,General Updates,"Bharti Airtel Limited has informed the Exchange about the outcome of the Board meeting dt. December 18, 2025 w.r.t. First and Final Call on partly paid-up equity shares.",
BHARTIARTL,NSE_CORP_ANN,,Change in Director(s),Bharti Airtel Limited has informed the Exchange regarding Change in Director(s) of the company.,
BHARTIARTL,NSE_CORP_ANN,,Change in Management,Bharti Airtel Limited has informed the Exchange about change in Management,
BHARTIARTL,NSE_CORP_ANN,,Action(s) taken or orders passed,Bharti Airtel Limited has informed the Exchange about Action(s) taken or orders passed,
BIOCON,NSE_CORP_ANN,,Updates,Biocon Limited has informed the Exchange regarding 'Notification to Stock Exchanges'.,
BIOCON,NSE_CORP_ANN,,Press Release,"Biocon Limited has informed the Exchange regarding a press release dated December 17, 2025, titled ""Biocon Biologics Recognized as Asia IP Elite for 2025 by IAM."".",
BIOCON,NSE_CORP_ANN,,Credit Rating,Biocon Limited has informed the Exchange about Credit Rating,
BIOCON,NSE_CORP_ANN,,Credit Rating,Biocon Limited has informed the Exchange about Credit Rating,
BIOCON,NSE_CORP_ANN,,Press Release,"Biocon Limited has informed the Exchange regarding a press release dated December 15, 2025, titled ""Biocon Limited launches its Glucagon-like Peptide-1 (GLP -1), Liraglutide, in the Netherlands"".",
BIOCON,NSE_CORP_ANN,,Press Release,"Biocon Limited has informed the Exchange regarding a press release dated December 13, 2025, titled ""Biocon Biologics Signs Settlement and License Agreement to Commercialize Biosimilar Aflibercept Worldwide"".",
BIOCON,NSE_CORP_ANN,,Press Release,"Biocon Limited has informed the Exchange regarding a press release dated December 11, 2025, titled ""S&P Global Places Biocon Biologics on Positive CreditWatchOn Account of Accelerated Debt Reduction"".",
BOSCHLTD,NSE_CORP_ANN,,Trading Window,"Bosch Limited has informed the Exchange regarding the Trading Window closure pursuant to SEBI (Prohibition of Insider Trading) Regulations, 2015",
BRITANNIA,NSE_CORP_ANN,,Change in Management,"Pursuant to Regulation 30 read with Clause 7 of Para A of Part A of Schedule III of the SEBI Listing Regulations, 2015, this is to inform you that the Board of Directors, based on the recommendation of the Nomination and Remuneration Committee, have approved the following:  Appointment of Mr. Abhishek Sinha as the Chief Sales Transformation Officer of the Company with effect from 15th December, 2025.Appointment of Mr. Subhashis Basu as the Chief Business Officer-Dairy of the Company with effect from 15th December, 2025.",
BRITANNIA,NSE_CORP_ANN,,General Updates,"Intimation under Regulation 30 of the Securities and Exchange Board of India (Listing Obligations and Disclosure Requirements) Regulations, 2015",
CGPOWER,NSE_CORP_ANN,,Updates,"CG Power and Industrial Solutions Limited has informed the Exchange regarding 'Disclosure under Regulation 31A of SEBI LODR, Regulations, 2015'.",
CGPOWER,NSE_CORP_ANN,,ESOP/ESOS/ESPS,CG Power and Industrial Solutions Limited has informed the Exchange regarding Allotment of 40000  Shares.,
CANBK,NSE_CORP_ANN,,Updates,Canara Bank has informed the Exchange regarding 'Credit confirmation of Annual Interest Payment & Redemption Payment'.,
CANBK,NSE_CORP_ANN,,Updates,Canara Bank has informed the Exchange regarding ''.,
CHOLAFIN,NSE_CORP_ANN,,Updates,"Cholamandalam Investment and Finance Company Limited has informed the Exchange regarding 'Intimation under Regulation 31(A)(8) of SEBI Listing Regulations, 2015'.",
CHOLAFIN,NSE_CORP_ANN,,ESOP/ESOS/ESPS,Cholamandalam Investment and Finance Company Limited has informed the Exchange regarding Allotment of 98980  Shares.,
CIPLA,NSE_CORP_ANN,,ESOP/ESOS/ESPS,Cipla Limited has informed the Exchange regarding Allotment of 585  Shares.,
COALINDIA,NSE_CORP_ANN,,General Updates,"Coal India Limited has informed the Exchange about General Updates-Additional charge arrangement for the post of Chairman cum Managing Director, Northern Coalfields Limited (NCL) to CMD, CIL.",
COALINDIA,NSE_CORP_ANN,,Press Release,"Coal India Limited has informed the Exchange regarding a press release dated December 16, 2025, titled ""Mr. B Sairam new Coal India Chief"".",
COALINDIA,NSE_CORP_ANN,,Change in Director(s),Coal India Limited has informed the Exchange regarding Change in Director(s) of the company.,
COFORGE,NSE_CORP_ANN,,General Updates,Coforge Limited has informed the Exchange about Filing of Second Motion Petition with the Hon ble National Company Law Tribunal ( NCLT ),
COFORGE,NSE_CORP_ANN,,Press Release,"Coforge Limited has informed the Exchange regarding a press release dated December 16, 2025, titled ""Coforge Unveils  Data Cosmos    A Next-Gen AI-Enabled, Cloud-Native Data & Analytics Platform Designed to Accelerate Enterprise Transformation"".",
COFORGE,NSE_CORP_ANN,,General Updates,Coforge Limited has informed the Exchange about Allotment of Equity Shares under ESOP Scheme,
CAMS,NSE_CORP_ANN,,Agreements,Computer Age Management Services Limited has informed the Exchange about Business Transfer Agreement executed between the Company and its wholly owned subsidiary on 17th December 2025.,
CAMS,NSE_CORP_ANN,,Analysts/Institutional Investor Meet/Con. Call Updates,Computer Age Management Services Limited has informed the Exchange about Schedule of meet,
CAMS,NSE_CORP_ANN,,Analysts/Institutional Investor Meet/Con. Call Updates,Computer Age Management Services Limited has informed the Exchange about Schedule of meet,
CROMPTON,NSE_CORP_ANN,,Action(s) taken or orders passed,Crompton Greaves Consumer Electricals Limited has informed the Exchange about Action(s) taken or orders passed,
CROMPTON,NSE_CORP_ANN,,Action(s) initiated or orders passed,Crompton Greaves Consumer Electricals Limited has informed the Exchange about Action(s) initiated or orders passed,
CROMPTON,NSE_CORP_ANN,,Bagging/Receiving of orders/contracts,Crompton Greaves Consumer Electricals Limited has informed the Exchange about Bagging/Receiving of orders/contracts,
CROMPTON,NSE_CORP_ANN,,Copy of Newspaper Publication,Crompton Greaves Consumer Electricals Limited has informed the Exchange about Copy of Newspaper Publication,
CROMPTON,NSE_CORP_ANN,,Analysts/Institutional Investor Meet/Con. Call Updates,Crompton Greaves Consumer Electricals Limited has informed the Exchange about Schedule of meet,
CUMMINSIND,NSE_CORP_ANN,,General Updates,Cummins India Limited has informed the Exchange about General Updates - Approval for acquisition of stake in Clean Max Yellowstone Private Limited,
CUMMINSIND,NSE_CORP_ANN,,Outcome of Board Meeting,"Cummins India Limited has informed the Exchange regarding Outcome of Board Meeting held on December 18, 2025.",
CUMMINSIND,NSE_CORP_ANN,,Outcome of Board Meeting,"Cummins India Limited has informed the Exchange regarding  Board meeting held on December 18, 2025 - Approval for acquisition of stake in Clean Max Yellowstone Private Limited",
CYIENT,NSE_CORP_ANN,,Analysts/Institutional Investor Meet/Con. Call Updates,Cyient Limited has informed the Exchange about Link of Recording,
CYIENT,NSE_CORP_ANN,,Press Release,"Cyient Limited has informed the Exchange regarding a press release dated December 17, 2025, titled ""Cyient Semiconductors Acquires Majority Stake in Kinetic Technologies to Drive Custom Power IC Leadership for Edge AI and High-Performance Compute Markets"".",
CYIENT,NSE_CORP_ANN,,Analysts/Institutional Investor Meet/Con. Call Updates,Cyient Limited has informed the Exchange about Schedule of meet,
CYIENT,NSE_CORP_ANN,,Acquisition,Cyient Limited has informed the Exchange about Acquisition,
CYIENT,NSE_CORP_ANN,,Outcome of Board Meeting,"Cyient Limited has informed the Exchange regarding  Board meeting held on December 17, 2025.",
CYIENT,NSE_CORP_ANN,,Shareholders meeting,"Cyient Limited has submitted the Exchange a copy Srutinizers report of  Postal Ballot. Further, the company has informed the Exchange regarding voting results.",
CYIENT,NSE_CORP_ANN,,Trading Window,"Cyient Limited has informed the Exchange regarding the Trading Window closure pursuant to SEBI (Prohibition of Insider Trading) Regulations, 2015",
CYIENT,NSE_CORP_ANN,,Press Release,"Cyient Limited has informed the Exchange regarding a press release dated December 11, 2025, titled ""Cyient Strengthens Middle East Operations; to Drive Intelligent Engineering for Energy, Utilities, Transportation & Connectivity Sectors"".",
DLF,NSE_CORP_ANN,,Updates,DLF Limited has informed the Exchange regarding 'Disclosure under Regulation 30 of SEBI Listing Regulations'.,
DABUR,NSE_CORP_ANN,,Action(s) taken or orders passed,"Dabur India Limited has informed the Exchange about update on Action(s) taken or orders passed on February 5, 2025",
DABUR,NSE_CORP_ANN,,Updates,Dabur India Limited has informed the Exchange regarding 'Report on Special Window for Re-lodgement of Transfer Request of Physical Shares'.,
DABUR,NSE_CORP_ANN,,Trading Window,"Dabur India Limited has informed the Exchange regarding the Trading Window closure pursuant to SEBI (Prohibition of Insider Trading) Regulations, 2015",
DALBHARAT,NSE_CORP_ANN,,General Updates,Dalmia Bharat Limited has informed the Exchange about General Updates. Pls find schedule of Analysts Meetings to be attended by Company management,
DELHIVERY,NSE_CORP_ANN,,Press Release,"Delhivery Limited has informed the Exchange regarding a press release dated December 15, 2025, titled ""Delhivery launches On-demand Intracity offering in Mumbai and Hyderabad via the Delhivery Direct App"".",
DRREDDY,NSE_CORP_ANN,,Copy of Newspaper Publication,Dr. Reddy's Laboratories Limited has informed the Exchange about Copy of Newspaper Publication,
DRREDDY,NSE_CORP_ANN,,Analysts/Institutional Investor Meet/Con. Call Updates,Dr. Reddy's Laboratories Limited has informed the Exchange about Schedule of meet,
DRREDDY,NSE_CORP_ANN,,General Updates,Dr. Reddy's Laboratories Limited has informed the Exchange about General Updates,
DRREDDY,NSE_CORP_ANN,,Analysts/Institutional Investor Meet/Con. Call Updates,Dr. Reddy's Laboratories Limited has informed the Exchange about Schedule of meet,
DRREDDY,NSE_CORP_ANN,,Press Release,"Dr. Reddy's Laboratories Limited has informed the Exchange regarding a press release dated December 12, 2025, titled ""Dr. Reddy s Laboratories announces Science-Based Net Zero Climate Targets"".",
ETERNAL,NSE_CORP_ANN,,General Updates,"Eternal Limited has informed the exchange about incorporation of Eternal General Service Foundation, a wholly owned subsidiary of the Company",
NYKAA,NSE_CORP_ANN,,ESOP/ESOS/ESPS,FSN E Commerce Ventures Limited has informed the Exchange regarding Allotment of 259450 Equity Shares pursuant to exercise of vested stock options by employees under Employees Stock Option schemes of the Company.,
FORTIS,NSE_CORP_ANN,,Updates,"Fortis Healthcare Limited has informed the Exchange regarding 'status of re-lodgement of transfer requests of physical shares for the month ended on November 30, 2025'.",
FORTIS,NSE_CORP_ANN,,Copy of Newspaper Publication,"Newspaper clippings   Special Window for re-lodgement of transfer requests of physical shares.The newspaper clippings of the advertisement on the captioned subject published today i.e., December 17, 2025 in the columns of English daily  Financial Express , all editions and Punjabi daily  Rozana Spokesman , Mohali edition are enclosed for information and records.",
GAIL,NSE_CORP_ANN,,Analysts/Institutional Investor Meet/Con. Call Updates,GAIL (India) Limited has informed the Exchange about Schedule of meet,
GAIL,NSE_CORP_ANN,,Action(s) taken or orders passed,GAIL (India) Limited has informed the Exchange about Action(s) taken or orders passed,
GMRAIRPORT,NSE_CORP_ANN,,Copy of Newspaper Publication,GMR AIRPORTS LIMITED has informed the Exchange about Intimation regarding Newspaper Publication for Notice of Postal Ballot,
GMRAIRPORT,NSE_CORP_ANN,,Shareholders meeting,GMR AIRPORTS LIMITED has informed the Exchange regarding Notice of Postal Ballot,
GMRAIRPORT,NSE_CORP_ANN,,Resignation,GMR AIRPORTS LIMITED has informed the Exchange regarding Intimation regarding Resignation of Alternate Director of the Company,
GMRAIRPORT,NSE_CORP_ANN,,General Updates,"GMR AIRPORTS LIMITED has informed the Exchange about SEBI (Listing Obligations and Disclosure Requirements) Regulations, 2015 - Monthly Traffic Updates",
GLENMARK,NSE_CORP_ANN,,Press Release,"Glenmark Pharmaceuticals Limited has informed the Exchange regarding a press release dated December 16, 2025, titled ""Glenmark Secures Exclusive Multi-Regional Rights to Aumolertinib, an MHRA and NMPA approved Third-Generation EGFR-TKI, from Hansoh Pharma"".",
GLENMARK,NSE_CORP_ANN,,Press Release,"Glenmark Pharmaceuticals Limited has informed the Exchange regarding a press release dated December 11, 2025, titled ""Glenmark Pharmaceuticals Inc., USA to launch Leucovorin Calcium for Injection USP, 350 mg/vial Single-Dose Vial"".",
HCLTECH,NSE_CORP_ANN,,Press Release,"HCL Technologies Limited has informed the Exchange regarding a press release dated December 18, 2025, titled ""Release    HCLTech to Acquire Telco Solutions Business from Hewlett PackardEnterprise (HPE) to Further Strengthen its Engineering and AI-led Network Propositionsto Global Communication Service Providers. "".",
HCLTECH,NSE_CORP_ANN,,Acquisition,HCL Technologies Limited has informed the Exchange about Acquisition,
HCLTECH,NSE_CORP_ANN,,Updates,HCL Technologies Limited has informed the Exchange regarding 'Release    ASN Bank signs a contract with HCLTech to accelerate digital transformation and enhance customer experience,
HCLTECH,NSE_CORP_ANN,,Updates,HCL Technologies Limited has informed the Exchange regarding 'Release    NSE Academy collaborates with HCLTech to develop next-gen workforce for the evolving digital economy '.,
HCLTECH,NSE_CORP_ANN,,Updates,HCL Technologies Limited has informed the Exchange regarding 'Release    Aurobay Technologies expands digital transformation partnership with HCLTech to boost manufacturing excellence and innovation '.,
HCLTECH,NSE_CORP_ANN,,Updates,HCL Technologies Limited has informed the Exchange regarding 'Release    HCLTech recognized as a Leader in the IDC MarketScape for Worldwide Experience Build Services 2025 '.,
HCLTECH,NSE_CORP_ANN,,Updates,"HCL Technologies Limited has informed the Exchange regarding 'Release:  HCLFoundation celebrates India s rich handicraft heritage, facilitates dialogues to strengthen sector '.",
HDFCBANK,NSE_CORP_ANN,,ESOP/ESOS/ESPS,HDFC Bank Limited has informed the Exchange regarding Allotment of 2066610  Shares.,
HDFCBANK,NSE_CORP_ANN,,Copy of Newspaper Publication,HDFC Bank Limited has informed the Exchange about Copy of Newspaper Publication,
HDFCBANK,NSE_CORP_ANN,,General Updates,HDFC Bank Limited has informed the Exchange about General Updates,
HDFCBANK,NSE_CORP_ANN,,Change in Management,HDFC Bank Limited has informed the Exchange about change in Management,
HDFCLIFE,NSE_CORP_ANN,,General Updates,HDFC Life Insurance Company Limited has informed the Exchange about the allotment of 769885 securities pursuant to ESOP/ESPS,
HDFCLIFE,NSE_CORP_ANN,,General Updates,HDFC Life Insurance Company Limited has informed the Exchange about the allotment of debentures,
HFCL,NSE_CORP_ANN,,Updates,"HFCL Limited has informed the Exchange regarding 'Update on Sale of 2,17,594 equity shares i.e. entire stake, held in Nivetti Systems Private Limited'.",
HFCL,NSE_CORP_ANN,,Updates,HFCL Limited has informed the Exchange regarding 'Sustainability Report for the financial year 2024-25'.,
HAVELLS,NSE_CORP_ANN,,Change in Management,Havells India Limited has informed the Exchange about change in Management,
HAVELLS,NSE_CORP_ANN,,Change in Management,Havells India Limited has informed the Exchange about change in Management,
HEROMOTOCO,NSE_CORP_ANN,,Press Release,Please find enclosed herewith a copy of the Press Release being issued by the Company.,
HINDALCO,NSE_CORP_ANN,,General Updates,Hindalco Industries Limited has informed the Exchange about General Updates,
HINDUNILVR,NSE_CORP_ANN,,General Updates,Update on acquisition of Equity Shares of Transition Sustainable Energy Services One Private Limited,
HINDUNILVR,NSE_CORP_ANN,,Trading Window,"Hindustan Unilever Limited has informed the Exchange regarding the Trading Window closure pursuant to SEBI (Prohibition of Insider Trading) Regulations, 2015",
HINDUNILVR,NSE_CORP_ANN,,General Updates,Material update in connection with the Scheme of Arrangement - Communication received from Kwality Wall's (India) Limited,
HINDUNILVR,NSE_CORP_ANN,,General Updates,Hindustan Unilever Limited has informed the Exchange about General Updates,
HINDZINC,NSE_CORP_ANN,,Action(s) taken or orders passed,Hindustan Zinc Limited has informed the Exchange about Action(s) taken or orders passed,
HINDZINC,NSE_CORP_ANN,,Action(s) taken or orders passed,Hindustan Zinc Limited has informed the Exchange about Action(s) taken or orders passed,
HINDZINC,NSE_CORP_ANN,,General Updates,"Hindustan Zinc Limited has informed the Exchange regarding Intimation under the Securities and Exchange Board of India (Listing Obligations and Disclosure Requirements) Regulations, 2015 ( Listing Regulations )   ESG Rating(s)",
POWERINDIA,NSE_CORP_ANN,,Action(s) taken or orders passed,Hitachi Energy India Limited has informed the Exchange about Action(s) taken or orders passed,
POWERINDIA,NSE_CORP_ANN,,Trading Window,"Hitachi Energy India Limited has informed the Exchange regarding the Trading Window closure pursuant to SEBI (Prohibition of Insider Trading) Regulations, 2015",
POWERINDIA,NSE_CORP_ANN,,Action(s) taken or orders passed,Hitachi Energy India Limited has informed the Exchange about Action(s) taken or orders passed,
HUDCO,NSE_CORP_ANN,,Outcome of Board Meeting,"Housing & Urban Development Corporation Limited has informed the Exchange regarding  Board meeting held on December 12, 2025.",
HUDCO,NSE_CORP_ANN,,Committee Meeting Updates,"Housing & Urban Development Corporation Limited has informed the Exchange regarding Outcome of Committee Meeting held on December 12, 2025.",
ICICIBANK,NSE_CORP_ANN,,ESOP/ESOS/ESPS,ICICI Bank Limited has informed the Exchange regarding Allotment of 19752  Shares.,
ICICIBANK,NSE_CORP_ANN,,General Updates,"ICICI Bank Limited has informed the Exchange about disclosure under Regulation 30 of the SEBI (Listing Obligations and Disclosure Requirements), Regulations, 2015",
ICICIBANK,NSE_CORP_ANN,,General Updates,"ICICI Bank Limited has informed the Exchange about disclosure under Regulation 30 of the SEBI (Listing Obligations and Disclosure Requirements) Regulations, 2015",
ICICIBANK,NSE_CORP_ANN,,ESOP/ESOS/ESPS,ICICI Bank Limited has informed the Exchange regarding Allotment of 76323  Shares.,
ICICIBANK,NSE_CORP_ANN,,ESOP/ESOS/ESPS,ICICI Bank Limited has informed the Exchange regarding Allotment of 255634  Shares.,
ICICIGI,NSE_CORP_ANN,,Updates,"ICICI Lombard General Insurance Company Limited has informed the Exchange regarding 'Schedule Of Analyst/ Institutional Investor Meet - Intimation. Rescheduling of Analyst/Institutional Investor Meet to held on December 16, 2025.'.",
ICICIGI,NSE_CORP_ANN,,ESOP/ESOS/ESPS,ICICI Lombard General Insurance Company Limited has informed the Exchange regarding Allotment of 28523  Shares.,
ICICIPRULI,NSE_CORP_ANN,,ESOP/ESOS/ESPS,ICICI Prudential Life Insurance Company Limited has informed the Exchange regarding Allotment of 78351  Shares.,
IIFL,NSE_CORP_ANN,,Credit Rating,IIFL Finance Limited has informed the Exchange about Credit Rating,
IIFL,NSE_CORP_ANN,,Allotment of Securities,IIFL Finance Limited has informed the Exchange regarding Intimation of Allotment of Non-Convertible Debentures on Private Placement basis,
IIFL,NSE_CORP_ANN,,Press Release,"IIFL Finance Limited has informed the Exchange regarding a press release dated December 16, 2025, titled ""S&P Upgrades IIFL Finances Outlook to Positive On Recovering Market Share in Gold Loans; 'B+/B' Ratings Affirmed"".",
IIFL,NSE_CORP_ANN,,Credit Rating,IIFL Finance Limited has informed the Exchange about Credit Rating,
IIFL,NSE_CORP_ANN,,Credit Rating,IIFL Finance Limited has informed the Exchange about Credit Rating,
IIFL,NSE_CORP_ANN,,Outcome of Board Meeting,"IIFL Finance Limited has informed the Exchange regarding Finance Committee meeting held today i.e., December 11, 2025 whereby the terms and conditions of issuance of debt instruments in the form of senior, unsecured, listed, rated, redeemable Non-Convertible Debentures on a private placement basis were approved",
ITC,NSE_CORP_ANN,,General Updates,ITC Limited has informed the Exchange about Acquisition of Pulp and Paper Undertaking of Aditya Birla Real Estate Limited - Update,
ITC,NSE_CORP_ANN,,Change in Director(s),ITC Limited has informed the Exchange regarding Change in Director(s) of the company.,
ITC,NSE_CORP_ANN,,Shareholders meeting,ITC Limited has informed the Exchange regarding voting results of  Postal Ballot,
INDIANB,NSE_CORP_ANN,,Shareholders meeting,"Indian Bank has informed the Exchange regarding Notice of Extraordinary General Meeting to be held on January 09, 2026",
IEX,NSE_CORP_ANN,,Analysts/Institutional Investor Meet/Con. Call Updates,Indian Energy Exchange Limited has informed the Exchange about Schedule of meet,
IEX,NSE_CORP_ANN,,Analysts/Institutional Investor Meet/Con. Call Updates,Indian Energy Exchange Limited has informed the Exchange about Schedule of meet,
IOC,NSE_CORP_ANN,,Updates,Indian Oil Corporation Limited has informed the Exchange regarding 'E-mail Communication to members of Indian Oil Corporation Ltd. - Deduction of TDS on Interim Dividend for the year 2025-26'.,
IOC,NSE_CORP_ANN,,Record Date,Indian Oil Corporation Limited has informed the Exchange that Record date for the purpose of Dividend  is 18-Dec-2025.,
IOC,NSE_CORP_ANN,,Dividend,"Indian Oil Corporation Limited has informed the Exchange that Board of Directors at its meeting held on December 12, 2025, declared Interim Dividend of 5 per equity share.",
IRFC,NSE_CORP_ANN,,Change in Auditors,Indian Railway Finance Corporation Limited has informed the Exchange regarding Change in Auditors of the company.,
INDUSTOWER,NSE_CORP_ANN,,Acquisition,Indus Towers Limited has informed the Exchange regarding incorporation of step down wholly owned subsidiaries in United Arab Emirates,
INDUSINDBK,NSE_CORP_ANN,,News Verification,The Exchange has sought clarification from Indusind Bank Limited with respect to recent news item captioned IndusInd Bank Under SFIO Scanner As MCA Orders Probe Citing Public Interest..  The response from the Company is attached.,
INDUSINDBK,NSE_CORP_ANN,,News Verification,The Exchange has sought clarification from Indusind Bank Limited with respect to recent news item captioned IndusInd Bank Under SFIO Scanner As MCA Orders Probe Citing Public Interest..  The response from the Company is awaited.,
INDUSINDBK,NSE_CORP_ANN,,Change in Management,Indusind Bank Limited has informed the Exchange about change in Management,
INDUSINDBK,NSE_CORP_ANN,,General Updates,"Indusind Bank Limited has informed the Exchange about intimation under Regulation 30 of SEBI (Listing Obligations and Disclosure Requirements) Regulations, 2015",
INDUSINDBK,NSE_CORP_ANN,,Trading Window,"Indusind Bank Limited has informed the Exchange regarding the Trading Window closure pursuant to SEBI (Prohibition of Insider Trading) Regulations, 2015",
NAUKRI,NSE_CORP_ANN,,Analysts/Institutional Investor Meet/Con. Call Updates,"Info Edge (India) Limited has informed the Exchange about Schedule of the proposed Analyst/Institutional Investor meet under the SEBI (Listing Obligations and Disclosure Requirements) Regulations, 2015",
NAUKRI,NSE_CORP_ANN,,General Updates,"Info Edge (India) Limited has informed the Exchange about - Outcome of the Board Meeting - December 12, 2025 - Company Update on Investment in Startup Internet Services Ltd. and Agreement to Transfer entire stake held in Shopkirana E Trading Private Limited to Hiveloop E-Commerce Private Limited",
INFY,NSE_CORP_ANN,,General Updates,Infosys Limited has informed the Exchange about Disclosure Under Regulation 30 Of SEBI LODR Regulations,
INFY,NSE_CORP_ANN,,Updates,Infosys Limited has informed the Exchange regarding Press release titled - Infosys and MIT Technology Review Insights Report Reveals the Critical Role of Psychological Safety in Driving AI Initiatives   with 83% of Business Leaders Reporting a Measurable Impact,
INFY,NSE_CORP_ANN,,Copy of Newspaper Publication,Infosys Limited has informed the Exchange about Copy of Newspaper Publication of board meeting notice,
INFY,NSE_CORP_ANN,,Updates,Infosys Limited has informed the Exchange regarding 'Extinguishment of equity shares'.,
INOXWIND,NSE_CORP_ANN,,Press Release,"Inox Wind Limited has informed the Exchange regarding a press release dated December 18, 2025, titled ""Hon ble Dy Chief Minister of Gujarat Inaugurates INOXGFL Group s Advanced Solar and Wind Manufacturing Facilities near Ahmedabad"".",
INOXWIND,NSE_CORP_ANN,,Press Release,"Inox Wind Limited has informed the Exchange regarding a press release dated December 16, 2025, titled ""Inox Wind secures a repeat 100 MW order from Jakson Green"".",
INOXWIND,NSE_CORP_ANN,,Press Release,"Inox Wind Limited has informed the Exchange regarding a press release dated December 15, 2025, titled ""Inox Wind receives a 102.3 MW order from Aditya Birla Renewables"".",
INDIGO,NSE_CORP_ANN,,General Updates,InterGlobe Aviation Limited has informed the Exchange about General Updates,
INDIGO,NSE_CORP_ANN,,General Updates,InterGlobe Aviation Limited has informed the Exchange about General Updates,
INDIGO,NSE_CORP_ANN,,General Updates,InterGlobe Aviation Limited has informed the Exchange about General Updates,
INDIGO,NSE_CORP_ANN,,General Updates,InterGlobe Aviation Limited has informed the Exchange about General Updates,
INDIGO,NSE_CORP_ANN,,General Updates,InterGlobe Aviation Limited has informed the Exchange about General Updates,
INDIGO,NSE_CORP_ANN,,General Updates,InterGlobe Aviation Limited has informed the Exchange about General Updates,
INDIGO,NSE_CORP_ANN,,News Verification,The Exchange has sought clarification from InterGlobe Aviation Limited with respect to recent news item captioned SEBI examining whether IndiGo s parent failed in disclosures; board s role also under scrutiny.  The response from the Company is attached.,
INDIGO,NSE_CORP_ANN,,Action(s) taken or orders passed,InterGlobe Aviation Limited has informed the Exchange about Action(s) taken or orders passed,
INDIGO,NSE_CORP_ANN,,Pendency of Litigation(s)/dispute(s) or the outcome impacting the Company,InterGlobe Aviation Limited has informed the Exchange about Pendency of Litigation(s)/dispute(s) or the outcome impacting the Company,
INDIGO,NSE_CORP_ANN,,General Updates,InterGlobe Aviation Limited has informed the Exchange about General Updates,
INDIGO,NSE_CORP_ANN,,News Verification,The Exchange has sought clarification from InterGlobe Aviation Limited with respect to recent news item captioned SEBI examining whether IndiGo s parent failed in disclosures; board s role also under scrutiny.  The response from the Company is awaited.,
INDIGO,NSE_CORP_ANN,,General Updates,InterGlobe Aviation Limited has informed the Exchange about General Updates,
INDIGO,NSE_CORP_ANN,,General Updates,InterGlobe Aviation Limited has informed the Exchange about General Updates,
INDIGO,NSE_CORP_ANN,,General Updates,InterGlobe Aviation Limited has informed the Exchange about General Updates,
INDIGO,NSE_CORP_ANN,,News Verification,"The Exchange has sought clarification from InterGlobe Aviation Limited with respect to recent news item captioned IndiGo Meltdown: India's aviation watchdog summons CEO Pieter Elbers, senior officials on Dec 11.  The response from the Company is attached.",
JSWENERGY,NSE_CORP_ANN,,Updates,JSW Energy Limited has informed the Exchange about the Assignment of Credit Rating - O2 Companies.,
JSWENERGY,NSE_CORP_ANN,,Copy of Newspaper Publication,JSW Energy Limited has informed the Exchange about Copy of Newspaper Publication,
JSWENERGY,NSE_CORP_ANN,,Shareholders meeting,"JSW Energy Limited has informed the Exchange regarding Notice of Extraordinary General Meeting to be held on January 03, 2026",
JSWENERGY,NSE_CORP_ANN,,Updates,"JSW Energy Limited has informed the Exchange regarding 'In terms of Regulation 30 (5) of the SEBI Listing Regulations, 2015, Mr. Chandrasekaran Prabhakaran, in addition to the Joint Managing Director & Chief Executive Officer and the Company Secretary, would be the Key Managerial Personnel authorized to determine the materiality of an event or information and for making disclosures to the Stock Exchanges as per the Company s Policy on Criteria for Determining Materiality for Disclosure of Events and Information.'.",
JSWENERGY,NSE_CORP_ANN,,Change in Management,"JSW Energy Limited has informed the Exchange about appointment of Mr. Chandrasekaran Prabhakaran as the Chief Financial Officer and a Key Managerial Personnel of the Company with effect from 1st January, 2026",
JSWENERGY,NSE_CORP_ANN,,Appointment,"JSW Energy Limited has informed the Exchange regarding Appointment of Mr Chandrasekaran Prabhakaran as Chief Financial Officer of the company w.e.f. January 01, 2026.",
JSWENERGY,NSE_CORP_ANN,,General Updates,JSW Energy Limited has informed the Exchange about raising of Fund,
JSWENERGY,NSE_CORP_ANN,,Preferential issue,JSW Energy Limited has informed the Exchange about Preferential issue Preferential issue of equity shares of face value of Rs. 10 each (the  Equity Shares ) and convertible warrants of face value of Rs. 10 each (the  Warrants ) by the Company.,
JSWENERGY,NSE_CORP_ANN,,Issue of Securities,JSW Energy Limited has informed the Exchange about Preferential issue of equity shares of face value of Rs. 10 each (the  Equity Shares ) and convertible warrants of face value of Rs. 10 each (the  Warrants ) by the Company.,
JSWENERGY,NSE_CORP_ANN,,Outcome of Board Meeting,"Outcome of the Board Meeting held on 12th December, 2025",
JSWENERGY,NSE_CORP_ANN,,General Updates,JSW Energy Limited has informed the Exchange about General Updates about Power Purchase Agreement for 400 MW with Karnataka DISCOMS.,
JSWSTEEL,NSE_CORP_ANN,,Credit Rating- Revision,JSW Steel Limited has informed the Exchange about Credit Rating- Revision,
JSWSTEEL,NSE_CORP_ANN,,Credit Rating- Revision,JSW Steel Limited has informed the Exchange about Credit Rating- Revision,
JIOFIN,NSE_CORP_ANN,,Change in Management,Jio Financial Services Limited has informed the Exchange about change in Management,
JUBLFOOD,NSE_CORP_ANN,,Credit Rating,Jubilant Foodworks Limited has informed the Exchange about Credit Rating,
JUBLFOOD,NSE_CORP_ANN,,Copy of Newspaper Publication,Jubilant Foodworks Limited has informed the Exchange about Copy of Newspaper Publication,
KEI,NSE_CORP_ANN,,General Updates,"Intimation under Regulation 30 of SEBI (Listing Obligations and Disclosure Requirements) Regulations, 2015",
KPITTECH,NSE_CORP_ANN,,Analysts/Institutional Investor Meet/Con. Call Updates,KPIT Technologies Limited has informed the Exchange about Investor Meet Outcome,
KPITTECH,NSE_CORP_ANN,,Analysts/Institutional Investor Meet/Con. Call Updates,KPIT Technologies Limited has informed the Exchange about Schedule of Investor meet,
KALYANKJIL,NSE_CORP_ANN,,Shareholders meeting,Kalyan Jewellers India Limited has informed the Exchange regarding Proceedings of Postal Ballot,
KALYANKJIL,NSE_CORP_ANN,,Shareholders meeting,Kalyan Jewellers India Limited has submitted the Exchange a copy Srutinizers report of  Postal Ballot,
KAYNES,NSE_CORP_ANN,,Press Release,"Kaynes Technology India Limited has informed the Exchange regarding a press release dated December 16, 2025, titled "" Kaynes Semicon Announces Strategic Partnerships with Mitsui & Co. and AOI Electronics to Strengthen India s Semiconductor Ecosystem. "".",
KAYNES,NSE_CORP_ANN,,Credit Rating,Kaynes Technology India Limited has informed the Exchange about Credit Rating,
KAYNES,NSE_CORP_ANN,,Credit Rating,Kaynes Technology India Limited has informed the Exchange about Credit Rating,
KAYNES,NSE_CORP_ANN,,Shareholders meeting,"Kaynes Technology India Limited has submitted the Exchange a copy Srutinizers report of  Postal Ballot. Further, the company has informed the Exchange regarding voting results.",
KAYNES,NSE_CORP_ANN,,Analysts/Institutional Investor Meet/Con. Call Updates,Kaynes Technology India Limited has informed the Exchange about Transcript,
KFINTECH,NSE_CORP_ANN,,Updates,KFin Technologies Limited has informed the Exchange regarding 'Intimation of Schedule of Analyst / Institutional Investors  Meet'.,
KFINTECH,NSE_CORP_ANN,,Shareholders meeting,KFin Technologies Limited has submitted the Outcome of Postal Ballot and Voting Results of Postal Ballot along with the Scrutinizer's Report,
KFINTECH,NSE_CORP_ANN,,Updates,KFin Technologies Limited has informed the Exchange regarding 'Intimation of Schedule of Analyst / Institutional Investors Meet'.,
KFINTECH,NSE_CORP_ANN,,Updates,KFin Technologies Limited has informed the Exchange regarding 'Intimation of Schedule of Analyst / Institutional Investors  Meet'.,
KOTAKBANK,NSE_CORP_ANN,,General Updates,Kotak Mahindra Bank Limited has informed the Exchange about Grant of Performance Linked Restricted Stock Units,
KOTAKBANK,NSE_CORP_ANN,,Allotment of Securities,"Kotak Mahindra Bank Limited has informed the Exchange regarding allotment of 345606 securities pursuant to ESOP/ESPS at its meeting held on December 12, 2025",
KOTAKBANK,NSE_CORP_ANN,,Analysts/Institutional Investor Meet/Con. Call Updates,Kotak Mahindra Bank Limited has informed the Exchange about Schedule of meet,
KOTAKBANK,NSE_CORP_ANN,,Copy of Newspaper Publication,Kotak Mahindra Bank Limited has informed the Exchange about Copy of Newspaper Clipping - Special Window for Re-lodgement of Transfer Requests ofPhysical Shares of the Bank,
LTF,NSE_CORP_ANN,,Credit Rating,L&T Finance Limited has informed the Exchange about Credit Rating,
LTF,NSE_CORP_ANN,,Analysts/Institutional Investor Meet/Con. Call Updates,L&T Finance Limited has informed the Exchange about Schedule of meet,
LTF,NSE_CORP_ANN,,Analysts/Institutional Investor Meet/Con. Call Updates,L&T Finance Limited has informed the Exchange about Schedule of meet,
LTIM,NSE_CORP_ANN,,Credit Rating,LTIMindtree Limited has informed the Exchange about Credit Rating,
LT,NSE_CORP_ANN,,Press Release,"Larsen & Toubro Limited has informed the Exchange regarding a press release dated December 17, 2025, titled ""L&T Wins Orders (Large*) for Buildings & Factories Business"".",
LAURUSLABS,NSE_CORP_ANN,,Analysts/Institutional Investor Meet/Con. Call Updates,Laurus Labs Limited has informed the Exchange about Schedule of meet,
LUPIN,NSE_CORP_ANN,,Press Release,"Lupin Limited has informed the Exchange regarding a press release dated December 18, 2025, titled ""Lupin Signs Exclusive Licensing Agreement with Neopharmed for GastroenterologyBrand Plasil® in the Philippines and Brazil"".",
LUPIN,NSE_CORP_ANN,,Press Release,"Lupin Limited has informed the Exchange regarding a press release dated December 17, 2025, titled ""Lupin Receives Positive CHMP Opinion for Biosimilar Ranibizumab"".",
LUPIN,NSE_CORP_ANN,,Press Release,"Lupin Limited has informed the Exchange regarding the receipt of Establishment Inspection Report (EIR) by the Company from the U.S. FDA for its injectables facility in Nagpur, India, vide Press Release dated December 16, 2025.",
LUPIN,NSE_CORP_ANN,,Press Release,"Lupin Limited has informed the Exchange regarding a press release dated December 16, 2025, titled ""Lupin Secures SBTi Validation for Emission Reduction Targets"".",
LUPIN,NSE_CORP_ANN,,Press Release,"Lupin Limited has informed the Exchange regarding a press release dated December 12, 2025, titled ""Lupin Manufacturing Solutions and PolyPeptide Announce Strategic Alliance to ScaleGlobal Peptide Supply Chain"".",
LUPIN,NSE_CORP_ANN,,Copy of Newspaper Publication,Lupin Limited has informed the Exchange about Newspaper Publication for the information regarding Special Window for re-lodgement for transfer request of physical shares.,
M&M,NSE_CORP_ANN,,Updates,Mahindra & Mahindra Limited has informed the Exchange regarding 'Transfer Of Equity Shares By Mahindra & Mahindra Employees' Stock Option Trust To The Stock Option Grantees'.,
M&M,NSE_CORP_ANN,,Updates,Mahindra & Mahindra Limited has informed the Exchange regarding 'Transfer of Equity Shares by Mahindra & Mahindra Employees  Stock Option Trust to the Stock Option Grantees'.,
M&M,NSE_CORP_ANN,,General Updates,"Intimation Under Regulation 30 Of The SEBI (Listing Obligations And Disclosure Requirements) Regulations, 2015   ESG Ratings",
M&M,NSE_CORP_ANN,,General Updates,"Intimation Under Regulation 30 Of The SEBI (Listing Obligations And Disclosure Requirements) Regulations, 2015   ESG Ratings",
MANAPPURAM,NSE_CORP_ANN,,Allotment of Securities,"Manappuram Finance Limited has informed the Exchange regarding allotment of 50000 securities pursuant to Non Convertible Securities at its meeting held on December 15, 2025",
MARICO,NSE_CORP_ANN,,Acquisition,"Please find attached intimation under Regulation 30 of SEBI (Listing Obligations and Disclosure Requirements) Regulations, 2015.",
MARICO,NSE_CORP_ANN,,Press Release,"Please find attached a press release by Marico Limited, titled ""Marico Achieves Dual A- CDP Scores and secures Leadership in NSE ESG Ratings"".",
MARICO,NSE_CORP_ANN,,ESOP/ESOS/ESPS,"The Securities Committee of the Board of Directors of the Company vide a resolution passed on December 12, 2025, has allotted 34,423 equity shares of face value of Re. 1 each of the Company under various Schemes of ESOP 2016, to the eligible grantees, pursuant to exercise of stock options granted thereunder.",
MARUTI,NSE_CORP_ANN,,General Updates,"Maruti Suzuki India Limited has informed the Exchange about Intimation under Regulation 30 of the Securities and Exchange Board of India (Listing Obligations and Disclosure Requirements) Regulations, 2015",
MARUTI,NSE_CORP_ANN,,General Updates,"Maruti Suzuki India Limited has informed the Exchange about Intimation under Regulation 30 of the SEBI (Listing Obligations and Disclosure Requirements) Regulations, 2015",
MARUTI,NSE_CORP_ANN,,General Updates,"Maruti Suzuki India Limited has informed the Exchange about Intimation under Regulation 30 of the Securities and Exchange Board of India (Listing Obligations and Disclosure Requirements) Regulations, 2015",
MARUTI,NSE_CORP_ANN,,Press Release,"Maruti Suzuki India Limited has informed the Exchange regarding a press release dated December 17, 2025, titled ""Maruti Suzuki ushers in inclusive mobility with WagonR Swivel seat: A step towardsproviding accessible mobility for senior citizens and persons with disabilities"".",
MFSL,NSE_CORP_ANN,,Updates,"Max Financial Services Limited has informed the Exchange regarding 'Clarification on the Postal Ballot Notice of Max Financial Services Limited ( MFSL  or   Company ) dated November 11, 2025  '.",
MAXHEALTH,NSE_CORP_ANN,,Press Release,"Max Healthcare Institute Limited has informed the Exchange regarding a press release dated December 18, 2025, titled ""Max Healthcare Announces Entry into Pune with a 450-Beds Hospital, Investment of over INR 1000 Cr"".",
MAXHEALTH,NSE_CORP_ANN,,Acquisition,Max Healthcare Institute Limited has informed the Exchange about Share Purchase Agreement to acquire equity stake in Yerawada Properties Private Limited and matters relating to setting up a approx. 450 bedded super speciality hospital in Pune,
MAXHEALTH,NSE_CORP_ANN,,Outcome of Board Meeting,"Max Healthcare Institute Limited has informed the Exchange regarding Board meeting held on December 18, 2025.",
MPHASIS,NSE_CORP_ANN,,Trading Window,"MphasiS Limited has informed the Exchange regarding the Trading Window closure pursuant to SEBI (Prohibition of Insider Trading) Regulations, 2015",
MPHASIS,NSE_CORP_ANN,,Analysts/Institutional Investor Meet/Con. Call Updates,MphasiS Limited has informed the Exchange about Schedule of meet,
MPHASIS,NSE_CORP_ANN,,Updates,MphasiS Limited has informed the Exchange regarding 'Allotment of 37834 shares against exercise of ESOPs and RSUs'.,
NBCC,NSE_CORP_ANN,,Updates,NBCC (India) Limited has informed the Exchange regarding 'Intimation of Work Orders received by NBCC (India) Limited in the ordinary course of business amounting to Rs. 345.04 Cr. approx.'.,
NBCC,NSE_CORP_ANN,,Updates,NBCC (India) Limited has informed the Exchange regarding 'Intimation of Work Orders received by NBCC (India) Limited in the ordinary course of business amounting to Rs. 289.39 Cr. approx.'.,
NCC,NSE_CORP_ANN,,Change in Management,NCC Limited has informed the Exchange about change in Management,
NHPC,NSE_CORP_ANN,,Updates,"NHPC Limited has informed the Exchange regarding 'Tripartite agreement between, new RTA, erstwhile RTA and NHPC Limited '.",
NHPC,NSE_CORP_ANN,,General Updates,NHPC Limited has informed the Exchange about General Updates on Subansiri Lower HE Project (2000 MW) of NHPC Limited,
NHPC,NSE_CORP_ANN,,Copy of Newspaper Publication,NHPC Limited has informed the Exchange about Copy of Newspaper Publication,
NMDC,NSE_CORP_ANN,,General Updates,NMDC Limited has informed the Exchange about General Updates - Clarification sought on volume movement in the shares of NMDC Limited.,
NTPC,NSE_CORP_ANN,,Action(s) taken or orders passed,NTPC Limited has informed the Exchange about Action(s) taken or orders passed,
NTPC,NSE_CORP_ANN,,General Updates,NTPC Limited has informed the Exchange about declaration of COD of the fifth part capacity of 37.925 MW out of 300 MW Khavda Solar Energy Project under 450 MW Hybrid Tranche V Project  of NTPC Renewable Energy Limited,
NTPC,NSE_CORP_ANN,,General Updates,NTPC Limited has informed the Exchange about declaration of COD of part capacity of 243.66 MW out of 1255 MW Khavda-I Solar PV Project under CPSU scheme Phase-II Tranche-III  in Gujarat of NTPC Renewable Energy Limited,
NTPC,NSE_CORP_ANN,,General Updates,"NTPC Limited has informed the Exchange about Declaration of Commercial Operation of Second & Last Part Capacity of 78 MW out of 245 MW at Plot-1 of NTPC Nokh Solar PV Project (3x245 MW) under CPSU Scheme Phase II, Tranche III",
NTPC,NSE_CORP_ANN,,General Updates,NTPC Limited has informed the Exchange about Declaration of COD of Unit III (250 MW) of Tehri PSP (4X250 MW) of THDC India Limited.,
NATIONALUM,NSE_CORP_ANN,,General Updates,National Aluminium Company Limited has informed the Exchange about Newspaper publication regarding transfer of shares to IEPF,
NESTLEIND,NSE_CORP_ANN,,Trading Window,"Nestle India Limited has informed the Exchange regarding the Trading Window closure pursuant to SEBI (Prohibition of Insider Trading) Regulations, 2015",
NESTLEIND,NSE_CORP_ANN,,Action(s) taken or orders passed,Nestle India Limited has informed the Exchange about Action(s) taken or orders passed,
NUVAMA,NSE_CORP_ANN,,Analysts/Institutional Investor Meet/Con. Call Updates,Nuvama Wealth Management Limited has informed the Exchange about Schedule of meet,
OBEROIRLTY,NSE_CORP_ANN,,Resignation,"Oberoi Realty Limited has informed the Exchange regarding Resignation of Mr Nimit Gala  as General Manager - Investor Relations of the company w.e.f. December 12, 2025.",
OBEROIRLTY,NSE_CORP_ANN,,Clarification - Financial Results,"The Exchange has sought clarification from Oberoi Realty Limited for the quarter ended 30-Sep-2025 with respect to Regulation 33 of the SEBI (Listing Obligations and Disclosure Requirements) Regulations, 2015. On basis of above the Company is required to clarify the following:  The response of the Company is awaited.",
ONGC,NSE_CORP_ANN,,Press Release,"Oil & Natural Gas Corporation Limited has informed the Exchange regarding a press release dated December 18, 2025, titled ""ONGC Issues Public Notice Against Fraudulent Use of Its Name"".",
ONGC,NSE_CORP_ANN,,General Updates,Oil & Natural Gas Corporation Limited has informed the Exchange about Disclosure of  ESG Rating Report  and  Scores on Climate Change,
PAYTM,NSE_CORP_ANN,,Granting/withdrawal/surrender/cancellation/suspension of key licenses/ regulatory approvals,"One 97 Communications Limited has informed the Exchange about General Update - Paytm Payments Services Limited receives RBI Authorisation for Offline and Cross-Border Payments, in addition to earlier authorisation for Online Payment Aggregation",
PAYTM,NSE_CORP_ANN,,Acquisition,One 97 Communications Limited has informed the Exchange about Update on Acquisition,
OFSS,NSE_CORP_ANN,,Updates,"Oracle Financial Services Software Limited has informed the Exchange regarding 'Allotment of 5,669  equity shares pursuant to the OFSS Stock Plan, 2014.'.",
POLICYBZR,NSE_CORP_ANN,,ESOP/ESOS/ESPS,PB Fintech Limited has informed the Exchange regarding Grant of 18782  stock Options under PB Fintech Employees Stock Option Plan 2021.,
PIIND,NSE_CORP_ANN,,Analysts/Institutional Investor Meet/Con. Call Updates,PI Industries Limited has informed the Exchange about Schedule of meet,
PIIND,NSE_CORP_ANN,,Analysts/Institutional Investor Meet/Con. Call Updates,PI Industries Limited has informed the Exchange about Schedule of meet,
PIIND,NSE_CORP_ANN,,Analysts/Institutional Investor Meet/Con. Call Updates,PI Industries Limited has informed the Exchange about Schedule of meet,
PIIND,NSE_CORP_ANN,,Analysts/Institutional Investor Meet/Con. Call Updates,PI Industries Limited has informed the Exchange about Schedule of meet,
PNBHOUSING,NSE_CORP_ANN,,Press Release,"PNB Housing Finance Limited has informed the Exchange regarding a press release dated December 18, 2025, titled ""Mr. Ajai Kumar Shukla assumes Charge as new MD & CEO of the Company "".",
PNBHOUSING,NSE_CORP_ANN,,Change in Management,PNB Housing Finance Limited has informed the Exchange about change in Senior Management Personnel (SMP),
PNBHOUSING,NSE_CORP_ANN,,Analysts/Institutional Investor Meet/Con. Call Updates,PNB Housing Finance Limited has informed the Exchange about Schedule of meet,
PNBHOUSING,NSE_CORP_ANN,,Appointment,"PNB Housing Finance Limited has informed the Exchange regarding Appointment of Mr Ajai Kumar Shukla as Managing Director & CEO of the company w.e.f. December 18, 2025.",
PNBHOUSING,NSE_CORP_ANN,,Outcome of Board Meeting,"PNB Housing Finance Limited has informed the Exchange regarding Outcome of Board Meeting held on December 12, 2025.",
PERSISTENT,NSE_CORP_ANN,,Analysts/Institutional Investor Meet/Con. Call Updates,Persistent Systems Limited has informed the Exchange about Schedule of meet,
PERSISTENT,NSE_CORP_ANN,,Analysts/Institutional Investor Meet/Con. Call Updates,Persistent Systems Limited has informed the Exchange about Schedule of meet,
PERSISTENT,NSE_CORP_ANN,,Press Release,"Persistent Systems Limited has informed the Exchange regarding a press release dated December 16, 2025, titled ""Persistent and DigitalOcean Announce Strategic Partnership to     Advance Accessible, Scalable and Secure AI"".",
PERSISTENT,NSE_CORP_ANN,,Analysts/Institutional Investor Meet/Con. Call Updates,Persistent Systems Limited has informed the Exchange about Presentation,
PETRONET,NSE_CORP_ANN,,General Updates,Petronet LNG Limited has informed the Exchange about General Updates. Schedule of Analyst/ Institutional Investor Meets/ Conferences / Roadshow proposed to be attended by PLL,
PETRONET,NSE_CORP_ANN,,Action(s) initiated or orders passed,Petronet LNG Limited has informed the Exchange about Action(s) initiated or orders passed,
PIDILITIND,NSE_CORP_ANN,,Action(s) initiated or orders passed,Pidilite Industries Limited has informed the Exchange about Action(s) initiated or orders passed,
PIDILITIND,NSE_CORP_ANN,,Analysts/Institutional Investor Meet/Con. Call Updates,Pidilite Industries Limited has informed the Exchange about Schedule of meet,
PPLPHARMA,NSE_CORP_ANN,,Copy of Newspaper Publication,Piramal Pharma Limited has informed the Exchange about newspaper advertisement confirming dispatch of the Notice of Postal Ballot,
PPLPHARMA,NSE_CORP_ANN,,Shareholders meeting,Piramal Pharma Limited has informed the Exchange regarding Notice of Postal Ballot,
PPLPHARMA,NSE_CORP_ANN,,Shareholders meeting,Piramal Pharma Limited has informed the Exchange about Shareholders meeting,
PPLPHARMA,NSE_CORP_ANN,,General Updates,"Disclosure under Regulation 30 of the SEBI (Listing Obligations and Disclosure Requirements) Regulations, 2015   FDA inspection",
POLYCAB,NSE_CORP_ANN,,Credit Rating- Others,Polycab India Limited has informed the Exchange about Carbon Disclosure Project (CDP) has announced its scores for 2025,
POLYCAB,NSE_CORP_ANN,,General Updates,Polycab India Limited has informed the Exchange about Analyst(s) / Investor(s) Meet,
PFC,NSE_CORP_ANN,,General Updates,Power Finance Corporation Limited has informed the Exchange about Transfer of KPS III HVDC Transmission Limited (wholly owned subsidiary of PFC Consulting Limited) (a wholly owned subsidiary of Power Finance Corporation Limited).,
PFC,NSE_CORP_ANN,,General Updates,Power Finance Corporation Limited has informed the Exchange about Incorporation of wholly owned Subsidiary of PFC Consulting Limited (a wholly owned subsidiary of Power Finance Corporation Limited)   LATUR REZ TRANSMISSION LIMITED.,
POWERGRID,NSE_CORP_ANN,,General Updates,Power Grid Corporation of India Limited has informed the Exchange about POWERGRID Khavda II-B Transmission Limited has successfully commissioned the Project.,
POWERGRID,NSE_CORP_ANN,,General Updates,Power Grid Corporation of India Limited has informed the Exchange about POWERGRID has successfully commissioned the Project.,
POWERGRID,NSE_CORP_ANN,,General Updates,Power Grid Corporation of India Limited has informed the Exchange about Investment approval by the Board of POWERGRID.,
POWERGRID,NSE_CORP_ANN,,General Updates,Power Grid Corporation of India Limited has informed the Exchange about POWERGRID declared as successful bidder under TBCB.,
PNB,NSE_CORP_ANN,,Credit Rating,Punjab National Bank has informed the Exchange about Credit Rating,
PNB,NSE_CORP_ANN,,Credit Rating,Punjab National Bank has informed the Exchange about Credit Rating,
PNB,NSE_CORP_ANN,,Change in Auditors,Punjab National Bank has informed the Exchange regarding Change in Auditors of the company.,
PNB,NSE_CORP_ANN,,Credit Rating,Punjab National Bank has informed the Exchange about Credit Rating,
RBLBANK,NSE_CORP_ANN,,Analysts/Institutional Investor Meet/Con. Call Updates,RBL Bank Limited has informed the Exchange about Schedule of meet,
RBLBANK,NSE_CORP_ANN,,Credit Rating,RBL Bank Limited has informed the Exchange about Credit Rating,
RBLBANK,NSE_CORP_ANN,,Resignation,RBL Bank Limited has informed the Exchange regarding Change in Management,
RBLBANK,NSE_CORP_ANN,,Analysts/Institutional Investor Meet/Con. Call Updates,RBL Bank Limited has informed the Exchange about Schedule of meet,
RECLTD,NSE_CORP_ANN,,Analysts/Institutional Investor Meet/Con. Call Updates,REC Limited has informed the Exchange about Schedule of Analysts/ Institutional Investors meet.,
RVNL,NSE_CORP_ANN,,Action(s) taken or orders passed,"Demand Notice received from the Office of the Senior Joint Commissioner, Large Taxpayer Unit, Corporate Division, Kolkata, West Bengal",
RVNL,NSE_CORP_ANN,,Bagging/Receiving of orders/contracts,"Disclosure under Regulation 30 of SEBI (LODR) Regulations, 2015- Receipt of Letter of Award (LOA) from North Eastern Railway",
RELIANCE,NSE_CORP_ANN,,Updates,"Please find attached a media release by Reliance Consumer Products Limited, asubsidiary of the Company, titled  RELIANCE CONSUMER PRODUCTS ACQUIRESTAMIL NADU S HERITAGE NUTRITION BRAND  UDHAIYAM .",
SBICARD,NSE_CORP_ANN,,Analysts/Institutional Investor Meet/Con. Call Updates,SBI Cards and Payment Services Limited has informed the Exchange about Schedule of meet,
SBICARD,NSE_CORP_ANN,,Analysts/Institutional Investor Meet/Con. Call Updates,SBI Cards and Payment Services Limited has informed the Exchange about Schedule of meet,
SBICARD,NSE_CORP_ANN,,Analysts/Institutional Investor Meet/Con. Call Updates,SBI Cards and Payment Services Limited has informed the Exchange about Schedule of meet,
SBICARD,NSE_CORP_ANN,,Analysts/Institutional Investor Meet/Con. Call Updates,SBI Cards and Payment Services Limited has informed the Exchange about Schedule of meet,
SBICARD,NSE_CORP_ANN,,Analysts/Institutional Investor Meet/Con. Call Updates,SBI Cards and Payment Services Limited has informed the Exchange about Schedule of meet,
SBICARD,NSE_CORP_ANN,,Analysts/Institutional Investor Meet/Con. Call Updates,SBI Cards and Payment Services Limited has informed the Exchange about Schedule of meet,
SBICARD,NSE_CORP_ANN,,Analysts/Institutional Investor Meet/Con. Call Updates,SBI Cards and Payment Services Limited has informed the Exchange about Schedule of meet,
SBICARD,NSE_CORP_ANN,,Analysts/Institutional Investor Meet/Con. Call Updates,SBI Cards and Payment Services Limited has informed the Exchange about Schedule of meet,
SBICARD,NSE_CORP_ANN,,Analysts/Institutional Investor Meet/Con. Call Updates,SBI Cards and Payment Services Limited has informed the Exchange about Schedule of meet,
SBICARD,NSE_CORP_ANN,,Analysts/Institutional Investor Meet/Con. Call Updates,SBI Cards and Payment Services Limited has informed the Exchange about Schedule of meet,
SBICARD,NSE_CORP_ANN,,Analysts/Institutional Investor Meet/Con. Call Updates,SBI Cards and Payment Services Limited has informed the Exchange about Schedule of meet,
SBILIFE,NSE_CORP_ANN,,ESOP/ESOS/ESPS,"SBI Life Insurance Company Limited has informed the Exchange regarding Allotment of 124645 Equity Shares pursuant to ESOP through circular resolution of the Board Stakeholders' Relationship and Sustainability Committee passed on December 16, 2025.",
SHREECEM,NSE_CORP_ANN,,Shareholders meeting,"SHREE CEMENT LIMITED has submitted the Exchange a copy Srutinizers report of  Postal Ballot. Further, the company has informed the Exchange regarding voting results.",
SHREECEM,NSE_CORP_ANN,,General Updates,SHREE CEMENT LIMITED has informed the Exchange about ESG Rating by NSE Sustainability Ratings & Analytics Ltd. for FY 2025,
SRF,NSE_CORP_ANN,,Pendency of Litigation(s)/dispute(s) or the outcome impacting the Company,SRF Limited has informed the Exchange about Pendency of Litigation(s)/dispute(s) or the outcome impacting the Company,
SAMMAANCAP,NSE_CORP_ANN,,News Verification,The Exchange has sought clarification from Sammaan Capital Limited with respect to recent news item captioned Sammaan Capital falls 5% from day's high as Delhi Police files fresh FIR in probe against ex-promoters..  The response from the Company is attached.,
SAMMAANCAP,NSE_CORP_ANN,,News Verification,The Exchange has sought clarification from Sammaan Capital Limited with respect to recent news item captioned Sammaan Capital falls 5% from day's high as Delhi Police files fresh FIR in probe against ex-promoters..  The response from the Company is awaited.,
SAMMAANCAP,NSE_CORP_ANN,,Suspension of Trading,"Members of the Exchange are hereby informed that the trading in Non-Convertible Debentures of Sammaan Capital Limited shall be suspended w.e.f. December 15, 2025 (ISIN No. INE148I07NI5, INE148I07NH7, INE148I07NP0, INE148I07NM7 & INE148I07NL9) on account of Maturity.",
MOTHERSON,NSE_CORP_ANN,,Trading Window,"Samvardhana Motherson International Limited has informed the Exchange regarding the Trading Window closure pursuant to SEBI (Prohibition of Insider Trading) Regulations, 2015",
MOTHERSON,NSE_CORP_ANN,,Analysts/Institutional Investor Meet/Con. Call Updates,"Samvardhana Motherson International Limited has informed the exchange regarding schedule of investor meet to be held on December 18, 2025.",
MOTHERSON,NSE_CORP_ANN,,General Updates,Samvardhana Motherson International Limited has submitted with the exchange an intimation under Regulation 30 of SEBI Listing Regulations.,
SHRIRAMFIN,NSE_CORP_ANN,,Rumour Verification - Regulation 30(11),Shriram Finance Limited has informed the Exchange about Rumour Verification - Regulation 30(11),
SHRIRAMFIN,NSE_CORP_ANN,,News Verification,The Exchange has sought clarification from Shriram Finance Limited with respect to recent news item captioned Japan's MUFG to invest up to $5 billion in Shriram Finance for 20% stake in major India bet Company Business News.  The response from the Company is attached.,
SHRIRAMFIN,NSE_CORP_ANN,,Action(s) taken or orders passed,Shriram Finance Limited has informed the Exchange about Action(s) taken or orders passed,
SHRIRAMFIN,NSE_CORP_ANN,,Updates,"Shriram Finance Limited has informed the Exchange regarding 'Report on Special Window for re-lodgement of transfer requests of physical shares of the Company from Integrated Registry Management Services Private Limited, Registrar and Share Transfer Agent of the Company, for the month ended November  30, 2025'.",
SHRIRAMFIN,NSE_CORP_ANN,,News Verification,The Exchange has sought clarification from Shriram Finance Limited with respect to recent news item captioned Japan's MUFG to invest up to $5 billion in Shriram Finance for 20% stake in major India bet Company Business News.  The response from the Company is awaited.,
SIEMENS,NSE_CORP_ANN,,Disclosure under SEBI Takeover Regulations,"Siemens International Holding B.V. has submitted to the Exchange a copy of Disclosures under Regulation 10(6)-Report to stock Exchange in respect of any acquisition made in reliance upon exemption provided for in regulation 10 of SEBI (SAST) Regulations, 2011.",
SIEMENS,NSE_CORP_ANN,,Analysts/Institutional Investor Meet/Con. Call Updates,Siemens Limited has informed the Exchange about Transcript,
SIEMENS,NSE_CORP_ANN,,Analysts/Institutional Investor Meet/Con. Call Updates,Siemens Limited has informed the Exchange about Link of Recording,
SIEMENS,NSE_CORP_ANN,,Analysts/Institutional Investor Meet/Con. Call Updates,Siemens Limited has informed the Exchange about Presentation,
SOLARINDS,NSE_CORP_ANN,,Shareholders meeting,Solar Industries India Limited has informed the Exchange about Submission of the Voting Results and Scrutiniser''s Report of Postal Ballot.,
SONACOMS,NSE_CORP_ANN,,Trading Window,"Sona Blw Precision Forgings Limited has informed the Exchange regarding the Trading Window closure pursuant to SEBI (Prohibition of Insider Trading) Regulations, 2015",
SBIN,NSE_CORP_ANN,,Change in Director(s),State Bank Of India has informed the Exchange regarding Change in Director(s) of the company.,
SBIN,NSE_CORP_ANN,,Analysts/Institutional Investor Meet/Con. Call Updates,State Bank Of India has informed the Exchange about,
SBIN,NSE_CORP_ANN,,Copy of Newspaper Publication,State Bank Of India has informed the Exchange about Copy of Newspaper Publication,
SBIN,NSE_CORP_ANN,,Change in Director(s),State Bank Of India has informed the Exchange regarding Change in Director(s) of the company.,
SBIN,NSE_CORP_ANN,,General Updates,State Bank Of India has informed the Exchange about signing of EURO 150 million KfW  Line of Credit(Phase 2) for financing Climate friendly energy generation projects,
SBIN,NSE_CORP_ANN,,General Updates,"SBIN: State Bank of India has informed the Exchange about RBI approval to establish a Section 8 company under Companies Act, 2013",
SUNPHARMA,NSE_CORP_ANN,,General Updates,"Intimation under Regulation 30 of SEBI (Listing Obligations and Disclosure Requirements) Regulations, 2015   US FDA determines Baska facility inspection classification as OAI",
SUZLON,NSE_CORP_ANN,,Press Release,"Suzlon Energy Limited has informed the Exchange regarding a press release dated December 17, 2025, titled ""Suzlon and Yanara extend partnership with 306 MW Wind Turbine Orders in Rajasthan"".",
SUZLON,NSE_CORP_ANN,,General Updates,"Suzlon Energy Limited has informed the Exchange about Proceedings and Voting Results of the meeting of the Unsecured Creditors of Suzlon Energy Limited held on Friday, 12th December 2025",
SUZLON,NSE_CORP_ANN,,Shareholders meeting,"Suzlon Energy Limited has informed the Exchange regarding Proceedings of Court Convened General Meeting held on December 12, 2025. Further, the company has submitted the Exchange a copy of Srutinizers report along with voting results.",
SUZLON,NSE_CORP_ANN,,General Updates,Suzlon Energy Limited has informed the Exchange about General Updates,
SYNGENE,NSE_CORP_ANN,,Investor Presentation,Syngene International Limited has informed the Exchange about Investor Presentation,
SYNGENE,NSE_CORP_ANN,,Analysts/Institutional Investor Meet/Con. Call Updates,Syngene International Limited has informed the Exchange about Schedule of meet,
SYNGENE,NSE_CORP_ANN,,Analysts/Institutional Investor Meet/Con. Call Updates,Syngene International Limited has informed the Exchange about Schedule of meet,
TITAGARH,NSE_CORP_ANN,,Bagging/Receiving of orders/contracts,TITAGARH RAIL SYSTEMS LIMITED has informed the Exchange about Bagging/Receiving of orders/contracts,
TVSMOTOR,NSE_CORP_ANN,,Updates,"TVS Motor Company Limited has informed the Exchange regarding 'Postal ballot as per Section 110 of the Companies Act, 2013'.",
TVSMOTOR,NSE_CORP_ANN,,Change in Director(s),TVS Motor Company Limited has informed the Exchange regarding Change in Director(s) of the company.,
TCS,NSE_CORP_ANN,,Incorporation,Tata Consultancy Services Limited has informed the Exchange about Incorporation,
TCS,NSE_CORP_ANN,,Updates,Tata Consultancy Services Limited has informed the Exchange regarding 'Press Release - TCS Strengthens Partnership with Aviva UK to Enhance Life and Pensions Customer Experience'.,
TCS,NSE_CORP_ANN,,Analysts/Institutional Investor Meet/Con. Call Updates,Tata Consultancy Services Limited has informed the Exchange about Presentation,
TCS,NSE_CORP_ANN,,Incorporation,Tata Consultancy Services Limited has informed the Exchange about Incorporation,
TCS,NSE_CORP_ANN,,Incorporation,Tata Consultancy Services Limited has informed the Exchange about Update on Incorporation,
TCS,NSE_CORP_ANN,,Updates,Tata Consultancy Services Limited has informed the Exchange regarding 'Press Release - TCS and CII unveil the 2025 Artificial Intelligence & IP Report for India'.,
TCS,NSE_CORP_ANN,,Updates,Tata Consultancy Services Limited has informed the Exchange regarding 'Press Release - TCS Opens New Office in Romania to Power Up its European Delivery Network'.,
TCS,NSE_CORP_ANN,,Analysts/Institutional Investor Meet/Con. Call Updates,"Tata Consultancy Services Limited has informed the Exchange about Link to access webcast of TCS Analyst Day 2025 scheduled on December 17, 2025",
TCS,NSE_CORP_ANN,,Credit Rating,Tata Consultancy Services Limited has informed the Exchange about Credit Rating,
TCS,NSE_CORP_ANN,,Analysts/Institutional Investor Meet/Con. Call Updates,Tata Consultancy Services Limited has informed the Exchange about Schedule of meet,
TATAPOWER,NSE_CORP_ANN,,General Updates,Tata Power Company Limited has informed the Exchange about Update on Acquisition,
TATAPOWER,NSE_CORP_ANN,,Analysts/Institutional Investor Meet/Con. Call Updates,Tata Power Company Limited has informed the Exchange about Presentation,
TATAPOWER,NSE_CORP_ANN,,Issue of Securities,Tata Power Company Limited has informed the Exchange about Issue of Non-Convertible Debentures (NCDs) on private placement basis.,
TATAPOWER,NSE_CORP_ANN,,Bagging/Receiving of orders/contracts,Tata Power Company Limited has informed the Exchange about Bagging/Receiving of orders/contracts,
TATASTEEL,NSE_CORP_ANN,,Pendency of Litigation(s)/dispute(s) or the outcome impacting the Company,Tata Steel Limited has informed the Exchange about Pendency of Litigation(s)/dispute(s) or the outcome impacting the Company,
TATASTEEL,NSE_CORP_ANN,,Analysts/Institutional Investor Meet/Con. Call Updates,Tata Steel Limited has informed the Exchange about Schedule of meet,
TATASTEEL,NSE_CORP_ANN,,News Verification,The Exchange has sought clarification from Tata Steel Limited with respect to recent news item captioned Tata Steel acquires majority stake in Thriveni Pellets to boost raw material supply chain.  The response from the Company is attached.,
TECHM,NSE_CORP_ANN,,Incorporation,Tech Mahindra Limited has informed the Exchange about Incorporation,
TECHM,NSE_CORP_ANN,,Incorporation,Tech Mahindra Limited has informed the Exchange about Incorporation,
TECHM,NSE_CORP_ANN,,Incorporation,Tech Mahindra Limited has informed the Exchange about Incorporation,
TECHM,NSE_CORP_ANN,,Allotment of Securities,"Tech Mahindra Limited has informed the Exchange regarding allotment of 60706 securities pursuant to ESOP/ESPS at its meeting held on December 11, 2025",
FEDERALBNK,NSE_CORP_ANN,,Analysts/Institutional Investor Meet/Con. Call Updates,The Federal Bank  Limited has informed the Exchange about Schedule of meet,
FEDERALBNK,NSE_CORP_ANN,,Analysts/Institutional Investor Meet/Con. Call Updates,The Federal Bank  Limited has informed the Exchange about Schedule of meet,
FEDERALBNK,NSE_CORP_ANN,,General Updates,The Federal Bank  Limited has informed the Exchange about Allotment of Equity Shares on exercise of Stock options pursuant to Employee Stock Option Scheme,
FEDERALBNK,NSE_CORP_ANN,,Analysts/Institutional Investor Meet/Con. Call Updates,The Federal Bank  Limited has informed the Exchange about Schedule of meet,
FEDERALBNK,NSE_CORP_ANN,,Analysts/Institutional Investor Meet/Con. Call Updates,The Federal Bank  Limited has informed the Exchange about Schedule of meet,
TITAN,NSE_CORP_ANN,,Analysts/Institutional Investor Meet/Con. Call Updates,Titan Company Limited has informed the Exchange about Schedule of meet,
TITAN,NSE_CORP_ANN,,Copy of Newspaper Publication,Titan Company Limited has informed the Exchange about Copy of Newspaper Publication,
TORNTPHARM,NSE_CORP_ANN,,Updates,Torrent Pharmaceuticals Limited has informed the Exchange regarding 'Redemption of Commercial Papers '.,
TORNTPHARM,NSE_CORP_ANN,,Updates,Torrent Pharmaceuticals Limited has informed the Exchange regarding 'Redemption of Non-Convertible Debentures'.,
TORNTPOWER,NSE_CORP_ANN,,Analysts/Institutional Investor Meet/Con. Call Updates,Torrent Power Limited has informed the Exchange about Schedule of meet,
TORNTPOWER,NSE_CORP_ANN,,Analysts/Institutional Investor Meet/Con. Call Updates,Torrent Power Limited has informed the Exchange about Schedule of meet,
TRENT,NSE_CORP_ANN,,Analysts/Institutional Investor Meet/Con. Call Updates,Trent Limited has informed the Exchange about Intimation of schedule of Analyst / Institutional Investor Meeting,
TRENT,NSE_CORP_ANN,,Analysts/Institutional Investor Meet/Con. Call Updates,Trent Limited has informed the Exchange about Schedule of meet,
TRENT,NSE_CORP_ANN,,Copy of Newspaper Publication,Trent Limited has informed the Exchange about Notice of Special Window for re-lodgement of transfer requests of physical shares,
TIINDIA,NSE_CORP_ANN,,General Updates,Tube Investments of India Limited has informed the Exchange about General Updates,
UNOMINDA,NSE_CORP_ANN,,Updates,UNO Minda Limited has informed the Exchange regarding 'Redemption of Commercial Papers'.,
UNOMINDA,NSE_CORP_ANN,,ESOP/ESOS/ESPS,UNO Minda Limited has informed the Exchange regarding Allotment of 81747  Shares.,
UNOMINDA,NSE_CORP_ANN,,Acquisition,UNO Minda Limited has informed the Exchange about completion of transaction,
UNOMINDA,NSE_CORP_ANN,,Updates,UNO Minda Limited has informed the Exchange regarding 'Loss of share certificate by a shareholder'.,
UNOMINDA,NSE_CORP_ANN,,Copy of Newspaper Publication,UNO Minda Limited has informed the Exchange about Copy of Newspaper Publication,
ULTRACEMCO,NSE_CORP_ANN,,Action(s) taken or orders passed,UltraTech Cement Limited has informed the Exchange about Action(s) taken or orders passed,
UNIONBANK,NSE_CORP_ANN,,Credit Rating,Union Bank of India has informed the Exchange about Credit Rating,
VEDL,NSE_CORP_ANN,,Action(s) taken or orders passed,Vedanta Limited has informed the Exchange about Action(s) taken or orders passed,
VEDL,NSE_CORP_ANN,,Updates,Vedanta Limited has informed the Exchange regarding 'Update on Scheme of Arrangement for Demerger of Vedanta Limited'.,
VEDL,NSE_CORP_ANN,,Credit Rating- Others,Vedanta Limited has informed the Exchange about Reaffirmation of Credit Ratings by India Ratings,
VEDL,NSE_CORP_ANN,,News Verification,The Exchange has sought clarification from Vedanta Limited with respect to recent news item captioned Vedanta demerger decks cleared after Mumbai NCLT approves plan; Stock surges.  The response from the Company is attached.,
VEDL,NSE_CORP_ANN,,News Verification,The Exchange has sought clarification from Vedanta Limited with respect to recent news item captioned Vedanta demerger decks cleared after Mumbai NCLT approves plan; Stock surges.  The response from the Company is awaited.,
VEDL,NSE_CORP_ANN,,Updates,"Vedanta Limited has informed the Exchange regarding 'Intimation under Regulation 30 of the Securities and Exchange Board of India (Listing Obligations and Disclosure Requirements) Regulations, 2015, as amended ( SEBI Listing Regulations )'.",
VEDL,NSE_CORP_ANN,,Updates,"Vedanta Limited has informed the Exchange regarding 'Intimation under Regulation 30 of the Securities and Exchange Board of India (Listing Obligations and Disclosure Requirements) Regulations, 2015, as amended - Declaration of Successful Bidder of Genjana Nickel, Chromium and PGE Block under Critical Mineral Auctions Tranche III conducted by the Ministry of Mines, Government of India'.",
IDEA,NSE_CORP_ANN,,Press Release,"Vodafone Idea Limited has informed the Exchange regarding a press release dated December 18, 2025, titled ""Disclosure under Regulation 30 of SEBI (Listing Obligations and Disclosure Requirements) Regulations, 2015   Release to media - Issuance of Non-Convertible Debentures aggregating to Rs. 3,300 Crore by Vodafone Idea Telecom Infrastructure Limited ( VITIL ), wholly owned subsidiary of the Company"".",
IDEA,NSE_CORP_ANN,,Action(s) taken or orders passed,"Vodafone Idea Limited has informed the Exchange about Disclosure under Regulation 30 of SEBI (Listing Obligations and Disclosure Requirements) Regulations, 2015 regarding order passed under Central Goods and Services Tax Act, 2017",
VOLTAS,NSE_CORP_ANN,,Analysts/Institutional Investor Meet/Con. Call Updates,Voltas Limited has informed the Exchange about Schedule of meet,
VOLTAS,NSE_CORP_ANN,,General Updates,Voltas Limited has informed the Exchange about General Updates,
VOLTAS,NSE_CORP_ANN,,Analysts/Institutional Investor Meet/Con. Call Updates,Voltas Limited has informed the Exchange about Schedule of meet,
VOLTAS,NSE_CORP_ANN,,General Updates,Voltas Limited has informed the Exchange about General Updates,
VOLTAS,NSE_CORP_ANN,,General Updates,Voltas Limited has informed the Exchange about General Updates,
WIPRO,NSE_CORP_ANN,,Updates,Wipro Limited has informed the Exchange regarding 'Grant of Restricted Stock Units'.,
WIPRO,NSE_CORP_ANN,,Updates,"Wipro Limited has informed the Exchange regarding Allotment of 2,52,134 equity shares under ADS Restricted Stock Unit Plan 2004 and 1,43,740 equity shares under the Restricted Stock Unit Plan 2007 on December 15, 2025, pursuant to exercise of ESOPs.",
WIPRO,NSE_CORP_ANN,,Copy of Newspaper Publication,"Wipro Limited has informed the Exchange about Newspaper Advertisement - Regulation 47 of SEBI (Listing Obligations and Disclosure Requirements) Regulations, 2015",
WIPRO,NSE_CORP_ANN,,Press Release,"Wipro Limited has informed the Exchange regarding a press release dated December 12, 2025, titled ""Wipro and Google Cloud Expand their Strategic Partnership to Advance Enterprise Productivity"".",
WIPRO,NSE_CORP_ANN,,Press Release,"Wipro Limited has informed the Exchange regarding a press release dated December 12, 2025, titled ""Accelerating the AI-Powered Future: Wipro & Microsoft to Empower Enterprises to Transform as Frontier Firms"".",
YESBANK,NSE_CORP_ANN,,Allotment of Securities,Yes Bank Limited has informed the Exchange  regarding Intimation of allotment of equity shares pursuant to exercise of stock options under YBL ESOS 2020 Scheme and YBL RSU Plan 2024,
YESBANK,NSE_CORP_ANN,,General Updates,"Disclosure under Regulation 30 of the SEBI (Listing Obligations and Disclosure Requirements) Regulations, 2015 - ESG Rating",
ZYDUSLIFE,NSE_CORP_ANN,,General Updates,Zydus Lifesciences Limited has informed the Exchange about General Updates,
ZYDUSLIFE,NSE_CORP_ANN,,Press Release,"Zydus Lifesciences Limited has informed the Exchange regarding a press release dated December 15, 2025, titled ""Sentynl Therapeutics Announces FDA Acceptance of CUTX-101 NDA Resubmission"".",
ZYDUSLIFE,NSE_CORP_ANN,,Shareholders meeting,"Zydus Lifesciences Limited has submitted the Exchange a copy Srutinizers report of  Postal Ballot. Further, the company has informed the Exchange regarding voting results along with copy of minutes.",
