symbol,source,headline,summary,published_at,nse_category,raw,score
360ONE,NSE_CORP_ANN,ESOP/ESOS/ESPS,360 ONE WAM LIMITED has informed the Exchange regarding Grant of 3527736  Employee Stock Options (ESOPs),,,"{'symbol': '360ONE', 'desc': 'ESOP/ESOS/ESPS', 'dt': '24122025173051', 'attchmntFile': 'https://nsearchives.nseindia.com/corporate/IIFLWAM_24122025172805_20251224GrantofESOPssigned.pdf', 'sm_name': '360 ONE WAM LIMITED', 'sm_isin': 'INE466L01020', 'an_dt': '24-Dec-2025 17:30:51', 'sort_date': '2025-12-24 17:30:51', 'seq_id': '106476776', 'smIndustry': None, 'orgid': None, 'attchmntText': '360 ONE WAM LIMITED has informed the Exchange regarding Grant of 3527736  Employee Stock Options (ESOPs)', 'bflag': None, 'old_new': None, 'csvName': None, 'exchdisstime': '24-Dec-2025 17:30:52', 'difference': '00:00:01', 'fileSize': '207.12 KB', 'attFileSize': '207.12 KB', 'hasXbrl': True}",0.0
360ONE,NSE_CORP_ANN,Acquisition,"360 ONE WAM LIMITED has informed the Exchange about incorporation of a wholly owned subsidiary of 360 ONE Asset Management Limited,  a wholly owned subsidiary of the Company for carrying out fund management business in Gujarat International Finance Tec-City GIFT City. We wish to inform you that the aforesaid step-down wholly owned subsidiary of the Company is now incorporated in the name of 360 ONE Global Asset Management (IFSC) Limited with a corporate identity number U66300GJ2025PLC171080 on December 23, 2025.",,,"{'symbol': '360ONE', 'desc': 'Acquisition', 'dt': '24122025155637', 'attchmntFile': 'https://nsearchives.nseindia.com/corporate/IIFLWAM_24122025155427_20251224IncorporationofsubsidiaryGAMsigned.pdf', 'sm_name': '360 ONE WAM LIMITED', 'sm_isin': 'INE466L01020', 'an_dt': '24-Dec-2025 15:56:37', 'sort_date': '2025-12-24 15:56:37', 'seq_id': '106476539', 'smIndustry': None, 'orgid': None, 'attchmntText': '360 ONE WAM LIMITED has informed the Exchange about incorporation of a wholly owned subsidiary of 360 ONE Asset Management Limited,  a wholly owned subsidiary of the Company for carrying out fund management business in Gujarat International Finance Tec-City GIFT City. We wish to inform you that the aforesaid step-down wholly owned subsidiary of the Company is now incorporated in the name of 360 ONE Global Asset Management (IFSC) Limited with a corporate identity number U66300GJ2025PLC171080 on December 23, 2025.', 'bflag': None, 'old_new': None, 'csvName': None, 'exchdisstime': '24-Dec-2025 15:56:37', 'difference': '00:00:00', 'fileSize': '195.26 KB', 'attFileSize': '195.26 KB', 'hasXbrl': True}",0.0
APLAPOLLO,NSE_CORP_ANN,Trading Window,"APL Apollo Tubes Limited has informed the Exchange regarding the Trading Window closure pursuant to SEBI (Prohibition of Insider Trading) Regulations, 2015",,,"{'symbol': 'APLAPOLLO', 'desc': 'Trading Window', 'dt': '23122025155301', 'attchmntFile': 'https://nsearchives.nseindia.com/corporate/APLAPOLLO_23122025155048_SE_Trading_window_closure.pdf', 'sm_name': 'APL Apollo Tubes Limited', 'sm_isin': 'INE702C01019', 'an_dt': '23-Dec-2025 15:53:01', 'sort_date': '2025-12-23 15:53:01', 'seq_id': '106475143', 'smIndustry': 'Steel And Steel Products', 'orgid': None, 'attchmntText': 'APL Apollo Tubes Limited has informed the Exchange regarding the Trading Window closure pursuant to SEBI (Prohibition of Insider Trading) Regulations, 2015', 'bflag': None, 'old_new': None, 'csvName': None, 'exchdisstime': '23-Dec-2025 15:53:03', 'difference': '00:00:02', 'fileSize': '325.81 KB', 'attFileSize': '325.81 KB', 'hasXbrl': True}",0.0
ADANIENSOL,NSE_CORP_ANN,Trading Window,"Adani Energy Solutions Limited has informed the Exchange regarding the Trading Window closure pursuant to SEBI (Prohibition of Insider Trading) Regulations, 2015",,,"{'symbol': 'ADANIENSOL', 'desc': 'Trading Window', 'dt': '25122025191121', 'attchmntFile': 'https://nsearchives.nseindia.com/corporate/ADANITRANS_25122025191114_AESL_Trading_Window_Intimation.pdf', 'sm_name': 'Adani Energy Solutions Limited', 'sm_isin': 'INE931S01010', 'an_dt': '25-Dec-2025 19:11:21', 'sort_date': '2025-12-25 19:11:21', 'seq_id': '106477498', 'smIndustry': None, 'orgid': None, 'attchmntText': 'Adani Energy Solutions Limited has informed the Exchange regarding the Trading Window closure pursuant to SEBI (Prohibition of Insider Trading) Regulations, 2015', 'bflag': None, 'old_new': None, 'csvName': None, 'exchdisstime': '25-Dec-2025 19:11:22', 'difference': '00:00:01', 'fileSize': '152.82 KB', 'attFileSize': '152.82 KB', 'hasXbrl': True}",0.0
ADANIENSOL,NSE_CORP_ANN,General Updates,"Adani Energy Solutions Limited has informed the Exchange about Intimation for Incorporation of a step-down subsidiary, ATSOL Global IFSC Limited.",,,"{'symbol': 'ADANIENSOL', 'desc': 'General Updates', 'dt': '22122025163018', 'attchmntFile': 'https://nsearchives.nseindia.com/corporate/ADANITRANS_22122025163002_ATSOL_Global_IFSC_Intimation.pdf', 'sm_name': 'Adani Energy Solutions Limited', 'sm_isin': 'INE931S01010', 'an_dt': '22-Dec-2025 16:30:18', 'sort_date': '2025-12-22 16:30:18', 'seq_id': '106473943', 'smIndustry': None, 'orgid': None, 'attchmntText': 'Adani Energy Solutions Limited has informed the Exchange about Intimation for Incorporation of a step-down subsidiary, ATSOL Global IFSC Limited.', 'bflag': None, 'old_new': None, 'csvName': None, 'exchdisstime': '22-Dec-2025 16:30:18', 'difference': '00:00:00', 'fileSize': '178.27 KB', 'attFileSize': '178.27 KB', 'hasXbrl': True}",0.0
ADANIENT,NSE_CORP_ANN,Updates,"Adani Enterprises Limited has informed the Exchange regarding 'Intimation Under The Securities And Exchange Board Of India (Listing Obligations And Disclosure Requirements) Regulations, 2015 As Amended ('SEBI Listing Regulations') In Relation To The Public Issue Of Non-Convertible Debentures'.",,,"{'symbol': 'ADANIENT', 'desc': 'Updates', 'dt': '24122025143237', 'attchmntFile': 'https://nsearchives.nseindia.com/corporate/nishant_joshi_adani_com_24122025143229_Stock_Exchange_Intimation_for_DRHP.pdf', 'sm_name': 'Adani Enterprises Limited', 'sm_isin': 'INE423A01024', 'an_dt': '24-Dec-2025 14:32:37', 'sort_date': '2025-12-24 14:32:37', 'seq_id': '106476389', 'smIndustry': 'Trading', 'orgid': None, 'attchmntText': ""Adani Enterprises Limited has informed the Exchange regarding 'Intimation Under The Securities And Exchange Board Of India (Listing Obligations And Disclosure Requirements) Regulations, 2015 As Amended ('SEBI Listing Regulations') In Relation To The Public Issue Of Non-Convertible Debentures'."", 'bflag': None, 'old_new': None, 'csvName': None, 'exchdisstime': '24-Dec-2025 14:32:38', 'difference': '00:00:01', 'fileSize': '107.75 KB', 'attFileSize': '107.75 KB', 'hasXbrl': True}",0.0
ADANIENT,NSE_CORP_ANN,Credit Rating,Adani Enterprises Limited has informed the Exchange about Credit Rating,,,"{'symbol': 'ADANIENT', 'desc': 'Credit Rating', 'dt': '24122025001719', 'attchmntFile': 'https://nsearchives.nseindia.com/corporate/nishant_joshi_adani_com_24122025001626_AELIntimationCreditRating23122025.pdf', 'sm_name': 'Adani Enterprises Limited', 'sm_isin': 'INE423A01024', 'an_dt': '24-Dec-2025 00:17:19', 'sort_date': '2025-12-24 00:17:19', 'seq_id': '106475841', 'smIndustry': 'Trading', 'orgid': None, 'attchmntText': 'Adani Enterprises Limited has informed the Exchange about Credit Rating', 'bflag': None, 'old_new': None, 'csvName': None, 'exchdisstime': '24-Dec-2025 00:17:20', 'difference': '00:00:01', 'fileSize': '153.17 KB', 'attFileSize': '153.17 KB', 'hasXbrl': True}",0.0
ADANIENT,NSE_CORP_ANN,Copy of Newspaper Publication,Adani Enterprises Limited has informed the Exchange about Newspaper Advertisement regarding the record date for the first Call on partly paid-up equity shares of the Company.,,,"{'symbol': 'ADANIENT', 'desc': 'Copy of Newspaper Publication', 'dt': '19122025202332', 'attchmntFile': 'https://nsearchives.nseindia.com/corporate/nishant_joshi_adani_com_19122025202321_AELRecorddateIntimationNewspaper.pdf', 'sm_name': 'Adani Enterprises Limited', 'sm_isin': 'INE423A01024', 'an_dt': '19-Dec-2025 20:23:32', 'sort_date': '2025-12-19 20:23:32', 'seq_id': '106472731', 'smIndustry': 'Trading', 'orgid': None, 'attchmntText': 'Adani Enterprises Limited has informed the Exchange about Newspaper Advertisement regarding the record date for the first Call on partly paid-up equity shares of the Company.', 'bflag': None, 'old_new': None, 'csvName': None, 'exchdisstime': '19-Dec-2025 20:23:32', 'difference': '00:00:00', 'fileSize': '5.61 MB', 'attFileSize': '5.61 MB', 'hasXbrl': True}",0.0
ADANIENT,NSE_CORP_ANN,Suspension of Trading,"Members of the Exchange are hereby informed that the trading in the partly paid-up equity shares (Series: E1, ISIN: IN9423A01030) of Adani Enterprises Limited shall be suspended w.e.f. December 23, 2025 (i.e., closing hours of trading on December 22, 2025) on account of first call money.",,,"{'symbol': 'ADANIENT', 'desc': 'Suspension of Trading', 'dt': '19122025175547', 'attchmntFile': '-', 'sm_name': 'Adani Enterprises Limited', 'sm_isin': 'INE423A01024', 'an_dt': '19-Dec-2025 17:55:47', 'sort_date': '2025-12-19 17:55:47', 'seq_id': '106472559', 'smIndustry': 'Trading', 'orgid': None, 'attchmntText': 'Members of the Exchange are hereby informed that the trading in the partly paid-up equity shares (Series: E1, ISIN: IN9423A01030) of Adani Enterprises Limited shall be suspended w.e.f. December 23, 2025 (i.e., closing hours of trading on December 22, 2025) on account of first call money.', 'bflag': None, 'old_new': None, 'csvName': None, 'exchdisstime': '19-Dec-2025 17:55:48', 'difference': '00:00:01', 'fileSize': '0 Bytes', 'attFileSize': '0 Bytes', 'hasXbrl': True}",0.0
ADANIGREEN,NSE_CORP_ANN,Trading Window,"Adani Green Energy Limited has informed the Exchange regarding the Trading Window closure pursuant to SEBI (Prohibition of Insider Trading) Regulations, 2015",,,"{'symbol': 'ADANIGREEN', 'desc': 'Trading Window', 'dt': '25122025170226', 'attchmntFile': 'https://nsearchives.nseindia.com/corporate/ADANIGREEN_25122025170214_Letter.pdf', 'sm_name': 'Adani Green Energy Limited', 'sm_isin': 'INE364U01010', 'an_dt': '25-Dec-2025 17:02:26', 'sort_date': '2025-12-25 17:02:26', 'seq_id': '106477432', 'smIndustry': None, 'orgid': None, 'attchmntText': 'Adani Green Energy Limited has informed the Exchange regarding the Trading Window closure pursuant to SEBI (Prohibition of Insider Trading) Regulations, 2015', 'bflag': None, 'old_new': None, 'csvName': None, 'exchdisstime': '25-Dec-2025 17:02:27', 'difference': '00:00:01', 'fileSize': '186.36 KB', 'attFileSize': '186.36 KB', 'hasXbrl': True}",0.0
ADANIGREEN,NSE_CORP_ANN,General Updates,Adani Green Energy Limited has informed the Exchange about Compliance Certificate of RG II entities,,,"{'symbol': 'ADANIGREEN', 'desc': 'General Updates', 'dt': '25122025160002', 'attchmntFile': 'https://nsearchives.nseindia.com/corporate/ADANIGREEN_25122025155944_Letter_RG_2.pdf', 'sm_name': 'Adani Green Energy Limited', 'sm_isin': 'INE364U01010', 'an_dt': '25-Dec-2025 16:00:02', 'sort_date': '2025-12-25 16:00:02', 'seq_id': '106477381', 'smIndustry': None, 'orgid': None, 'attchmntText': 'Adani Green Energy Limited has informed the Exchange about Compliance Certificate of RG II entities', 'bflag': None, 'old_new': None, 'csvName': None, 'exchdisstime': '25-Dec-2025 16:00:04', 'difference': '00:00:02', 'fileSize': '6.67 MB', 'attFileSize': '6.67 MB', 'hasXbrl': True}",0.0
ADANIPORTS,NSE_CORP_ANN,General Updates,Adani Ports and Special Economic Zone Limited has informed the Exchange about General Updates,,,"{'symbol': 'ADANIPORTS', 'desc': 'General Updates', 'dt': '23122025161040', 'attchmntFile': 'https://nsearchives.nseindia.com/corporate/rkbhagia_23122025160914_SEINTIMATION.pdf', 'sm_name': 'Adani Ports and Special Economic Zone Limited', 'sm_isin': 'INE742F01042', 'an_dt': '23-Dec-2025 16:10:40', 'sort_date': '2025-12-23 16:10:40', 'seq_id': '106475175', 'smIndustry': 'Shipping', 'orgid': None, 'attchmntText': 'Adani Ports and Special Economic Zone Limited has informed the Exchange about General Updates', 'bflag': None, 'old_new': None, 'csvName': None, 'exchdisstime': '23-Dec-2025 16:10:41', 'difference': '00:00:01', 'fileSize': '263.88 KB', 'attFileSize': '263.88 KB', 'hasXbrl': True}",0.0
ABCAPITAL,NSE_CORP_ANN,ESOP/ESOS/ESPS,Aditya Birla Capital Limited has informed the Exchange regarding Allotment of 120054  Shares.,,,"{'symbol': 'ABCAPITAL', 'desc': 'ESOP/ESOS/ESPS', 'dt': '24122025213137', 'attchmntFile': 'https://nsearchives.nseindia.com/corporate/ABCAPITAL_24122025213045_ESOPse24Dec2025.pdf', 'sm_name': 'Aditya Birla Capital Limited', 'sm_isin': 'INE674K01013', 'an_dt': '24-Dec-2025 21:31:37', 'sort_date': '2025-12-24 21:31:37', 'seq_id': '106476991', 'smIndustry': None, 'orgid': None, 'attchmntText': 'Aditya Birla Capital Limited has informed the Exchange regarding Allotment of 120054  Shares.', 'bflag': None, 'old_new': None, 'csvName': None, 'exchdisstime': '24-Dec-2025 21:31:38', 'difference': '00:00:01', 'fileSize': '259.45 KB', 'attFileSize': '259.45 KB', 'hasXbrl': True}",0.0
ALKEM,NSE_CORP_ANN,Trading Window,"Alkem Laboratories Limited has informed the Exchange regarding the Trading Window closure pursuant to SEBI (Prohibition of Insider Trading) Regulations, 2015",,,"{'symbol': 'ALKEM', 'desc': 'Trading Window', 'dt': '23122025145414', 'attchmntFile': 'https://nsearchives.nseindia.com/corporate/ALKEM_23122025145342_Tradingwindowclosurepdf_Signed.pdf', 'sm_name': 'Alkem Laboratories Limited', 'sm_isin': 'INE540L01014', 'an_dt': '23-Dec-2025 14:54:14', 'sort_date': '2025-12-23 14:54:14', 'seq_id': '106475050', 'smIndustry': None, 'orgid': None, 'attchmntText': 'Alkem Laboratories Limited has informed the Exchange regarding the Trading Window closure pursuant to SEBI (Prohibition of Insider Trading) Regulations, 2015', 'bflag': None, 'old_new': None, 'csvName': None, 'exchdisstime': '23-Dec-2025 14:54:15', 'difference': '00:00:01', 'fileSize': '598.77 KB', 'attFileSize': '598.77 KB', 'hasXbrl': True}",0.0
ALKEM,NSE_CORP_ANN,Analysts/Institutional Investor Meet/Con. Call Updates,Alkem Laboratories Limited has informed the Exchange about Schedule of meet,,,"{'symbol': 'ALKEM', 'desc': 'Analysts/Institutional Investor Meet/Con. Call Updates', 'dt': '23122025114452', 'attchmntFile': 'https://nsearchives.nseindia.com/corporate/ALKEM_23122025114400_ScheduleofInvestorMeet_December_2025_Signed.pdf', 'sm_name': 'Alkem Laboratories Limited', 'sm_isin': 'INE540L01014', 'an_dt': '23-Dec-2025 11:44:52', 'sort_date': '2025-12-23 11:44:52', 'seq_id': '106474843', 'smIndustry': None, 'orgid': None, 'attchmntText': 'Alkem Laboratories Limited has informed the Exchange about Schedule of meet', 'bflag': None, 'old_new': None, 'csvName': None, 'exchdisstime': '23-Dec-2025 11:44:54', 'difference': '00:00:02', 'fileSize': '365.80 KB', 'attFileSize': '365.80 KB', 'hasXbrl': True}",0.0
AMBUJACEM,NSE_CORP_ANN,General Updates,Ambuja Cements Limited has informed the Exchange about Capital Market Q&A on - Amalgamation of ACC Limited and Orient Cement Limited with Ambuja Cements Limited,,,"{'symbol': 'AMBUJACEM', 'desc': 'General Updates', 'dt': '22122025210624', 'attchmntFile': 'https://nsearchives.nseindia.com/corporate/AMBUJACEM_22122025210530_Ambuja_SE_Capital_Market_QnA_Final.pdf', 'sm_name': 'Ambuja Cements Limited', 'sm_isin': 'INE079A01024', 'an_dt': '22-Dec-2025 21:06:24', 'sort_date': '2025-12-22 21:06:24', 'seq_id': '106474252', 'smIndustry': 'Cement And Cement Products', 'orgid': None, 'attchmntText': 'Ambuja Cements Limited has informed the Exchange about Capital Market Q&A on - Amalgamation of ACC Limited and Orient Cement Limited with Ambuja Cements Limited', 'bflag': None, 'old_new': None, 'csvName': None, 'exchdisstime': '22-Dec-2025 21:06:25', 'difference': '00:00:01', 'fileSize': '990.66 KB', 'attFileSize': '990.66 KB', 'hasXbrl': True}",0.0
AMBUJACEM,NSE_CORP_ANN,Press Release,Approval of Scheme of Amalgamation of ACC Limited with Ambuja Cements Limited and Orient Cement Limited with Ambuja Cements Limited,,,"{'symbol': 'AMBUJACEM', 'desc': 'Press Release', 'dt': '22122025205332', 'attchmntFile': 'https://nsearchives.nseindia.com/corporate/AMBUJACEM_22122025205313_Ambuja_SE_Media_Release_Final.pdf', 'sm_name': 'Ambuja Cements Limited', 'sm_isin': 'INE079A01024', 'an_dt': '22-Dec-2025 20:53:32', 'sort_date': '2025-12-22 20:53:32', 'seq_id': '106474244', 'smIndustry': 'Cement And Cement Products', 'orgid': None, 'attchmntText': 'Approval of Scheme of Amalgamation of ACC Limited with Ambuja Cements Limited and Orient Cement Limited with Ambuja Cements Limited', 'bflag': None, 'old_new': None, 'csvName': None, 'exchdisstime': '22-Dec-2025 20:53:33', 'difference': '00:00:01', 'fileSize': '250.61 KB', 'attFileSize': '250.61 KB', 'hasXbrl': True}",0.0
AMBUJACEM,NSE_CORP_ANN,Amalgamation/Merger,Approval of Scheme of Amalgamation of ACC Limited with Ambuja Cements Limited and Orient Cement Limited with Ambuja Cements Limited,,,"{'symbol': 'AMBUJACEM', 'desc': 'Amalgamation/Merger', 'dt': '22122025204438', 'attchmntFile': 'https://nsearchives.nseindia.com/corporate/AMBUJACEM_22122025204411_ACL_Outcome_BM_22122025_Final.pdf', 'sm_name': 'Ambuja Cements Limited', 'sm_isin': 'INE079A01024', 'an_dt': '22-Dec-2025 20:44:38', 'sort_date': '2025-12-22 20:44:38', 'seq_id': '106474239', 'smIndustry': 'Cement And Cement Products', 'orgid': None, 'attchmntText': 'Approval of Scheme of Amalgamation of ACC Limited with Ambuja Cements Limited and Orient Cement Limited with Ambuja Cements Limited', 'bflag': None, 'old_new': None, 'csvName': None, 'exchdisstime': '22-Dec-2025 20:44:39', 'difference': '00:00:01', 'fileSize': '334.36 KB', 'attFileSize': '334.36 KB', 'hasXbrl': True}",0.0
ANGELONE,NSE_CORP_ANN,Updates,"Angel One Limited has informed the Exchange regarding ' AngelOne Limited has been awarded ISO 22301:2019 Certification for its Business ContinuityManagement System (BCMS) by Intertek Certification Limited on December 22, 2025'.",,,"{'symbol': 'ANGELONE', 'desc': 'Updates', 'dt': '23122025112236', 'attchmntFile': 'https://nsearchives.nseindia.com/corporate/ANGEL8896_23122025112224_Intimation_receipt_of_ISO_certification.pdf', 'sm_name': 'Angel One Limited', 'sm_isin': 'INE732I01013', 'an_dt': '23-Dec-2025 11:22:36', 'sort_date': '2025-12-23 11:22:36', 'seq_id': '106474777', 'smIndustry': None, 'orgid': None, 'attchmntText': ""Angel One Limited has informed the Exchange regarding ' AngelOne Limited has been awarded ISO 22301:2019 Certification for its Business ContinuityManagement System (BCMS) by Intertek Certification Limited on December 22, 2025'."", 'bflag': None, 'old_new': None, 'csvName': None, 'exchdisstime': '23-Dec-2025 11:22:37', 'difference': '00:00:01', 'fileSize': '205.76 KB', 'attFileSize': '205.76 KB', 'hasXbrl': True}",0.0
APOLLOHOSP,NSE_CORP_ANN,General Updates,Apollo Hospitals Enterprise Limited has informed the Exchange about General Updates,,,"{'symbol': 'APOLLOHOSP', 'desc': 'General Updates', 'dt': '24122025130814', 'attchmntFile': 'https://nsearchives.nseindia.com/corporate/APOLLOHOSP_24122025130730_BSE_observation_letter.pdf', 'sm_name': 'Apollo Hospitals Enterprise Limited', 'sm_isin': 'INE437A01016', 'an_dt': '24-Dec-2025 13:08:14', 'sort_date': '2025-12-24 13:08:14', 'seq_id': '106476306', 'smIndustry': 'Miscellaneous', 'orgid': None, 'attchmntText': 'Apollo Hospitals Enterprise Limited has informed the Exchange about General Updates', 'bflag': None, 'old_new': None, 'csvName': None, 'exchdisstime': '24-Dec-2025 13:08:15', 'difference': '00:00:01', 'fileSize': '865.34 KB', 'attFileSize': '865.34 KB', 'hasXbrl': True}",0.0
ASIANPAINT,NSE_CORP_ANN,Copy of Newspaper Publication,"This is to inform that SEBI vide it Circular No. SEBI/HO/MIRSD-PoD/P/CIR/2025/97 dated 2nd July 2025, has decided to open a special window for a period of 6 months from 7th July 2025 to 6th January 2026 to facilitate re-lodgment of transfer requests of physical shares of the Company. Pursuant to said Circular, please find attached copies of notice given to the investors of the Company.",,,"{'symbol': 'ASIANPAINT', 'desc': 'Copy of Newspaper Publication', 'dt': '23122025202957', 'attchmntFile': 'https://nsearchives.nseindia.com/corporate/ASIANPAINT_23122025202814_SEIntimationSpecialWindowsigned.pdf', 'sm_name': 'Asian Paints Limited', 'sm_isin': 'INE021A01018', 'an_dt': '23-Dec-2025 20:29:57', 'sort_date': '2025-12-23 20:29:57', 'seq_id': '106475594', 'smIndustry': 'Paints', 'orgid': None, 'attchmntText': 'This is to inform that SEBI vide it Circular No. SEBI/HO/MIRSD-PoD/P/CIR/2025/97 dated 2nd July 2025, has decided to open a special window for a period of 6 months from 7th July 2025 to 6th January 2026 to facilitate re-lodgment of transfer requests of physical shares of the Company. Pursuant to said Circular, please find attached copies of notice given to the investors of the Company.', 'bflag': None, 'old_new': None, 'csvName': None, 'exchdisstime': '23-Dec-2025 20:29:58', 'difference': '00:00:01', 'fileSize': '8.45 MB', 'attFileSize': '8.45 MB', 'hasXbrl': True}",0.0
AUROPHARMA,NSE_CORP_ANN,Trading Window,"Aurobindo Pharma Limited has informed the Exchange regarding the Trading Window closure pursuant to SEBI (Prohibition of Insider Trading) Regulations, 2015",,,"{'symbol': 'AUROPHARMA', 'desc': 'Trading Window', 'dt': '24122025115410', 'attchmntFile': 'https://nsearchives.nseindia.com/corporate/AUROPHARMA_24122025115337_LtrToSEsTradingWindowClosure24122025.pdf', 'sm_name': 'Aurobindo Pharma Limited', 'sm_isin': 'INE406A01029', 'an_dt': '24-Dec-2025 11:54:10', 'sort_date': '2025-12-24 11:54:10', 'seq_id': '106476170', 'smIndustry': 'Pharmaceuticals', 'orgid': None, 'attchmntText': 'Aurobindo Pharma Limited has informed the Exchange regarding the Trading Window closure pursuant to SEBI (Prohibition of Insider Trading) Regulations, 2015', 'bflag': None, 'old_new': None, 'csvName': None, 'exchdisstime': '24-Dec-2025 11:54:11', 'difference': '00:00:01', 'fileSize': '216.52 KB', 'attFileSize': '216.52 KB', 'hasXbrl': True}",0.0
AUROPHARMA,NSE_CORP_ANN,Acquisition,"Aurobindo Pharma Limited has informed the Exchange about acquisition of additional 20% stake in Luoxin Aurovitas Pharma (Chengdu) Co. Ltd, China, a joint venture company",,,"{'symbol': 'AUROPHARMA', 'desc': 'Acquisition', 'dt': '23122025132803', 'attchmntFile': 'https://nsearchives.nseindia.com/corporate/AUROPHARMA_23122025132653_LtrToSEsAcquisitionLuoxin23122025.pdf', 'sm_name': 'Aurobindo Pharma Limited', 'sm_isin': 'INE406A01029', 'an_dt': '23-Dec-2025 13:28:03', 'sort_date': '2025-12-23 13:28:03', 'seq_id': '106474977', 'smIndustry': 'Pharmaceuticals', 'orgid': None, 'attchmntText': 'Aurobindo Pharma Limited has informed the Exchange about acquisition of additional 20% stake in Luoxin Aurovitas Pharma (Chengdu) Co. Ltd, China, a joint venture company', 'bflag': None, 'old_new': None, 'csvName': None, 'exchdisstime': '23-Dec-2025 13:28:04', 'difference': '00:00:01', 'fileSize': '258.76 KB', 'attFileSize': '258.76 KB', 'hasXbrl': True}",0.0
DMART,NSE_CORP_ANN,General Updates,Avenue Supermarts Limited has informed the Exchange about Redemption of Commercial Paper (CP),,,"{'symbol': 'DMART', 'desc': 'General Updates', 'dt': '24122025174147', 'attchmntFile': 'https://nsearchives.nseindia.com/corporate/DMART_24122025174125_RedemptionofCP_24122025.pdf', 'sm_name': 'Avenue Supermarts Limited', 'sm_isin': 'INE192R01011', 'an_dt': '24-Dec-2025 17:41:47', 'sort_date': '2025-12-24 17:41:47', 'seq_id': '106476797', 'smIndustry': None, 'orgid': None, 'attchmntText': 'Avenue Supermarts Limited has informed the Exchange about Redemption of Commercial Paper (CP)', 'bflag': None, 'old_new': None, 'csvName': None, 'exchdisstime': '24-Dec-2025 17:41:48', 'difference': '00:00:01', 'fileSize': '689.72 KB', 'attFileSize': '689.72 KB', 'hasXbrl': True}",0.0
AXISBANK,NSE_CORP_ANN,ESOP/ESOS/ESPS,Axis Bank Limited has informed the Exchange regarding Allotment of 502455  Shares.,,,"{'symbol': 'AXISBANK', 'desc': 'ESOP/ESOS/ESPS', 'dt': '23122025184913', 'attchmntFile': 'https://nsearchives.nseindia.com/corporate/AXISBANK1_23122025184852_SE23122025signed.pdf', 'sm_name': 'Axis Bank Limited', 'sm_isin': 'INE238A01026', 'an_dt': '23-Dec-2025 18:49:13', 'sort_date': '2025-12-23 18:49:13', 'seq_id': '106475511', 'smIndustry': 'Banks', 'orgid': None, 'attchmntText': 'Axis Bank Limited has informed the Exchange regarding Allotment of 502455  Shares.', 'bflag': None, 'old_new': None, 'csvName': None, 'exchdisstime': '23-Dec-2025 18:49:14', 'difference': '00:00:01', 'fileSize': '2.98 MB', 'attFileSize': '2.98 MB', 'hasXbrl': True}",0.0
AXISBANK,NSE_CORP_ANN,Trading Window,"Axis Bank Limited has informed the Exchange regarding the Trading Window closure pursuant to SEBI (Prohibition of Insider Trading) Regulations, 2015",,,"{'symbol': 'AXISBANK', 'desc': 'Trading Window', 'dt': '23122025161016', 'attchmntFile': 'https://nsearchives.nseindia.com/corporate/AXISBANK1_23122025160738_SEIntimationTWCQ3Signed.pdf', 'sm_name': 'Axis Bank Limited', 'sm_isin': 'INE238A01026', 'an_dt': '23-Dec-2025 16:10:16', 'sort_date': '2025-12-23 16:10:16', 'seq_id': '106475173', 'smIndustry': 'Banks', 'orgid': None, 'attchmntText': 'Axis Bank Limited has informed the Exchange regarding the Trading Window closure pursuant to SEBI (Prohibition of Insider Trading) Regulations, 2015', 'bflag': None, 'old_new': None, 'csvName': None, 'exchdisstime': '23-Dec-2025 16:10:17', 'difference': '00:00:01', 'fileSize': '157.45 KB', 'attFileSize': '157.45 KB', 'hasXbrl': True}",0.0
AXISBANK,NSE_CORP_ANN,Shareholders meeting,Axis Bank Limited has informed the Exchange regarding Notice of Postal Ballot,,,"{'symbol': 'AXISBANK', 'desc': 'Shareholders meeting', 'dt': '19122025093836', 'attchmntFile': 'https://nsearchives.nseindia.com/corporate/AXISBANK1_19122025093718_SEintimationPostalBallot19122025-signed.pdf', 'sm_name': 'Axis Bank Limited', 'sm_isin': 'INE238A01026', 'an_dt': '19-Dec-2025 09:38:36', 'sort_date': '2025-12-19 09:38:36', 'seq_id': '106472025', 'smIndustry': 'Banks', 'orgid': None, 'attchmntText': 'Axis Bank Limited has informed the Exchange regarding Notice of Postal Ballot', 'bflag': None, 'old_new': None, 'csvName': None, 'exchdisstime': '19-Dec-2025 09:38:37', 'difference': '00:00:01', 'fileSize': '429.06 KB', 'attFileSize': '429.06 KB', 'hasXbrl': True}",0.0
BSE,NSE_CORP_ANN,News Verification,The Exchange has sought clarification from BSE Limited with respect to recent news item captioned BSE shares rise 3.5% as report says stock exchange plans to launch more monthly index option products.  The response from the Company is attached.,,,"{'symbol': 'BSE', 'desc': 'News Verification', 'dt': '23122025105441', 'attchmntFile': 'https://nsearchives.nseindia.com/corporate/BSE1_23122025105317_NSEIntimation.pdf', 'sm_name': 'BSE Limited', 'sm_isin': 'INE118H01025', 'an_dt': '23-Dec-2025 10:54:41', 'sort_date': '2025-12-23 10:54:41', 'seq_id': '106474735', 'smIndustry': None, 'orgid': None, 'attchmntText': 'The Exchange has sought clarification from BSE Limited with respect to recent news item captioned BSE shares rise 3.5% as report says stock exchange plans to launch more monthly index option products.  The response from the Company is attached.', 'bflag': None, 'old_new': None, 'csvName': None, 'exchdisstime': '23-Dec-2025 10:54:42', 'difference': '00:00:01', 'fileSize': '930.76 KB', 'attFileSize': '930.76 KB', 'hasXbrl': True}",0.0
BANKBARODA,NSE_CORP_ANN,Trading Window,"Bank Of Baroda has informed the Exchange regarding the Trading Window closure pursuant to SEBI (Prohibition of Insider Trading) Regulations, 2015",,,"{'symbol': 'BANKBARODA', 'desc': 'Trading Window', 'dt': '24122025161911', 'attchmntFile': 'https://nsearchives.nseindia.com/corporate/BANKBARODA_24122025161905_letter_to_stock_exchange_-_window_closure.pdf', 'sm_name': 'Bank of Baroda', 'sm_isin': 'INE028A01013', 'an_dt': '24-Dec-2025 16:19:11', 'sort_date': '2025-12-24 16:19:11', 'seq_id': '106476601', 'smIndustry': 'Banks', 'orgid': None, 'attchmntText': 'Bank Of Baroda has informed the Exchange regarding the Trading Window closure pursuant to SEBI (Prohibition of Insider Trading) Regulations, 2015', 'bflag': None, 'old_new': None, 'csvName': None, 'exchdisstime': '24-Dec-2025 16:19:12', 'difference': '00:00:01', 'fileSize': '272.42 KB', 'attFileSize': '272.42 KB', 'hasXbrl': True}",0.0
BANKBARODA,NSE_CORP_ANN,General Updates,Bank Of Baroda has informed the Exchange about Disclosure Under Regulation 30 of SEBI (LODR),,,"{'symbol': 'BANKBARODA', 'desc': 'General Updates', 'dt': '19122025201337', 'attchmntFile': 'https://nsearchives.nseindia.com/corporate/BANKBARODA_19122025201324_SEIntimation.pdf', 'sm_name': 'Bank of Baroda', 'sm_isin': 'INE028A01013', 'an_dt': '19-Dec-2025 20:13:37', 'sort_date': '2025-12-19 20:13:37', 'seq_id': '106472725', 'smIndustry': 'Banks', 'orgid': None, 'attchmntText': 'Bank Of Baroda has informed the Exchange about Disclosure Under Regulation 30 of SEBI (LODR)', 'bflag': None, 'old_new': None, 'csvName': None, 'exchdisstime': '19-Dec-2025 20:13:38', 'difference': '00:00:01', 'fileSize': '488.82 KB', 'attFileSize': '488.82 KB', 'hasXbrl': True}",0.0
BANKINDIA,NSE_CORP_ANN,Analysts/Institutional Investor Meet/Con. Call Updates,Bank Of India has informed the Exchange about Investor/Analyst Meet,,,"{'symbol': 'BANKINDIA', 'desc': 'Analysts/Institutional Investor Meet/Con. Call Updates', 'dt': '23122025173630', 'attchmntFile': 'https://nsearchives.nseindia.com/corporate/BANKINDIA5_23122025173604_Investormeeting.pdf', 'sm_name': 'Bank of India', 'sm_isin': 'INE084A01016', 'an_dt': '23-Dec-2025 17:36:30', 'sort_date': '2025-12-23 17:36:30', 'seq_id': '106475374', 'smIndustry': 'Banks', 'orgid': None, 'attchmntText': 'Bank Of India has informed the Exchange about Investor/Analyst Meet', 'bflag': None, 'old_new': None, 'csvName': None, 'exchdisstime': '23-Dec-2025 17:36:30', 'difference': '00:00:00', 'fileSize': '64.84 KB', 'attFileSize': '64.84 KB', 'hasXbrl': True}",0.0
BANKINDIA,NSE_CORP_ANN,Updates,"Bank Of India has informed the Exchange regarding 'Bank Of India has informed the Exchange regarding Fund raising through issue of Long Term Infra Bonds of Rs.10,000 Crores.'.",,,"{'symbol': 'BANKINDIA', 'desc': 'Updates', 'dt': '23122025152915', 'attchmntFile': 'https://nsearchives.nseindia.com/corporate/BANKINDIA2_23122025152859_Infrabondissue.pdf', 'sm_name': 'Bank of India', 'sm_isin': 'INE084A01016', 'an_dt': '23-Dec-2025 15:29:15', 'sort_date': '2025-12-23 15:29:15', 'seq_id': '106475101', 'smIndustry': 'Banks', 'orgid': None, 'attchmntText': ""Bank Of India has informed the Exchange regarding 'Bank Of India has informed the Exchange regarding Fund raising through issue of Long Term Infra Bonds of Rs.10,000 Crores.'."", 'bflag': None, 'old_new': None, 'csvName': None, 'exchdisstime': '23-Dec-2025 15:29:16', 'difference': '00:00:01', 'fileSize': '88.75 KB', 'attFileSize': '88.75 KB', 'hasXbrl': True}",0.0
BANKINDIA,NSE_CORP_ANN,Trading Window,"Bank Of India has informed the Exchange regarding the Trading Window closure pursuant to SEBI (Prohibition of Insider Trading) Regulations, 2015",,,"{'symbol': 'BANKINDIA', 'desc': 'Trading Window', 'dt': '22122025165947', 'attchmntFile': 'https://nsearchives.nseindia.com/corporate/BANKINDIA5_22122025165928_Q3FY26TradingWindowClosure.pdf', 'sm_name': 'Bank of India', 'sm_isin': 'INE084A01016', 'an_dt': '22-Dec-2025 16:59:47', 'sort_date': '2025-12-22 16:59:47', 'seq_id': '106473986', 'smIndustry': 'Banks', 'orgid': None, 'attchmntText': 'Bank Of India has informed the Exchange regarding the Trading Window closure pursuant to SEBI (Prohibition of Insider Trading) Regulations, 2015', 'bflag': None, 'old_new': None, 'csvName': None, 'exchdisstime': '22-Dec-2025 16:59:48', 'difference': '00:00:01', 'fileSize': '56.24 KB', 'attFileSize': '56.24 KB', 'hasXbrl': True}",0.0
BANKINDIA,NSE_CORP_ANN,Change in Management,Bank Of India has informed the Exchange about change in Assignment of Senior Management w.e.f. 20.12.2025.,,,"{'symbol': 'BANKINDIA', 'desc': 'Change in Management', 'dt': '20122025180024', 'attchmntFile': 'https://nsearchives.nseindia.com/corporate/BANKINDIA5_20122025180006_CGM.pdf', 'sm_name': 'Bank of India', 'sm_isin': 'INE084A01016', 'an_dt': '20-Dec-2025 18:00:24', 'sort_date': '2025-12-20 18:00:24', 'seq_id': '106473164', 'smIndustry': 'Banks', 'orgid': None, 'attchmntText': 'Bank Of India has informed the Exchange about change in Assignment of Senior Management w.e.f. 20.12.2025.', 'bflag': None, 'old_new': None, 'csvName': None, 'exchdisstime': '20-Dec-2025 18:00:25', 'difference': '00:00:01', 'fileSize': '73.79 KB', 'attFileSize': '73.79 KB', 'hasXbrl': True}",0.0
BANKINDIA,NSE_CORP_ANN,Credit Rating,Bank Of India has informed the Exchange about Credit Rating,,,"{'symbol': 'BANKINDIA', 'desc': 'Credit Rating', 'dt': '19122025172608', 'attchmntFile': 'https://nsearchives.nseindia.com/corporate/BANKINDIA5_19122025172543_CRISIL.pdf', 'sm_name': 'Bank of India', 'sm_isin': 'INE084A01016', 'an_dt': '19-Dec-2025 17:26:08', 'sort_date': '2025-12-19 17:26:08', 'seq_id': '106472516', 'smIndustry': 'Banks', 'orgid': None, 'attchmntText': 'Bank Of India has informed the Exchange about Credit Rating', 'bflag': None, 'old_new': None, 'csvName': None, 'exchdisstime': '19-Dec-2025 17:26:09', 'difference': '00:00:01', 'fileSize': '3.10 MB', 'attFileSize': '3.10 MB', 'hasXbrl': True}",0.0
BHARATFORG,NSE_CORP_ANN,Credit Rating,Bharat Forge Limited has informed the Exchange about Credit Rating,,,"{'symbol': 'BHARATFORG', 'desc': 'Credit Rating', 'dt': '20122025154557', 'attchmntFile': 'https://nsearchives.nseindia.com/corporate/ANILSHINDE_20122025154544_SEIntimationCreditRating.pdf', 'sm_name': 'Bharat Forge Limited', 'sm_isin': 'INE465A01025', 'an_dt': '20-Dec-2025 15:45:57', 'sort_date': '2025-12-20 15:45:57', 'seq_id': '106473122', 'smIndustry': 'Castings/Forgings', 'orgid': None, 'attchmntText': 'Bharat Forge Limited has informed the Exchange about Credit Rating', 'bflag': None, 'old_new': None, 'csvName': None, 'exchdisstime': '20-Dec-2025 15:45:57', 'difference': '00:00:00', 'fileSize': '172.25 KB', 'attFileSize': '172.25 KB', 'hasXbrl': True}",0.0
BHEL,NSE_CORP_ANN,Change in Management,Bharat Heavy Electricals Limited has informed the Exchange about change in Management,,,"{'symbol': 'BHEL', 'desc': 'Change in Management', 'dt': '25122025094809', 'attchmntFile': 'https://nsearchives.nseindia.com/corporate/BHELCC_25122025094752_BHEL_ChangeinManagement.pdf', 'sm_name': 'Bharat Heavy Electricals Limited', 'sm_isin': 'INE257A01018', 'an_dt': '25-Dec-2025 09:48:09', 'sort_date': '2025-12-25 09:48:09', 'seq_id': '106477232', 'smIndustry': 'Electrical Equipment', 'orgid': None, 'attchmntText': 'Bharat Heavy Electricals Limited has informed the Exchange about change in Management', 'bflag': None, 'old_new': None, 'csvName': None, 'exchdisstime': '25-Dec-2025 09:48:10', 'difference': '00:00:01', 'fileSize': '206.85 KB', 'attFileSize': '206.85 KB', 'hasXbrl': True}",0.0
BHEL,NSE_CORP_ANN,Action(s) initiated or orders passed,Bharat Heavy Electricals Limited has informed the Exchange about Action(s) initiated or orders passed,,,"{'symbol': 'BHEL', 'desc': 'Action(s) initiated or orders passed', 'dt': '24122025164506', 'attchmntFile': 'https://nsearchives.nseindia.com/corporate/BHELCC_24122025164241_BHELInformation_StockExchanges.pdf', 'sm_name': 'Bharat Heavy Electricals Limited', 'sm_isin': 'INE257A01018', 'an_dt': '24-Dec-2025 16:45:06', 'sort_date': '2025-12-24 16:45:06', 'seq_id': '106476649', 'smIndustry': 'Electrical Equipment', 'orgid': None, 'attchmntText': 'Bharat Heavy Electricals Limited has informed the Exchange about Action(s) initiated or orders passed', 'bflag': None, 'old_new': None, 'csvName': None, 'exchdisstime': '24-Dec-2025 16:45:07', 'difference': '00:00:01', 'fileSize': '205.47 KB', 'attFileSize': '205.47 KB', 'hasXbrl': True}",0.0
BPCL,NSE_CORP_ANN,Trading Window,"Bharat Petroleum Corporation Limited has informed the Exchange regarding the Trading Window closure pursuant to SEBI (Prohibition of Insider Trading) Regulations, 2015",,,"{'symbol': 'BPCL', 'desc': 'Trading Window', 'dt': '22122025161242', 'attchmntFile': 'https://nsearchives.nseindia.com/corporate/BPCL22_22122025161235_stexchwindowclosure221225s.pdf', 'sm_name': 'Bharat Petroleum Corporation Limited', 'sm_isin': 'INE029A01011', 'an_dt': '22-Dec-2025 16:12:42', 'sort_date': '2025-12-22 16:12:42', 'seq_id': '106473921', 'smIndustry': 'Refineries', 'orgid': None, 'attchmntText': 'Bharat Petroleum Corporation Limited has informed the Exchange regarding the Trading Window closure pursuant to SEBI (Prohibition of Insider Trading) Regulations, 2015', 'bflag': None, 'old_new': None, 'csvName': None, 'exchdisstime': '22-Dec-2025 16:12:42', 'difference': '00:00:00', 'fileSize': '290.86 KB', 'attFileSize': '290.86 KB', 'hasXbrl': True}",0.0
BHARTIARTL,NSE_CORP_ANN,Action(s) taken or orders passed,Bharti Airtel Limited has informed the Exchange about Action(s) taken or orders passed,,,"{'symbol': 'BHARTIARTL', 'desc': 'Action(s) taken or orders passed', 'dt': '24122025162958', 'attchmntFile': 'https://nsearchives.nseindia.com/corporate/BHARTIARTL_24122025162726_Bharti_Airtel_-_Reg_30_disclosure.pdf', 'sm_name': 'Bharti Airtel Limited', 'sm_isin': 'INE397D01024', 'an_dt': '24-Dec-2025 16:29:58', 'sort_date': '2025-12-24 16:29:58', 'seq_id': '106476623', 'smIndustry': 'Telecommunication - Services', 'orgid': None, 'attchmntText': 'Bharti Airtel Limited has informed the Exchange about Action(s) taken or orders passed', 'bflag': None, 'old_new': None, 'csvName': None, 'exchdisstime': '24-Dec-2025 16:29:59', 'difference': '00:00:01', 'fileSize': '288.64 KB', 'attFileSize': '288.64 KB', 'hasXbrl': True}",0.0
BHARTIARTL,NSE_CORP_ANN,Copy of Newspaper Publication,Bharti Airtel Limited has informed the Exchange about Copy of Newspaper Publication,,,"{'symbol': 'BHARTIARTL', 'desc': 'Copy of Newspaper Publication', 'dt': '19122025134716', 'attchmntFile': 'https://nsearchives.nseindia.com/corporate/BHARTIARTL_19122025134631_StxnewsDec19Signed.pdf', 'sm_name': 'Bharti Airtel Limited', 'sm_isin': 'INE397D01024', 'an_dt': '19-Dec-2025 13:47:16', 'sort_date': '2025-12-19 13:47:16', 'seq_id': '106472320', 'smIndustry': 'Telecommunication - Services', 'orgid': None, 'attchmntText': 'Bharti Airtel Limited has informed the Exchange about Copy of Newspaper Publication', 'bflag': None, 'old_new': None, 'csvName': None, 'exchdisstime': '19-Dec-2025 13:47:17', 'difference': '00:00:01', 'fileSize': '2.59 MB', 'attFileSize': '2.59 MB', 'hasXbrl': True}",0.0
BIOCON,NSE_CORP_ANN,General Updates,Biocon Limited has informed the Exchange about Intimation of Record Date for Commercial Paper,,,"{'symbol': 'BIOCON', 'desc': 'General Updates', 'dt': '24122025202743', 'attchmntFile': 'https://nsearchives.nseindia.com/corporate/BIOCON_24122025202728_SERecord_date.pdf', 'sm_name': 'Biocon Limited', 'sm_isin': 'INE376G01013', 'an_dt': '24-Dec-2025 20:27:43', 'sort_date': '2025-12-24 20:27:43', 'seq_id': '106476969', 'smIndustry': 'Pharmaceuticals', 'orgid': None, 'attchmntText': 'Biocon Limited has informed the Exchange about Intimation of Record Date for Commercial Paper', 'bflag': None, 'old_new': None, 'csvName': None, 'exchdisstime': '24-Dec-2025 20:27:44', 'difference': '00:00:01', 'fileSize': '2.98 MB', 'attFileSize': '2.98 MB', 'hasXbrl': True}",0.0
BIOCON,NSE_CORP_ANN,Press Release,"Biocon Limited has informed the Exchange regarding a press release dated December 23, 2025, titled ""Biocon Limited signs out-licensing agreement with Ajanta to market Semaglutide in 26 countries"".",,,"{'symbol': 'BIOCON', 'desc': 'Press Release', 'dt': '23122025173431', 'attchmntFile': 'https://nsearchives.nseindia.com/corporate/BIOCON_23122025173405_Cover_Letter_pressrelease.pdf', 'sm_name': 'Biocon Limited', 'sm_isin': 'INE376G01013', 'an_dt': '23-Dec-2025 17:34:31', 'sort_date': '2025-12-23 17:34:31', 'seq_id': '106475371', 'smIndustry': 'Pharmaceuticals', 'orgid': None, 'attchmntText': 'Biocon Limited has informed the Exchange regarding a press release dated December 23, 2025, titled ""Biocon Limited signs out-licensing agreement with Ajanta to market Semaglutide in 26 countries"".', 'bflag': None, 'old_new': None, 'csvName': None, 'exchdisstime': '23-Dec-2025 17:34:32', 'difference': '00:00:01', 'fileSize': '3.15 MB', 'attFileSize': '3.15 MB', 'hasXbrl': True}",0.0
BLUESTARCO,NSE_CORP_ANN,Trading Window,"Blue Star Limited has informed the Exchange regarding the Trading Window closure pursuant to SEBI (Prohibition of Insider Trading) Regulations, 2015",,,"{'symbol': 'BLUESTARCO', 'desc': 'Trading Window', 'dt': '24122025210855', 'attchmntFile': 'https://nsearchives.nseindia.com/corporate/BLUESTARCO_24122025210843_IntimationoftradingwindowclosureQ3FY26.pdf', 'sm_name': 'Blue Star Limited', 'sm_isin': 'INE472A01039', 'an_dt': '24-Dec-2025 21:08:55', 'sort_date': '2025-12-24 21:08:55', 'seq_id': '106476982', 'smIndustry': 'Airconditioners', 'orgid': None, 'attchmntText': 'Blue Star Limited has informed the Exchange regarding the Trading Window closure pursuant to SEBI (Prohibition of Insider Trading) Regulations, 2015', 'bflag': None, 'old_new': None, 'csvName': None, 'exchdisstime': '24-Dec-2025 21:08:56', 'difference': '00:00:01', 'fileSize': '239.94 KB', 'attFileSize': '239.94 KB', 'hasXbrl': True}",0.0
BOSCHLTD,NSE_CORP_ANN,Action(s) taken or orders passed,Bosch Limited has informed the Exchange about Action(s) taken or orders passed,,,"{'symbol': 'BOSCHLTD', 'desc': 'Action(s) taken or orders passed', 'dt': '22122025181859', 'attchmntFile': 'https://nsearchives.nseindia.com/corporate/BOSCHLTD2025_22122025181738_LtoSE22122025.pdf', 'sm_name': 'Bosch Limited', 'sm_isin': 'INE323A01026', 'an_dt': '22-Dec-2025 18:18:59', 'sort_date': '2025-12-22 18:18:59', 'seq_id': '106474138', 'smIndustry': 'Auto Ancillaries', 'orgid': None, 'attchmntText': 'Bosch Limited has informed the Exchange about Action(s) taken or orders passed', 'bflag': None, 'old_new': None, 'csvName': None, 'exchdisstime': '22-Dec-2025 18:19:00', 'difference': '00:00:01', 'fileSize': '2.92 MB', 'attFileSize': '2.92 MB', 'hasXbrl': True}",0.0
BRITANNIA,NSE_CORP_ANN,Action(s) taken or orders passed,"Pursuant to Regulation 30 read with Clause 20 of Para A of Part A of Schedule III of the SEBI Listing Regulations, 2015, this is to inform you that the Company has received an Order from the Office of the Deputy Commissioner of State Tax, Mumbai Audit Zone III 504, Mazgaon, Mumbai.",,,"{'symbol': 'BRITANNIA', 'desc': 'Action(s) taken or orders passed', 'dt': '19122025153453', 'attchmntFile': 'https://nsearchives.nseindia.com/corporate/BRITANNIA1_19122025153221_Intimation_signed.pdf', 'sm_name': 'Britannia Industries Limited', 'sm_isin': 'INE216A01014', 'an_dt': '19-Dec-2025 15:34:53', 'sort_date': '2025-12-19 15:34:53', 'seq_id': '106472375', 'smIndustry': 'Food And Food Processing', 'orgid': None, 'attchmntText': 'Pursuant to Regulation 30 read with Clause 20 of Para A of Part A of Schedule III of the SEBI Listing Regulations, 2015, this is to inform you that the Company has received an Order from the Office of the Deputy Commissioner of State Tax, Mumbai Audit Zone III 504, Mazgaon, Mumbai.', 'bflag': None, 'old_new': None, 'csvName': None, 'exchdisstime': '19-Dec-2025 15:34:53', 'difference': '00:00:00', 'fileSize': '542.30 KB', 'attFileSize': '542.30 KB', 'hasXbrl': True}",0.0
CGPOWER,NSE_CORP_ANN,Allotment of Securities,"CG Power and Industrial Solutions Limited has informed the Exchange regarding allotment of 5000 securities pursuant to ESOP/ESPS at its meeting held on December 23, 2025",,,"{'symbol': 'CGPOWER', 'desc': 'Allotment of Securities', 'dt': '23122025141333', 'attchmntFile': 'https://nsearchives.nseindia.com/corporate/CGPOWER_23122025141158_Disclosure_Allotment_23122025.pdf', 'sm_name': 'CG Power and Industrial Solutions Limited', 'sm_isin': 'INE067A01029', 'an_dt': '23-Dec-2025 14:13:33', 'sort_date': '2025-12-23 14:13:33', 'seq_id': '106475012', 'smIndustry': None, 'orgid': None, 'attchmntText': 'CG Power and Industrial Solutions Limited has informed the Exchange regarding allotment of 5000 securities pursuant to ESOP/ESPS at its meeting held on December 23, 2025', 'bflag': None, 'old_new': None, 'csvName': None, 'exchdisstime': '23-Dec-2025 14:13:35', 'difference': '00:00:02', 'fileSize': '425.31 KB', 'attFileSize': '425.31 KB', 'hasXbrl': True}",0.0
CGPOWER,NSE_CORP_ANN,Analysts/Institutional Investor Meet/Con. Call Updates,CG Power and Industrial Solutions Limited has informed the Exchange about Schedule of meet,,,"{'symbol': 'CGPOWER', 'desc': 'Analysts/Institutional Investor Meet/Con. Call Updates', 'dt': '23122025093730', 'attchmntFile': 'https://nsearchives.nseindia.com/corporate/CGPOWER_23122025093528_Intimation_of_Analyst_call_23_12_2025.pdf', 'sm_name': 'CG Power and Industrial Solutions Limited', 'sm_isin': 'INE067A01029', 'an_dt': '23-Dec-2025 09:37:30', 'sort_date': '2025-12-23 09:37:30', 'seq_id': '106474594', 'smIndustry': None, 'orgid': None, 'attchmntText': 'CG Power and Industrial Solutions Limited has informed the Exchange about Schedule of meet', 'bflag': None, 'old_new': None, 'csvName': None, 'exchdisstime': '23-Dec-2025 09:37:31', 'difference': '00:00:01', 'fileSize': '422.45 KB', 'attFileSize': '422.45 KB', 'hasXbrl': True}",0.0
CANBK,NSE_CORP_ANN,Updates,Canara Bank has informed the Exchange regarding Credit Confirmation of Annual Interest Payment.,,,"{'symbol': 'CANBK', 'desc': 'Updates', 'dt': '24122025143409', 'attchmntFile': 'https://nsearchives.nseindia.com/corporate/CANBK_24122025143352_intsigned.pdf', 'sm_name': 'Canara Bank', 'sm_isin': 'INE476A01014', 'an_dt': '24-Dec-2025 14:34:09', 'sort_date': '2025-12-24 14:34:09', 'seq_id': '106476391', 'smIndustry': 'Banks', 'orgid': None, 'attchmntText': 'Canara Bank has informed the Exchange regarding Credit Confirmation of Annual Interest Payment.', 'bflag': None, 'old_new': None, 'csvName': None, 'exchdisstime': '24-Dec-2025 14:34:11', 'difference': '00:00:02', 'fileSize': '849.31 KB', 'attFileSize': '849.31 KB', 'hasXbrl': True}",0.0
CANBK,NSE_CORP_ANN,Trading Window,"Canara Bank has informed the Exchange regarding the Trading Window closure pursuant to SEBI (Prohibition of Insider Trading) Regulations, 2015",,,"{'symbol': 'CANBK', 'desc': 'Trading Window', 'dt': '24122025124732', 'attchmntFile': 'https://nsearchives.nseindia.com/corporate/CANBK_24122025124720_LettertoSE24122025Sd.pdf', 'sm_name': 'Canara Bank', 'sm_isin': 'INE476A01014', 'an_dt': '24-Dec-2025 12:47:32', 'sort_date': '2025-12-24 12:47:32', 'seq_id': '106476272', 'smIndustry': 'Banks', 'orgid': None, 'attchmntText': 'Canara Bank has informed the Exchange regarding the Trading Window closure pursuant to SEBI (Prohibition of Insider Trading) Regulations, 2015', 'bflag': None, 'old_new': None, 'csvName': None, 'exchdisstime': '24-Dec-2025 12:47:33', 'difference': '00:00:01', 'fileSize': '614.21 KB', 'attFileSize': '614.21 KB', 'hasXbrl': True}",0.0
CDSL,NSE_CORP_ANN,Pendency of Litigation(s)/dispute(s) or the outcome impacting the Company,CDSL has informed the Exchange about Pendency of Litigation(s)/dispute(s) or the outcome impacting the Company.,,,"{'symbol': 'CDSL', 'desc': 'Pendency of Litigation(s)/dispute(s) or the outcome impacting the Company', 'dt': '24122025183538', 'attchmntFile': 'https://nsearchives.nseindia.com/corporate/CDSL_24122025183500_NSE_Intimation-_Nimish_Shah_Signed.pdf', 'sm_name': 'Central Depository Services (India) Limited', 'sm_isin': 'INE736A01011', 'an_dt': '24-Dec-2025 18:35:38', 'sort_date': '2025-12-24 18:35:38', 'seq_id': '106476887', 'smIndustry': None, 'orgid': None, 'attchmntText': 'CDSL has informed the Exchange about Pendency of Litigation(s)/dispute(s) or the outcome impacting the Company.', 'bflag': None, 'old_new': None, 'csvName': None, 'exchdisstime': '24-Dec-2025 18:35:39', 'difference': '00:00:01', 'fileSize': '308.39 KB', 'attFileSize': '308.39 KB', 'hasXbrl': True}",0.0
CDSL,NSE_CORP_ANN,Analysts/Institutional Investor Meet/Con. Call Updates,"CDSL has informed the Exchange about the schedule of the Analyst Meet to be held on Friday, December 26, 2025.",,,"{'symbol': 'CDSL', 'desc': 'Analysts/Institutional Investor Meet/Con. Call Updates', 'dt': '22122025183612', 'attchmntFile': 'https://nsearchives.nseindia.com/corporate/CDSL_22122025183530_ConCallInvite_Dec26_2025_Signed.pdf', 'sm_name': 'Central Depository Services (India) Limited', 'sm_isin': 'INE736A01011', 'an_dt': '22-Dec-2025 18:36:12', 'sort_date': '2025-12-22 18:36:12', 'seq_id': '106474161', 'smIndustry': None, 'orgid': None, 'attchmntText': 'CDSL has informed the Exchange about the schedule of the Analyst Meet to be held on Friday, December 26, 2025.', 'bflag': None, 'old_new': None, 'csvName': None, 'exchdisstime': '22-Dec-2025 18:36:14', 'difference': '00:00:02', 'fileSize': '292.67 KB', 'attFileSize': '292.67 KB', 'hasXbrl': True}",0.0
CHOLAFIN,NSE_CORP_ANN,Allotment of Securities,"Cholamandalam Investment and Finance Company Limited has informed the Exchange regarding allotment of 100100 securities pursuant to Non Convertible Securities at its meeting held on December 24, 2025",,,"{'symbol': 'CHOLAFIN', 'desc': 'Allotment of Securities', 'dt': '24122025194549', 'attchmntFile': 'https://nsearchives.nseindia.com/corporate/JashJS_24122025194530_NSEIntimationSEBIReg30Allotment657.pdf', 'sm_name': 'Cholamandalam Investment and Finance Company Limited', 'sm_isin': 'INE121A01016', 'an_dt': '24-Dec-2025 19:45:49', 'sort_date': '2025-12-24 19:45:49', 'seq_id': '106476956', 'smIndustry': 'Finance', 'orgid': None, 'attchmntText': 'Cholamandalam Investment and Finance Company Limited has informed the Exchange regarding allotment of 100100 securities pursuant to Non Convertible Securities at its meeting held on December 24, 2025', 'bflag': None, 'old_new': None, 'csvName': None, 'exchdisstime': '24-Dec-2025 19:45:50', 'difference': '00:00:01', 'fileSize': '316.77 KB', 'attFileSize': '316.77 KB', 'hasXbrl': True}",0.0
CHOLAFIN,NSE_CORP_ANN,Analysts/Institutional Investor Meet/Con. Call Updates,Cholamandalam Investment and Finance Company Limited has informed the Exchange about Link of Recording,,,"{'symbol': 'CHOLAFIN', 'desc': 'Analysts/Institutional Investor Meet/Con. Call Updates', 'dt': '23122025162834', 'attchmntFile': 'https://nsearchives.nseindia.com/corporate/lakshmits_23122025160949_Intimation_AudioRecordingUpload_23Dec2025.pdf', 'sm_name': 'Cholamandalam Investment and Finance Company Limited', 'sm_isin': 'INE121A01016', 'an_dt': '23-Dec-2025 16:28:34', 'sort_date': '2025-12-23 16:28:34', 'seq_id': '106475221', 'smIndustry': 'Finance', 'orgid': None, 'attchmntText': 'Cholamandalam Investment and Finance Company Limited has informed the Exchange about Link of Recording', 'bflag': None, 'old_new': None, 'csvName': None, 'exchdisstime': '23-Dec-2025 16:28:35', 'difference': '00:00:01', 'fileSize': '280.72 KB', 'attFileSize': '280.72 KB', 'hasXbrl': True}",0.0
CHOLAFIN,NSE_CORP_ANN,Rumour Verification - Regulation 30(11),Cholamandalam Investment and Finance Company Limited has informed the Exchange about Rumour Verification - Regulation 30(11),,,"{'symbol': 'CHOLAFIN', 'desc': 'Rumour Verification - Regulation 30(11)', 'dt': '23122025100142', 'attchmntFile': 'https://nsearchives.nseindia.com/corporate/lakshmits_23122025100127_SEletterfordsc.pdf', 'sm_name': 'Cholamandalam Investment and Finance Company Limited', 'sm_isin': 'INE121A01016', 'an_dt': '23-Dec-2025 10:01:42', 'sort_date': '2025-12-23 10:01:42', 'seq_id': '106474646', 'smIndustry': 'Finance', 'orgid': None, 'attchmntText': 'Cholamandalam Investment and Finance Company Limited has informed the Exchange about Rumour Verification - Regulation 30(11)', 'bflag': None, 'old_new': None, 'csvName': None, 'exchdisstime': '23-Dec-2025 10:01:44', 'difference': '00:00:02', 'fileSize': '3.02 MB', 'attFileSize': '3.02 MB', 'hasXbrl': True}",0.0
CIPLA,NSE_CORP_ANN,General Updates,Cipla Limited has informed the Exchange about General Updates,,,"{'symbol': 'CIPLA', 'desc': 'General Updates', 'dt': '22122025190248', 'attchmntFile': 'https://nsearchives.nseindia.com/corporate/CIPLA_22122025190111_ESGRating2025_signed.pdf', 'sm_name': 'Cipla Limited', 'sm_isin': 'INE059A01026', 'an_dt': '22-Dec-2025 19:02:48', 'sort_date': '2025-12-22 19:02:48', 'seq_id': '106474202', 'smIndustry': 'Pharmaceuticals', 'orgid': None, 'attchmntText': 'Cipla Limited has informed the Exchange about General Updates', 'bflag': None, 'old_new': None, 'csvName': None, 'exchdisstime': '22-Dec-2025 19:02:50', 'difference': '00:00:02', 'fileSize': '161.98 KB', 'attFileSize': '161.98 KB', 'hasXbrl': True}",0.0
CIPLA,NSE_CORP_ANN,"Arrangements for strategic, technical, manufacturing, or marketing tie up",Cipla Limited has informed the exchange that it has entered into an exclusive Supply and Marketing Agreement for Pfizer s brands,,,"{'symbol': 'CIPLA', 'desc': 'Arrangements for strategic, technical, manufacturing, or marketing tie up', 'dt': '19122025113050', 'attchmntFile': 'https://nsearchives.nseindia.com/corporate/CIPLA_19122025112751_SE_Pfizer_deal_19122025_Final_Signed.pdf', 'sm_name': 'Cipla Limited', 'sm_isin': 'INE059A01026', 'an_dt': '19-Dec-2025 11:30:50', 'sort_date': '2025-12-19 11:30:50', 'seq_id': '106472198', 'smIndustry': 'Pharmaceuticals', 'orgid': None, 'attchmntText': 'Cipla Limited has informed the exchange that it has entered into an exclusive Supply and Marketing Agreement for Pfizer s brands', 'bflag': None, 'old_new': None, 'csvName': None, 'exchdisstime': '19-Dec-2025 11:30:51', 'difference': '00:00:01', 'fileSize': '399.20 KB', 'attFileSize': '399.20 KB', 'hasXbrl': True}",0.0
COALINDIA,NSE_CORP_ANN,General Updates,"Coal India Limited has informed the Exchange about General Updates-In-principle approval of Listing of South Eastern Coalfields Limited (SECL), a Wholly owned subsidiary of Coal India Limited.",,,"{'symbol': 'COALINDIA', 'desc': 'General Updates', 'dt': '23122025170622', 'attchmntFile': 'https://nsearchives.nseindia.com/corporate/COALINDIA_23122025170609_SECLsigned.pdf', 'sm_name': 'Coal India Limited', 'sm_isin': 'INE522F01014', 'an_dt': '23-Dec-2025 17:06:22', 'sort_date': '2025-12-23 17:06:22', 'seq_id': '106475316', 'smIndustry': 'Mining', 'orgid': None, 'attchmntText': 'Coal India Limited has informed the Exchange about General Updates-In-principle approval of Listing of South Eastern Coalfields Limited (SECL), a Wholly owned subsidiary of Coal India Limited.', 'bflag': None, 'old_new': None, 'csvName': None, 'exchdisstime': '23-Dec-2025 17:06:22', 'difference': '00:00:00', 'fileSize': '651.30 KB', 'attFileSize': '651.30 KB', 'hasXbrl': True}",0.0
COALINDIA,NSE_CORP_ANN,Rumour Verification - Regulation 30(11),"Coal India Limited has informed the Exchange about Rumour Verification - Regulation 30(11)-Intimation under Regulation 30(11) of SEBI (Listing Obligations &Disclosure Requirements) Regulations, 2015",,,"{'symbol': 'COALINDIA', 'desc': 'Rumour Verification - Regulation 30(11)', 'dt': '23122025160542', 'attchmntFile': 'https://nsearchives.nseindia.com/corporate/COALINDIA_23122025160527_signedMPM.pdf', 'sm_name': 'Coal India Limited', 'sm_isin': 'INE522F01014', 'an_dt': '23-Dec-2025 16:05:42', 'sort_date': '2025-12-23 16:05:42', 'seq_id': '106475164', 'smIndustry': 'Mining', 'orgid': None, 'attchmntText': 'Coal India Limited has informed the Exchange about Rumour Verification - Regulation 30(11)-Intimation under Regulation 30(11) of SEBI (Listing Obligations &Disclosure Requirements) Regulations, 2015', 'bflag': None, 'old_new': None, 'csvName': None, 'exchdisstime': '23-Dec-2025 16:05:43', 'difference': '00:00:01', 'fileSize': '649.09 KB', 'attFileSize': '649.09 KB', 'hasXbrl': True}",0.0
COFORGE,NSE_CORP_ANN,Press Release,"Coforge Limited has informed the Exchange regarding a press release dated December 24, 2025, titled ""Coforge Launches EvolveOps.AI: Agentic AI-Powered IT Operations Platform for Enhanced Business Resiliency from Edge to Cloud"".",,,"{'symbol': 'COFORGE', 'desc': 'Press Release', 'dt': '24122025124415', 'attchmntFile': 'https://nsearchives.nseindia.com/corporate/COFORGE_24122025124052_PRDec24.pdf', 'sm_name': 'Coforge Limited', 'sm_isin': 'INE591G01017', 'an_dt': '24-Dec-2025 12:44:15', 'sort_date': '2025-12-24 12:44:15', 'seq_id': '106476266', 'smIndustry': None, 'orgid': None, 'attchmntText': 'Coforge Limited has informed the Exchange regarding a press release dated December 24, 2025, titled ""Coforge Launches EvolveOps.AI: Agentic AI-Powered IT Operations Platform for Enhanced Business Resiliency from Edge to Cloud"".', 'bflag': None, 'old_new': None, 'csvName': None, 'exchdisstime': '24-Dec-2025 12:44:16', 'difference': '00:00:01', 'fileSize': '310.68 KB', 'attFileSize': '310.68 KB', 'hasXbrl': True}",0.0
COFORGE,NSE_CORP_ANN,Trading Window,"Coforge Limited has informed the Exchange regarding the Trading Window closure pursuant to SEBI (Prohibition of Insider Trading) Regulations, 2015",,,"{'symbol': 'COFORGE', 'desc': 'Trading Window', 'dt': '23122025000224', 'attchmntFile': 'https://nsearchives.nseindia.com/corporate/COFORGE_23122025000213_Intimation.pdf', 'sm_name': 'Coforge Limited', 'sm_isin': 'INE591G01017', 'an_dt': '23-Dec-2025 00:02:24', 'sort_date': '2025-12-23 00:02:24', 'seq_id': '106474489', 'smIndustry': None, 'orgid': None, 'attchmntText': 'Coforge Limited has informed the Exchange regarding the Trading Window closure pursuant to SEBI (Prohibition of Insider Trading) Regulations, 2015', 'bflag': None, 'old_new': None, 'csvName': None, 'exchdisstime': '23-Dec-2025 00:02:25', 'difference': '00:00:01', 'fileSize': '353.01 KB', 'attFileSize': '353.01 KB', 'hasXbrl': True}",0.0
COFORGE,NSE_CORP_ANN,Analysts/Institutional Investor Meet/Con. Call Updates,Coforge Limited has informed the Exchange about Schedule of meet,,,"{'symbol': 'COFORGE', 'desc': 'Analysts/Institutional Investor Meet/Con. Call Updates', 'dt': '22122025235826', 'attchmntFile': 'https://nsearchives.nseindia.com/corporate/COFORGE_22122025235810_Intimation.pdf', 'sm_name': 'Coforge Limited', 'sm_isin': 'INE591G01017', 'an_dt': '22-Dec-2025 23:58:26', 'sort_date': '2025-12-22 23:58:26', 'seq_id': '106474486', 'smIndustry': None, 'orgid': None, 'attchmntText': 'Coforge Limited has informed the Exchange about Schedule of meet', 'bflag': None, 'old_new': None, 'csvName': None, 'exchdisstime': '22-Dec-2025 23:58:27', 'difference': '00:00:01', 'fileSize': '353.01 KB', 'attFileSize': '353.01 KB', 'hasXbrl': True}",0.0
CAMS,NSE_CORP_ANN,Analysts/Institutional Investor Meet/Con. Call Updates,Computer Age Management Services Limited has informed the Exchange about Schedule of meet,,,"{'symbol': 'CAMS', 'desc': 'Analysts/Institutional Investor Meet/Con. Call Updates', 'dt': '23122025115023', 'attchmntFile': 'https://nsearchives.nseindia.com/corporate/Jaiganesh_23122025115014_Earnings_Call_Intimation_Final.pdf', 'sm_name': 'Computer Age Management Services Limited', 'sm_isin': 'INE596I01012', 'an_dt': '23-Dec-2025 11:50:23', 'sort_date': '2025-12-23 11:50:23', 'seq_id': '106474854', 'smIndustry': None, 'orgid': None, 'attchmntText': 'Computer Age Management Services Limited has informed the Exchange about Schedule of meet', 'bflag': None, 'old_new': None, 'csvName': None, 'exchdisstime': '23-Dec-2025 11:50:24', 'difference': '00:00:01', 'fileSize': '770.15 KB', 'attFileSize': '770.15 KB', 'hasXbrl': True}",0.0
CAMS,NSE_CORP_ANN,Trading Window,"Computer Age Management Services Limited has informed the Exchange regarding the Trading Window closure pursuant to SEBI (Prohibition of Insider Trading) Regulations, 2015",,,"{'symbol': 'CAMS', 'desc': 'Trading Window', 'dt': '23122025112018', 'attchmntFile': 'https://nsearchives.nseindia.com/corporate/Palaki_23122025112005_Trading_window_closure.pdf', 'sm_name': 'Computer Age Management Services Limited', 'sm_isin': 'INE596I01012', 'an_dt': '23-Dec-2025 11:20:18', 'sort_date': '2025-12-23 11:20:18', 'seq_id': '106474770', 'smIndustry': None, 'orgid': None, 'attchmntText': 'Computer Age Management Services Limited has informed the Exchange regarding the Trading Window closure pursuant to SEBI (Prohibition of Insider Trading) Regulations, 2015', 'bflag': None, 'old_new': None, 'csvName': None, 'exchdisstime': '23-Dec-2025 11:20:19', 'difference': '00:00:01', 'fileSize': '670.12 KB', 'attFileSize': '670.12 KB', 'hasXbrl': True}",0.0
CAMS,NSE_CORP_ANN,Change in Director(s),Computer Age Management Services Limited has informed the Exchange regarding Change in Director(s) of the company.,,,"{'symbol': 'CAMS', 'desc': 'Change in Director(s)', 'dt': '22122025133827', 'attchmntFile': 'https://nsearchives.nseindia.com/corporate/Palaki_22122025133818_CAMS_Outcome_of_the_Board_meeting.pdf', 'sm_name': 'Computer Age Management Services Limited', 'sm_isin': 'INE596I01012', 'an_dt': '22-Dec-2025 13:38:27', 'sort_date': '2025-12-22 13:38:27', 'seq_id': '106473765', 'smIndustry': None, 'orgid': None, 'attchmntText': 'Computer Age Management Services Limited has informed the Exchange regarding Change in Director(s) of the company.', 'bflag': None, 'old_new': None, 'csvName': None, 'exchdisstime': '22-Dec-2025 13:38:28', 'difference': '00:00:01', 'fileSize': '678.64 KB', 'attFileSize': '678.64 KB', 'hasXbrl': True}",0.0
CAMS,NSE_CORP_ANN,Outcome of Board Meeting,"Computer Age Management Services Limited has informed the Exchange regarding  Board meeting held on December 22, 2025.",,,"{'symbol': 'CAMS', 'desc': 'Outcome of Board Meeting', 'dt': '22122025131850', 'attchmntFile': 'https://nsearchives.nseindia.com/corporate/Palaki_22122025131825_CAMS_Outcome_of_the_Board_meeting.pdf', 'sm_name': 'Computer Age Management Services Limited', 'sm_isin': 'INE596I01012', 'an_dt': '22-Dec-2025 13:18:50', 'sort_date': '2025-12-22 13:18:50', 'seq_id': '106473748', 'smIndustry': None, 'orgid': None, 'attchmntText': 'Computer Age Management Services Limited has informed the Exchange regarding  Board meeting held on December 22, 2025.', 'bflag': None, 'old_new': None, 'csvName': None, 'exchdisstime': '22-Dec-2025 13:18:50', 'difference': '00:00:00', 'fileSize': '678.64 KB', 'attFileSize': '678.64 KB', 'hasXbrl': True}",0.0
CONCOR,NSE_CORP_ANN,General Updates,Disclosure under Regulation 30 of SEBI (LODR) Regulations 2015,,,"{'symbol': 'CONCOR', 'desc': 'General Updates', 'dt': '22122025125543', 'attchmntFile': 'https://nsearchives.nseindia.com/corporate/CONCOR_22122025125523_CONCOR_SE_22122025.pdf', 'sm_name': 'Container Corporation of India Limited', 'sm_isin': 'INE111A01017', 'an_dt': '22-Dec-2025 12:55:43', 'sort_date': '2025-12-22 12:55:43', 'seq_id': '106473728', 'smIndustry': 'Travel And Transport', 'orgid': None, 'attchmntText': 'Disclosure under Regulation 30 of SEBI (LODR) Regulations 2015', 'bflag': None, 'old_new': None, 'csvName': None, 'exchdisstime': '22-Dec-2025 12:55:44', 'difference': '00:00:01', 'fileSize': '560.46 KB', 'attFileSize': '560.46 KB', 'hasXbrl': True}",0.0
CONCOR,NSE_CORP_ANN,Change in Management,Container Corporation Of India Limited has informed the Exchange about change in Management,,,"{'symbol': 'CONCOR', 'desc': 'Change in Management', 'dt': '19122025174842', 'attchmntFile': 'https://nsearchives.nseindia.com/corporate/CONCOR_19122025174815_CONCOR_SE_19122025.pdf', 'sm_name': 'Container Corporation of India Limited', 'sm_isin': 'INE111A01017', 'an_dt': '19-Dec-2025 17:48:42', 'sort_date': '2025-12-19 17:48:42', 'seq_id': '106472545', 'smIndustry': 'Travel And Transport', 'orgid': None, 'attchmntText': 'Container Corporation Of India Limited has informed the Exchange about change in Management', 'bflag': None, 'old_new': None, 'csvName': None, 'exchdisstime': '19-Dec-2025 17:48:44', 'difference': '00:00:02', 'fileSize': '556.50 KB', 'attFileSize': '556.50 KB', 'hasXbrl': True}",0.0
CROMPTON,NSE_CORP_ANN,Action(s) taken or orders passed,Crompton Greaves Consumer Electricals Limited has informed the Exchange about Action(s) taken or orders passed,,,"{'symbol': 'CROMPTON', 'desc': 'Action(s) taken or orders passed', 'dt': '25122025222514', 'attchmntFile': 'https://nsearchives.nseindia.com/corporate/Crompton123_25122025222438_IntimationforOrderspassed251225.pdf', 'sm_name': 'Crompton Greaves Consumer Electricals Limited', 'sm_isin': 'INE299U01018', 'an_dt': '25-Dec-2025 22:25:14', 'sort_date': '2025-12-25 22:25:14', 'seq_id': '106477523', 'smIndustry': None, 'orgid': None, 'attchmntText': 'Crompton Greaves Consumer Electricals Limited has informed the Exchange about Action(s) taken or orders passed', 'bflag': None, 'old_new': None, 'csvName': None, 'exchdisstime': '25-Dec-2025 22:25:14', 'difference': '00:00:00', 'fileSize': '300.99 KB', 'attFileSize': '300.99 KB', 'hasXbrl': True}",0.0
CROMPTON,NSE_CORP_ANN,Bagging/Receiving of orders/contracts,Crompton Greaves Consumer Electricals Limited has informed the Exchange about Bagging/Receiving of orders/contracts,,,"{'symbol': 'CROMPTON', 'desc': 'Bagging/Receiving of orders/contracts', 'dt': '24122025105534', 'attchmntFile': 'https://nsearchives.nseindia.com/corporate/Crompton123_24122025105500_Letter_of_Award.pdf', 'sm_name': 'Crompton Greaves Consumer Electricals Limited', 'sm_isin': 'INE299U01018', 'an_dt': '24-Dec-2025 10:55:34', 'sort_date': '2025-12-24 10:55:34', 'seq_id': '106476032', 'smIndustry': None, 'orgid': None, 'attchmntText': 'Crompton Greaves Consumer Electricals Limited has informed the Exchange about Bagging/Receiving of orders/contracts', 'bflag': None, 'old_new': None, 'csvName': None, 'exchdisstime': '24-Dec-2025 10:55:35', 'difference': '00:00:01', 'fileSize': '3.07 MB', 'attFileSize': '3.07 MB', 'hasXbrl': True}",0.0
CROMPTON,NSE_CORP_ANN,General Updates,Crompton Greaves Consumer Electricals Limited has informed the Exchange about General Updates,,,"{'symbol': 'CROMPTON', 'desc': 'General Updates', 'dt': '20122025180016', 'attchmntFile': 'https://nsearchives.nseindia.com/corporate/Crompton123_20122025175724_Intimationofgrantofpatent.pdf', 'sm_name': 'Crompton Greaves Consumer Electricals Limited', 'sm_isin': 'INE299U01018', 'an_dt': '20-Dec-2025 18:00:16', 'sort_date': '2025-12-20 18:00:16', 'seq_id': '106473163', 'smIndustry': None, 'orgid': None, 'attchmntText': 'Crompton Greaves Consumer Electricals Limited has informed the Exchange about General Updates', 'bflag': None, 'old_new': None, 'csvName': None, 'exchdisstime': '20-Dec-2025 18:00:17', 'difference': '00:00:01', 'fileSize': '3.04 MB', 'attFileSize': '3.04 MB', 'hasXbrl': True}",0.0
CUMMINSIND,NSE_CORP_ANN,Action(s) taken or orders passed,"Cummins India Limited has informed the Exchange about Action(s) taken or orders passed - Order imposing penalty passed by the Assessment Unit, Income Tax Department",,,"{'symbol': 'CUMMINSIND', 'desc': 'Action(s) taken or orders passed', 'dt': '22122025204503', 'attchmntFile': 'https://nsearchives.nseindia.com/corporate/CILINDIA_22122025204239_SEIntimation-CIL-AY_15-16_Penalty_order_Signed.pdf', 'sm_name': 'Cummins India Limited', 'sm_isin': 'INE298A01020', 'an_dt': '22-Dec-2025 20:45:03', 'sort_date': '2025-12-22 20:45:03', 'seq_id': '106474240', 'smIndustry': 'Diesel Engines', 'orgid': None, 'attchmntText': 'Cummins India Limited has informed the Exchange about Action(s) taken or orders passed - Order imposing penalty passed by the Assessment Unit, Income Tax Department', 'bflag': None, 'old_new': None, 'csvName': None, 'exchdisstime': '22-Dec-2025 20:45:04', 'difference': '00:00:01', 'fileSize': '199.88 KB', 'attFileSize': '199.88 KB', 'hasXbrl': True}",0.0
CUMMINSIND,NSE_CORP_ANN,Pendency of Litigation(s)/dispute(s) or the outcome impacting the Company,Cummins India Limited has informed the Exchange about Pendency of Litigation(s)/dispute(s) or the outcome impacting the Company-Order in favor by Income Tax Appellate Tribunal (ITAT),,,"{'symbol': 'CUMMINSIND', 'desc': 'Pendency of Litigation(s)/dispute(s) or the outcome impacting the Company', 'dt': '19122025194227', 'attchmntFile': 'https://nsearchives.nseindia.com/corporate/CILINDIA_19122025194210_SEIntimation-CILTaxOrder19122025_sign.pdf', 'sm_name': 'Cummins India Limited', 'sm_isin': 'INE298A01020', 'an_dt': '19-Dec-2025 19:42:27', 'sort_date': '2025-12-19 19:42:27', 'seq_id': '106472711', 'smIndustry': 'Diesel Engines', 'orgid': None, 'attchmntText': 'Cummins India Limited has informed the Exchange about Pendency of Litigation(s)/dispute(s) or the outcome impacting the Company-Order in favor by Income Tax Appellate Tribunal (ITAT)', 'bflag': None, 'old_new': None, 'csvName': None, 'exchdisstime': '19-Dec-2025 19:42:28', 'difference': '00:00:01', 'fileSize': '200.65 KB', 'attFileSize': '200.65 KB', 'hasXbrl': True}",0.0
CYIENT,NSE_CORP_ANN,Analysts/Institutional Investor Meet/Con. Call Updates,Cyient Limited has informed the Exchange about Transcript,,,"{'symbol': 'CYIENT', 'desc': 'Analysts/Institutional Investor Meet/Con. Call Updates', 'dt': '24122025180401', 'attchmntFile': 'https://nsearchives.nseindia.com/corporate/CYIENT_24122025180349_TranscriptConferenceCall18122025Final.pdf', 'sm_name': 'Cyient Limited', 'sm_isin': 'INE136B01020', 'an_dt': '24-Dec-2025 18:04:01', 'sort_date': '2025-12-24 18:04:01', 'seq_id': '106476834', 'smIndustry': None, 'orgid': None, 'attchmntText': 'Cyient Limited has informed the Exchange about Transcript', 'bflag': None, 'old_new': None, 'csvName': None, 'exchdisstime': '24-Dec-2025 18:04:02', 'difference': '00:00:01', 'fileSize': '3.15 MB', 'attFileSize': '3.15 MB', 'hasXbrl': True}",0.0
DABUR,NSE_CORP_ANN,General Updates,"Dabur India Limited has informed the Exchange about disclosure under Regulation 30 of SEBI (LODR) Regulations, 2025 (""SEBI Listing Regulations"") - ESG Rating assigned by SES ESG Research Private Limited",,,"{'symbol': 'DABUR', 'desc': 'General Updates', 'dt': '22122025154345', 'attchmntFile': 'https://nsearchives.nseindia.com/corporate/DABUR_22122025154156_ESGLetter.pdf', 'sm_name': 'Dabur India Limited', 'sm_isin': 'INE016A01026', 'an_dt': '22-Dec-2025 15:43:45', 'sort_date': '2025-12-22 15:43:45', 'seq_id': '106473885', 'smIndustry': 'Personal Care', 'orgid': None, 'attchmntText': 'Dabur India Limited has informed the Exchange about disclosure under Regulation 30 of SEBI (LODR) Regulations, 2025 (""SEBI Listing Regulations"") - ESG Rating assigned by SES ESG Research Private Limited', 'bflag': None, 'old_new': None, 'csvName': None, 'exchdisstime': '22-Dec-2025 15:43:46', 'difference': '00:00:01', 'fileSize': '372.38 KB', 'attFileSize': '372.38 KB', 'hasXbrl': True}",0.0
DALBHARAT,NSE_CORP_ANN,Updates,Dalmia Bharat Limited has informed the Exchange regarding 'Allotment of equity shares upon exercise of stock options'.,,,"{'symbol': 'DALBHARAT', 'desc': 'Updates', 'dt': '23122025184049', 'attchmntFile': 'https://nsearchives.nseindia.com/corporate/DALBHARAT_23122025183708_DBL_ESOP_Allotment_Intimation_23122025.pdf', 'sm_name': 'Dalmia Bharat Limited', 'sm_isin': 'INE00R701025', 'an_dt': '23-Dec-2025 18:40:49', 'sort_date': '2025-12-23 18:40:49', 'seq_id': '106475499', 'smIndustry': None, 'orgid': None, 'attchmntText': ""Dalmia Bharat Limited has informed the Exchange regarding 'Allotment of equity shares upon exercise of stock options'."", 'bflag': None, 'old_new': None, 'csvName': None, 'exchdisstime': '23-Dec-2025 18:40:50', 'difference': '00:00:01', 'fileSize': '835.28 KB', 'attFileSize': '835.28 KB', 'hasXbrl': True}",0.0
DIXON,NSE_CORP_ANN,Analysts/Institutional Investor Meet/Con. Call Updates,Dixon Technologies (India) Limited has informed the Exchange about Investor Meet Outcome,,,"{'symbol': 'DIXON', 'desc': 'Analysts/Institutional Investor Meet/Con. Call Updates', 'dt': '24122025192045', 'attchmntFile': 'https://nsearchives.nseindia.com/corporate/DIXON_24122025192004_InvestorMeetIntimation24122025.pdf', 'sm_name': 'Dixon Technologies (India) Limited', 'sm_isin': 'INE935N01012', 'an_dt': '24-Dec-2025 19:20:45', 'sort_date': '2025-12-24 19:20:45', 'seq_id': '106476935', 'smIndustry': None, 'orgid': None, 'attchmntText': 'Dixon Technologies (India) Limited has informed the Exchange about Investor Meet Outcome', 'bflag': None, 'old_new': None, 'csvName': None, 'exchdisstime': '24-Dec-2025 19:20:46', 'difference': '00:00:01', 'fileSize': '643.46 KB', 'attFileSize': '643.46 KB', 'hasXbrl': True}",0.0
DIXON,NSE_CORP_ANN,Change in Director(s),Dixon Technologies (India) Limited has informed the Exchange regarding Change in Director(s) of the company.,,,"{'symbol': 'DIXON', 'desc': 'Change in Director(s)', 'dt': '23122025173303', 'attchmntFile': 'https://nsearchives.nseindia.com/corporate/DIXON_23122025173234_Regulation30DisclosureAppointment23122025.pdf', 'sm_name': 'Dixon Technologies (India) Limited', 'sm_isin': 'INE935N01012', 'an_dt': '23-Dec-2025 17:33:03', 'sort_date': '2025-12-23 17:33:03', 'seq_id': '106475369', 'smIndustry': None, 'orgid': None, 'attchmntText': 'Dixon Technologies (India) Limited has informed the Exchange regarding Change in Director(s) of the company.', 'bflag': None, 'old_new': None, 'csvName': None, 'exchdisstime': '23-Dec-2025 17:33:04', 'difference': '00:00:01', 'fileSize': '580.45 KB', 'attFileSize': '580.45 KB', 'hasXbrl': True}",0.0
DIXON,NSE_CORP_ANN,Shareholders meeting,Dixon Technologies (India) Limited has informed the Exchange regarding Proceedings of Postal Ballot,,,"{'symbol': 'DIXON', 'desc': 'Shareholders meeting', 'dt': '23122025172439', 'attchmntFile': 'https://nsearchives.nseindia.com/corporate/DIXON_23122025172333_ProceedigsofPostalBallot23122025.pdf', 'sm_name': 'Dixon Technologies (India) Limited', 'sm_isin': 'INE935N01012', 'an_dt': '23-Dec-2025 17:24:39', 'sort_date': '2025-12-23 17:24:39', 'seq_id': '106475360', 'smIndustry': None, 'orgid': None, 'attchmntText': 'Dixon Technologies (India) Limited has informed the Exchange regarding Proceedings of Postal Ballot', 'bflag': None, 'old_new': None, 'csvName': None, 'exchdisstime': '23-Dec-2025 17:24:40', 'difference': '00:00:01', 'fileSize': '385.97 KB', 'attFileSize': '385.97 KB', 'hasXbrl': True}",0.0
DRREDDY,NSE_CORP_ANN,Trading Window,"Dr. Reddy's Laboratories Limited has informed the Exchange regarding the Trading Window closure pursuant to SEBI (Prohibition of Insider Trading) Regulations, 2015",,,"{'symbol': 'DRREDDY', 'desc': 'Trading Window', 'dt': '23122025162959', 'attchmntFile': 'https://nsearchives.nseindia.com/corporate/DRREDDY_23122025162950_DRLSEintimation_Tradingwindowclosure_23122025.pdf', 'sm_name': ""Dr. Reddy's Laboratories Limited"", 'sm_isin': 'INE089A01023', 'an_dt': '23-Dec-2025 16:29:59', 'sort_date': '2025-12-23 16:29:59', 'seq_id': '106475225', 'smIndustry': 'Pharmaceuticals', 'orgid': None, 'attchmntText': ""Dr. Reddy's Laboratories Limited has informed the Exchange regarding the Trading Window closure pursuant to SEBI (Prohibition of Insider Trading) Regulations, 2015"", 'bflag': None, 'old_new': None, 'csvName': None, 'exchdisstime': '23-Dec-2025 16:29:59', 'difference': '00:00:00', 'fileSize': '392.34 KB', 'attFileSize': '392.34 KB', 'hasXbrl': True}",0.0
ETERNAL,NSE_CORP_ANN,Trading Window,"ETERNAL LIMITED has informed the Exchange regarding the Trading Window closure pursuant to SEBI (Prohibition of Insider Trading) Regulations, 2015",,,"{'symbol': 'ETERNAL', 'desc': 'Trading Window', 'dt': '19122025183323', 'attchmntFile': 'https://nsearchives.nseindia.com/corporate/ZOMATO_19122025183237_InsiderTradingIntimation2025.pdf', 'sm_name': 'ETERNAL LIMITED', 'sm_isin': 'INE758T01015', 'an_dt': '19-Dec-2025 18:33:23', 'sort_date': '2025-12-19 18:33:23', 'seq_id': '106472623', 'smIndustry': None, 'orgid': None, 'attchmntText': 'ETERNAL LIMITED has informed the Exchange regarding the Trading Window closure pursuant to SEBI (Prohibition of Insider Trading) Regulations, 2015', 'bflag': None, 'old_new': None, 'csvName': None, 'exchdisstime': '19-Dec-2025 18:33:24', 'difference': '00:00:01', 'fileSize': '167.28 KB', 'attFileSize': '167.28 KB', 'hasXbrl': True}",0.0
EICHERMOT,NSE_CORP_ANN,Trading Window,"Eicher Motors Limited has informed the Exchange regarding the Trading Window closure pursuant to SEBI (Prohibition of Insider Trading) Regulations, 2015",,,"{'symbol': 'EICHERMOT', 'desc': 'Trading Window', 'dt': '23122025115950', 'attchmntFile': 'https://nsearchives.nseindia.com/corporate/EICHERMOT_23122025115928_EMLTradingWindowClosureDecember232025Signed.pdf', 'sm_name': 'Eicher Motors Limited', 'sm_isin': 'INE066A01013', 'an_dt': '23-Dec-2025 11:59:50', 'sort_date': '2025-12-23 11:59:50', 'seq_id': '106474867', 'smIndustry': 'Automobiles - 4 Wheelers', 'orgid': None, 'attchmntText': 'Eicher Motors Limited has informed the Exchange regarding the Trading Window closure pursuant to SEBI (Prohibition of Insider Trading) Regulations, 2015', 'bflag': None, 'old_new': None, 'csvName': None, 'exchdisstime': '23-Dec-2025 11:59:50', 'difference': '00:00:00', 'fileSize': '667.46 KB', 'attFileSize': '667.46 KB', 'hasXbrl': True}",0.0
EXIDEIND,NSE_CORP_ANN,General Updates,"Exide Industries Limited has informed the Exchange about further investment in Exide Energy Solutions Limited, wholly owned subsidiary of the Company.",,,"{'symbol': 'EXIDEIND', 'desc': 'General Updates', 'dt': '23122025110941', 'attchmntFile': 'https://nsearchives.nseindia.com/corporate/EXIDEIND_23122025110931_sdSE23122025.pdf', 'sm_name': 'Exide Industries Limited', 'sm_isin': 'INE302A01020', 'an_dt': '23-Dec-2025 11:09:41', 'sort_date': '2025-12-23 11:09:41', 'seq_id': '106474760', 'smIndustry': 'Auto Ancillaries', 'orgid': None, 'attchmntText': 'Exide Industries Limited has informed the Exchange about further investment in Exide Energy Solutions Limited, wholly owned subsidiary of the Company.', 'bflag': None, 'old_new': None, 'csvName': None, 'exchdisstime': '23-Dec-2025 11:09:42', 'difference': '00:00:01', 'fileSize': '398.24 KB', 'attFileSize': '398.24 KB', 'hasXbrl': True}",0.0
EXIDEIND,NSE_CORP_ANN,Updates,"Exide Industries Limited has informed the Exchange regarding change in KMP of Exide Energy Solutions Limited, Wholly owned subsidiary of the Company.",,,"{'symbol': 'EXIDEIND', 'desc': 'Updates', 'dt': '23122025110357', 'attchmntFile': 'https://nsearchives.nseindia.com/corporate/EXIDEIND_23122025110325_sdSE23122025.pdf', 'sm_name': 'Exide Industries Limited', 'sm_isin': 'INE302A01020', 'an_dt': '23-Dec-2025 11:03:57', 'sort_date': '2025-12-23 11:03:57', 'seq_id': '106474743', 'smIndustry': 'Auto Ancillaries', 'orgid': None, 'attchmntText': 'Exide Industries Limited has informed the Exchange regarding change in KMP of Exide Energy Solutions Limited, Wholly owned subsidiary of the Company.', 'bflag': None, 'old_new': None, 'csvName': None, 'exchdisstime': '23-Dec-2025 11:03:58', 'difference': '00:00:01', 'fileSize': '398.24 KB', 'attFileSize': '398.24 KB', 'hasXbrl': True}",0.0
NYKAA,NSE_CORP_ANN,Trading Window,"FSN E Commerce Ventures Limited has informed the Exchange regarding the Trading Window closure pursuant to SEBI (Prohibition of Insider Trading) Regulations, 2015",,,"{'symbol': 'NYKAA', 'desc': 'Trading Window', 'dt': '24122025135150', 'attchmntFile': 'https://nsearchives.nseindia.com/corporate/NYKAA_24122025135135_Intimation_Trading_Window.pdf', 'sm_name': 'FSN E-Commerce Ventures Limited', 'sm_isin': 'INE388Y01029', 'an_dt': '24-Dec-2025 13:51:50', 'sort_date': '2025-12-24 13:51:50', 'seq_id': '106476349', 'smIndustry': None, 'orgid': None, 'attchmntText': 'FSN E Commerce Ventures Limited has informed the Exchange regarding the Trading Window closure pursuant to SEBI (Prohibition of Insider Trading) Regulations, 2015', 'bflag': None, 'old_new': None, 'csvName': None, 'exchdisstime': '24-Dec-2025 13:51:51', 'difference': '00:00:01', 'fileSize': '516.65 KB', 'attFileSize': '516.65 KB', 'hasXbrl': True}",0.0
FORTIS,NSE_CORP_ANN,Copy of Newspaper Publication,Fortis Healthcare Limited has informed the Exchange about Copy of Newspaper Publication,,,"{'symbol': 'FORTIS', 'desc': 'Copy of Newspaper Publication', 'dt': '24122025132028', 'attchmntFile': 'https://nsearchives.nseindia.com/corporate/FORTIS_24122025132017_newspaperpublicationFHL.pdf', 'sm_name': 'Fortis Healthcare Limited', 'sm_isin': 'INE061F01013', 'an_dt': '24-Dec-2025 13:20:28', 'sort_date': '2025-12-24 13:20:28', 'seq_id': '106476327', 'smIndustry': 'Miscellaneous', 'orgid': None, 'attchmntText': 'Fortis Healthcare Limited has informed the Exchange about Copy of Newspaper Publication', 'bflag': None, 'old_new': None, 'csvName': None, 'exchdisstime': '24-Dec-2025 13:20:29', 'difference': '00:00:01', 'fileSize': '4.92 MB', 'attFileSize': '4.92 MB', 'hasXbrl': True}",0.0
FORTIS,NSE_CORP_ANN,General Updates,Notice of Postal Ballot,,,"{'symbol': 'FORTIS', 'desc': 'General Updates', 'dt': '23122025201837', 'attchmntFile': 'https://nsearchives.nseindia.com/corporate/FORTIS_23122025201811_intimationPB.pdf', 'sm_name': 'Fortis Healthcare Limited', 'sm_isin': 'INE061F01013', 'an_dt': '23-Dec-2025 20:18:37', 'sort_date': '2025-12-23 20:18:37', 'seq_id': '106475590', 'smIndustry': 'Miscellaneous', 'orgid': None, 'attchmntText': 'Notice of Postal Ballot', 'bflag': None, 'old_new': None, 'csvName': None, 'exchdisstime': '23-Dec-2025 20:18:38', 'difference': '00:00:01', 'fileSize': '1.32 MB', 'attFileSize': '1.32 MB', 'hasXbrl': True}",0.0
FORTIS,NSE_CORP_ANN,Shareholders meeting,Fortis Healthcare Limited has informed the Exchange regarding Notice of Postal Ballot,,,"{'symbol': 'FORTIS', 'desc': 'Shareholders meeting', 'dt': '23122025201403', 'attchmntFile': 'https://nsearchives.nseindia.com/corporate/FORTIS_23122025201340_intimationPB.pdf', 'sm_name': 'Fortis Healthcare Limited', 'sm_isin': 'INE061F01013', 'an_dt': '23-Dec-2025 20:14:03', 'sort_date': '2025-12-23 20:14:03', 'seq_id': '106475588', 'smIndustry': 'Miscellaneous', 'orgid': None, 'attchmntText': 'Fortis Healthcare Limited has informed the Exchange regarding Notice of Postal Ballot', 'bflag': None, 'old_new': None, 'csvName': None, 'exchdisstime': '23-Dec-2025 20:14:04', 'difference': '00:00:01', 'fileSize': '1.32 MB', 'attFileSize': '1.32 MB', 'hasXbrl': True}",0.0
FORTIS,NSE_CORP_ANN,Updates,Fortis Healthcare Limited has informed the Exchange regarding 'Certificate of payment of interest to debenture holders'.,,,"{'symbol': 'FORTIS', 'desc': 'Updates', 'dt': '22122025191920', 'attchmntFile': 'https://nsearchives.nseindia.com/corporate/FORTIS_22122025191907_INTIMATIONFHL.pdf', 'sm_name': 'Fortis Healthcare Limited', 'sm_isin': 'INE061F01013', 'an_dt': '22-Dec-2025 19:19:20', 'sort_date': '2025-12-22 19:19:20', 'seq_id': '106474205', 'smIndustry': 'Miscellaneous', 'orgid': None, 'attchmntText': ""Fortis Healthcare Limited has informed the Exchange regarding 'Certificate of payment of interest to debenture holders'."", 'bflag': None, 'old_new': None, 'csvName': None, 'exchdisstime': '22-Dec-2025 19:19:22', 'difference': '00:00:02', 'fileSize': '551.59 KB', 'attFileSize': '551.59 KB', 'hasXbrl': True}",0.0
FORTIS,NSE_CORP_ANN,Trading Window,"Fortis Healthcare Limited has informed the Exchange regarding the Trading Window closure pursuant to SEBI (Prohibition of Insider Trading) Regulations, 2015",,,"{'symbol': 'FORTIS', 'desc': 'Trading Window', 'dt': '22122025153412', 'attchmntFile': 'https://nsearchives.nseindia.com/corporate/FORTIS_22122025153358_FHLINTIMATION3Q2025.pdf', 'sm_name': 'Fortis Healthcare Limited', 'sm_isin': 'INE061F01013', 'an_dt': '22-Dec-2025 15:34:12', 'sort_date': '2025-12-22 15:34:12', 'seq_id': '106473872', 'smIndustry': 'Miscellaneous', 'orgid': None, 'attchmntText': 'Fortis Healthcare Limited has informed the Exchange regarding the Trading Window closure pursuant to SEBI (Prohibition of Insider Trading) Regulations, 2015', 'bflag': None, 'old_new': None, 'csvName': None, 'exchdisstime': '22-Dec-2025 15:34:13', 'difference': '00:00:01', 'fileSize': '629.71 KB', 'attFileSize': '629.71 KB', 'hasXbrl': True}",0.0
FORTIS,NSE_CORP_ANN,Press Release,"Fortis Healthcare Limited has informed the Exchange regarding a press release dated December 19, 2025, titled ""Attached "".",,,"{'symbol': 'FORTIS', 'desc': 'Press Release', 'dt': '20122025004633', 'attchmntFile': 'https://nsearchives.nseindia.com/corporate/FORTIS_20122025004623_FHLPRS.pdf', 'sm_name': 'Fortis Healthcare Limited', 'sm_isin': 'INE061F01013', 'an_dt': '20-Dec-2025 00:46:33', 'sort_date': '2025-12-20 00:46:33', 'seq_id': '106472984', 'smIndustry': 'Miscellaneous', 'orgid': None, 'attchmntText': 'Fortis Healthcare Limited has informed the Exchange regarding a press release dated December 19, 2025, titled ""Attached "".', 'bflag': None, 'old_new': None, 'csvName': None, 'exchdisstime': '20-Dec-2025 00:46:34', 'difference': '00:00:01', 'fileSize': '420.49 KB', 'attFileSize': '420.49 KB', 'hasXbrl': True}",0.0
FORTIS,NSE_CORP_ANN,Change in Director(s),Fortis Healthcare Limited has informed the Exchange regarding Change in Director(s) of the company.,,,"{'symbol': 'FORTIS', 'desc': 'Change in Director(s)', 'dt': '19122025154715', 'attchmntFile': 'https://nsearchives.nseindia.com/corporate/FORTIS_19122025154659_IntimationFHLHarrisapp.pdf', 'sm_name': 'Fortis Healthcare Limited', 'sm_isin': 'INE061F01013', 'an_dt': '19-Dec-2025 15:47:15', 'sort_date': '2025-12-19 15:47:15', 'seq_id': '106472390', 'smIndustry': 'Miscellaneous', 'orgid': None, 'attchmntText': 'Fortis Healthcare Limited has informed the Exchange regarding Change in Director(s) of the company.', 'bflag': None, 'old_new': None, 'csvName': None, 'exchdisstime': '19-Dec-2025 15:47:16', 'difference': '00:00:01', 'fileSize': '726.31 KB', 'attFileSize': '726.31 KB', 'hasXbrl': True}",0.0
FORTIS,NSE_CORP_ANN,Resignation,"Fortis Healthcare Limited has informed the Exchange regarding Resignation of  Lim Tsin-Lin as Non- Executive Director of the company w.e.f. December 19, 2025 (close of Business Hours)",,,"{'symbol': 'FORTIS', 'desc': 'Resignation', 'dt': '19122025154137', 'attchmntFile': 'https://nsearchives.nseindia.com/corporate/FORTIS_19122025154124_IntimationFHLHarrisapp.pdf', 'sm_name': 'Fortis Healthcare Limited', 'sm_isin': 'INE061F01013', 'an_dt': '19-Dec-2025 15:41:37', 'sort_date': '2025-12-19 15:41:37', 'seq_id': '106472385', 'smIndustry': 'Miscellaneous', 'orgid': None, 'attchmntText': 'Fortis Healthcare Limited has informed the Exchange regarding Resignation of  Lim Tsin-Lin as Non- Executive Director of the company w.e.f. December 19, 2025 (close of Business Hours)', 'bflag': None, 'old_new': None, 'csvName': None, 'exchdisstime': '19-Dec-2025 15:41:38', 'difference': '00:00:01', 'fileSize': '726.31 KB', 'attFileSize': '726.31 KB', 'hasXbrl': True}",0.0
FORTIS,NSE_CORP_ANN,Appointment,"Fortis Healthcare Limited has informed the Exchange regarding Appointment of  Mr. Mohd Shahazwan Bin Mohd Harris as Other of the company w.e.f. December 19, 2025.",,,"{'symbol': 'FORTIS', 'desc': 'Appointment', 'dt': '19122025153756', 'attchmntFile': 'https://nsearchives.nseindia.com/corporate/FORTIS_19122025153559_IntimationFHLHarrisapp.pdf', 'sm_name': 'Fortis Healthcare Limited', 'sm_isin': 'INE061F01013', 'an_dt': '19-Dec-2025 15:37:56', 'sort_date': '2025-12-19 15:37:56', 'seq_id': '106472381', 'smIndustry': 'Miscellaneous', 'orgid': None, 'attchmntText': 'Fortis Healthcare Limited has informed the Exchange regarding Appointment of  Mr. Mohd Shahazwan Bin Mohd Harris as Other of the company w.e.f. December 19, 2025.', 'bflag': None, 'old_new': None, 'csvName': None, 'exchdisstime': '19-Dec-2025 15:37:57', 'difference': '00:00:01', 'fileSize': '726.31 KB', 'attFileSize': '726.31 KB', 'hasXbrl': True}",0.0
GAIL,NSE_CORP_ANN,Press Release,"GAIL (India) Limited has informed the Exchange regarding a press release dated December 23, 2025, titled ""GAIL signs MoU with Government of Chhattisgarh to develop a gas-based fertilizer project in Chhattisgarh"".",,,"{'symbol': 'GAIL', 'desc': 'Press Release', 'dt': '23122025153626', 'attchmntFile': 'https://nsearchives.nseindia.com/corporate/Himanshugail_23122025153609_Pressrelease23122025.pdf', 'sm_name': 'GAIL (India) Limited', 'sm_isin': 'INE129A01019', 'an_dt': '23-Dec-2025 15:36:26', 'sort_date': '2025-12-23 15:36:26', 'seq_id': '106475114', 'smIndustry': 'Gas', 'orgid': None, 'attchmntText': 'GAIL (India) Limited has informed the Exchange regarding a press release dated December 23, 2025, titled ""GAIL signs MoU with Government of Chhattisgarh to develop a gas-based fertilizer project in Chhattisgarh"".', 'bflag': None, 'old_new': None, 'csvName': None, 'exchdisstime': '23-Dec-2025 15:36:27', 'difference': '00:00:01', 'fileSize': '258.29 KB', 'attFileSize': '258.29 KB', 'hasXbrl': True}",0.0
GMRAIRPORT,NSE_CORP_ANN,Acquisition,"GMR AIRPORTS LIMITED has informed the Exchange about Intimation under Regulations 30 & 51 of SEBI (Listing Obligations and Disclosure Requirements) Regulations, 2015 ( Listing Regulations )  Acquisition of equity stake in Delhi Duty Free Services Private Limited ( DDFS )",,,"{'symbol': 'GMRAIRPORT', 'desc': 'Acquisition', 'dt': '20122025212423', 'attchmntFile': 'https://nsearchives.nseindia.com/corporate/GMRINFRA_20122025212104_STXIntimation_DDFS_Stake_Purchase.pdf', 'sm_name': 'GMR AIRPORTS LIMITED', 'sm_isin': 'INE776C01039', 'an_dt': '20-Dec-2025 21:24:23', 'sort_date': '2025-12-20 21:24:23', 'seq_id': '106473245', 'smIndustry': None, 'orgid': None, 'attchmntText': 'GMR AIRPORTS LIMITED has informed the Exchange about Intimation under Regulations 30 & 51 of SEBI (Listing Obligations and Disclosure Requirements) Regulations, 2015 ( Listing Regulations )  Acquisition of equity stake in Delhi Duty Free Services Private Limited ( DDFS )', 'bflag': None, 'old_new': None, 'csvName': None, 'exchdisstime': '20-Dec-2025 21:24:24', 'difference': '00:00:01', 'fileSize': '464.22 KB', 'attFileSize': '464.22 KB', 'hasXbrl': True}",0.0
GMRAIRPORT,NSE_CORP_ANN,Credit Rating,GMR AIRPORTS LIMITED has informed the Exchange about Credit Rating,,,"{'symbol': 'GMRAIRPORT', 'desc': 'Credit Rating', 'dt': '20122025211706', 'attchmntFile': 'https://nsearchives.nseindia.com/corporate/GMRINFRA_20122025211622_20122025-CREDITRATING.pdf', 'sm_name': 'GMR AIRPORTS LIMITED', 'sm_isin': 'INE776C01039', 'an_dt': '20-Dec-2025 21:17:06', 'sort_date': '2025-12-20 21:17:06', 'seq_id': '106473243', 'smIndustry': None, 'orgid': None, 'attchmntText': 'GMR AIRPORTS LIMITED has informed the Exchange about Credit Rating', 'bflag': None, 'old_new': None, 'csvName': None, 'exchdisstime': '20-Dec-2025 21:17:07', 'difference': '00:00:01', 'fileSize': '456.29 KB', 'attFileSize': '456.29 KB', 'hasXbrl': True}",0.0
GLENMARK,NSE_CORP_ANN,Press Release,"Glenmark Pharmaceuticals Limited has informed the Exchange regarding a press release dated December 23, 2025, titled ""Glenmark Pharmaceuticals Inc., USA launches Epinephrine Injection USP,30 mg/30 mL (1 mg/mL) Multiple-Dose Vial"".",,,"{'symbol': 'GLENMARK', 'desc': 'Press Release', 'dt': '23122025084244', 'attchmntFile': 'https://nsearchives.nseindia.com/corporate/GLENMARK_23122025084228_PR23122025_signed.pdf', 'sm_name': 'Glenmark Pharmaceuticals Limited', 'sm_isin': 'INE935A01035', 'an_dt': '23-Dec-2025 08:42:44', 'sort_date': '2025-12-23 08:42:44', 'seq_id': '106474527', 'smIndustry': 'Pharmaceuticals', 'orgid': None, 'attchmntText': 'Glenmark Pharmaceuticals Limited has informed the Exchange regarding a press release dated December 23, 2025, titled ""Glenmark Pharmaceuticals Inc., USA launches Epinephrine Injection USP,30 mg/30 mL (1 mg/mL) Multiple-Dose Vial"".', 'bflag': None, 'old_new': None, 'csvName': None, 'exchdisstime': '23-Dec-2025 08:42:45', 'difference': '00:00:01', 'fileSize': '481.44 KB', 'attFileSize': '481.44 KB', 'hasXbrl': True}",0.0
GRASIM,NSE_CORP_ANN,General Updates,"Disclosure under Regulation 30 of the SEBI (LODR) Regulations, 2015",,,"{'symbol': 'GRASIM', 'desc': 'General Updates', 'dt': '24122025192856', 'attchmntFile': 'https://nsearchives.nseindia.com/corporate/GRASIM_24122025192732_SEIntimation.pdf', 'sm_name': 'Grasim Industries Limited', 'sm_isin': 'INE047A01013', 'an_dt': '24-Dec-2025 19:28:56', 'sort_date': '2025-12-24 19:28:56', 'seq_id': '106476940', 'smIndustry': 'Cement And Cement Products', 'orgid': None, 'attchmntText': 'Disclosure under Regulation 30 of the SEBI (LODR) Regulations, 2015', 'bflag': None, 'old_new': None, 'csvName': None, 'exchdisstime': '24-Dec-2025 19:28:57', 'difference': '00:00:01', 'fileSize': '396.61 KB', 'attFileSize': '396.61 KB', 'hasXbrl': True}",0.0
GRASIM,NSE_CORP_ANN,Action(s) taken or orders passed,"Disclosure under Regulation 30 of SEBI (LODR) Regulations, 2015",,,"{'symbol': 'GRASIM', 'desc': 'Action(s) taken or orders passed', 'dt': '24122025181738', 'attchmntFile': 'https://nsearchives.nseindia.com/corporate/GRASIM_24122025181729_SEIntimation.pdf', 'sm_name': 'Grasim Industries Limited', 'sm_isin': 'INE047A01013', 'an_dt': '24-Dec-2025 18:17:38', 'sort_date': '2025-12-24 18:17:38', 'seq_id': '106476856', 'smIndustry': 'Cement And Cement Products', 'orgid': None, 'attchmntText': 'Disclosure under Regulation 30 of SEBI (LODR) Regulations, 2015', 'bflag': None, 'old_new': None, 'csvName': None, 'exchdisstime': '24-Dec-2025 18:17:39', 'difference': '00:00:01', 'fileSize': '323.09 KB', 'attFileSize': '323.09 KB', 'hasXbrl': True}",0.0
GRASIM,NSE_CORP_ANN,Analysts/Institutional Investor Meet/Con. Call Updates,Intimation of schedule of Analysts / Institutional Investor Meet,,,"{'symbol': 'GRASIM', 'desc': 'Analysts/Institutional Investor Meet/Con. Call Updates', 'dt': '19122025161450', 'attchmntFile': 'https://nsearchives.nseindia.com/corporate/GRASIM_19122025161439_SEIntimation.pdf', 'sm_name': 'Grasim Industries Limited', 'sm_isin': 'INE047A01013', 'an_dt': '19-Dec-2025 16:14:50', 'sort_date': '2025-12-19 16:14:50', 'seq_id': '106472426', 'smIndustry': 'Cement And Cement Products', 'orgid': None, 'attchmntText': 'Intimation of schedule of Analysts / Institutional Investor Meet', 'bflag': None, 'old_new': None, 'csvName': None, 'exchdisstime': '19-Dec-2025 16:14:51', 'difference': '00:00:01', 'fileSize': '177.69 KB', 'attFileSize': '177.69 KB', 'hasXbrl': True}",0.0
HCLTECH,NSE_CORP_ANN,Updates,HCL Technologies Limited has informed the Exchange regarding 'Release    HCLTech joins Microsoft Discovery Platform to accelerate research innovation '.,,,"{'symbol': 'HCLTECH', 'desc': 'Updates', 'dt': '23122025152811', 'attchmntFile': 'https://nsearchives.nseindia.com/corporate/HCLTECH_23122025152628_Release23December2025.pdf', 'sm_name': 'HCL Technologies Limited', 'sm_isin': 'INE860A01027', 'an_dt': '23-Dec-2025 15:28:11', 'sort_date': '2025-12-23 15:28:11', 'seq_id': '106475097', 'smIndustry': 'Computers - Software', 'orgid': None, 'attchmntText': ""HCL Technologies Limited has informed the Exchange regarding 'Release    HCLTech joins Microsoft Discovery Platform to accelerate research innovation '."", 'bflag': None, 'old_new': None, 'csvName': None, 'exchdisstime': '23-Dec-2025 15:28:12', 'difference': '00:00:01', 'fileSize': '315.21 KB', 'attFileSize': '315.21 KB', 'hasXbrl': True}",0.0
HCLTECH,NSE_CORP_ANN,Press Release,"HCL Technologies Limited has informed the Exchange regarding a press release dated December 22, 2025, titled ""Release    HCLSoftware to Acquire Jaspersoft from Cloud Software Group. "".",,,"{'symbol': 'HCLTECH', 'desc': 'Press Release', 'dt': '22122025232749', 'attchmntFile': 'https://nsearchives.nseindia.com/corporate/HCLTECH_22122025232738_StockIntimationLetter.pdf', 'sm_name': 'HCL Technologies Limited', 'sm_isin': 'INE860A01027', 'an_dt': '22-Dec-2025 23:27:49', 'sort_date': '2025-12-22 23:27:49', 'seq_id': '106474442', 'smIndustry': 'Computers - Software', 'orgid': None, 'attchmntText': 'HCL Technologies Limited has informed the Exchange regarding a press release dated December 22, 2025, titled ""Release    HCLSoftware to Acquire Jaspersoft from Cloud Software Group. "".', 'bflag': None, 'old_new': None, 'csvName': None, 'exchdisstime': '22-Dec-2025 23:27:50', 'difference': '00:00:01', 'fileSize': '601.44 KB', 'attFileSize': '601.44 KB', 'hasXbrl': True}",0.0
HCLTECH,NSE_CORP_ANN,Acquisition,HCL Technologies Limited has informed the Exchange about Acquisition,,,"{'symbol': 'HCLTECH', 'desc': 'Acquisition', 'dt': '22122025232204', 'attchmntFile': 'https://nsearchives.nseindia.com/corporate/HCLTECH_22122025232151_StockIntimationLetter.pdf', 'sm_name': 'HCL Technologies Limited', 'sm_isin': 'INE860A01027', 'an_dt': '22-Dec-2025 23:22:04', 'sort_date': '2025-12-22 23:22:04', 'seq_id': '106474435', 'smIndustry': 'Computers - Software', 'orgid': None, 'attchmntText': 'HCL Technologies Limited has informed the Exchange about Acquisition', 'bflag': None, 'old_new': None, 'csvName': None, 'exchdisstime': '22-Dec-2025 23:22:05', 'difference': '00:00:01', 'fileSize': '601.44 KB', 'attFileSize': '601.44 KB', 'hasXbrl': True}",0.0
HCLTECH,NSE_CORP_ANN,Trading Window,"HCL Technologies Limited has informed the Exchange regarding the Trading Window closure pursuant to SEBI (Prohibition of Insider Trading) Regulations, 2015",,,"{'symbol': 'HCLTECH', 'desc': 'Trading Window', 'dt': '19122025185608', 'attchmntFile': 'https://nsearchives.nseindia.com/corporate/HCLTECH_19122025185556_TWclosingintimation.pdf', 'sm_name': 'HCL Technologies Limited', 'sm_isin': 'INE860A01027', 'an_dt': '19-Dec-2025 18:56:08', 'sort_date': '2025-12-19 18:56:08', 'seq_id': '106472663', 'smIndustry': 'Computers - Software', 'orgid': None, 'attchmntText': 'HCL Technologies Limited has informed the Exchange regarding the Trading Window closure pursuant to SEBI (Prohibition of Insider Trading) Regulations, 2015', 'bflag': None, 'old_new': None, 'csvName': None, 'exchdisstime': '19-Dec-2025 18:56:09', 'difference': '00:00:01', 'fileSize': '402.17 KB', 'attFileSize': '402.17 KB', 'hasXbrl': True}",0.0
HDFCAMC,NSE_CORP_ANN,Copy of Newspaper Publication,HDFC Asset Management Company Limited has informed the Exchange about Copy of Newspaper Publication,,,"{'symbol': 'HDFCAMC', 'desc': 'Copy of Newspaper Publication', 'dt': '24122025141651', 'attchmntFile': 'https://nsearchives.nseindia.com/corporate/DEEPTI_24122025141521_NSEBSE_65.pdf', 'sm_name': 'HDFC Asset Management Company Limited', 'sm_isin': 'INE127D01025', 'an_dt': '24-Dec-2025 14:16:51', 'sort_date': '2025-12-24 14:16:51', 'seq_id': '106476373', 'smIndustry': None, 'orgid': None, 'attchmntText': 'HDFC Asset Management Company Limited has informed the Exchange about Copy of Newspaper Publication', 'bflag': None, 'old_new': None, 'csvName': None, 'exchdisstime': '24-Dec-2025 14:16:51', 'difference': '00:00:00', 'fileSize': '8.64 MB', 'attFileSize': '8.64 MB', 'hasXbrl': True}",0.0
HDFCLIFE,NSE_CORP_ANN,General Updates,HDFC Life Insurance Company Limited has informed the Exchange about Newspaper Advertisement- Transfer of Dividend/Equity Shares to IEPF account,,,"{'symbol': 'HDFCLIFE', 'desc': 'General Updates', 'dt': '23122025232026', 'attchmntFile': 'https://nsearchives.nseindia.com/corporate/PRASAD_23122025232006_IEPFRevisedsigned.pdf', 'sm_name': 'HDFC Life Insurance Company Limited', 'sm_isin': 'INE795G01014', 'an_dt': '23-Dec-2025 23:20:26', 'sort_date': '2025-12-23 23:20:26', 'seq_id': '106475769', 'smIndustry': None, 'orgid': None, 'attchmntText': 'HDFC Life Insurance Company Limited has informed the Exchange about Newspaper Advertisement- Transfer of Dividend/Equity Shares to IEPF account', 'bflag': None, 'old_new': None, 'csvName': None, 'exchdisstime': '23-Dec-2025 23:20:26', 'difference': '00:00:00', 'fileSize': '584.46 KB', 'attFileSize': '584.46 KB', 'hasXbrl': True}",0.0
HFCL,NSE_CORP_ANN,General Updates,HFCL Limited has informed the Exchange about Allotment of Securities,,,"{'symbol': 'HFCL', 'desc': 'General Updates', 'dt': '24122025120019', 'attchmntFile': 'https://nsearchives.nseindia.com/corporate/AHMED_24122025115959_HFCL_STX_Allotment_24122025.pdf', 'sm_name': 'HFCL Limited', 'sm_isin': 'INE548A01028', 'an_dt': '24-Dec-2025 12:00:19', 'sort_date': '2025-12-24 12:00:19', 'seq_id': '106476181', 'smIndustry': 'Telecommunication - Equipment', 'orgid': None, 'attchmntText': 'HFCL Limited has informed the Exchange about Allotment of Securities', 'bflag': None, 'old_new': None, 'csvName': None, 'exchdisstime': '24-Dec-2025 12:00:20', 'difference': '00:00:01', 'fileSize': '339.09 KB', 'attFileSize': '339.09 KB', 'hasXbrl': True}",0.0
HFCL,NSE_CORP_ANN,Updates,HFCL Limited has informed the Exchange regarding 'Outcome of FRC Committee  of Directors dated 24.12.2025'.,,,"{'symbol': 'HFCL', 'desc': 'Updates', 'dt': '24122025093705', 'attchmntFile': 'https://nsearchives.nseindia.com/corporate/AHMED_24122025093652_HFCL_STX_IssueClosure_24122025.pdf', 'sm_name': 'HFCL Limited', 'sm_isin': 'INE548A01028', 'an_dt': '24-Dec-2025 09:37:05', 'sort_date': '2025-12-24 09:37:05', 'seq_id': '106475915', 'smIndustry': 'Telecommunication - Equipment', 'orgid': None, 'attchmntText': ""HFCL Limited has informed the Exchange regarding 'Outcome of FRC Committee  of Directors dated 24.12.2025'."", 'bflag': None, 'old_new': None, 'csvName': None, 'exchdisstime': '24-Dec-2025 09:37:06', 'difference': '00:00:01', 'fileSize': '358.71 KB', 'attFileSize': '358.71 KB', 'hasXbrl': True}",0.0
HFCL,NSE_CORP_ANN,Trading Window,"HFCL Limited has informed the Exchange regarding the Trading Window closure pursuant to SEBI (Prohibition of Insider Trading) Regulations, 2015",,,"{'symbol': 'HFCL', 'desc': 'Trading Window', 'dt': '22122025210305', 'attchmntFile': 'https://nsearchives.nseindia.com/corporate/AHMED_22122025210247_HFCL_STX_22122025_Second_Half.pdf', 'sm_name': 'HFCL Limited', 'sm_isin': 'INE548A01028', 'an_dt': '22-Dec-2025 21:03:05', 'sort_date': '2025-12-22 21:03:05', 'seq_id': '106474247', 'smIndustry': 'Telecommunication - Equipment', 'orgid': None, 'attchmntText': 'HFCL Limited has informed the Exchange regarding the Trading Window closure pursuant to SEBI (Prohibition of Insider Trading) Regulations, 2015', 'bflag': None, 'old_new': None, 'csvName': None, 'exchdisstime': '22-Dec-2025 21:03:07', 'difference': '00:00:02', 'fileSize': '355.25 KB', 'attFileSize': '355.25 KB', 'hasXbrl': True}",0.0
HAVELLS,NSE_CORP_ANN,Trading Window,"Havells India Limited has informed the Exchange regarding the Trading Window closure pursuant to SEBI (Prohibition of Insider Trading) Regulations, 2015",,,"{'symbol': 'HAVELLS', 'desc': 'Trading Window', 'dt': '22122025173614', 'attchmntFile': 'https://nsearchives.nseindia.com/corporate/HAVELLS1_22122025173605_signed_Closure_of_Trading_Window_Q3.pdf', 'sm_name': 'Havells India Limited', 'sm_isin': 'INE176B01018', 'an_dt': '22-Dec-2025 17:36:14', 'sort_date': '2025-12-22 17:36:14', 'seq_id': '106474058', 'smIndustry': 'Electrical Equipment', 'orgid': None, 'attchmntText': 'Havells India Limited has informed the Exchange regarding the Trading Window closure pursuant to SEBI (Prohibition of Insider Trading) Regulations, 2015', 'bflag': None, 'old_new': None, 'csvName': None, 'exchdisstime': '22-Dec-2025 17:36:15', 'difference': '00:00:01', 'fileSize': '732.81 KB', 'attFileSize': '732.81 KB', 'hasXbrl': True}",0.0
HEROMOTOCO,NSE_CORP_ANN,Trading Window,"Hero MotoCorp Limited has informed the Exchange regarding the Trading Window closure pursuant to SEBI (Prohibition of Insider Trading) Regulations, 2015",,,"{'symbol': 'HEROMOTOCO', 'desc': 'Trading Window', 'dt': '22122025125844', 'attchmntFile': 'https://nsearchives.nseindia.com/corporate/HEROMOTO_22122025125812_ClosureofTradingwindow.pdf', 'sm_name': 'Hero MotoCorp Limited', 'sm_isin': 'INE158A01026', 'an_dt': '22-Dec-2025 12:58:44', 'sort_date': '2025-12-22 12:58:44', 'seq_id': '106473731', 'smIndustry': 'Automobiles - 2 And 3 Wheelers', 'orgid': None, 'attchmntText': 'Hero MotoCorp Limited has informed the Exchange regarding the Trading Window closure pursuant to SEBI (Prohibition of Insider Trading) Regulations, 2015', 'bflag': None, 'old_new': None, 'csvName': None, 'exchdisstime': '22-Dec-2025 12:58:44', 'difference': '00:00:00', 'fileSize': '732.74 KB', 'attFileSize': '732.74 KB', 'hasXbrl': True}",0.0
HEROMOTOCO,NSE_CORP_ANN,Copy of Newspaper Publication,Please find enclosed herewith the copy of newspaper advertisement published today intimating that the special window has been opened for re-lodgement of transfer requests of physical shares.,,,"{'symbol': 'HEROMOTOCO', 'desc': 'Copy of Newspaper Publication', 'dt': '20122025214035', 'attchmntFile': 'https://nsearchives.nseindia.com/corporate/HEROMOTO_20122025214021_Stxintimation20122025f.pdf', 'sm_name': 'Hero MotoCorp Limited', 'sm_isin': 'INE158A01026', 'an_dt': '20-Dec-2025 21:40:35', 'sort_date': '2025-12-20 21:40:35', 'seq_id': '106473248', 'smIndustry': 'Automobiles - 2 And 3 Wheelers', 'orgid': None, 'attchmntText': 'Please find enclosed herewith the copy of newspaper advertisement published today intimating that the special window has been opened for re-lodgement of transfer requests of physical shares.', 'bflag': None, 'old_new': None, 'csvName': None, 'exchdisstime': '20-Dec-2025 21:40:35', 'difference': '00:00:00', 'fileSize': '480.56 KB', 'attFileSize': '480.56 KB', 'hasXbrl': True}",0.0
HINDZINC,NSE_CORP_ANN,General Updates,"Hindustan Zinc Limited has informed the Exchange about Intimation under the Securities and Exchange Board of India (Listing Obligations and Disclosure Requirements) Regulations, 2015 ( Listing Regulations )   ESG Rating(s)",,,"{'symbol': 'HINDZINC', 'desc': 'General Updates', 'dt': '23122025104352', 'attchmntFile': 'https://nsearchives.nseindia.com/corporate/HINDZINCNSE_23122025104309_SEIntimationESG_Rating.pdf', 'sm_name': 'Hindustan Zinc Limited', 'sm_isin': 'INE267A01017', 'an_dt': '23-Dec-2025 10:43:52', 'sort_date': '2025-12-23 10:43:52', 'seq_id': '106474722', 'smIndustry': 'Metals', 'orgid': None, 'attchmntText': 'Hindustan Zinc Limited has informed the Exchange about Intimation under the Securities and Exchange Board of India (Listing Obligations and Disclosure Requirements) Regulations, 2015 ( Listing Regulations )   ESG Rating(s)', 'bflag': None, 'old_new': None, 'csvName': None, 'exchdisstime': '23-Dec-2025 10:43:54', 'difference': '00:00:02', 'fileSize': '396.57 KB', 'attFileSize': '396.57 KB', 'hasXbrl': True}",0.0
HINDZINC,NSE_CORP_ANN,Shareholders meeting,"Hindustan Zinc Limited has submitted the Exchange a copy Srutinizers report of  Postal Ballot. Further, the company has informed the Exchange regarding voting results.",,,"{'symbol': 'HINDZINC', 'desc': 'Shareholders meeting', 'dt': '21122025153527', 'attchmntFile': 'https://nsearchives.nseindia.com/corporate/HINDZINCNSE_21122025153513_HZL_voting_results_and_report.pdf', 'sm_name': 'Hindustan Zinc Limited', 'sm_isin': 'INE267A01017', 'an_dt': '21-Dec-2025 15:35:27', 'sort_date': '2025-12-21 15:35:27', 'seq_id': '106473300', 'smIndustry': 'Metals', 'orgid': None, 'attchmntText': 'Hindustan Zinc Limited has submitted the Exchange a copy Srutinizers report of  Postal Ballot. Further, the company has informed the Exchange regarding voting results.', 'bflag': None, 'old_new': None, 'csvName': None, 'exchdisstime': '21-Dec-2025 15:35:28', 'difference': '00:00:01', 'fileSize': '1.40 MB', 'attFileSize': '1.40 MB', 'hasXbrl': True}",0.0
HUDCO,NSE_CORP_ANN,Trading Window,"Housing & Urban Development Corporation Limited has informed the Exchange regarding the Trading Window closure pursuant to SEBI (Prohibition of Insider Trading) Regulations, 2015",,,"{'symbol': 'HUDCO', 'desc': 'Trading Window', 'dt': '23122025162641', 'attchmntFile': 'https://nsearchives.nseindia.com/corporate/HUDCO_23122025162529_SE_CTW.pdf', 'sm_name': 'Housing & Urban Development Corporation Limited', 'sm_isin': 'INE031A07873', 'an_dt': '23-Dec-2025 16:26:41', 'sort_date': '2025-12-23 16:26:41', 'seq_id': '106475217', 'smIndustry': None, 'orgid': None, 'attchmntText': 'Housing & Urban Development Corporation Limited has informed the Exchange regarding the Trading Window closure pursuant to SEBI (Prohibition of Insider Trading) Regulations, 2015', 'bflag': None, 'old_new': None, 'csvName': None, 'exchdisstime': '23-Dec-2025 16:26:42', 'difference': '00:00:01', 'fileSize': '287.94 KB', 'attFileSize': '287.94 KB', 'hasXbrl': True}",0.0
HUDCO,NSE_CORP_ANN,Updates,Housing & Urban Development Corporation Limited has informed the Exchange regarding 'Report on Re-lodgement of transfer request for physical shares'.,,,"{'symbol': 'HUDCO', 'desc': 'Updates', 'dt': '23122025161950', 'attchmntFile': 'https://nsearchives.nseindia.com/corporate/HUDCO_23122025161815_SE_Disclosure_Report_RTA.pdf', 'sm_name': 'Housing & Urban Development Corporation Limited', 'sm_isin': 'INE031A07873', 'an_dt': '23-Dec-2025 16:19:50', 'sort_date': '2025-12-23 16:19:50', 'seq_id': '106475194', 'smIndustry': None, 'orgid': None, 'attchmntText': ""Housing & Urban Development Corporation Limited has informed the Exchange regarding 'Report on Re-lodgement of transfer request for physical shares'."", 'bflag': None, 'old_new': None, 'csvName': None, 'exchdisstime': '23-Dec-2025 16:19:50', 'difference': '00:00:00', 'fileSize': '725.50 KB', 'attFileSize': '725.50 KB', 'hasXbrl': True}",0.0
ICICIBANK,NSE_CORP_ANN,Updates,ICICI Bank Limited has informed the Exchange regarding 'Filing of Semi- Annual Report with Director of Kanto Local Finance Bureau'.,,,"{'symbol': 'ICICIBANK', 'desc': 'Updates', 'dt': '23122025213314', 'attchmntFile': 'https://nsearchives.nseindia.com/corporate/ICICI2022_23122025213256_NSEBSE_23122025.pdf', 'sm_name': 'ICICI Bank Limited', 'sm_isin': 'INE090A01013', 'an_dt': '23-Dec-2025 21:33:14', 'sort_date': '2025-12-23 21:33:14', 'seq_id': '106475619', 'smIndustry': 'Banks', 'orgid': None, 'attchmntText': ""ICICI Bank Limited has informed the Exchange regarding 'Filing of Semi- Annual Report with Director of Kanto Local Finance Bureau'."", 'bflag': None, 'old_new': None, 'csvName': None, 'exchdisstime': '23-Dec-2025 21:33:15', 'difference': '00:00:01', 'fileSize': '1.91 MB', 'attFileSize': '1.91 MB', 'hasXbrl': True}",0.0
ICICIBANK,NSE_CORP_ANN,ESOP/ESOS/ESPS,ICICI Bank Limited has informed the Exchange regarding Allotment of 480952  Shares.,,,"{'symbol': 'ICICIBANK', 'desc': 'ESOP/ESOS/ESPS', 'dt': '23122025171925', 'attchmntFile': 'https://nsearchives.nseindia.com/corporate/ICICI2022_23122025171913_Lettertoexchange.pdf', 'sm_name': 'ICICI Bank Limited', 'sm_isin': 'INE090A01013', 'an_dt': '23-Dec-2025 17:19:25', 'sort_date': '2025-12-23 17:19:25', 'seq_id': '106475342', 'smIndustry': 'Banks', 'orgid': None, 'attchmntText': 'ICICI Bank Limited has informed the Exchange regarding Allotment of 480952  Shares.', 'bflag': None, 'old_new': None, 'csvName': None, 'exchdisstime': '23-Dec-2025 17:19:26', 'difference': '00:00:01', 'fileSize': '357.53 KB', 'attFileSize': '357.53 KB', 'hasXbrl': True}",0.0
ICICIBANK,NSE_CORP_ANN,Trading Window,"ICICI Bank Limited has informed the Exchange regarding the Trading Window closure pursuant to SEBI (Prohibition of Insider Trading) Regulations, 2015",,,"{'symbol': 'ICICIBANK', 'desc': 'Trading Window', 'dt': '22122025174634', 'attchmntFile': 'https://nsearchives.nseindia.com/corporate/ICICI2022_22122025174535_NSEBSE.pdf', 'sm_name': 'ICICI Bank Limited', 'sm_isin': 'INE090A01013', 'an_dt': '22-Dec-2025 17:46:34', 'sort_date': '2025-12-22 17:46:34', 'seq_id': '106474079', 'smIndustry': 'Banks', 'orgid': None, 'attchmntText': 'ICICI Bank Limited has informed the Exchange regarding the Trading Window closure pursuant to SEBI (Prohibition of Insider Trading) Regulations, 2015', 'bflag': None, 'old_new': None, 'csvName': None, 'exchdisstime': '22-Dec-2025 17:46:36', 'difference': '00:00:02', 'fileSize': '3.14 MB', 'attFileSize': '3.14 MB', 'hasXbrl': True}",0.0
ICICIBANK,NSE_CORP_ANN,General Updates,"ICICI Bank Limited has informed the Exchange about disclosure under Regulation 30 of the SEBI (Listing Obligations and Disclosure Requirements) Regulation, 2015",,,"{'symbol': 'ICICIBANK', 'desc': 'General Updates', 'dt': '19122025113617', 'attchmntFile': 'https://nsearchives.nseindia.com/corporate/ICICI2022_19122025113528_NSEBSE_19122025.pdf', 'sm_name': 'ICICI Bank Limited', 'sm_isin': 'INE090A01013', 'an_dt': '19-Dec-2025 11:36:17', 'sort_date': '2025-12-19 11:36:17', 'seq_id': '106472204', 'smIndustry': 'Banks', 'orgid': None, 'attchmntText': 'ICICI Bank Limited has informed the Exchange about disclosure under Regulation 30 of the SEBI (Listing Obligations and Disclosure Requirements) Regulation, 2015', 'bflag': None, 'old_new': None, 'csvName': None, 'exchdisstime': '19-Dec-2025 11:36:17', 'difference': '00:00:00', 'fileSize': '3.09 MB', 'attFileSize': '3.09 MB', 'hasXbrl': True}",0.0
ICICIGI,NSE_CORP_ANN,Action(s) taken or orders passed,ICICI Lombard General Insurance Company Limited has informed the Exchange about Action(s) taken or orders passed,,,"{'symbol': 'ICICIGI', 'desc': 'Action(s) taken or orders passed', 'dt': '24122025210056', 'attchmntFile': 'https://nsearchives.nseindia.com/corporate/ICICIGI_24122025205817_SE_Intimation_Punjab.pdf', 'sm_name': 'ICICI Lombard General Insurance Company Limited', 'sm_isin': 'INE765G01017', 'an_dt': '24-Dec-2025 21:00:56', 'sort_date': '2025-12-24 21:00:56', 'seq_id': '106476978', 'smIndustry': None, 'orgid': None, 'attchmntText': 'ICICI Lombard General Insurance Company Limited has informed the Exchange about Action(s) taken or orders passed', 'bflag': None, 'old_new': None, 'csvName': None, 'exchdisstime': '24-Dec-2025 21:00:57', 'difference': '00:00:01', 'fileSize': '2.94 MB', 'attFileSize': '2.94 MB', 'hasXbrl': True}",0.0
ICICIGI,NSE_CORP_ANN,Trading Window,"ICICI Lombard General Insurance Company Limited has informed the Exchange regarding the Trading Window closure pursuant to SEBI (Prohibition of Insider Trading) Regulations, 2015",,,"{'symbol': 'ICICIGI', 'desc': 'Trading Window', 'dt': '23122025170037', 'attchmntFile': 'https://nsearchives.nseindia.com/corporate/ICICIGI_23122025170016_BM_intimation_Dec_2025.pdf', 'sm_name': 'ICICI Lombard General Insurance Company Limited', 'sm_isin': 'INE765G01017', 'an_dt': '23-Dec-2025 17:00:37', 'sort_date': '2025-12-23 17:00:37', 'seq_id': '106475302', 'smIndustry': None, 'orgid': None, 'attchmntText': 'ICICI Lombard General Insurance Company Limited has informed the Exchange regarding the Trading Window closure pursuant to SEBI (Prohibition of Insider Trading) Regulations, 2015', 'bflag': None, 'old_new': None, 'csvName': None, 'exchdisstime': '23-Dec-2025 17:00:39', 'difference': '00:00:02', 'fileSize': '2.93 MB', 'attFileSize': '2.93 MB', 'hasXbrl': True}",0.0
ICICIGI,NSE_CORP_ANN,ESOP/ESOS/ESPS,ICICI Lombard General Insurance Company Limited has informed the Exchange regarding  allotment of 40020 equity shares.,,,"{'symbol': 'ICICIGI', 'desc': 'ESOP/ESOS/ESPS', 'dt': '23122025105825', 'attchmntFile': 'https://nsearchives.nseindia.com/corporate/ICICIGI_23122025105338_ESOSIntimationDecIII.pdf', 'sm_name': 'ICICI Lombard General Insurance Company Limited', 'sm_isin': 'INE765G01017', 'an_dt': '23-Dec-2025 10:58:25', 'sort_date': '2025-12-23 10:58:25', 'seq_id': '106474739', 'smIndustry': None, 'orgid': None, 'attchmntText': 'ICICI Lombard General Insurance Company Limited has informed the Exchange regarding  allotment of 40020 equity shares.', 'bflag': None, 'old_new': None, 'csvName': None, 'exchdisstime': '23-Dec-2025 10:58:26', 'difference': '00:00:01', 'fileSize': '2.94 MB', 'attFileSize': '2.94 MB', 'hasXbrl': True}",0.0
ICICIGI,NSE_CORP_ANN,General Updates,"ICICI Lombard General Insurance Company Limited has informed the Exchange about Update on Disclosure under Regulation 30 of SEBI (Listing Obligations and Disclosure Requirements) Regulations, 2015",,,"{'symbol': 'ICICIGI', 'desc': 'General Updates', 'dt': '19122025161128', 'attchmntFile': 'https://nsearchives.nseindia.com/corporate/ICICIGI_19122025161055_SE_Intimation_MP_Appeal_Order_FY2018-21.pdf', 'sm_name': 'ICICI Lombard General Insurance Company Limited', 'sm_isin': 'INE765G01017', 'an_dt': '19-Dec-2025 16:11:28', 'sort_date': '2025-12-19 16:11:28', 'seq_id': '106472421', 'smIndustry': None, 'orgid': None, 'attchmntText': 'ICICI Lombard General Insurance Company Limited has informed the Exchange about Update on Disclosure under Regulation 30 of SEBI (Listing Obligations and Disclosure Requirements) Regulations, 2015', 'bflag': None, 'old_new': None, 'csvName': None, 'exchdisstime': '19-Dec-2025 16:11:29', 'difference': '00:00:01', 'fileSize': '343.67 KB', 'attFileSize': '343.67 KB', 'hasXbrl': True}",0.0
ICICIPRULI,NSE_CORP_ANN,Trading Window,"ICICI Prudential Life Insurance Company Limited has informed the Exchange regarding the Trading Window closure pursuant to SEBI (Prohibition of Insider Trading) Regulations, 2015",,,"{'symbol': 'ICICIPRULI', 'desc': 'Trading Window', 'dt': '24122025180037', 'attchmntFile': 'https://nsearchives.nseindia.com/corporate/ICICIPRULI_24122025180027_SE_intimation_for_Window_closure.pdf', 'sm_name': 'ICICI Prudential Life Insurance Company Limited', 'sm_isin': 'INE726G01019', 'an_dt': '24-Dec-2025 18:00:37', 'sort_date': '2025-12-24 18:00:37', 'seq_id': '106476828', 'smIndustry': None, 'orgid': None, 'attchmntText': 'ICICI Prudential Life Insurance Company Limited has informed the Exchange regarding the Trading Window closure pursuant to SEBI (Prohibition of Insider Trading) Regulations, 2015', 'bflag': None, 'old_new': None, 'csvName': None, 'exchdisstime': '24-Dec-2025 18:00:39', 'difference': '00:00:02', 'fileSize': '156.55 KB', 'attFileSize': '156.55 KB', 'hasXbrl': True}",0.0
ICICIPRULI,NSE_CORP_ANN,Action(s) taken or orders passed,ICICI Prudential Life Insurance Company Limited has informed the Exchange about Action(s) taken or orders passed,,,"{'symbol': 'ICICIPRULI', 'desc': 'Action(s) taken or orders passed', 'dt': '24122025152018', 'attchmntFile': 'https://nsearchives.nseindia.com/corporate/ICICIPRULI_24122025152009_Disclosure_order_dated_December_23_2025_-_Maharashtra.pdf', 'sm_name': 'ICICI Prudential Life Insurance Company Limited', 'sm_isin': 'INE726G01019', 'an_dt': '24-Dec-2025 15:20:18', 'sort_date': '2025-12-24 15:20:18', 'seq_id': '106476458', 'smIndustry': None, 'orgid': None, 'attchmntText': 'ICICI Prudential Life Insurance Company Limited has informed the Exchange about Action(s) taken or orders passed', 'bflag': None, 'old_new': None, 'csvName': None, 'exchdisstime': '24-Dec-2025 15:20:19', 'difference': '00:00:01', 'fileSize': '146.28 KB', 'attFileSize': '146.28 KB', 'hasXbrl': True}",0.0
ICICIPRULI,NSE_CORP_ANN,ESOP/ESOS/ESPS,ICICI Prudential Life Insurance Company Limited has informed the Exchange regarding allotment of 161107 shares.,,,"{'symbol': 'ICICIPRULI', 'desc': 'ESOP/ESOS/ESPS', 'dt': '23122025121001', 'attchmntFile': 'https://nsearchives.nseindia.com/corporate/ICICIPRULI_23122025120909_SE_Intimation_Dec_23_2025.pdf', 'sm_name': 'ICICI Prudential Life Insurance Company Limited', 'sm_isin': 'INE726G01019', 'an_dt': '23-Dec-2025 12:10:01', 'sort_date': '2025-12-23 12:10:01', 'seq_id': '106474880', 'smIndustry': None, 'orgid': None, 'attchmntText': 'ICICI Prudential Life Insurance Company Limited has informed the Exchange regarding allotment of 161107 shares.', 'bflag': None, 'old_new': None, 'csvName': None, 'exchdisstime': '23-Dec-2025 12:10:02', 'difference': '00:00:01', 'fileSize': '143.96 KB', 'attFileSize': '143.96 KB', 'hasXbrl': True}",0.0
ICICIPRULI,NSE_CORP_ANN,General Updates,ICICI Prudential Life Insurance Company Limited has informed the Exchange about General Updates,,,"{'symbol': 'ICICIPRULI', 'desc': 'General Updates', 'dt': '20122025144726', 'attchmntFile': 'https://nsearchives.nseindia.com/corporate/ICICIPRULI_20122025144703_SE_Intimation_under_Regulation_30_and_51__Credit_Intimation.pdf', 'sm_name': 'ICICI Prudential Life Insurance Company Limited', 'sm_isin': 'INE726G01019', 'an_dt': '20-Dec-2025 14:47:26', 'sort_date': '2025-12-20 14:47:26', 'seq_id': '106473099', 'smIndustry': None, 'orgid': None, 'attchmntText': 'ICICI Prudential Life Insurance Company Limited has informed the Exchange about General Updates', 'bflag': None, 'old_new': None, 'csvName': None, 'exchdisstime': '20-Dec-2025 14:47:28', 'difference': '00:00:02', 'fileSize': '183.11 KB', 'attFileSize': '183.11 KB', 'hasXbrl': True}",0.0
IDFCFIRSTB,NSE_CORP_ANN,ESOP/ESOS/ESPS,IDFC First Bank Limited has informed the Exchange regarding Allotment of 796222  Shares.,,,"{'symbol': 'IDFCFIRSTB', 'desc': 'ESOP/ESOS/ESPS', 'dt': '22122025150239', 'attchmntFile': 'https://nsearchives.nseindia.com/corporate/IDFCFIRSTB_22122025150135_ESOP_Allotment_December_22_2025.pdf', 'sm_name': 'IDFC First Bank Limited', 'sm_isin': 'INE092T01019', 'an_dt': '22-Dec-2025 15:02:39', 'sort_date': '2025-12-22 15:02:39', 'seq_id': '106473827', 'smIndustry': None, 'orgid': None, 'attchmntText': 'IDFC First Bank Limited has informed the Exchange regarding Allotment of 796222  Shares.', 'bflag': None, 'old_new': None, 'csvName': None, 'exchdisstime': '22-Dec-2025 15:02:40', 'difference': '00:00:01', 'fileSize': '972.38 KB', 'attFileSize': '972.38 KB', 'hasXbrl': True}",0.0
IDFCFIRSTB,NSE_CORP_ANN,Shareholders meeting,"IDFC First Bank Limited has submitted the Exchange a copy Srutinizers report of  Postal Ballot. Further, the company has informed the Exchange regarding voting results.",,,"{'symbol': 'IDFCFIRSTB', 'desc': 'Shareholders meeting', 'dt': '20122025192030', 'attchmntFile': 'https://nsearchives.nseindia.com/corporate/IDFCFIRSTB_20122025190840_IDFCFIRSTB_PostalBallot_VotingResults_Outcome.pdf', 'sm_name': 'IDFC First Bank Limited', 'sm_isin': 'INE092T01019', 'an_dt': '20-Dec-2025 19:20:30', 'sort_date': '2025-12-20 19:20:30', 'seq_id': '106473179', 'smIndustry': None, 'orgid': None, 'attchmntText': 'IDFC First Bank Limited has submitted the Exchange a copy Srutinizers report of  Postal Ballot. Further, the company has informed the Exchange regarding voting results.', 'bflag': None, 'old_new': None, 'csvName': None, 'exchdisstime': '20-Dec-2025 19:20:31', 'difference': '00:00:01', 'fileSize': '1.10 MB', 'attFileSize': '1.10 MB', 'hasXbrl': True}",0.0
IIFL,NSE_CORP_ANN,Credit Rating,IIFL Finance Limited has informed the Exchange about Credit Rating,,,"{'symbol': 'IIFL', 'desc': 'Credit Rating', 'dt': '25122025154934', 'attchmntFile': 'https://nsearchives.nseindia.com/corporate/IIFL_25122025154720_SE_Intimation.pdf', 'sm_name': 'IIFL Finance Limited', 'sm_isin': 'INE530B01024', 'an_dt': '25-Dec-2025 15:49:34', 'sort_date': '2025-12-25 15:49:34', 'seq_id': '106477367', 'smIndustry': None, 'orgid': None, 'attchmntText': 'IIFL Finance Limited has informed the Exchange about Credit Rating', 'bflag': None, 'old_new': None, 'csvName': None, 'exchdisstime': '25-Dec-2025 15:49:36', 'difference': '00:00:02', 'fileSize': '627.41 KB', 'attFileSize': '627.41 KB', 'hasXbrl': True}",0.0
IIFL,NSE_CORP_ANN,Outcome of Board Meeting,"IIFL Finance Limited has informed the Exchange regarding Outcome of Finance Committee meeting held on December 22, 2025.",,,"{'symbol': 'IIFL', 'desc': 'Outcome of Board Meeting', 'dt': '22122025212816', 'attchmntFile': 'https://nsearchives.nseindia.com/corporate/IIFL_22122025212753_SEIntimationPostissuance.pdf', 'sm_name': 'IIFL Finance Limited', 'sm_isin': 'INE530B01024', 'an_dt': '22-Dec-2025 21:28:16', 'sort_date': '2025-12-22 21:28:16', 'seq_id': '106474261', 'smIndustry': None, 'orgid': None, 'attchmntText': 'IIFL Finance Limited has informed the Exchange regarding Outcome of Finance Committee meeting held on December 22, 2025.', 'bflag': None, 'old_new': None, 'csvName': None, 'exchdisstime': '22-Dec-2025 21:28:16', 'difference': '00:00:00', 'fileSize': '225.77 KB', 'attFileSize': '225.77 KB', 'hasXbrl': True}",0.0
IIFL,NSE_CORP_ANN,Press Release,"IIFL Finance Limited has informed the Exchange regarding a press release dated December 19, 2025, titled ""IIFL Finance Limited Designates Former RBI Deputy Governor Mr. B. P. Kanungo as Chairperson of the Board.""",,,"{'symbol': 'IIFL', 'desc': 'Press Release', 'dt': '19122025231336', 'attchmntFile': 'https://nsearchives.nseindia.com/corporate/IIFL_19122025231319_Final_SE_Intimation.pdf', 'sm_name': 'IIFL Finance Limited', 'sm_isin': 'INE530B01024', 'an_dt': '19-Dec-2025 23:13:36', 'sort_date': '2025-12-19 23:13:36', 'seq_id': '106472823', 'smIndustry': None, 'orgid': None, 'attchmntText': 'IIFL Finance Limited has informed the Exchange regarding a press release dated December 19, 2025, titled ""IIFL Finance Limited Designates Former RBI Deputy Governor Mr. B. P. Kanungo as Chairperson of the Board.""', 'bflag': None, 'old_new': None, 'csvName': None, 'exchdisstime': '19-Dec-2025 23:13:38', 'difference': '00:00:02', 'fileSize': '1.27 MB', 'attFileSize': '1.27 MB', 'hasXbrl': True}",0.0
ITC,NSE_CORP_ANN,Trading Window,"ITC Limited has informed the Exchange regarding the Trading Window closure pursuant to SEBI (Prohibition of Insider Trading) Regulations, 2015",,,"{'symbol': 'ITC', 'desc': 'Trading Window', 'dt': '24122025165923', 'attchmntFile': 'https://nsearchives.nseindia.com/corporate/ITC_24122025165910_ClosureofTradingWindow24122025.pdf', 'sm_name': 'ITC Limited', 'sm_isin': 'INE154A01025', 'an_dt': '24-Dec-2025 16:59:23', 'sort_date': '2025-12-24 16:59:23', 'seq_id': '106476688', 'smIndustry': 'Cigarettes', 'orgid': None, 'attchmntText': 'ITC Limited has informed the Exchange regarding the Trading Window closure pursuant to SEBI (Prohibition of Insider Trading) Regulations, 2015', 'bflag': None, 'old_new': None, 'csvName': None, 'exchdisstime': '24-Dec-2025 16:59:24', 'difference': '00:00:01', 'fileSize': '141.77 KB', 'attFileSize': '141.77 KB', 'hasXbrl': True}",0.0
ITC,NSE_CORP_ANN,ESOP/ESOS/ESPS,ITC Limited has informed the Exchange regarding Allotment of 195210 Shares.,,,"{'symbol': 'ITC', 'desc': 'ESOP/ESOS/ESPS', 'dt': '19122025153129', 'attchmntFile': 'https://nsearchives.nseindia.com/corporate/ITC_19122025153038_SE.pdf', 'sm_name': 'ITC Limited', 'sm_isin': 'INE154A01025', 'an_dt': '19-Dec-2025 15:31:29', 'sort_date': '2025-12-19 15:31:29', 'seq_id': '106472373', 'smIndustry': 'Cigarettes', 'orgid': None, 'attchmntText': 'ITC Limited has informed the Exchange regarding Allotment of 195210 Shares.', 'bflag': None, 'old_new': None, 'csvName': None, 'exchdisstime': '19-Dec-2025 15:31:30', 'difference': '00:00:01', 'fileSize': '635.33 KB', 'attFileSize': '635.33 KB', 'hasXbrl': True}",0.0
ITC,NSE_CORP_ANN,Sale or disposal,"ITC Limited has informed the Exchange about Voluntary Liquidation of Prag Agro Farm Limited, a wholly owned subsidiary",,,"{'symbol': 'ITC', 'desc': 'Sale or disposal', 'dt': '19122025113126', 'attchmntFile': 'https://nsearchives.nseindia.com/corporate/ITC_19122025113115_SE_PAFL_.pdf', 'sm_name': 'ITC Limited', 'sm_isin': 'INE154A01025', 'an_dt': '19-Dec-2025 11:31:26', 'sort_date': '2025-12-19 11:31:26', 'seq_id': '106472199', 'smIndustry': 'Cigarettes', 'orgid': None, 'attchmntText': 'ITC Limited has informed the Exchange about Voluntary Liquidation of Prag Agro Farm Limited, a wholly owned subsidiary', 'bflag': None, 'old_new': None, 'csvName': None, 'exchdisstime': '19-Dec-2025 11:31:27', 'difference': '00:00:01', 'fileSize': '333.47 KB', 'attFileSize': '333.47 KB', 'hasXbrl': True}",0.0
INDIANB,NSE_CORP_ANN,Trading Window,"Indian Bank has informed the Exchange regarding the Trading Window closure pursuant to SEBI (Prohibition of Insider Trading) Regulations, 2015",,,"{'symbol': 'INDIANB', 'desc': 'Trading Window', 'dt': '23122025190726', 'attchmntFile': 'https://nsearchives.nseindia.com/corporate/INDIANB_23122025190551_SE_Trading_Window_Closure.pdf', 'sm_name': 'Indian Bank', 'sm_isin': 'INE562A01011', 'an_dt': '23-Dec-2025 19:07:26', 'sort_date': '2025-12-23 19:07:26', 'seq_id': '106475534', 'smIndustry': 'Banks', 'orgid': None, 'attchmntText': 'Indian Bank has informed the Exchange regarding the Trading Window closure pursuant to SEBI (Prohibition of Insider Trading) Regulations, 2015', 'bflag': None, 'old_new': None, 'csvName': None, 'exchdisstime': '23-Dec-2025 19:07:28', 'difference': '00:00:02', 'fileSize': '230.81 KB', 'attFileSize': '230.81 KB', 'hasXbrl': True}",0.0
IRCTC,NSE_CORP_ANN,Trading Window,"Indian Railway Catering And Tourism Corporation Limited has informed the Exchange regarding the Trading Window closure pursuant to SEBI (Prohibition of Insider Trading) Regulations, 2015",,,"{'symbol': 'IRCTC', 'desc': 'Trading Window', 'dt': '22122025174439', 'attchmntFile': 'https://nsearchives.nseindia.com/corporate/IRCTC_22122025174431_TradingWindowClosureSTEX22122025.pdf', 'sm_name': 'Indian Railway Catering And Tourism Corporation Limited', 'sm_isin': 'INE335Y01012', 'an_dt': '22-Dec-2025 17:44:39', 'sort_date': '2025-12-22 17:44:39', 'seq_id': '106474076', 'smIndustry': None, 'orgid': None, 'attchmntText': 'Indian Railway Catering And Tourism Corporation Limited has informed the Exchange regarding the Trading Window closure pursuant to SEBI (Prohibition of Insider Trading) Regulations, 2015', 'bflag': None, 'old_new': None, 'csvName': None, 'exchdisstime': '22-Dec-2025 17:44:40', 'difference': '00:00:01', 'fileSize': '287.12 KB', 'attFileSize': '287.12 KB', 'hasXbrl': True}",0.0
IRFC,NSE_CORP_ANN,Press Release,"Indian Railway Finance Corporation Limited has informed the Exchange regarding a press release dated December 24, 2025, titled ""IRFC Executes Landmark Refinancing of World Bank Loan for Dedicated Freight Corridor Project"".",,,"{'symbol': 'IRFC', 'desc': 'Press Release', 'dt': '24122025181738', 'attchmntFile': 'https://nsearchives.nseindia.com/corporate/IRFC_24122025181649_Pressrelease24122025.pdf', 'sm_name': 'Indian Railway Finance Corporation Limited', 'sm_isin': 'INE053F07520', 'an_dt': '24-Dec-2025 18:17:38', 'sort_date': '2025-12-24 18:17:38', 'seq_id': '106476857', 'smIndustry': '-', 'orgid': None, 'attchmntText': 'Indian Railway Finance Corporation Limited has informed the Exchange regarding a press release dated December 24, 2025, titled ""IRFC Executes Landmark Refinancing of World Bank Loan for Dedicated Freight Corridor Project"".', 'bflag': None, 'old_new': None, 'csvName': None, 'exchdisstime': '24-Dec-2025 18:17:39', 'difference': '00:00:01', 'fileSize': '566.37 KB', 'attFileSize': '566.37 KB', 'hasXbrl': True}",0.0
INDUSTOWER,NSE_CORP_ANN,General Updates,Indus Towers Limited has informed the Exchange regarding ESG Rating,,,"{'symbol': 'INDUSTOWER', 'desc': 'General Updates', 'dt': '25122025170105', 'attchmntFile': 'https://nsearchives.nseindia.com/corporate/BHARTIINFRATEL_25122025170055_SEIntimation25122025.pdf', 'sm_name': 'Indus Towers Limited', 'sm_isin': 'INE121J01017', 'an_dt': '25-Dec-2025 17:01:05', 'sort_date': '2025-12-25 17:01:05', 'seq_id': '106477429', 'smIndustry': None, 'orgid': None, 'attchmntText': 'Indus Towers Limited has informed the Exchange regarding ESG Rating', 'bflag': None, 'old_new': None, 'csvName': None, 'exchdisstime': '25-Dec-2025 17:01:06', 'difference': '00:00:01', 'fileSize': '550.31 KB', 'attFileSize': '550.31 KB', 'hasXbrl': True}",0.0
INDUSTOWER,NSE_CORP_ANN,Acquisition,Indus Towers Limited has informed the Exchange regarding Incorporation of a Step-down Wholly Owned Subsidiary in United Arab Emirates,,,"{'symbol': 'INDUSTOWER', 'desc': 'Acquisition', 'dt': '19122025211648', 'attchmntFile': 'https://nsearchives.nseindia.com/corporate/BHARTIINFRATEL_19122025211455_SEUAE23412122025.pdf', 'sm_name': 'Indus Towers Limited', 'sm_isin': 'INE121J01017', 'an_dt': '19-Dec-2025 21:16:48', 'sort_date': '2025-12-19 21:16:48', 'seq_id': '106472756', 'smIndustry': None, 'orgid': None, 'attchmntText': 'Indus Towers Limited has informed the Exchange regarding Incorporation of a Step-down Wholly Owned Subsidiary in United Arab Emirates', 'bflag': None, 'old_new': None, 'csvName': None, 'exchdisstime': '19-Dec-2025 21:16:49', 'difference': '00:00:01', 'fileSize': '360.76 KB', 'attFileSize': '360.76 KB', 'hasXbrl': True}",0.0
INDUSINDBK,NSE_CORP_ANN,General Updates,"Indusind Bank Limited has informed the Exchange about intimation under Regulation 30 of the SEBI (Listing Obligations and Disclosure Requirements) Regulations, 2015",,,"{'symbol': 'INDUSINDBK', 'desc': 'General Updates', 'dt': '24122025170917', 'attchmntFile': 'https://nsearchives.nseindia.com/corporate/INDUSINDBK3_24122025165905_SESFIOletter24122025.pdf', 'sm_name': 'IndusInd Bank Limited', 'sm_isin': 'INE095A01012', 'an_dt': '24-Dec-2025 17:09:17', 'sort_date': '2025-12-24 17:09:17', 'seq_id': '106476730', 'smIndustry': 'Banks', 'orgid': None, 'attchmntText': 'Indusind Bank Limited has informed the Exchange about intimation under Regulation 30 of the SEBI (Listing Obligations and Disclosure Requirements) Regulations, 2015', 'bflag': None, 'old_new': None, 'csvName': None, 'exchdisstime': '24-Dec-2025 17:09:18', 'difference': '00:00:01', 'fileSize': '284.71 KB', 'attFileSize': '284.71 KB', 'hasXbrl': True}",0.0
NAUKRI,NSE_CORP_ANN,Acquisition,"Info Edge (India) Limited has informed the Exchange about disclosure under Regulation 30 of the Securities and Exchange Board of India (Listing Obligations and Disclosure Requirements) Regulations, 2015",,,"{'symbol': 'NAUKRI', 'desc': 'Acquisition', 'dt': '23122025162110', 'attchmntFile': 'https://nsearchives.nseindia.com/corporate/NAUKRI2_23122025161812_SEIntimationRedstarttoUnbox_2.pdf', 'sm_name': 'Info Edge (India) Limited', 'sm_isin': 'INE663F01024', 'an_dt': '23-Dec-2025 16:21:10', 'sort_date': '2025-12-23 16:21:10', 'seq_id': '106475197', 'smIndustry': 'Computers - Software', 'orgid': None, 'attchmntText': 'Info Edge (India) Limited has informed the Exchange about disclosure under Regulation 30 of the Securities and Exchange Board of India (Listing Obligations and Disclosure Requirements) Regulations, 2015', 'bflag': None, 'old_new': None, 'csvName': None, 'exchdisstime': '23-Dec-2025 16:21:11', 'difference': '00:00:01', 'fileSize': '416.05 KB', 'attFileSize': '416.05 KB', 'hasXbrl': True}",0.0
INFY,NSE_CORP_ANN,General Updates,Infosys Limited has informed the Exchange about Update on McCamish Cyber Incident,,,"{'symbol': 'INFY', 'desc': 'General Updates', 'dt': '23122025222745', 'attchmntFile': 'https://nsearchives.nseindia.com/corporate/INFY_23122025222726_SE_McCamish_Systems_23122025.pdf', 'sm_name': 'Infosys Limited', 'sm_isin': 'INE009A01021', 'an_dt': '23-Dec-2025 22:27:45', 'sort_date': '2025-12-23 22:27:45', 'seq_id': '106475633', 'smIndustry': 'Computers - Software', 'orgid': None, 'attchmntText': 'Infosys Limited has informed the Exchange about Update on McCamish Cyber Incident', 'bflag': None, 'old_new': None, 'csvName': None, 'exchdisstime': '23-Dec-2025 22:27:46', 'difference': '00:00:01', 'fileSize': '227.40 KB', 'attFileSize': '227.40 KB', 'hasXbrl': True}",0.0
INFY,NSE_CORP_ANN,Updates,Infosys Limited has informed the Exchange regarding 'Company statement'.,,,"{'symbol': 'INFY', 'desc': 'Updates', 'dt': '20122025091646', 'attchmntFile': 'https://nsearchives.nseindia.com/corporate/INFY_20122025091628_SE_McCamish_Systems_20122025.pdf', 'sm_name': 'Infosys Limited', 'sm_isin': 'INE009A01021', 'an_dt': '20-Dec-2025 09:16:46', 'sort_date': '2025-12-20 09:16:46', 'seq_id': '106472989', 'smIndustry': 'Computers - Software', 'orgid': None, 'attchmntText': ""Infosys Limited has informed the Exchange regarding 'Company statement'."", 'bflag': None, 'old_new': None, 'csvName': None, 'exchdisstime': '20-Dec-2025 09:16:48', 'difference': '00:00:02', 'fileSize': '218.02 KB', 'attFileSize': '218.02 KB', 'hasXbrl': True}",0.0
INFY,NSE_CORP_ANN,Copy of Newspaper Publication,Infosys Limited has informed the Exchange about Copy of Newspaper Publication for loss of share certificates,,,"{'symbol': 'INFY', 'desc': 'Copy of Newspaper Publication', 'dt': '19122025155403', 'attchmntFile': 'https://nsearchives.nseindia.com/corporate/Infosys_19122025155340_SE_19122025.pdf', 'sm_name': 'Infosys Limited', 'sm_isin': 'INE009A01021', 'an_dt': '19-Dec-2025 15:54:03', 'sort_date': '2025-12-19 15:54:03', 'seq_id': '106472395', 'smIndustry': 'Computers - Software', 'orgid': None, 'attchmntText': 'Infosys Limited has informed the Exchange about Copy of Newspaper Publication for loss of share certificates', 'bflag': None, 'old_new': None, 'csvName': None, 'exchdisstime': '19-Dec-2025 15:54:04', 'difference': '00:00:01', 'fileSize': '1.55 MB', 'attFileSize': '1.55 MB', 'hasXbrl': True}",0.0
INFY,NSE_CORP_ANN,ESOP/ESOS/ESPS,Infosys Limited has informed the Exchange regarding Allotment of 43490  Shares.,,,"{'symbol': 'INFY', 'desc': 'ESOP/ESOS/ESPS', 'dt': '19122025154950', 'attchmntFile': 'https://nsearchives.nseindia.com/corporate/Infosys_19122025154932_ESOP_Allotment_Batch89.pdf', 'sm_name': 'Infosys Limited', 'sm_isin': 'INE009A01021', 'an_dt': '19-Dec-2025 15:49:50', 'sort_date': '2025-12-19 15:49:50', 'seq_id': '106472392', 'smIndustry': 'Computers - Software', 'orgid': None, 'attchmntText': 'Infosys Limited has informed the Exchange regarding Allotment of 43490  Shares.', 'bflag': None, 'old_new': None, 'csvName': None, 'exchdisstime': '19-Dec-2025 15:49:51', 'difference': '00:00:01', 'fileSize': '251.73 KB', 'attFileSize': '251.73 KB', 'hasXbrl': True}",0.0
INDIGO,NSE_CORP_ANN,Action(s) taken or orders passed,InterGlobe Aviation Limited has informed the Exchange about Action(s) taken or orders passed,,,"{'symbol': 'INDIGO', 'desc': 'Action(s) taken or orders passed', 'dt': '25122025142543', 'attchmntFile': 'https://nsearchives.nseindia.com/corporate/Indigo1_25122025142512_SE__Tax_Disclosure__24122025.pdf', 'sm_name': 'InterGlobe Aviation Limited', 'sm_isin': 'INE646L01027', 'an_dt': '25-Dec-2025 14:25:43', 'sort_date': '2025-12-25 14:25:43', 'seq_id': '106477308', 'smIndustry': None, 'orgid': None, 'attchmntText': 'InterGlobe Aviation Limited has informed the Exchange about Action(s) taken or orders passed', 'bflag': None, 'old_new': None, 'csvName': None, 'exchdisstime': '25-Dec-2025 14:25:43', 'difference': '00:00:00', 'fileSize': '495.37 KB', 'attFileSize': '495.37 KB', 'hasXbrl': True}",0.0
INDIGO,NSE_CORP_ANN,General Updates,InterGlobe Aviation Limited has informed the Exchange about General Updates,,,"{'symbol': 'INDIGO', 'desc': 'General Updates', 'dt': '24122025193310', 'attchmntFile': 'https://nsearchives.nseindia.com/corporate/Indigo1_24122025193252_Press_Statement_24122025_Sign.pdf', 'sm_name': 'InterGlobe Aviation Limited', 'sm_isin': 'INE646L01027', 'an_dt': '24-Dec-2025 19:33:10', 'sort_date': '2025-12-24 19:33:10', 'seq_id': '106476945', 'smIndustry': None, 'orgid': None, 'attchmntText': 'InterGlobe Aviation Limited has informed the Exchange about General Updates', 'bflag': None, 'old_new': None, 'csvName': None, 'exchdisstime': '24-Dec-2025 19:33:11', 'difference': '00:00:01', 'fileSize': '390.96 KB', 'attFileSize': '390.96 KB', 'hasXbrl': True}",0.0
JINDALSTEL,NSE_CORP_ANN,General Updates,JINDAL STEEL LIMITED has informed the Exchange about General Updates,,,"{'symbol': 'JINDALSTEL', 'desc': 'General Updates', 'dt': '25122025120629', 'attchmntFile': 'https://nsearchives.nseindia.com/corporate/JINDALSTEL_25122025120514_stx_24_12_2025.pdf', 'sm_name': 'JINDAL STEEL LIMITED', 'sm_isin': 'INE749A01030', 'an_dt': '25-Dec-2025 12:06:29', 'sort_date': '2025-12-25 12:06:29', 'seq_id': '106477257', 'smIndustry': 'Steel And Steel Products', 'orgid': None, 'attchmntText': 'JINDAL STEEL LIMITED has informed the Exchange about General Updates', 'bflag': None, 'old_new': None, 'csvName': None, 'exchdisstime': '25-Dec-2025 12:06:30', 'difference': '00:00:01', 'fileSize': '361.91 KB', 'attFileSize': '361.91 KB', 'hasXbrl': True}",0.0
JSWENERGY,NSE_CORP_ANN,General Updates,"JSW Energy Limited has informed the Exchange about Update - Material litigation under Regulation 30(4) of the Securities Exchange Board of India (Listing Obligations and Disclosure Requirements) Regulations, 2015 ( Listing Regulations )",,,"{'symbol': 'JSWENERGY', 'desc': 'General Updates', 'dt': '25122025152838', 'attchmntFile': 'https://nsearchives.nseindia.com/corporate/AJAYJSWEL_25122025152610_Disclosure_MERC_Order.pdf', 'sm_name': 'JSW Energy Limited', 'sm_isin': 'INE121E01018', 'an_dt': '25-Dec-2025 15:28:38', 'sort_date': '2025-12-25 15:28:38', 'seq_id': '106477346', 'smIndustry': 'Power', 'orgid': None, 'attchmntText': 'JSW Energy Limited has informed the Exchange about Update - Material litigation under Regulation 30(4) of the Securities Exchange Board of India (Listing Obligations and Disclosure Requirements) Regulations, 2015 ( Listing Regulations )', 'bflag': None, 'old_new': None, 'csvName': None, 'exchdisstime': '25-Dec-2025 15:28:39', 'difference': '00:00:01', 'fileSize': '383.39 KB', 'attFileSize': '383.39 KB', 'hasXbrl': True}",0.0
JSWSTEEL,NSE_CORP_ANN,Credit Rating- New,JSW Steel Limited has informed the Exchange about Credit Rating- New,,,"{'symbol': 'JSWSTEEL', 'desc': 'Credit Rating- New', 'dt': '24122025150812', 'attchmntFile': 'https://nsearchives.nseindia.com/corporate/Supriya_24122025150800_SE.pdf', 'sm_name': 'JSW Steel Limited', 'sm_isin': 'INE019A01020', 'an_dt': '24-Dec-2025 15:08:12', 'sort_date': '2025-12-24 15:08:12', 'seq_id': '106476444', 'smIndustry': 'Steel And Steel Products', 'orgid': None, 'attchmntText': 'JSW Steel Limited has informed the Exchange about Credit Rating- New', 'bflag': None, 'old_new': None, 'csvName': None, 'exchdisstime': '24-Dec-2025 15:08:13', 'difference': '00:00:01', 'fileSize': '909.48 KB', 'attFileSize': '909.48 KB', 'hasXbrl': True}",0.0
JSWSTEEL,NSE_CORP_ANN,Trading Window,"JSW Steel Limited has informed the Exchange regarding the Trading Window closure pursuant to SEBI (Prohibition of Insider Trading) Regulations, 2015",,,"{'symbol': 'JSWSTEEL', 'desc': 'Trading Window', 'dt': '22122025155517', 'attchmntFile': 'https://nsearchives.nseindia.com/corporate/jessydenny_22122025155500_Notice_of_Board_Meeting.pdf', 'sm_name': 'JSW Steel Limited', 'sm_isin': 'INE019A01020', 'an_dt': '22-Dec-2025 15:55:17', 'sort_date': '2025-12-22 15:55:17', 'seq_id': '106473896', 'smIndustry': 'Steel And Steel Products', 'orgid': None, 'attchmntText': 'JSW Steel Limited has informed the Exchange regarding the Trading Window closure pursuant to SEBI (Prohibition of Insider Trading) Regulations, 2015', 'bflag': None, 'old_new': None, 'csvName': None, 'exchdisstime': '22-Dec-2025 15:55:18', 'difference': '00:00:01', 'fileSize': '237.96 KB', 'attFileSize': '237.96 KB', 'hasXbrl': True}",0.0
JIOFIN,NSE_CORP_ANN,Acquisition,"Investment in Jio Leasing Services Limited, wholly owned subsidiary of the Company",,,"{'symbol': 'JIOFIN', 'desc': 'Acquisition', 'dt': '23122025175622', 'attchmntFile': 'https://nsearchives.nseindia.com/corporate/JIOFINANCIAL_23122025175519_JLSL_disclosure.pdf', 'sm_name': 'Jio Financial Services Limited', 'sm_isin': 'INE758E01017', 'an_dt': '23-Dec-2025 17:56:22', 'sort_date': '2025-12-23 17:56:22', 'seq_id': '106475416', 'smIndustry': None, 'orgid': None, 'attchmntText': 'Investment in Jio Leasing Services Limited, wholly owned subsidiary of the Company', 'bflag': None, 'old_new': None, 'csvName': None, 'exchdisstime': '23-Dec-2025 17:56:23', 'difference': '00:00:01', 'fileSize': '352.54 KB', 'attFileSize': '352.54 KB', 'hasXbrl': True}",0.0
JUBLFOOD,NSE_CORP_ANN,Trading Window,"Jubilant Foodworks Limited has informed the Exchange regarding the Trading Window closure pursuant to SEBI (Prohibition of Insider Trading) Regulations, 2015",,,"{'symbol': 'JUBLFOOD', 'desc': 'Trading Window', 'dt': '24122025172958', 'attchmntFile': 'https://nsearchives.nseindia.com/corporate/JUBLFOOD_24122025172924_SETWClsoureDec25.pdf', 'sm_name': 'Jubilant Foodworks Limited', 'sm_isin': 'INE797F01012', 'an_dt': '24-Dec-2025 17:29:58', 'sort_date': '2025-12-24 17:29:58', 'seq_id': '106476771', 'smIndustry': 'Food And Food Processing', 'orgid': None, 'attchmntText': 'Jubilant Foodworks Limited has informed the Exchange regarding the Trading Window closure pursuant to SEBI (Prohibition of Insider Trading) Regulations, 2015', 'bflag': None, 'old_new': None, 'csvName': None, 'exchdisstime': '24-Dec-2025 17:29:59', 'difference': '00:00:01', 'fileSize': '351.81 KB', 'attFileSize': '351.81 KB', 'hasXbrl': True}",0.0
KEI,NSE_CORP_ANN,Updates,KEI Industries Limited has informed the Exchange regarding 'Report on Transfer Requests of Physical Shares re-lodged under the special window'.,,,"{'symbol': 'KEI', 'desc': 'Updates', 'dt': '23122025154921', 'attchmntFile': 'https://nsearchives.nseindia.com/corporate/KEI_23122025154906_Special_Window.pdf', 'sm_name': 'KEI Industries Limited', 'sm_isin': 'INE878B01027', 'an_dt': '23-Dec-2025 15:49:21', 'sort_date': '2025-12-23 15:49:21', 'seq_id': '106475137', 'smIndustry': 'Miscellaneous', 'orgid': None, 'attchmntText': ""KEI Industries Limited has informed the Exchange regarding 'Report on Transfer Requests of Physical Shares re-lodged under the special window'."", 'bflag': None, 'old_new': None, 'csvName': None, 'exchdisstime': '23-Dec-2025 15:49:22', 'difference': '00:00:01', 'fileSize': '635.76 KB', 'attFileSize': '635.76 KB', 'hasXbrl': True}",0.0
KPITTECH,NSE_CORP_ANN,Trading Window,"KPIT Technologies Limited has informed the Exchange regarding the Trading Window closure pursuant to SEBI (Prohibition of Insider Trading) Regulations, 2015",,,"{'symbol': 'KPITTECH', 'desc': 'Trading Window', 'dt': '23122025162244', 'attchmntFile': 'https://nsearchives.nseindia.com/corporate/KPITTECH_23122025162008_TWCDEC31_Signed.pdf', 'sm_name': 'KPIT Technologies Limited', 'sm_isin': 'INE04I401011', 'an_dt': '23-Dec-2025 16:22:44', 'sort_date': '2025-12-23 16:22:44', 'seq_id': '106475199', 'smIndustry': None, 'orgid': None, 'attchmntText': 'KPIT Technologies Limited has informed the Exchange regarding the Trading Window closure pursuant to SEBI (Prohibition of Insider Trading) Regulations, 2015', 'bflag': None, 'old_new': None, 'csvName': None, 'exchdisstime': '23-Dec-2025 16:22:44', 'difference': '00:00:00', 'fileSize': '414.48 KB', 'attFileSize': '414.48 KB', 'hasXbrl': True}",0.0
KALYANKJIL,NSE_CORP_ANN,Trading Window,"Kalyan Jewellers India Limited has informed the Exchange regarding the Trading Window closure pursuant to SEBI (Prohibition of Insider Trading) Regulations, 2015",,,"{'symbol': 'KALYANKJIL', 'desc': 'Trading Window', 'dt': '23122025104541', 'attchmntFile': 'https://nsearchives.nseindia.com/corporate/KALYANKJIL_23122025104523_Intimation_TradingWindow.pdf', 'sm_name': 'Kalyan Jewellers India Limited', 'sm_isin': 'INE303R01014', 'an_dt': '23-Dec-2025 10:45:41', 'sort_date': '2025-12-23 10:45:41', 'seq_id': '106474724', 'smIndustry': None, 'orgid': None, 'attchmntText': 'Kalyan Jewellers India Limited has informed the Exchange regarding the Trading Window closure pursuant to SEBI (Prohibition of Insider Trading) Regulations, 2015', 'bflag': None, 'old_new': None, 'csvName': None, 'exchdisstime': '23-Dec-2025 10:45:42', 'difference': '00:00:01', 'fileSize': '564.17 KB', 'attFileSize': '564.17 KB', 'hasXbrl': True}",0.0
KAYNES,NSE_CORP_ANN,Trading Window,"Kaynes Technology India Limited has informed the Exchange regarding the Trading Window closure pursuant to SEBI (Prohibition of Insider Trading) Regulations, 2015",,,"{'symbol': 'KAYNES', 'desc': 'Trading Window', 'dt': '23122025155138', 'attchmntFile': 'https://nsearchives.nseindia.com/corporate/KAYNESTECH_23122025155117_TradingwindowQ3Signed.pdf', 'sm_name': 'Kaynes Technology India Limited', 'sm_isin': 'INE918Z01012', 'an_dt': '23-Dec-2025 15:51:38', 'sort_date': '2025-12-23 15:51:38', 'seq_id': '106475139', 'smIndustry': None, 'orgid': None, 'attchmntText': 'Kaynes Technology India Limited has informed the Exchange regarding the Trading Window closure pursuant to SEBI (Prohibition of Insider Trading) Regulations, 2015', 'bflag': None, 'old_new': None, 'csvName': None, 'exchdisstime': '23-Dec-2025 15:51:39', 'difference': '00:00:01', 'fileSize': '262.52 KB', 'attFileSize': '262.52 KB', 'hasXbrl': True}",0.0
KAYNES,NSE_CORP_ANN,Credit Rating,Kaynes Technology India Limited has informed the Exchange about Credit Rating,,,"{'symbol': 'KAYNES', 'desc': 'Credit Rating', 'dt': '19122025164303', 'attchmntFile': 'https://nsearchives.nseindia.com/corporate/KAYNESTECH_19122025164214_CareCreditRatingSigned.pdf', 'sm_name': 'Kaynes Technology India Limited', 'sm_isin': 'INE918Z01012', 'an_dt': '19-Dec-2025 16:43:03', 'sort_date': '2025-12-19 16:43:03', 'seq_id': '106472453', 'smIndustry': None, 'orgid': None, 'attchmntText': 'Kaynes Technology India Limited has informed the Exchange about Credit Rating', 'bflag': None, 'old_new': None, 'csvName': None, 'exchdisstime': '19-Dec-2025 16:43:04', 'difference': '00:00:01', 'fileSize': '394.98 KB', 'attFileSize': '394.98 KB', 'hasXbrl': True}",0.0
KFINTECH,NSE_CORP_ANN,Trading Window,"Kfin Technologies Limited has informed the Exchange regarding the Trading Window closure pursuant to SEBI (Prohibition of Insider Trading) Regulations, 2015",,,"{'symbol': 'KFINTECH', 'desc': 'Trading Window', 'dt': '24122025190621', 'attchmntFile': 'https://nsearchives.nseindia.com/corporate/KFINTECHNSE_24122025190548_Intimation_Trading_Window_Closure.pdf', 'sm_name': 'Kfin Technologies Limited', 'sm_isin': 'INE138Y01010', 'an_dt': '24-Dec-2025 19:06:21', 'sort_date': '2025-12-24 19:06:21', 'seq_id': '106476924', 'smIndustry': None, 'orgid': None, 'attchmntText': 'Kfin Technologies Limited has informed the Exchange regarding the Trading Window closure pursuant to SEBI (Prohibition of Insider Trading) Regulations, 2015', 'bflag': None, 'old_new': None, 'csvName': None, 'exchdisstime': '24-Dec-2025 19:06:22', 'difference': '00:00:01', 'fileSize': '597.95 KB', 'attFileSize': '597.95 KB', 'hasXbrl': True}",0.0
KFINTECH,NSE_CORP_ANN,ESOP/ESOS/ESPS,KFin Technologies Limited has informed the Exchange regarding allotment of Equity Shares pursuant to exercise of options by the eligible grantees,,,"{'symbol': 'KFINTECH', 'desc': 'ESOP/ESOS/ESPS', 'dt': '19122025091006', 'attchmntFile': 'https://nsearchives.nseindia.com/corporate/KFINTECHNSE_19122025090953_Intimation.pdf', 'sm_name': 'Kfin Technologies Limited', 'sm_isin': 'INE138Y01010', 'an_dt': '19-Dec-2025 09:10:06', 'sort_date': '2025-12-19 09:10:06', 'seq_id': '106471985', 'smIndustry': None, 'orgid': None, 'attchmntText': 'KFin Technologies Limited has informed the Exchange regarding allotment of Equity Shares pursuant to exercise of options by the eligible grantees', 'bflag': None, 'old_new': None, 'csvName': None, 'exchdisstime': '19-Dec-2025 09:10:07', 'difference': '00:00:01', 'fileSize': '312.66 KB', 'attFileSize': '312.66 KB', 'hasXbrl': True}",0.0
KOTAKBANK,NSE_CORP_ANN,Copy of Newspaper Publication,Kotak Mahindra Bank Limited has informed the Exchange about Copy of Newspaper Clipping - Special Window for Re-lodgement of Transfer  Requests of Physical Shares of the Bank,,,"{'symbol': 'KOTAKBANK', 'desc': 'Copy of Newspaper Publication', 'dt': '24122025180828', 'attchmntFile': 'https://nsearchives.nseindia.com/corporate/Kotakmahindrabank_24122025180747_SEIntimationNewspaperpublicationrelodgementoftransferrequestsDec2425.pdf', 'sm_name': 'Kotak Mahindra Bank Limited', 'sm_isin': 'INE237A01010', 'an_dt': '24-Dec-2025 18:08:28', 'sort_date': '2025-12-24 18:08:28', 'seq_id': '106476840', 'smIndustry': 'Banks', 'orgid': None, 'attchmntText': 'Kotak Mahindra Bank Limited has informed the Exchange about Copy of Newspaper Clipping - Special Window for Re-lodgement of Transfer  Requests of Physical Shares of the Bank', 'bflag': None, 'old_new': None, 'csvName': None, 'exchdisstime': '24-Dec-2025 18:08:28', 'difference': '00:00:00', 'fileSize': '3.39 MB', 'attFileSize': '3.39 MB', 'hasXbrl': True}",0.0
KOTAKBANK,NSE_CORP_ANN,Action(s) taken or orders passed,"Intimation under Regulation 30 of the SEBI (Listing Obligations and Disclosure Requirements) Regulations, 2015",,,"{'symbol': 'KOTAKBANK', 'desc': 'Action(s) taken or orders passed', 'dt': '21122025123245', 'attchmntFile': 'https://nsearchives.nseindia.com/corporate/KOTAK_21122025123228_GSTPenalty21122025.pdf', 'sm_name': 'Kotak Mahindra Bank Limited', 'sm_isin': 'INE237A01010', 'an_dt': '21-Dec-2025 12:32:45', 'sort_date': '2025-12-21 12:32:45', 'seq_id': '106473264', 'smIndustry': 'Banks', 'orgid': None, 'attchmntText': 'Intimation under Regulation 30 of the SEBI (Listing Obligations and Disclosure Requirements) Regulations, 2015', 'bflag': None, 'old_new': None, 'csvName': None, 'exchdisstime': '21-Dec-2025 12:32:46', 'difference': '00:00:01', 'fileSize': '233.87 KB', 'attFileSize': '233.87 KB', 'hasXbrl': True}",0.0
LT,NSE_CORP_ANN,Bagging/Receiving of orders/contracts,Larsen & Toubro Limited has informed the Exchange about Bagging/Receiving of orders/contracts,,,"{'symbol': 'LT', 'desc': 'Bagging/Receiving of orders/contracts', 'dt': '24122025101349', 'attchmntFile': 'https://nsearchives.nseindia.com/corporate/PAM_24122025101325_PressRelease24122025.pdf', 'sm_name': 'Larsen & Toubro Limited', 'sm_isin': 'INE018A01030', 'an_dt': '24-Dec-2025 10:13:49', 'sort_date': '2025-12-24 10:13:49', 'seq_id': '106476013', 'smIndustry': 'Engineering', 'orgid': None, 'attchmntText': 'Larsen & Toubro Limited has informed the Exchange about Bagging/Receiving of orders/contracts', 'bflag': None, 'old_new': None, 'csvName': None, 'exchdisstime': '24-Dec-2025 10:13:50', 'difference': '00:00:01', 'fileSize': '272.36 KB', 'attFileSize': '272.36 KB', 'hasXbrl': True}",0.0
LT,NSE_CORP_ANN,Copy of Newspaper Publication,Larsen & Toubro Limited has informed the Exchange about Copy of Newspaper Publication,,,"{'symbol': 'LT', 'desc': 'Copy of Newspaper Publication', 'dt': '20122025141138', 'attchmntFile': 'https://nsearchives.nseindia.com/corporate/PAM_20122025141111_NewspaperAdvt20122025.pdf', 'sm_name': 'Larsen & Toubro Limited', 'sm_isin': 'INE018A01030', 'an_dt': '20-Dec-2025 14:11:38', 'sort_date': '2025-12-20 14:11:38', 'seq_id': '106473089', 'smIndustry': 'Engineering', 'orgid': None, 'attchmntText': 'Larsen & Toubro Limited has informed the Exchange about Copy of Newspaper Publication', 'bflag': None, 'old_new': None, 'csvName': None, 'exchdisstime': '20-Dec-2025 14:11:39', 'difference': '00:00:01', 'fileSize': '548.48 KB', 'attFileSize': '548.48 KB', 'hasXbrl': True}",0.0
LT,NSE_CORP_ANN,Shareholders meeting,Larsen & Toubro Limited has informed the Exchange regarding Notice of Postal Ballot,,,"{'symbol': 'LT', 'desc': 'Shareholders meeting', 'dt': '19122025150420', 'attchmntFile': 'https://nsearchives.nseindia.com/corporate/PAM_19122025150329_PostalBallotNotice19122025.pdf', 'sm_name': 'Larsen & Toubro Limited', 'sm_isin': 'INE018A01030', 'an_dt': '19-Dec-2025 15:04:20', 'sort_date': '2025-12-19 15:04:20', 'seq_id': '106472350', 'smIndustry': 'Engineering', 'orgid': None, 'attchmntText': 'Larsen & Toubro Limited has informed the Exchange regarding Notice of Postal Ballot', 'bflag': None, 'old_new': None, 'csvName': None, 'exchdisstime': '19-Dec-2025 15:04:22', 'difference': '00:00:02', 'fileSize': '956.33 KB', 'attFileSize': '956.33 KB', 'hasXbrl': True}",0.0
LAURUSLABS,NSE_CORP_ANN,General Updates,Laurus Labs Limited has informed the Exchange about Update on Acquisition,,,"{'symbol': 'LAURUSLABS', 'desc': 'General Updates', 'dt': '23122025173726', 'attchmntFile': 'https://nsearchives.nseindia.com/corporate/LAURUSLABS_23122025173626_UpdateonInvIinBio23122025.pdf', 'sm_name': 'Laurus Labs Limited', 'sm_isin': 'INE947Q01010', 'an_dt': '23-Dec-2025 17:37:26', 'sort_date': '2025-12-23 17:37:26', 'seq_id': '106475377', 'smIndustry': None, 'orgid': None, 'attchmntText': 'Laurus Labs Limited has informed the Exchange about Update on Acquisition', 'bflag': None, 'old_new': None, 'csvName': None, 'exchdisstime': '23-Dec-2025 17:37:26', 'difference': '00:00:00', 'fileSize': '414.72 KB', 'attFileSize': '414.72 KB', 'hasXbrl': True}",0.0
LICI,NSE_CORP_ANN,Trading Window,"Life Insurance Corporation Of India has informed the Exchange regarding the Trading Window closure pursuant to SEBI (Prohibition of Insider Trading) Regulations, 2015",,,"{'symbol': 'LICI', 'desc': 'Trading Window', 'dt': '24122025163626', 'attchmntFile': 'https://nsearchives.nseindia.com/corporate/LIC_BOARD_24122025163612_Disclosure_TradingWindowClosure.pdf', 'sm_name': 'Life Insurance Corporation Of India', 'sm_isin': 'INE0J1Y01017', 'an_dt': '24-Dec-2025 16:36:26', 'sort_date': '2025-12-24 16:36:26', 'seq_id': '106476629', 'smIndustry': None, 'orgid': None, 'attchmntText': 'Life Insurance Corporation Of India has informed the Exchange regarding the Trading Window closure pursuant to SEBI (Prohibition of Insider Trading) Regulations, 2015', 'bflag': None, 'old_new': None, 'csvName': None, 'exchdisstime': '24-Dec-2025 16:36:26', 'difference': '00:00:00', 'fileSize': '209.28 KB', 'attFileSize': '209.28 KB', 'hasXbrl': True}",0.0
LODHA,NSE_CORP_ANN,Granting/withdrawal/surrender/cancellation/suspension of key licenses/ regulatory approvals,Lodha Developers Limited has informed the Exchange about Granting/withdrawal/surrender/cancellation/suspension of key licenses/ regulatory approvals,,,"{'symbol': 'LODHA', 'desc': 'Granting/withdrawal/surrender/cancellation/suspension of key licenses/ regulatory approvals', 'dt': '24122025211209', 'attchmntFile': 'https://nsearchives.nseindia.com/corporate/LODHA_24122025210953_LDL_disclosure_24122025.pdf', 'sm_name': 'Lodha Developers Limited', 'sm_isin': 'INE670K01029', 'an_dt': '24-Dec-2025 21:12:09', 'sort_date': '2025-12-24 21:12:09', 'seq_id': '106476984', 'smIndustry': None, 'orgid': None, 'attchmntText': 'Lodha Developers Limited has informed the Exchange about Granting/withdrawal/surrender/cancellation/suspension of key licenses/ regulatory approvals', 'bflag': None, 'old_new': None, 'csvName': None, 'exchdisstime': '24-Dec-2025 21:12:09', 'difference': '00:00:00', 'fileSize': '297.49 KB', 'attFileSize': '297.49 KB', 'hasXbrl': True}",0.0
LODHA,NSE_CORP_ANN,Allotment of Securities,"Lodha Developers Limited has informed the Exchange regarding allotment of 42630 securities pursuant to ESOP/ESPS at its meeting held on December 24, 2025",,,"{'symbol': 'LODHA', 'desc': 'Allotment of Securities', 'dt': '24122025115549', 'attchmntFile': 'https://nsearchives.nseindia.com/corporate/LODHA_24122025115442_AllotmentunderESOP24122025_signed.pdf', 'sm_name': 'Lodha Developers Limited', 'sm_isin': 'INE670K01029', 'an_dt': '24-Dec-2025 11:55:49', 'sort_date': '2025-12-24 11:55:49', 'seq_id': '106476174', 'smIndustry': None, 'orgid': None, 'attchmntText': 'Lodha Developers Limited has informed the Exchange regarding allotment of 42630 securities pursuant to ESOP/ESPS at its meeting held on December 24, 2025', 'bflag': None, 'old_new': None, 'csvName': None, 'exchdisstime': '24-Dec-2025 11:55:50', 'difference': '00:00:01', 'fileSize': '661.99 KB', 'attFileSize': '661.99 KB', 'hasXbrl': True}",0.0
LODHA,NSE_CORP_ANN,Trading Window,"Lodha Developers Limited has informed the Exchange regarding the Trading Window closure pursuant to SEBI (Prohibition of Insider Trading) Regulations, 2015",,,"{'symbol': 'LODHA', 'desc': 'Trading Window', 'dt': '22122025165904', 'attchmntFile': 'https://nsearchives.nseindia.com/corporate/LODHA_22122025165819_LDL_Trading_window_Closure_22122025.pdf', 'sm_name': 'Lodha Developers Limited', 'sm_isin': 'INE670K01029', 'an_dt': '22-Dec-2025 16:59:04', 'sort_date': '2025-12-22 16:59:04', 'seq_id': '106473985', 'smIndustry': None, 'orgid': None, 'attchmntText': 'Lodha Developers Limited has informed the Exchange regarding the Trading Window closure pursuant to SEBI (Prohibition of Insider Trading) Regulations, 2015', 'bflag': None, 'old_new': None, 'csvName': None, 'exchdisstime': '22-Dec-2025 16:59:05', 'difference': '00:00:01', 'fileSize': '222.74 KB', 'attFileSize': '222.74 KB', 'hasXbrl': True}",0.0
M&M,NSE_CORP_ANN,Trading Window,"Mahindra & Mahindra Limited has informed the Exchange regarding the Trading Window closure pursuant to SEBI (Prohibition of Insider Trading) Regulations, 2015",,,"{'symbol': 'M&M', 'desc': 'Trading Window', 'dt': '24122025180449', 'attchmntFile': 'https://nsearchives.nseindia.com/corporate/ferozebaria_24122025180439_SEIntimationBoardMeeting110226.pdf', 'sm_name': 'Mahindra & Mahindra Limited', 'sm_isin': 'INE101A01026', 'an_dt': '24-Dec-2025 18:04:49', 'sort_date': '2025-12-24 18:04:49', 'seq_id': '106476835', 'smIndustry': 'Automobiles - 4 Wheelers', 'orgid': None, 'attchmntText': 'Mahindra & Mahindra Limited has informed the Exchange regarding the Trading Window closure pursuant to SEBI (Prohibition of Insider Trading) Regulations, 2015', 'bflag': None, 'old_new': None, 'csvName': None, 'exchdisstime': '24-Dec-2025 18:04:49', 'difference': '00:00:00', 'fileSize': '3.45 MB', 'attFileSize': '3.45 MB', 'hasXbrl': True}",0.0
M&M,NSE_CORP_ANN,Updates,Mahindra & Mahindra Limited has informed the Exchange regarding 'Transfer of Equity Shares by Mahindra & Mahindra Employees  Stock Option Trust to the Stock Option Grantees'.,,,"{'symbol': 'M&M', 'desc': 'Updates', 'dt': '23122025190638', 'attchmntFile': 'https://nsearchives.nseindia.com/corporate/Shaibya_23122025190631_Employeeslist23122025.pdf', 'sm_name': 'Mahindra & Mahindra Limited', 'sm_isin': 'INE101A01026', 'an_dt': '23-Dec-2025 19:06:38', 'sort_date': '2025-12-23 19:06:38', 'seq_id': '106475532', 'smIndustry': 'Automobiles - 4 Wheelers', 'orgid': None, 'attchmntText': ""Mahindra & Mahindra Limited has informed the Exchange regarding 'Transfer of Equity Shares by Mahindra & Mahindra Employees  Stock Option Trust to the Stock Option Grantees'."", 'bflag': None, 'old_new': None, 'csvName': None, 'exchdisstime': '23-Dec-2025 19:06:38', 'difference': '00:00:00', 'fileSize': '747.63 KB', 'attFileSize': '747.63 KB', 'hasXbrl': True}",0.0
MANKIND,NSE_CORP_ANN,Trading Window,"Mankind Pharma Limited has informed the Exchange regarding the Trading Window closure pursuant to SEBI (Prohibition of Insider Trading) Regulations, 2015",,,"{'symbol': 'MANKIND', 'desc': 'Trading Window', 'dt': '24122025134301', 'attchmntFile': 'https://nsearchives.nseindia.com/corporate/MANKIND1_24122025134247_TWC.pdf', 'sm_name': 'Mankind Pharma Limited', 'sm_isin': 'INE634S01028', 'an_dt': '24-Dec-2025 13:43:01', 'sort_date': '2025-12-24 13:43:01', 'seq_id': '106476344', 'smIndustry': None, 'orgid': None, 'attchmntText': 'Mankind Pharma Limited has informed the Exchange regarding the Trading Window closure pursuant to SEBI (Prohibition of Insider Trading) Regulations, 2015', 'bflag': None, 'old_new': None, 'csvName': None, 'exchdisstime': '24-Dec-2025 13:43:01', 'difference': '00:00:00', 'fileSize': '357.94 KB', 'attFileSize': '357.94 KB', 'hasXbrl': True}",0.0
MARUTI,NSE_CORP_ANN,Trading Window,"Maruti Suzuki India Limited has informed the Exchange regarding the Trading Window closure pursuant to SEBI (Prohibition of Insider Trading) Regulations, 2015",,,"{'symbol': 'MARUTI', 'desc': 'Trading Window', 'dt': '25122025161704', 'attchmntFile': 'https://nsearchives.nseindia.com/corporate/MARUTIASHISH_25122025161520_TradingWindow_Dec25.pdf', 'sm_name': 'Maruti Suzuki India Limited', 'sm_isin': 'INE585B01010', 'an_dt': '25-Dec-2025 16:17:04', 'sort_date': '2025-12-25 16:17:04', 'seq_id': '106477391', 'smIndustry': 'Automobiles - 4 Wheelers', 'orgid': None, 'attchmntText': 'Maruti Suzuki India Limited has informed the Exchange regarding the Trading Window closure pursuant to SEBI (Prohibition of Insider Trading) Regulations, 2015', 'bflag': None, 'old_new': None, 'csvName': None, 'exchdisstime': '25-Dec-2025 16:17:06', 'difference': '00:00:02', 'fileSize': '1.55 MB', 'attFileSize': '1.55 MB', 'hasXbrl': True}",0.0
MARUTI,NSE_CORP_ANN,General Updates,"Maruti Suzuki India Limited has informed the Exchange about Intimation under Regulation 30 of the SEBI (Listing Obligations and Disclosure Requirements) Regulations, 2015",,,"{'symbol': 'MARUTI', 'desc': 'General Updates', 'dt': '23122025184728', 'attchmntFile': 'https://nsearchives.nseindia.com/corporate/MARUTIASHISH_23122025184609_Reg30_23122025.pdf', 'sm_name': 'Maruti Suzuki India Limited', 'sm_isin': 'INE585B01010', 'an_dt': '23-Dec-2025 18:47:28', 'sort_date': '2025-12-23 18:47:28', 'seq_id': '106475509', 'smIndustry': 'Automobiles - 4 Wheelers', 'orgid': None, 'attchmntText': 'Maruti Suzuki India Limited has informed the Exchange about Intimation under Regulation 30 of the SEBI (Listing Obligations and Disclosure Requirements) Regulations, 2015', 'bflag': None, 'old_new': None, 'csvName': None, 'exchdisstime': '23-Dec-2025 18:47:29', 'difference': '00:00:01', 'fileSize': '1.72 MB', 'attFileSize': '1.72 MB', 'hasXbrl': True}",0.0
MFSL,NSE_CORP_ANN,Shareholders meeting,"Declaration of Postal Ballot Results with respect to Postal Ballot Notice dated November 11, 2025",,,"{'symbol': 'MFSL', 'desc': 'Shareholders meeting', 'dt': '22122025155415', 'attchmntFile': 'https://nsearchives.nseindia.com/corporate/Max_22122025154839_SEDPOSTALBALLOTRESULTS22122025.pdf', 'sm_name': 'Max Financial Services Limited', 'sm_isin': 'INE180A01020', 'an_dt': '22-Dec-2025 15:54:15', 'sort_date': '2025-12-22 15:54:15', 'seq_id': '106473895', 'smIndustry': None, 'orgid': None, 'attchmntText': 'Declaration of Postal Ballot Results with respect to Postal Ballot Notice dated November 11, 2025', 'bflag': None, 'old_new': None, 'csvName': None, 'exchdisstime': '22-Dec-2025 15:54:16', 'difference': '00:00:01', 'fileSize': '11.04 MB', 'attFileSize': '11.04 MB', 'hasXbrl': True}",0.0
MAXHEALTH,NSE_CORP_ANN,General Updates,Max Healthcare Institute Limited has informed the Exchange about General Updates,,,"{'symbol': 'MAXHEALTH', 'desc': 'General Updates', 'dt': '19122025223615', 'attchmntFile': 'https://nsearchives.nseindia.com/corporate/MAXHEALTH_19122025223533_SE_Intimation_GST_Order.pdf', 'sm_name': 'Max Healthcare Institute Limited', 'sm_isin': 'INE027H01010', 'an_dt': '19-Dec-2025 22:36:15', 'sort_date': '2025-12-19 22:36:15', 'seq_id': '106472784', 'smIndustry': None, 'orgid': None, 'attchmntText': 'Max Healthcare Institute Limited has informed the Exchange about General Updates', 'bflag': None, 'old_new': None, 'csvName': None, 'exchdisstime': '19-Dec-2025 22:36:16', 'difference': '00:00:01', 'fileSize': '323.16 KB', 'attFileSize': '323.16 KB', 'hasXbrl': True}",0.0
MAZDOCK,NSE_CORP_ANN,Trading Window,"Mazagon Dock Shipbuilders Limited has informed the Exchange regarding the Trading Window closure pursuant to SEBI (Prohibition of Insider Trading) Regulations, 2015",,,"{'symbol': 'MAZDOCK', 'desc': 'Trading Window', 'dt': '22122025155659', 'attchmntFile': 'https://nsearchives.nseindia.com/corporate/MAZDOCK_22122025155650_SE_Disclosure_TWC_for_Dec_2025.PDF', 'sm_name': 'Mazagon Dock Shipbuilders Limited', 'sm_isin': 'INE249Z01012', 'an_dt': '22-Dec-2025 15:56:59', 'sort_date': '2025-12-22 15:56:59', 'seq_id': '106473899', 'smIndustry': None, 'orgid': None, 'attchmntText': 'Mazagon Dock Shipbuilders Limited has informed the Exchange regarding the Trading Window closure pursuant to SEBI (Prohibition of Insider Trading) Regulations, 2015', 'bflag': None, 'old_new': None, 'csvName': None, 'exchdisstime': '22-Dec-2025 15:57:00', 'difference': '00:00:01', 'fileSize': '160.43 KB', 'attFileSize': '160.43 KB', 'hasXbrl': True}",0.0
MPHASIS,NSE_CORP_ANN,Action(s) taken or orders passed,MphasiS Limited has informed the Exchange about Action(s) taken or orders passed,,,"{'symbol': 'MPHASIS', 'desc': 'Action(s) taken or orders passed', 'dt': '25122025234913', 'attchmntFile': 'https://nsearchives.nseindia.com/corporate/MPHASIS_25122025234903_Mphasis_SE_Intimation_letter_dec_25.pdf', 'sm_name': 'MphasiS Limited', 'sm_isin': 'INE356A01018', 'an_dt': '25-Dec-2025 23:49:13', 'sort_date': '2025-12-25 23:49:13', 'seq_id': '106477537', 'smIndustry': 'Computers - Software', 'orgid': None, 'attchmntText': 'MphasiS Limited has informed the Exchange about Action(s) taken or orders passed', 'bflag': None, 'old_new': None, 'csvName': None, 'exchdisstime': '25-Dec-2025 23:49:15', 'difference': '00:00:02', 'fileSize': '269.80 KB', 'attFileSize': '269.80 KB', 'hasXbrl': True}",0.0
MPHASIS,NSE_CORP_ANN,Analysts/Institutional Investor Meet/Con. Call Updates,MphasiS Limited has informed the Exchange about Schedule of meet,,,"{'symbol': 'MPHASIS', 'desc': 'Analysts/Institutional Investor Meet/Con. Call Updates', 'dt': '24122025185543', 'attchmntFile': 'https://nsearchives.nseindia.com/corporate/MPHASIS_24122025185527_Intimation_of_Investor_or_Analyst_Meet.pdf', 'sm_name': 'MphasiS Limited', 'sm_isin': 'INE356A01018', 'an_dt': '24-Dec-2025 18:55:43', 'sort_date': '2025-12-24 18:55:43', 'seq_id': '106476915', 'smIndustry': 'Computers - Software', 'orgid': None, 'attchmntText': 'MphasiS Limited has informed the Exchange about Schedule of meet', 'bflag': None, 'old_new': None, 'csvName': None, 'exchdisstime': '24-Dec-2025 18:55:45', 'difference': '00:00:02', 'fileSize': '354.17 KB', 'attFileSize': '354.17 KB', 'hasXbrl': True}",0.0
MUTHOOTFIN,NSE_CORP_ANN,Trading Window,"Muthoot Finance Limited has informed the Exchange regarding the Trading Window closure pursuant to SEBI (Prohibition of Insider Trading) Regulations, 2015",,,"{'symbol': 'MUTHOOTFIN', 'desc': 'Trading Window', 'dt': '19122025153709', 'attchmntFile': 'https://nsearchives.nseindia.com/corporate/MUTHOOTFIN_19122025153558_Trading_window_closure_-_Q3_-December_30_2025_sd.pdf', 'sm_name': 'Muthoot Finance Limited', 'sm_isin': 'INE414G01012', 'an_dt': '19-Dec-2025 15:37:09', 'sort_date': '2025-12-19 15:37:09', 'seq_id': '106472379', 'smIndustry': 'Finance', 'orgid': None, 'attchmntText': 'Muthoot Finance Limited has informed the Exchange regarding the Trading Window closure pursuant to SEBI (Prohibition of Insider Trading) Regulations, 2015', 'bflag': None, 'old_new': None, 'csvName': None, 'exchdisstime': '19-Dec-2025 15:37:10', 'difference': '00:00:01', 'fileSize': '227.35 KB', 'attFileSize': '227.35 KB', 'hasXbrl': True}",0.0
NBCC,NSE_CORP_ANN,Updates,NBCC (India) Limited has informed the Exchange regarding 'Intimation of Memorandum of Understanding (MoU) between NBCC (India) Limited and the Board of Mumbai Port Authority'.,,,"{'symbol': 'NBCC', 'desc': 'Updates', 'dt': '24122025160308', 'attchmntFile': 'https://nsearchives.nseindia.com/corporate/NBCC_24122025155948_MOUBordofMumbaiportandNBCCnsebse24122025.pdf', 'sm_name': 'NBCC (India) Limited', 'sm_isin': 'INE095N01015', 'an_dt': '24-Dec-2025 16:03:08', 'sort_date': '2025-12-24 16:03:08', 'seq_id': '106476557', 'smIndustry': 'Construction', 'orgid': None, 'attchmntText': ""NBCC (India) Limited has informed the Exchange regarding 'Intimation of Memorandum of Understanding (MoU) between NBCC (India) Limited and the Board of Mumbai Port Authority'."", 'bflag': None, 'old_new': None, 'csvName': None, 'exchdisstime': '24-Dec-2025 16:03:09', 'difference': '00:00:01', 'fileSize': '287.04 KB', 'attFileSize': '287.04 KB', 'hasXbrl': True}",0.0
NBCC,NSE_CORP_ANN,Change in Director(s),NBCC (India) Limited has informed the Exchange regarding Change in Director(s) of the company.,,,"{'symbol': 'NBCC', 'desc': 'Change in Director(s)', 'dt': '23122025191137', 'attchmntFile': 'https://nsearchives.nseindia.com/corporate/NBCC_23122025190914_Change_in_Management_Shri_Saleem_Ahmad.pdf', 'sm_name': 'NBCC (India) Limited', 'sm_isin': 'INE095N01015', 'an_dt': '23-Dec-2025 19:11:37', 'sort_date': '2025-12-23 19:11:37', 'seq_id': '106475536', 'smIndustry': 'Construction', 'orgid': None, 'attchmntText': 'NBCC (India) Limited has informed the Exchange regarding Change in Director(s) of the company.', 'bflag': None, 'old_new': None, 'csvName': None, 'exchdisstime': '23-Dec-2025 19:11:37', 'difference': '00:00:00', 'fileSize': '611.71 KB', 'attFileSize': '611.71 KB', 'hasXbrl': True}",0.0
NHPC,NSE_CORP_ANN,General Updates,NHPC Limited has informed the Exchange about General Update on commissioning of Subansiri Lower HE Project (2000 MW) of NHPC Limited,,,"{'symbol': 'NHPC', 'desc': 'General Updates', 'dt': '21122025101620', 'attchmntFile': 'https://nsearchives.nseindia.com/corporate/NHPC_21122025101323_STX_Subansiri_update___1_.pdf', 'sm_name': 'NHPC Limited', 'sm_isin': 'INE848E01016', 'an_dt': '21-Dec-2025 10:16:20', 'sort_date': '2025-12-21 10:16:20', 'seq_id': '106473259', 'smIndustry': 'Power', 'orgid': None, 'attchmntText': 'NHPC Limited has informed the Exchange about General Update on commissioning of Subansiri Lower HE Project (2000 MW) of NHPC Limited', 'bflag': None, 'old_new': None, 'csvName': None, 'exchdisstime': '21-Dec-2025 10:16:21', 'difference': '00:00:01', 'fileSize': '751.58 KB', 'attFileSize': '751.58 KB', 'hasXbrl': True}",0.0
NMDC,NSE_CORP_ANN,General Updates,NMDC Limited has informed the Exchange about General Updates - MoU with the Colorado School of Mines for Academic & Research Collaboration,,,"{'symbol': 'NMDC', 'desc': 'General Updates', 'dt': '24122025171139', 'attchmntFile': 'https://nsearchives.nseindia.com/corporate/NMDC_24122025171127_20251224_SEA2025061_MOU_Signed.pdf', 'sm_name': 'NMDC Limited', 'sm_isin': 'INE584A01023', 'an_dt': '24-Dec-2025 17:11:39', 'sort_date': '2025-12-24 17:11:39', 'seq_id': '106476736', 'smIndustry': 'Mining', 'orgid': None, 'attchmntText': 'NMDC Limited has informed the Exchange about General Updates - MoU with the Colorado School of Mines for Academic & Research Collaboration', 'bflag': None, 'old_new': None, 'csvName': None, 'exchdisstime': '24-Dec-2025 17:11:40', 'difference': '00:00:01', 'fileSize': '1.28 MB', 'attFileSize': '1.28 MB', 'hasXbrl': True}",0.0
NTPC,NSE_CORP_ANN,General Updates,NTPC Limited has informed the Exchange about Declaration of Commercial Operation of Second & Last Part Capacity of 13 MW out of 23 MW of Solapur Solar PV Project at NTPC Solapur,,,"{'symbol': 'NTPC', 'desc': 'General Updates', 'dt': '24122025210259', 'attchmntFile': 'https://nsearchives.nseindia.com/corporate/ishkumar_24122025205832_DisclosureCOD_Solapur13MW.pdf', 'sm_name': 'NTPC Limited', 'sm_isin': 'INE733E01010', 'an_dt': '24-Dec-2025 21:02:59', 'sort_date': '2025-12-24 21:02:59', 'seq_id': '106476979', 'smIndustry': 'Power', 'orgid': None, 'attchmntText': 'NTPC Limited has informed the Exchange about Declaration of Commercial Operation of Second & Last Part Capacity of 13 MW out of 23 MW of Solapur Solar PV Project at NTPC Solapur', 'bflag': None, 'old_new': None, 'csvName': None, 'exchdisstime': '24-Dec-2025 21:03:00', 'difference': '00:00:01', 'fileSize': '248.11 KB', 'attFileSize': '248.11 KB', 'hasXbrl': True}",0.0
NTPC,NSE_CORP_ANN,Trading Window,"NTPC Limited has informed the Exchange regarding the Trading Window closure pursuant to SEBI (Prohibition of Insider Trading) Regulations, 2015",,,"{'symbol': 'NTPC', 'desc': 'Trading Window', 'dt': '24122025131842', 'attchmntFile': 'https://nsearchives.nseindia.com/corporate/NTPC2_24122025131834_STEXINTIMATIONCLOSUREOFTRADINGWINDOW24122025.pdf', 'sm_name': 'NTPC Limited', 'sm_isin': 'INE733E01010', 'an_dt': '24-Dec-2025 13:18:42', 'sort_date': '2025-12-24 13:18:42', 'seq_id': '106476325', 'smIndustry': 'Power', 'orgid': None, 'attchmntText': 'NTPC Limited has informed the Exchange regarding the Trading Window closure pursuant to SEBI (Prohibition of Insider Trading) Regulations, 2015', 'bflag': None, 'old_new': None, 'csvName': None, 'exchdisstime': '24-Dec-2025 13:18:43', 'difference': '00:00:01', 'fileSize': '658.47 KB', 'attFileSize': '658.47 KB', 'hasXbrl': True}",0.0
NATIONALUM,NSE_CORP_ANN,Trading Window,"National Aluminium Company Limited has informed the Exchange regarding the Trading Window closure pursuant to SEBI (Prohibition of Insider Trading) Regulations, 2015",,,"{'symbol': 'NATIONALUM', 'desc': 'Trading Window', 'dt': '22122025170144', 'attchmntFile': 'https://nsearchives.nseindia.com/corporate/bharatsahu_22122025170113_SELetterTradingWindowClosure.pdf', 'sm_name': 'National Aluminium Company Limited', 'sm_isin': 'INE139A01026', 'an_dt': '22-Dec-2025 17:01:44', 'sort_date': '2025-12-22 17:01:44', 'seq_id': '106473991', 'smIndustry': 'Aluminium', 'orgid': None, 'attchmntText': 'National Aluminium Company Limited has informed the Exchange regarding the Trading Window closure pursuant to SEBI (Prohibition of Insider Trading) Regulations, 2015', 'bflag': None, 'old_new': None, 'csvName': None, 'exchdisstime': '22-Dec-2025 17:01:45', 'difference': '00:00:01', 'fileSize': '734.79 KB', 'attFileSize': '734.79 KB', 'hasXbrl': True}",0.0
OBEROIRLTY,NSE_CORP_ANN,Reply to Clarification- Financial results,"The Exchange had sought clarification from Oberoi Realty Limited for the quarter ended 30-Sep-2025 with respect to Regulation 33 of the SEBI (Listing Obligations and Disclosure Requirements) Regulations, 2015. On basis of above the Company was required to clarify the following: \n -1.Financial results submitted in XBRL with discrepancies   The response of the Company is enclosed.",,,"{'symbol': 'OBEROIRLTY', 'desc': 'Reply to Clarification- Financial results', 'dt': '22122025105041', 'attchmntFile': 'https://nsearchives.nseindia.com/corporate/OBEROIRLTY_18122025181826_ORLLetter_Financial_18122025_signed.pdf', 'sm_name': 'Oberoi Realty Limited', 'sm_isin': 'INE093I01010', 'an_dt': '22-Dec-2025 10:50:41', 'sort_date': '2025-12-22 10:50:41', 'seq_id': '106473564', 'smIndustry': 'Construction', 'orgid': None, 'attchmntText': 'The Exchange had sought clarification from Oberoi Realty Limited for the quarter ended 30-Sep-2025 with respect to Regulation 33 of the SEBI (Listing Obligations and Disclosure Requirements) Regulations, 2015. On basis of above the Company was required to clarify the following: \\n -1.Financial results submitted in XBRL with discrepancies   The response of the Company is enclosed.', 'bflag': None, 'old_new': None, 'csvName': None, 'exchdisstime': '22-Dec-2025 10:50:42', 'difference': '00:00:01', 'fileSize': '343.46 KB', 'attFileSize': '343.46 KB', 'hasXbrl': True}",0.0
OIL,NSE_CORP_ANN,Updates,Oil India Limited has informed the Exchange regarding 'Board comments on fine levied by the Exchange'.,,,"{'symbol': 'OIL', 'desc': 'Updates', 'dt': '20122025192610', 'attchmntFile': 'https://nsearchives.nseindia.com/corporate/OIL_20122025192541_Boardcommentsonfineleviedbyexchange.pdf', 'sm_name': 'Oil India Limited', 'sm_isin': 'INE274J01014', 'an_dt': '20-Dec-2025 19:26:10', 'sort_date': '2025-12-20 19:26:10', 'seq_id': '106473180', 'smIndustry': 'Oil Exploration/Production', 'orgid': None, 'attchmntText': ""Oil India Limited has informed the Exchange regarding 'Board comments on fine levied by the Exchange'."", 'bflag': None, 'old_new': None, 'csvName': None, 'exchdisstime': '20-Dec-2025 19:26:11', 'difference': '00:00:01', 'fileSize': '1.68 MB', 'attFileSize': '1.68 MB', 'hasXbrl': True}",0.0
PAYTM,NSE_CORP_ANN,Sale or disposal,One 97 Communications Limited has informed the Exchange about Change in Status - From Wholly Owned Step Down Subsidiary to Step Down Subsidiary of the Company,,,"{'symbol': 'PAYTM', 'desc': 'Sale or disposal', 'dt': '22122025184144', 'attchmntFile': 'https://nsearchives.nseindia.com/corporate/PAYTM_22122025184127_SE_Disclosure_Dec_22_2025_sd.pdf', 'sm_name': 'One 97 Communications Limited', 'sm_isin': 'INE982J01020', 'an_dt': '22-Dec-2025 18:41:44', 'sort_date': '2025-12-22 18:41:44', 'seq_id': '106474169', 'smIndustry': None, 'orgid': None, 'attchmntText': 'One 97 Communications Limited has informed the Exchange about Change in Status - From Wholly Owned Step Down Subsidiary to Step Down Subsidiary of the Company', 'bflag': None, 'old_new': None, 'csvName': None, 'exchdisstime': '22-Dec-2025 18:41:44', 'difference': '00:00:00', 'fileSize': '206.36 KB', 'attFileSize': '206.36 KB', 'hasXbrl': True}",0.0
PAYTM,NSE_CORP_ANN,Incorporation,"One 97 Communications Limited has informed the Exchange about Incorporation of 2 (Two) overseas Step Down Wholly Owned Subsidiaries of the Company through Paytm Cloud Technologies Limited, a Wholly Owned Subsidiary of the Company",,,"{'symbol': 'PAYTM', 'desc': 'Incorporation', 'dt': '22122025182144', 'attchmntFile': 'https://nsearchives.nseindia.com/corporate/PAYTM_22122025182130_SE_Disclosure_Dec_22_2025_sd.pdf', 'sm_name': 'One 97 Communications Limited', 'sm_isin': 'INE982J01020', 'an_dt': '22-Dec-2025 18:21:44', 'sort_date': '2025-12-22 18:21:44', 'seq_id': '106474142', 'smIndustry': None, 'orgid': None, 'attchmntText': 'One 97 Communications Limited has informed the Exchange about Incorporation of 2 (Two) overseas Step Down Wholly Owned Subsidiaries of the Company through Paytm Cloud Technologies Limited, a Wholly Owned Subsidiary of the Company', 'bflag': None, 'old_new': None, 'csvName': None, 'exchdisstime': '22-Dec-2025 18:21:45', 'difference': '00:00:01', 'fileSize': '206.36 KB', 'attFileSize': '206.36 KB', 'hasXbrl': True}",0.0
PGEL,NSE_CORP_ANN,Trading Window,"PG Electroplast Limited has informed the Exchange regarding the Trading Window closure pursuant to SEBI (Prohibition of Insider Trading) Regulations, 2015",,,"{'symbol': 'PGEL', 'desc': 'Trading Window', 'dt': '24122025171948', 'attchmntFile': 'https://nsearchives.nseindia.com/corporate/PGEL_24122025171914_Trading_Window_STX.pdf', 'sm_name': 'PG Electroplast Limited', 'sm_isin': 'INE457L01011', 'an_dt': '24-Dec-2025 17:19:48', 'sort_date': '2025-12-24 17:19:48', 'seq_id': '106476755', 'smIndustry': 'Consumer Durables', 'orgid': None, 'attchmntText': 'PG Electroplast Limited has informed the Exchange regarding the Trading Window closure pursuant to SEBI (Prohibition of Insider Trading) Regulations, 2015', 'bflag': None, 'old_new': None, 'csvName': None, 'exchdisstime': '24-Dec-2025 17:19:49', 'difference': '00:00:01', 'fileSize': '3.05 MB', 'attFileSize': '3.05 MB', 'hasXbrl': True}",0.0
PIIND,NSE_CORP_ANN,Trading Window,"PI Industries Limited has informed the Exchange regarding the Trading Window closure pursuant to SEBI (Prohibition of Insider Trading) Regulations, 2015",,,"{'symbol': 'PIIND', 'desc': 'Trading Window', 'dt': '24122025160835', 'attchmntFile': 'https://nsearchives.nseindia.com/corporate/PIIND_24122025160815_Trading_Window_Closure_Dec_2025.pdf', 'sm_name': 'PI Industries Limited', 'sm_isin': 'INE603J01014', 'an_dt': '24-Dec-2025 16:08:35', 'sort_date': '2025-12-24 16:08:35', 'seq_id': '106476572', 'smIndustry': 'Pesticides And Agrochemicals', 'orgid': None, 'attchmntText': 'PI Industries Limited has informed the Exchange regarding the Trading Window closure pursuant to SEBI (Prohibition of Insider Trading) Regulations, 2015', 'bflag': None, 'old_new': None, 'csvName': None, 'exchdisstime': '24-Dec-2025 16:08:36', 'difference': '00:00:01', 'fileSize': '240.39 KB', 'attFileSize': '240.39 KB', 'hasXbrl': True}",0.0
PNBHOUSING,NSE_CORP_ANN,ESOP/ESOS/ESPS,"PNB Housing Finance Limited has informed the Exchange regarding Grant of 200,000 ESOPs and 32,508 RSUs.",,,"{'symbol': 'PNBHOUSING', 'desc': 'ESOP/ESOS/ESPS', 'dt': '24122025204513', 'attchmntFile': 'https://nsearchives.nseindia.com/corporate/PNBHOUSING_24122025204116_SEgrantOfESOPRSU_24Dec25sd.pdf', 'sm_name': 'PNB Housing Finance Limited', 'sm_isin': 'INE572E01012', 'an_dt': '24-Dec-2025 20:45:13', 'sort_date': '2025-12-24 20:45:13', 'seq_id': '106476973', 'smIndustry': None, 'orgid': None, 'attchmntText': 'PNB Housing Finance Limited has informed the Exchange regarding Grant of 200,000 ESOPs and 32,508 RSUs.', 'bflag': None, 'old_new': None, 'csvName': None, 'exchdisstime': '24-Dec-2025 20:45:13', 'difference': '00:00:00', 'fileSize': '290.38 KB', 'attFileSize': '290.38 KB', 'hasXbrl': True}",0.0
PNBHOUSING,NSE_CORP_ANN,Pendency of Litigation(s)/dispute(s) or the outcome impacting the Company,PNB Housing Finance Limited has informed the Exchange about Pendency of Litigation(s)/dispute(s),,,"{'symbol': 'PNBHOUSING', 'desc': 'Pendency of Litigation(s)/dispute(s) or the outcome impacting the Company', 'dt': '23122025215920', 'attchmntFile': 'https://nsearchives.nseindia.com/corporate/PNBHOUSING_23122025215732_SE_Intimation_R30_CS.pdf', 'sm_name': 'PNB Housing Finance Limited', 'sm_isin': 'INE572E01012', 'an_dt': '23-Dec-2025 21:59:20', 'sort_date': '2025-12-23 21:59:20', 'seq_id': '106475624', 'smIndustry': None, 'orgid': None, 'attchmntText': 'PNB Housing Finance Limited has informed the Exchange about Pendency of Litigation(s)/dispute(s)', 'bflag': None, 'old_new': None, 'csvName': None, 'exchdisstime': '23-Dec-2025 21:59:21', 'difference': '00:00:01', 'fileSize': '533.14 KB', 'attFileSize': '533.14 KB', 'hasXbrl': True}",0.0
PNBHOUSING,NSE_CORP_ANN,Analysts/Institutional Investor Meet/Con. Call Updates,PNB Housing Finance Limited has informed the Exchange about Citi India Financial Tour 2025 Conference - Outcome,,,"{'symbol': 'PNBHOUSING', 'desc': 'Analysts/Institutional Investor Meet/Con. Call Updates', 'dt': '19122025211248', 'attchmntFile': 'https://nsearchives.nseindia.com/corporate/PNBHOUSING_19122025211214_CitiOutcomeDec192025.pdf', 'sm_name': 'PNB Housing Finance Limited', 'sm_isin': 'INE572E01012', 'an_dt': '19-Dec-2025 21:12:48', 'sort_date': '2025-12-19 21:12:48', 'seq_id': '106472752', 'smIndustry': None, 'orgid': None, 'attchmntText': 'PNB Housing Finance Limited has informed the Exchange about Citi India Financial Tour 2025 Conference - Outcome', 'bflag': None, 'old_new': None, 'csvName': None, 'exchdisstime': '19-Dec-2025 21:12:49', 'difference': '00:00:01', 'fileSize': '237.79 KB', 'attFileSize': '237.79 KB', 'hasXbrl': True}",0.0
PATANJALI,NSE_CORP_ANN,Trading Window,"Patanjali Foods Limited has informed the Exchange regarding the Trading Window closure pursuant to SEBI (Prohibition of Insider Trading) Regulations, 2015",,,"{'symbol': 'PATANJALI', 'desc': 'Trading Window', 'dt': '24122025110839', 'attchmntFile': 'https://nsearchives.nseindia.com/corporate/RUCHI_24122025110819_TWCBSENSE.pdf', 'sm_name': 'Patanjali Foods Limited', 'sm_isin': 'INE619A01035', 'an_dt': '24-Dec-2025 11:08:39', 'sort_date': '2025-12-24 11:08:39', 'seq_id': '106476046', 'smIndustry': None, 'orgid': None, 'attchmntText': 'Patanjali Foods Limited has informed the Exchange regarding the Trading Window closure pursuant to SEBI (Prohibition of Insider Trading) Regulations, 2015', 'bflag': None, 'old_new': None, 'csvName': None, 'exchdisstime': '24-Dec-2025 11:08:40', 'difference': '00:00:01', 'fileSize': '2.94 MB', 'attFileSize': '2.94 MB', 'hasXbrl': True}",0.0
PERSISTENT,NSE_CORP_ANN,Other Restructuring,Persistent Systems Limited has informed the Exchange about Other Restructuring,,,"{'symbol': 'PERSISTENT', 'desc': 'Other Restructuring', 'dt': '24122025234355', 'attchmntFile': 'https://nsearchives.nseindia.com/corporate/PERSISTENTUSER1_24122025234342_PSLIntimationofExecutionoftheSPADecember2025signed.pdf', 'sm_name': 'Persistent Systems Limited', 'sm_isin': 'INE262H01013', 'an_dt': '24-Dec-2025 23:43:55', 'sort_date': '2025-12-24 23:43:55', 'seq_id': '106477226', 'smIndustry': 'Computers - Software', 'orgid': None, 'attchmntText': 'Persistent Systems Limited has informed the Exchange about Other Restructuring', 'bflag': None, 'old_new': None, 'csvName': None, 'exchdisstime': '24-Dec-2025 23:43:56', 'difference': '00:00:01', 'fileSize': '249.57 KB', 'attFileSize': '249.57 KB', 'hasXbrl': True}",0.0
PERSISTENT,NSE_CORP_ANN,Trading Window,"Persistent Systems Limited has informed the Exchange regarding the Trading Window closure pursuant to SEBI (Prohibition of Insider Trading) Regulations, 2015",,,"{'symbol': 'PERSISTENT', 'desc': 'Trading Window', 'dt': '24122025232957', 'attchmntFile': 'https://nsearchives.nseindia.com/corporate/PERSISTENTUSER1_24122025232940_PSL_Intimation_of_closure_of_trading_window_Dec2025signed.pdf', 'sm_name': 'Persistent Systems Limited', 'sm_isin': 'INE262H01013', 'an_dt': '24-Dec-2025 23:29:57', 'sort_date': '2025-12-24 23:29:57', 'seq_id': '106477191', 'smIndustry': 'Computers - Software', 'orgid': None, 'attchmntText': 'Persistent Systems Limited has informed the Exchange regarding the Trading Window closure pursuant to SEBI (Prohibition of Insider Trading) Regulations, 2015', 'bflag': None, 'old_new': None, 'csvName': None, 'exchdisstime': '24-Dec-2025 23:29:58', 'difference': '00:00:01', 'fileSize': '178.30 KB', 'attFileSize': '178.30 KB', 'hasXbrl': True}",0.0
PERSISTENT,NSE_CORP_ANN,Analysts/Institutional Investor Meet/Con. Call Updates,Persistent Systems Limited has informed the Exchange about Presentation,,,"{'symbol': 'PERSISTENT', 'desc': 'Analysts/Institutional Investor Meet/Con. Call Updates', 'dt': '24122025183258', 'attchmntFile': 'https://nsearchives.nseindia.com/corporate/PERSISTENTUSER1_24122025183247_PSLOutcomeDecember242025sd.pdf', 'sm_name': 'Persistent Systems Limited', 'sm_isin': 'INE262H01013', 'an_dt': '24-Dec-2025 18:32:58', 'sort_date': '2025-12-24 18:32:58', 'seq_id': '106476883', 'smIndustry': 'Computers - Software', 'orgid': None, 'attchmntText': 'Persistent Systems Limited has informed the Exchange about Presentation', 'bflag': None, 'old_new': None, 'csvName': None, 'exchdisstime': '24-Dec-2025 18:32:58', 'difference': '00:00:00', 'fileSize': '472.63 KB', 'attFileSize': '472.63 KB', 'hasXbrl': True}",0.0
PERSISTENT,NSE_CORP_ANN,General Updates,Persistent Systems Limited has informed the Exchange about General Updates,,,"{'symbol': 'PERSISTENT', 'desc': 'General Updates', 'dt': '23122025223600', 'attchmntFile': 'https://nsearchives.nseindia.com/corporate/PERSISTENTUSER1_23122025223550_PersistentSystemsUpdateonShareTransferAGLsigned.pdf', 'sm_name': 'Persistent Systems Limited', 'sm_isin': 'INE262H01013', 'an_dt': '23-Dec-2025 22:36:00', 'sort_date': '2025-12-23 22:36:00', 'seq_id': '106475691', 'smIndustry': 'Computers - Software', 'orgid': None, 'attchmntText': 'Persistent Systems Limited has informed the Exchange about General Updates', 'bflag': None, 'old_new': None, 'csvName': None, 'exchdisstime': '23-Dec-2025 22:36:00', 'difference': '00:00:00', 'fileSize': '197.44 KB', 'attFileSize': '197.44 KB', 'hasXbrl': True}",0.0
PIDILITIND,NSE_CORP_ANN,Trading Window,"Pidilite Industries Limited has informed the Exchange regarding the Trading Window closure pursuant to SEBI (Prohibition of Insider Trading) Regulations, 2015",,,"{'symbol': 'PIDILITIND', 'desc': 'Trading Window', 'dt': '22122025165638', 'attchmntFile': 'https://nsearchives.nseindia.com/corporate/Nisha_22122025165534_SE_Intimationwindowclosure.pdf', 'sm_name': 'Pidilite Industries Limited', 'sm_isin': 'INE318A01026', 'an_dt': '22-Dec-2025 16:56:38', 'sort_date': '2025-12-22 16:56:38', 'seq_id': '106473982', 'smIndustry': 'Chemicals - Speciality', 'orgid': None, 'attchmntText': 'Pidilite Industries Limited has informed the Exchange regarding the Trading Window closure pursuant to SEBI (Prohibition of Insider Trading) Regulations, 2015', 'bflag': None, 'old_new': None, 'csvName': None, 'exchdisstime': '22-Dec-2025 16:56:39', 'difference': '00:00:01', 'fileSize': '189.73 KB', 'attFileSize': '189.73 KB', 'hasXbrl': True}",0.0
POWERGRID,NSE_CORP_ANN,Trading Window,"Power Grid Corporation of India Limited has informed the Exchange regarding the Trading Window closure pursuant to SEBI (Prohibition of Insider Trading) Regulations, 2015",,,"{'symbol': 'POWERGRID', 'desc': 'Trading Window', 'dt': '24122025145959', 'attchmntFile': 'https://nsearchives.nseindia.com/corporate/POWERGRID1_24122025145949_NSEBSECTW24122025.pdf', 'sm_name': 'Power Grid Corporation of India Limited', 'sm_isin': 'INE752E01010', 'an_dt': '24-Dec-2025 14:59:59', 'sort_date': '2025-12-24 14:59:59', 'seq_id': '106476429', 'smIndustry': 'Power', 'orgid': None, 'attchmntText': 'Power Grid Corporation of India Limited has informed the Exchange regarding the Trading Window closure pursuant to SEBI (Prohibition of Insider Trading) Regulations, 2015', 'bflag': None, 'old_new': None, 'csvName': None, 'exchdisstime': '24-Dec-2025 15:00:00', 'difference': '00:00:01', 'fileSize': '365.13 KB', 'attFileSize': '365.13 KB', 'hasXbrl': True}",0.0
POWERGRID,NSE_CORP_ANN,General Updates,"Power Grid Corporation of India Limited has informed the Exchange about Disclosure under Regulation 30 of SEBI (Listing Obligations and Disclosure Requirements) Regulations, 2015.",,,"{'symbol': 'POWERGRID', 'desc': 'General Updates', 'dt': '20122025204217', 'attchmntFile': 'https://nsearchives.nseindia.com/corporate/POWERGRID1_20122025204210_BSENSEReg30dt20122025Merger.pdf', 'sm_name': 'Power Grid Corporation of India Limited', 'sm_isin': 'INE752E01010', 'an_dt': '20-Dec-2025 20:42:17', 'sort_date': '2025-12-20 20:42:17', 'seq_id': '106473240', 'smIndustry': 'Power', 'orgid': None, 'attchmntText': 'Power Grid Corporation of India Limited has informed the Exchange about Disclosure under Regulation 30 of SEBI (Listing Obligations and Disclosure Requirements) Regulations, 2015.', 'bflag': None, 'old_new': None, 'csvName': None, 'exchdisstime': '20-Dec-2025 20:42:18', 'difference': '00:00:01', 'fileSize': '812.55 KB', 'attFileSize': '812.55 KB', 'hasXbrl': True}",0.0
PRESTIGE,NSE_CORP_ANN,Press Release,"Prestige Estates Projects Limited has informed the Exchange regarding a press release dated December 22, 2025, titled  Prestige Group Strengthens Chennai Portfolio with 25-Acre Acquisition in Medavakkam "".",,,"{'symbol': 'PRESTIGE', 'desc': 'Press Release', 'dt': '22122025203152', 'attchmntFile': 'https://nsearchives.nseindia.com/corporate/PRESTIGE_22122025203029_PEPLIntimation221225.pdf', 'sm_name': 'Prestige Estates Projects Limited', 'sm_isin': 'INE811K01011', 'an_dt': '22-Dec-2025 20:31:52', 'sort_date': '2025-12-22 20:31:52', 'seq_id': '106474232', 'smIndustry': 'Construction', 'orgid': None, 'attchmntText': 'Prestige Estates Projects Limited has informed the Exchange regarding a press release dated December 22, 2025, titled  Prestige Group Strengthens Chennai Portfolio with 25-Acre Acquisition in Medavakkam "".', 'bflag': None, 'old_new': None, 'csvName': None, 'exchdisstime': '22-Dec-2025 20:31:52', 'difference': '00:00:00', 'fileSize': '224.54 KB', 'attFileSize': '224.54 KB', 'hasXbrl': True}",0.0
RBLBANK,NSE_CORP_ANN,Analysts/Institutional Investor Meet/Con. Call Updates,RBL Bank Limited has informed the Exchange about Schedule of meet,,,"{'symbol': 'RBLBANK', 'desc': 'Analysts/Institutional Investor Meet/Con. Call Updates', 'dt': '23122025145151', 'attchmntFile': 'https://nsearchives.nseindia.com/corporate/RBLBANK_23122025145115_IntimationofInvestorMeetDec232025Signed.pdf', 'sm_name': 'RBL Bank Limited', 'sm_isin': 'INE976G01028', 'an_dt': '23-Dec-2025 14:51:51', 'sort_date': '2025-12-23 14:51:51', 'seq_id': '106475045', 'smIndustry': None, 'orgid': None, 'attchmntText': 'RBL Bank Limited has informed the Exchange about Schedule of meet', 'bflag': None, 'old_new': None, 'csvName': None, 'exchdisstime': '23-Dec-2025 14:51:53', 'difference': '00:00:02', 'fileSize': '216.52 KB', 'attFileSize': '216.52 KB', 'hasXbrl': True}",0.0
RBLBANK,NSE_CORP_ANN,Trading Window,"RBL Bank Limited has informed the Exchange regarding the Trading Window closure pursuant to SEBI (Prohibition of Insider Trading) Regulations, 2015",,,"{'symbol': 'RBLBANK', 'desc': 'Trading Window', 'dt': '23122025112935', 'attchmntFile': 'https://nsearchives.nseindia.com/corporate/RBLBANK_23122025112838_IntimationofTWclosureQ3FY2025_26Signed.pdf', 'sm_name': 'RBL Bank Limited', 'sm_isin': 'INE976G01028', 'an_dt': '23-Dec-2025 11:29:35', 'sort_date': '2025-12-23 11:29:35', 'seq_id': '106474786', 'smIndustry': None, 'orgid': None, 'attchmntText': 'RBL Bank Limited has informed the Exchange regarding the Trading Window closure pursuant to SEBI (Prohibition of Insider Trading) Regulations, 2015', 'bflag': None, 'old_new': None, 'csvName': None, 'exchdisstime': '23-Dec-2025 11:29:36', 'difference': '00:00:01', 'fileSize': '302.04 KB', 'attFileSize': '302.04 KB', 'hasXbrl': True}",0.0
RBLBANK,NSE_CORP_ANN,Updates,RBL Bank Limited has informed the Exchange regarding 'Allotment of Securities under ESOP'.,,,"{'symbol': 'RBLBANK', 'desc': 'Updates', 'dt': '22122025145535', 'attchmntFile': 'https://nsearchives.nseindia.com/corporate/RBLBANK_22122025145313_IntimationofESOPAllotment_22122025_Signed.pdf', 'sm_name': 'RBL Bank Limited', 'sm_isin': 'INE976G01028', 'an_dt': '22-Dec-2025 14:55:35', 'sort_date': '2025-12-22 14:55:35', 'seq_id': '106473817', 'smIndustry': None, 'orgid': None, 'attchmntText': ""RBL Bank Limited has informed the Exchange regarding 'Allotment of Securities under ESOP'."", 'bflag': None, 'old_new': None, 'csvName': None, 'exchdisstime': '22-Dec-2025 14:55:36', 'difference': '00:00:01', 'fileSize': '195.24 KB', 'attFileSize': '195.24 KB', 'hasXbrl': True}",0.0
RECLTD,NSE_CORP_ANN,General Updates,Intimation of incorporation of subsidiary company.,,,"{'symbol': 'RECLTD', 'desc': 'General Updates', 'dt': '25122025183352', 'attchmntFile': 'https://nsearchives.nseindia.com/corporate/RECLTD_25122025183228_Signed_Intimation_Apta_251225.pdf', 'sm_name': 'REC Limited', 'sm_isin': 'INE020B01018', 'an_dt': '25-Dec-2025 18:33:52', 'sort_date': '2025-12-25 18:33:52', 'seq_id': '106477482', 'smIndustry': 'Financial Institution', 'orgid': None, 'attchmntText': 'Intimation of incorporation of subsidiary company.', 'bflag': None, 'old_new': None, 'csvName': None, 'exchdisstime': '25-Dec-2025 18:33:53', 'difference': '00:00:01', 'fileSize': '938.48 KB', 'attFileSize': '938.48 KB', 'hasXbrl': True}",0.0
RVNL,NSE_CORP_ANN,Action(s) taken or orders passed,"Demand Notice received from the Office of the Deputy Commissioner Jurisdiction: BEGUMPETSTU3, Telangana State, Hyderabad",,,"{'symbol': 'RVNL', 'desc': 'Action(s) taken or orders passed', 'dt': '24122025133637', 'attchmntFile': 'https://nsearchives.nseindia.com/corporate/RVNL_24122025133626_Coveringletter24122025.pdf', 'sm_name': 'Rail Vikas Nigam Limited', 'sm_isin': 'INE415G01027', 'an_dt': '24-Dec-2025 13:36:37', 'sort_date': '2025-12-24 13:36:37', 'seq_id': '106476339', 'smIndustry': None, 'orgid': None, 'attchmntText': 'Demand Notice received from the Office of the Deputy Commissioner Jurisdiction: BEGUMPETSTU3, Telangana State, Hyderabad', 'bflag': None, 'old_new': None, 'csvName': None, 'exchdisstime': '24-Dec-2025 13:36:38', 'difference': '00:00:01', 'fileSize': '579.88 KB', 'attFileSize': '579.88 KB', 'hasXbrl': True}",0.0
RVNL,NSE_CORP_ANN,Trading Window,"Rail Vikas Nigam Limited has informed the Exchange regarding the Trading Window closure pursuant to SEBI (Prohibition of Insider Trading) Regulations, 2015",,,"{'symbol': 'RVNL', 'desc': 'Trading Window', 'dt': '24122025120427', 'attchmntFile': 'https://nsearchives.nseindia.com/corporate/RVNL_24122025120414_TWC23122025_signed.pdf', 'sm_name': 'Rail Vikas Nigam Limited', 'sm_isin': 'INE415G01027', 'an_dt': '24-Dec-2025 12:04:27', 'sort_date': '2025-12-24 12:04:27', 'seq_id': '106476194', 'smIndustry': None, 'orgid': None, 'attchmntText': 'Rail Vikas Nigam Limited has informed the Exchange regarding the Trading Window closure pursuant to SEBI (Prohibition of Insider Trading) Regulations, 2015', 'bflag': None, 'old_new': None, 'csvName': None, 'exchdisstime': '24-Dec-2025 12:04:28', 'difference': '00:00:01', 'fileSize': '257.93 KB', 'attFileSize': '257.93 KB', 'hasXbrl': True}",0.0
RVNL,NSE_CORP_ANN,Appointment,Rail Vikas Nigam Limited has informed the Exchange regarding Appointment of Mr. Saleem Ahmad as Chairman & Managing Director of the company w.e.f. 23.12.2025 (A/N).,,,"{'symbol': 'RVNL', 'desc': 'Appointment', 'dt': '23122025191806', 'attchmntFile': 'https://nsearchives.nseindia.com/corporate/RVNL_23122025191755_ChangeinMgt23122025.pdf', 'sm_name': 'Rail Vikas Nigam Limited', 'sm_isin': 'INE415G01027', 'an_dt': '23-Dec-2025 19:18:06', 'sort_date': '2025-12-23 19:18:06', 'seq_id': '106475546', 'smIndustry': None, 'orgid': None, 'attchmntText': 'Rail Vikas Nigam Limited has informed the Exchange regarding Appointment of Mr. Saleem Ahmad as Chairman & Managing Director of the company w.e.f. 23.12.2025 (A/N).', 'bflag': None, 'old_new': None, 'csvName': None, 'exchdisstime': '23-Dec-2025 19:18:07', 'difference': '00:00:01', 'fileSize': '513.76 KB', 'attFileSize': '513.76 KB', 'hasXbrl': True}",0.0
RVNL,NSE_CORP_ANN,Cessation,Rail Vikas Nigam Limited has informed the Exchange regarding Cessation of Mr. Sukhmal Chand Jain as Chairman & Managing Director of the company w.e.f. 23.12.2025 (A/N).,,,"{'symbol': 'RVNL', 'desc': 'Cessation', 'dt': '23122025191557', 'attchmntFile': 'https://nsearchives.nseindia.com/corporate/RVNL_23122025191548_ChangeinMgt23122025.pdf', 'sm_name': 'Rail Vikas Nigam Limited', 'sm_isin': 'INE415G01027', 'an_dt': '23-Dec-2025 19:15:57', 'sort_date': '2025-12-23 19:15:57', 'seq_id': '106475543', 'smIndustry': None, 'orgid': None, 'attchmntText': 'Rail Vikas Nigam Limited has informed the Exchange regarding Cessation of Mr. Sukhmal Chand Jain as Chairman & Managing Director of the company w.e.f. 23.12.2025 (A/N).', 'bflag': None, 'old_new': None, 'csvName': None, 'exchdisstime': '23-Dec-2025 19:15:58', 'difference': '00:00:01', 'fileSize': '513.76 KB', 'attFileSize': '513.76 KB', 'hasXbrl': True}",0.0
RELIANCE,NSE_CORP_ANN,Action(s) taken or orders passed,"Disclosure under Regulation 30 of the Securities and Exchange Board of India (Listing Obligations and Disclosure Requirements) Regulations, 2015 is attached.",,,"{'symbol': 'RELIANCE', 'desc': 'Action(s) taken or orders passed', 'dt': '24122025190247', 'attchmntFile': 'https://nsearchives.nseindia.com/corporate/PVIVINMA_24122025190151_RIL_SE24122025.pdf', 'sm_name': 'Reliance Industries Limited', 'sm_isin': 'INE002A01018', 'an_dt': '24-Dec-2025 19:02:47', 'sort_date': '2025-12-24 19:02:47', 'seq_id': '106476922', 'smIndustry': 'Refineries', 'orgid': None, 'attchmntText': 'Disclosure under Regulation 30 of the Securities and Exchange Board of India (Listing Obligations and Disclosure Requirements) Regulations, 2015 is attached.', 'bflag': None, 'old_new': None, 'csvName': None, 'exchdisstime': '24-Dec-2025 19:02:48', 'difference': '00:00:01', 'fileSize': '174.51 KB', 'attFileSize': '174.51 KB', 'hasXbrl': True}",0.0
RELIANCE,NSE_CORP_ANN,Credit Rating,Reliance Industries Limited has informed the Exchange about Credit Rating,,,"{'symbol': 'RELIANCE', 'desc': 'Credit Rating', 'dt': '23122025200219', 'attchmntFile': 'https://nsearchives.nseindia.com/corporate/NIYER_23122025200055_SE_IndiaRating.pdf', 'sm_name': 'Reliance Industries Limited', 'sm_isin': 'INE002A01018', 'an_dt': '23-Dec-2025 20:02:19', 'sort_date': '2025-12-23 20:02:19', 'seq_id': '106475585', 'smIndustry': 'Refineries', 'orgid': None, 'attchmntText': 'Reliance Industries Limited has informed the Exchange about Credit Rating', 'bflag': None, 'old_new': None, 'csvName': None, 'exchdisstime': '23-Dec-2025 20:02:20', 'difference': '00:00:01', 'fileSize': '173.67 KB', 'attFileSize': '173.67 KB', 'hasXbrl': True}",0.0
RELIANCE,NSE_CORP_ANN,Other Restructuring,Cessation of Abraham & Thakore Private Limited as subsidiary of the Company,,,"{'symbol': 'RELIANCE', 'desc': 'Other Restructuring', 'dt': '19122025233757', 'attchmntFile': 'https://nsearchives.nseindia.com/corporate/kavinavora_19122025233709_SE19122025.pdf', 'sm_name': 'Reliance Industries Limited', 'sm_isin': 'INE002A01018', 'an_dt': '19-Dec-2025 23:37:57', 'sort_date': '2025-12-19 23:37:57', 'seq_id': '106472909', 'smIndustry': 'Refineries', 'orgid': None, 'attchmntText': 'Cessation of Abraham & Thakore Private Limited as subsidiary of the Company', 'bflag': None, 'old_new': None, 'csvName': None, 'exchdisstime': '19-Dec-2025 23:37:58', 'difference': '00:00:01', 'fileSize': '258.38 KB', 'attFileSize': '258.38 KB', 'hasXbrl': True}",0.0
SBICARD,NSE_CORP_ANN,ESOP/ESOS/ESPS,SBI Cards and Payment Services Limited has informed the Exchange regarding Allotment of 29896  Shares.,,,"{'symbol': 'SBICARD', 'desc': 'ESOP/ESOS/ESPS', 'dt': '22122025180529', 'attchmntFile': 'https://nsearchives.nseindia.com/corporate/SBICARDS_22122025180315_SEFilingESOPAllotmentDecember2025.pdf', 'sm_name': 'SBI Cards and Payment Services Limited', 'sm_isin': 'INE018E01016', 'an_dt': '22-Dec-2025 18:05:29', 'sort_date': '2025-12-22 18:05:29', 'seq_id': '106474106', 'smIndustry': None, 'orgid': None, 'attchmntText': 'SBI Cards and Payment Services Limited has informed the Exchange regarding Allotment of 29896  Shares.', 'bflag': None, 'old_new': None, 'csvName': None, 'exchdisstime': '22-Dec-2025 18:05:30', 'difference': '00:00:01', 'fileSize': '1.20 MB', 'attFileSize': '1.20 MB', 'hasXbrl': True}",0.0
SBICARD,NSE_CORP_ANN,Analysts/Institutional Investor Meet/Con. Call Updates,SBI Cards and Payment Services Limited has informed the Exchange about Schedule of meet,,,"{'symbol': 'SBICARD', 'desc': 'Analysts/Institutional Investor Meet/Con. Call Updates', 'dt': '19122025180410', 'attchmntFile': 'https://nsearchives.nseindia.com/corporate/SBICPSL_19122025180121_SEFilingInvestormeet.pdf', 'sm_name': 'SBI Cards and Payment Services Limited', 'sm_isin': 'INE018E01016', 'an_dt': '19-Dec-2025 18:04:10', 'sort_date': '2025-12-19 18:04:10', 'seq_id': '106472583', 'smIndustry': None, 'orgid': None, 'attchmntText': 'SBI Cards and Payment Services Limited has informed the Exchange about Schedule of meet', 'bflag': None, 'old_new': None, 'csvName': None, 'exchdisstime': '19-Dec-2025 18:04:11', 'difference': '00:00:01', 'fileSize': '1.53 MB', 'attFileSize': '1.53 MB', 'hasXbrl': True}",0.0
SBILIFE,NSE_CORP_ANN,General Updates,"Intimation under Regulation 30 read with Para A of Part A of Schedule III of the Securities and Exchange Board of India (Listing Obligations and Disclosure Requirements) Regulations, 2015.",,,"{'symbol': 'SBILIFE', 'desc': 'General Updates', 'dt': '22122025221710', 'attchmntFile': 'https://nsearchives.nseindia.com/corporate/SBILIFE_22122025221617_Intimation22122025.pdf', 'sm_name': 'SBI Life Insurance Company Limited', 'sm_isin': 'INE123W01016', 'an_dt': '22-Dec-2025 22:17:10', 'sort_date': '2025-12-22 22:17:10', 'seq_id': '106474275', 'smIndustry': None, 'orgid': None, 'attchmntText': 'Intimation under Regulation 30 read with Para A of Part A of Schedule III of the Securities and Exchange Board of India (Listing Obligations and Disclosure Requirements) Regulations, 2015.', 'bflag': None, 'old_new': None, 'csvName': None, 'exchdisstime': '22-Dec-2025 22:17:11', 'difference': '00:00:01', 'fileSize': '2.94 MB', 'attFileSize': '2.94 MB', 'hasXbrl': True}",0.0
SHREECEM,NSE_CORP_ANN,Strikes/Lockouts/Disturbances,SHREE CEMENT LIMITED has informed the Exchange about strikes/lockouts/disturbances,,,"{'symbol': 'SHREECEM', 'desc': 'Strikes/Lockouts/Disturbances', 'dt': '23122025124344', 'attchmntFile': 'https://nsearchives.nseindia.com/corporate/SHREECEM_23122025124324_NSE_BSE_Raipur_strike_end_231225.pdf', 'sm_name': 'SHREE CEMENT LIMITED', 'sm_isin': 'INE070A01015', 'an_dt': '23-Dec-2025 12:43:44', 'sort_date': '2025-12-23 12:43:44', 'seq_id': '106474935', 'smIndustry': 'Cement And Cement Products', 'orgid': None, 'attchmntText': 'SHREE CEMENT LIMITED has informed the Exchange about strikes/lockouts/disturbances', 'bflag': None, 'old_new': None, 'csvName': None, 'exchdisstime': '23-Dec-2025 12:43:45', 'difference': '00:00:01', 'fileSize': '504.54 KB', 'attFileSize': '504.54 KB', 'hasXbrl': True}",0.0
SHREECEM,NSE_CORP_ANN,Trading Window,"SHREE CEMENT LIMITED has informed the Exchange regarding the Trading Window closure pursuant to SEBI (Prohibition of Insider Trading) Regulations, 2015",,,"{'symbol': 'SHREECEM', 'desc': 'Trading Window', 'dt': '22122025174114', 'attchmntFile': 'https://nsearchives.nseindia.com/corporate/SHREECEM_22122025174034_NSE_BSE_Trading_Window_221225.pdf', 'sm_name': 'SHREE CEMENT LIMITED', 'sm_isin': 'INE070A01015', 'an_dt': '22-Dec-2025 17:41:14', 'sort_date': '2025-12-22 17:41:14', 'seq_id': '106474067', 'smIndustry': 'Cement And Cement Products', 'orgid': None, 'attchmntText': 'SHREE CEMENT LIMITED has informed the Exchange regarding the Trading Window closure pursuant to SEBI (Prohibition of Insider Trading) Regulations, 2015', 'bflag': None, 'old_new': None, 'csvName': None, 'exchdisstime': '22-Dec-2025 17:41:15', 'difference': '00:00:01', 'fileSize': '516.52 KB', 'attFileSize': '516.52 KB', 'hasXbrl': True}",0.0
SHREECEM,NSE_CORP_ANN,Updates,SHREE CEMENT LIMITED has informed the Exchange regarding 'Order passed by GST Authority'.,,,"{'symbol': 'SHREECEM', 'desc': 'Updates', 'dt': '19122025174303', 'attchmntFile': 'https://nsearchives.nseindia.com/corporate/SHREECEM_19122025174157_NSE_BSE_GST_191225.pdf', 'sm_name': 'SHREE CEMENT LIMITED', 'sm_isin': 'INE070A01015', 'an_dt': '19-Dec-2025 17:43:03', 'sort_date': '2025-12-19 17:43:03', 'seq_id': '106472534', 'smIndustry': 'Cement And Cement Products', 'orgid': None, 'attchmntText': ""SHREE CEMENT LIMITED has informed the Exchange regarding 'Order passed by GST Authority'."", 'bflag': None, 'old_new': None, 'csvName': None, 'exchdisstime': '19-Dec-2025 17:43:04', 'difference': '00:00:01', 'fileSize': '222.71 KB', 'attFileSize': '222.71 KB', 'hasXbrl': True}",0.0
SAMMAANCAP,NSE_CORP_ANN,Allotment of Securities,"Sammaan Capital Limited has informed the Exchange Pursuant to the applicable provisions of Securities and Exchange Board of India (Listing Obligations and Disclosure Requirements) Regulations, 2015, we wish to inform that Nomination & Remuneration Committee of the Board of Directors of the Company vide its resolution passed through Circulation today i.e. on December 25, 2025, has issued and allotted 3,00,617 (Three Lacs Six Hundred and Seventeen) fully paid-up Equity shares of face value INR 2/- each, to eligible employees, upon exercise of equivalent number of options vested in their favour under  Indiabulls Housing Finance Limited Employees Stock Option Scheme   2013  ( ESOP 2013 ).For details refer attach PDF.",,,"{'symbol': 'SAMMAANCAP', 'desc': 'Allotment of Securities', 'dt': '25122025225239', 'attchmntFile': 'https://nsearchives.nseindia.com/corporate/IHFL_25122025225132_SCL_ESOP_allotment_25Dec25.pdf', 'sm_name': 'Sammaan Capital Limited', 'sm_isin': 'INE148I01020', 'an_dt': '25-Dec-2025 22:52:39', 'sort_date': '2025-12-25 22:52:39', 'seq_id': '106477530', 'smIndustry': None, 'orgid': None, 'attchmntText': 'Sammaan Capital Limited has informed the Exchange Pursuant to the applicable provisions of Securities and Exchange Board of India (Listing Obligations and Disclosure Requirements) Regulations, 2015, we wish to inform that Nomination & Remuneration Committee of the Board of Directors of the Company vide its resolution passed through Circulation today i.e. on December 25, 2025, has issued and allotted 3,00,617 (Three Lacs Six Hundred and Seventeen) fully paid-up Equity shares of face value INR 2/- each, to eligible employees, upon exercise of equivalent number of options vested in their favour under  Indiabulls Housing Finance Limited Employees Stock Option Scheme   2013  ( ESOP 2013 ).For details refer attach PDF.', 'bflag': None, 'old_new': None, 'csvName': None, 'exchdisstime': '25-Dec-2025 22:52:41', 'difference': '00:00:02', 'fileSize': '316.93 KB', 'attFileSize': '316.93 KB', 'hasXbrl': True}",0.0
SAMMAANCAP,NSE_CORP_ANN,Updates,"Sammaan Capital Limited has informed the Exchange regarding 'Pursuant to Regulations 30 and 57 of Securities and Exchange Board of India (Listing Obligations and Disclosure Requirements) Regulations, 2015, we hereby certify that our Company has made timely payment of interest amount in respect of the Secured Redeemable Non-convertible Debentures, issued by our Company, through Public Issue, and listed on the Stock Exchange'.",,,"{'symbol': 'SAMMAANCAP', 'desc': 'Updates', 'dt': '24122025185213', 'attchmntFile': 'https://nsearchives.nseindia.com/corporate/IHFL_24122025185200_SCL_Exchange_Retail_intimation_57_24122025_UI0.pdf', 'sm_name': 'Sammaan Capital Limited', 'sm_isin': 'INE148I01020', 'an_dt': '24-Dec-2025 18:52:13', 'sort_date': '2025-12-24 18:52:13', 'seq_id': '106476908', 'smIndustry': None, 'orgid': None, 'attchmntText': ""Sammaan Capital Limited has informed the Exchange regarding 'Pursuant to Regulations 30 and 57 of Securities and Exchange Board of India (Listing Obligations and Disclosure Requirements) Regulations, 2015, we hereby certify that our Company has made timely payment of interest amount in respect of the Secured Redeemable Non-convertible Debentures, issued by our Company, through Public Issue, and listed on the Stock Exchange'."", 'bflag': None, 'old_new': None, 'csvName': None, 'exchdisstime': '24-Dec-2025 18:52:14', 'difference': '00:00:01', 'fileSize': '508.91 KB', 'attFileSize': '508.91 KB', 'hasXbrl': True}",0.0
MOTHERSON,NSE_CORP_ANN,General Updates,Samvardhana Motherson International Limited has informed the exchange regarding update on acquisition.,,,"{'symbol': 'MOTHERSON', 'desc': 'General Updates', 'dt': '25122025214906', 'attchmntFile': 'https://nsearchives.nseindia.com/corporate/MOTHERSON_25122025214858_Disclosure_HRDPL.pdf', 'sm_name': 'Samvardhana Motherson International Limited', 'sm_isin': 'INE775A01035', 'an_dt': '25-Dec-2025 21:49:06', 'sort_date': '2025-12-25 21:49:06', 'seq_id': '106477519', 'smIndustry': None, 'orgid': None, 'attchmntText': 'Samvardhana Motherson International Limited has informed the exchange regarding update on acquisition.', 'bflag': None, 'old_new': None, 'csvName': None, 'exchdisstime': '25-Dec-2025 21:49:07', 'difference': '00:00:01', 'fileSize': '445.02 KB', 'attFileSize': '445.02 KB', 'hasXbrl': True}",0.0
MOTHERSON,NSE_CORP_ANN,Trading Window,"Samvardhana Motherson International Limited has informed the Exchange regarding the Trading Window closure pursuant to SEBI (Prohibition of Insider Trading) Regulations, 2015",,,"{'symbol': 'MOTHERSON', 'desc': 'Trading Window', 'dt': '24122025161547', 'attchmntFile': 'https://nsearchives.nseindia.com/corporate/MOTHERSON_24122025161539_Disclosure_TWC.pdf', 'sm_name': 'Samvardhana Motherson International Limited', 'sm_isin': 'INE775A01035', 'an_dt': '24-Dec-2025 16:15:47', 'sort_date': '2025-12-24 16:15:47', 'seq_id': '106476589', 'smIndustry': None, 'orgid': None, 'attchmntText': 'Samvardhana Motherson International Limited has informed the Exchange regarding the Trading Window closure pursuant to SEBI (Prohibition of Insider Trading) Regulations, 2015', 'bflag': None, 'old_new': None, 'csvName': None, 'exchdisstime': '24-Dec-2025 16:15:48', 'difference': '00:00:01', 'fileSize': '298.04 KB', 'attFileSize': '298.04 KB', 'hasXbrl': True}",0.0
MOTHERSON,NSE_CORP_ANN,Shareholders meeting,Samvardhana Motherson International Limited has submitted with Stock Exchange a copy of voting results and scrutinizer report to the postal ballot.,,,"{'symbol': 'MOTHERSON', 'desc': 'Shareholders meeting', 'dt': '22122025194049', 'attchmntFile': 'https://nsearchives.nseindia.com/corporate/MOTHERSON_22122025193353_SE_Disclosure_Postal_Ballot_22122025.pdf', 'sm_name': 'Samvardhana Motherson International Limited', 'sm_isin': 'INE775A01035', 'an_dt': '22-Dec-2025 19:40:49', 'sort_date': '2025-12-22 19:40:49', 'seq_id': '106474219', 'smIndustry': None, 'orgid': None, 'attchmntText': 'Samvardhana Motherson International Limited has submitted with Stock Exchange a copy of voting results and scrutinizer report to the postal ballot.', 'bflag': None, 'old_new': None, 'csvName': None, 'exchdisstime': '22-Dec-2025 19:40:51', 'difference': '00:00:02', 'fileSize': '860.32 KB', 'attFileSize': '860.32 KB', 'hasXbrl': True}",0.0
MOTHERSON,NSE_CORP_ANN,Press Release,"Samvardhana Motherson International Limited has informed the Exchange regarding a press release dated December 22, 2025, titled ""Press Release "".",,,"{'symbol': 'MOTHERSON', 'desc': 'Press Release', 'dt': '22122025144705', 'attchmntFile': 'https://nsearchives.nseindia.com/corporate/MOTHERSON_22122025144652_SE_Disclosure.pdf', 'sm_name': 'Samvardhana Motherson International Limited', 'sm_isin': 'INE775A01035', 'an_dt': '22-Dec-2025 14:47:05', 'sort_date': '2025-12-22 14:47:05', 'seq_id': '106473810', 'smIndustry': None, 'orgid': None, 'attchmntText': 'Samvardhana Motherson International Limited has informed the Exchange regarding a press release dated December 22, 2025, titled ""Press Release "".', 'bflag': None, 'old_new': None, 'csvName': None, 'exchdisstime': '22-Dec-2025 14:47:06', 'difference': '00:00:01', 'fileSize': '2.42 MB', 'attFileSize': '2.42 MB', 'hasXbrl': True}",0.0
SHRIRAMFIN,NSE_CORP_ANN,Analysts/Institutional Investor Meet/Con. Call Updates,Shriram Finance Limited has informed the Exchange about Intimation of Conference Call,,,"{'symbol': 'SHRIRAMFIN', 'desc': 'Analysts/Institutional Investor Meet/Con. Call Updates', 'dt': '24122025172958', 'attchmntFile': 'https://nsearchives.nseindia.com/corporate/Mathew_24122025172912_NSEBSE_Concall_Invite.pdf', 'sm_name': 'Shriram Finance Limited', 'sm_isin': 'INE721A01013', 'an_dt': '24-Dec-2025 17:29:58', 'sort_date': '2025-12-24 17:29:58', 'seq_id': '106476772', 'smIndustry': None, 'orgid': None, 'attchmntText': 'Shriram Finance Limited has informed the Exchange about Intimation of Conference Call', 'bflag': None, 'old_new': None, 'csvName': None, 'exchdisstime': '24-Dec-2025 17:30:00', 'difference': '00:00:02', 'fileSize': '207.36 KB', 'attFileSize': '207.36 KB', 'hasXbrl': True}",0.0
SHRIRAMFIN,NSE_CORP_ANN,Copy of Newspaper Publication,Shriram Finance Limited has informed the Exchange about Copy of Newspaper Publication with respect to dispatch of EGM notice,,,"{'symbol': 'SHRIRAMFIN', 'desc': 'Copy of Newspaper Publication', 'dt': '24122025144016', 'attchmntFile': 'https://nsearchives.nseindia.com/corporate/Mathew_24122025143914_NSEBSEnewspaperadvtpost.pdf', 'sm_name': 'Shriram Finance Limited', 'sm_isin': 'INE721A01013', 'an_dt': '24-Dec-2025 14:40:16', 'sort_date': '2025-12-24 14:40:16', 'seq_id': '106476399', 'smIndustry': None, 'orgid': None, 'attchmntText': 'Shriram Finance Limited has informed the Exchange about Copy of Newspaper Publication with respect to dispatch of EGM notice', 'bflag': None, 'old_new': None, 'csvName': None, 'exchdisstime': '24-Dec-2025 14:40:17', 'difference': '00:00:01', 'fileSize': '3.31 MB', 'attFileSize': '3.31 MB', 'hasXbrl': True}",0.0
SHRIRAMFIN,NSE_CORP_ANN,"Certificate under SEBI (Depositories and Participants) Regulations, 2018","Shriram Finance Limited has informed the Exchange about Certificate under SEBI (Depositories and Participants) Regulations, 2018",,,"{'symbol': 'SHRIRAMFIN', 'desc': 'Certificate under SEBI (Depositories and Participants) Regulations, 2018', 'dt': '23122025184358', 'attchmntFile': 'https://nsearchives.nseindia.com/corporate/Mathew_23122025184346_BSENSE_23122025.pdf', 'sm_name': 'Shriram Finance Limited', 'sm_isin': 'INE721A01013', 'an_dt': '23-Dec-2025 18:43:58', 'sort_date': '2025-12-23 18:43:58', 'seq_id': '106475502', 'smIndustry': None, 'orgid': None, 'attchmntText': 'Shriram Finance Limited has informed the Exchange about Certificate under SEBI (Depositories and Participants) Regulations, 2018', 'bflag': None, 'old_new': None, 'csvName': None, 'exchdisstime': '23-Dec-2025 18:43:59', 'difference': '00:00:01', 'fileSize': '1.24 MB', 'attFileSize': '1.24 MB', 'hasXbrl': True}",0.0
SHRIRAMFIN,NSE_CORP_ANN,Shareholders meeting,"Shriram Finance Limited has informed the Exchange regarding Notice of Extraordinary General Meeting to be held on January 14, 2026",,,"{'symbol': 'SHRIRAMFIN', 'desc': 'Shareholders meeting', 'dt': '23122025171502', 'attchmntFile': 'https://nsearchives.nseindia.com/corporate/Mathew_23122025171449_NSEBSENoticeofEGM.pdf', 'sm_name': 'Shriram Finance Limited', 'sm_isin': 'INE721A01013', 'an_dt': '23-Dec-2025 17:15:02', 'sort_date': '2025-12-23 17:15:02', 'seq_id': '106475330', 'smIndustry': None, 'orgid': None, 'attchmntText': 'Shriram Finance Limited has informed the Exchange regarding Notice of Extraordinary General Meeting to be held on January 14, 2026', 'bflag': None, 'old_new': None, 'csvName': None, 'exchdisstime': '23-Dec-2025 17:15:03', 'difference': '00:00:01', 'fileSize': '667.89 KB', 'attFileSize': '667.89 KB', 'hasXbrl': True}",0.0
SHRIRAMFIN,NSE_CORP_ANN,Press Release,"Shriram Finance Limited has informed the Exchange regarding a press release dated December 19, 2025, titled ""Press Release - MUFG Bank to Invest INR 39,618 crore in Shriram Finance through Preferential Issuance of equity shares"".",,,"{'symbol': 'SHRIRAMFIN', 'desc': 'Press Release', 'dt': '19122025122749', 'attchmntFile': 'https://nsearchives.nseindia.com/corporate/Mathew_19122025122735_NSEBSEPressRelease.pdf', 'sm_name': 'Shriram Finance Limited', 'sm_isin': 'INE721A01013', 'an_dt': '19-Dec-2025 12:27:49', 'sort_date': '2025-12-19 12:27:49', 'seq_id': '106472249', 'smIndustry': None, 'orgid': None, 'attchmntText': 'Shriram Finance Limited has informed the Exchange regarding a press release dated December 19, 2025, titled ""Press Release - MUFG Bank to Invest INR 39,618 crore in Shriram Finance through Preferential Issuance of equity shares"".', 'bflag': None, 'old_new': None, 'csvName': None, 'exchdisstime': '19-Dec-2025 12:27:49', 'difference': '00:00:00', 'fileSize': '440.24 KB', 'attFileSize': '440.24 KB', 'hasXbrl': True}",0.0
SHRIRAMFIN,NSE_CORP_ANN,Outcome of Board Meeting,"Shriram Finance Limited has informed the Exchange regarding  Board meeting held on December 19, 2025.",,,"{'symbol': 'SHRIRAMFIN', 'desc': 'Outcome of Board Meeting', 'dt': '19122025121334', 'attchmntFile': 'https://nsearchives.nseindia.com/corporate/Mathew_19122025121323_NSEBSEOutcomeofBM.pdf', 'sm_name': 'Shriram Finance Limited', 'sm_isin': 'INE721A01013', 'an_dt': '19-Dec-2025 12:13:34', 'sort_date': '2025-12-19 12:13:34', 'seq_id': '106472242', 'smIndustry': None, 'orgid': None, 'attchmntText': 'Shriram Finance Limited has informed the Exchange regarding  Board meeting held on December 19, 2025.', 'bflag': None, 'old_new': None, 'csvName': None, 'exchdisstime': '19-Dec-2025 12:13:35', 'difference': '00:00:01', 'fileSize': '1.63 MB', 'attFileSize': '1.63 MB', 'hasXbrl': True}",0.0
SOLARINDS,NSE_CORP_ANN,Issue of Securities,Solar Industries India Limited has informed the Exchange about issue of Securities,,,"{'symbol': 'SOLARINDS', 'desc': 'Issue of Securities', 'dt': '23122025182950', 'attchmntFile': 'https://nsearchives.nseindia.com/corporate/SOLARINDS_23122025182854_CP_disc_december.pdf', 'sm_name': 'Solar Industries India Limited', 'sm_isin': 'INE343H01011', 'an_dt': '23-Dec-2025 18:29:50', 'sort_date': '2025-12-23 18:29:50', 'seq_id': '106475482', 'smIndustry': 'Chemicals - Speciality', 'orgid': None, 'attchmntText': 'Solar Industries India Limited has informed the Exchange about issue of Securities', 'bflag': None, 'old_new': None, 'csvName': None, 'exchdisstime': '23-Dec-2025 18:29:52', 'difference': '00:00:02', 'fileSize': '3.07 MB', 'attFileSize': '3.07 MB', 'hasXbrl': True}",0.0
SONACOMS,NSE_CORP_ANN,Shareholders meeting,Sona Blw Precision Forgings Limited has submitted the Exchange a copy Srutinizers report of  Postal Ballot,,,"{'symbol': 'SONACOMS', 'desc': 'Shareholders meeting', 'dt': '20122025101340', 'attchmntFile': 'https://nsearchives.nseindia.com/corporate/SONACOMS_20122025101221_ScrutinizerReportfinal.pdf', 'sm_name': 'Sona BLW Precision Forgings Limited', 'sm_isin': 'INE073K01018', 'an_dt': '20-Dec-2025 10:13:40', 'sort_date': '2025-12-20 10:13:40', 'seq_id': '106472997', 'smIndustry': None, 'orgid': None, 'attchmntText': 'Sona Blw Precision Forgings Limited has submitted the Exchange a copy Srutinizers report of  Postal Ballot', 'bflag': None, 'old_new': None, 'csvName': None, 'exchdisstime': '20-Dec-2025 10:13:42', 'difference': '00:00:02', 'fileSize': '1.09 MB', 'attFileSize': '1.09 MB', 'hasXbrl': True}",0.0
SAIL,NSE_CORP_ANN,Appointment,"Steel Authority of India Limited has informed the Exchange regarding Appointment of Mr Priya Ranjan as Executive Director of the company w.e.f. December 24, 2025.",,,"{'symbol': 'SAIL', 'desc': 'Appointment', 'dt': '25122025201104', 'attchmntFile': 'https://nsearchives.nseindia.com/corporate/SAIL_25122025201044_24122025.pdf', 'sm_name': 'Steel Authority of India Limited', 'sm_isin': 'INE114A01011', 'an_dt': '25-Dec-2025 20:11:04', 'sort_date': '2025-12-25 20:11:04', 'seq_id': '106477508', 'smIndustry': 'Steel And Steel Products', 'orgid': None, 'attchmntText': 'Steel Authority of India Limited has informed the Exchange regarding Appointment of Mr Priya Ranjan as Executive Director of the company w.e.f. December 24, 2025.', 'bflag': None, 'old_new': None, 'csvName': None, 'exchdisstime': '25-Dec-2025 20:11:06', 'difference': '00:00:02', 'fileSize': '87.48 KB', 'attFileSize': '87.48 KB', 'hasXbrl': True}",0.0
SUNPHARMA,NSE_CORP_ANN,Copy of Newspaper Publication,Sun Pharmaceutical Industries Limited has informed the Exchange about Newspaper Advertisement,,,"{'symbol': 'SUNPHARMA', 'desc': 'Copy of Newspaper Publication', 'dt': '23122025131507', 'attchmntFile': 'https://nsearchives.nseindia.com/corporate/SUNSEC_23122025131453_SEIntimationforSpecialWindow.pdf', 'sm_name': 'Sun Pharmaceutical Industries Limited', 'sm_isin': 'INE044A01028', 'an_dt': '23-Dec-2025 13:15:07', 'sort_date': '2025-12-23 13:15:07', 'seq_id': '106474967', 'smIndustry': 'Pharmaceuticals', 'orgid': None, 'attchmntText': 'Sun Pharmaceutical Industries Limited has informed the Exchange about Newspaper Advertisement', 'bflag': None, 'old_new': None, 'csvName': None, 'exchdisstime': '23-Dec-2025 13:15:08', 'difference': '00:00:01', 'fileSize': '2.77 MB', 'attFileSize': '2.77 MB', 'hasXbrl': True}",0.0
SUPREMEIND,NSE_CORP_ANN,Credit Rating,Supreme Industries Limited has informed the Exchange about Credit Rating,,,"{'symbol': 'SUPREMEIND', 'desc': 'Credit Rating', 'dt': '25122025154523', 'attchmntFile': 'https://nsearchives.nseindia.com/corporate/SUPREMEIND_25122025154459_IntimationregardingCreditRating.pdf', 'sm_name': 'Supreme Industries Limited', 'sm_isin': 'INE195A01010', 'an_dt': '25-Dec-2025 15:45:23', 'sort_date': '2025-12-25 15:45:23', 'seq_id': '106477363', 'smIndustry': 'Plastic And Plastic Products', 'orgid': None, 'attchmntText': 'Supreme Industries Limited has informed the Exchange about Credit Rating', 'bflag': None, 'old_new': None, 'csvName': None, 'exchdisstime': '25-Dec-2025 15:45:24', 'difference': '00:00:01', 'fileSize': '186.52 KB', 'attFileSize': '186.52 KB', 'hasXbrl': True}",0.0
SUPREMEIND,NSE_CORP_ANN,Bagging/Receiving of orders/contracts,Letter of Acceptance (LOA) received from Bharat Petroleum Corporation Ltd (BPCL) for Repeat Order for supply of 10 KG Composite LPG Cylinders,,,"{'symbol': 'SUPREMEIND', 'desc': 'Bagging/Receiving of orders/contracts', 'dt': '24122025161900', 'attchmntFile': 'https://nsearchives.nseindia.com/corporate/SUPREMEIND_24122025161816_LetterofacceptancerecefromBharatPetroleumCorLtddt24122025.pdf', 'sm_name': 'Supreme Industries Limited', 'sm_isin': 'INE195A01010', 'an_dt': '24-Dec-2025 16:19:00', 'sort_date': '2025-12-24 16:19:00', 'seq_id': '106476599', 'smIndustry': 'Plastic And Plastic Products', 'orgid': None, 'attchmntText': 'Letter of Acceptance (LOA) received from Bharat Petroleum Corporation Ltd (BPCL) for Repeat Order for supply of 10 KG Composite LPG Cylinders', 'bflag': None, 'old_new': None, 'csvName': None, 'exchdisstime': '24-Dec-2025 16:19:00', 'difference': '00:00:00', 'fileSize': '1.07 MB', 'attFileSize': '1.07 MB', 'hasXbrl': True}",0.0
SUZLON,NSE_CORP_ANN,Trading Window,"Suzlon Energy Limited has informed the Exchange regarding the Trading Window closure pursuant to SEBI (Prohibition of Insider Trading) Regulations, 2015",,,"{'symbol': 'SUZLON', 'desc': 'Trading Window', 'dt': '24122025152540', 'attchmntFile': 'https://nsearchives.nseindia.com/corporate/SUZLON2_24122025152136_Suzlon24122025.pdf', 'sm_name': 'Suzlon Energy Limited', 'sm_isin': 'INE040H01021', 'an_dt': '24-Dec-2025 15:25:40', 'sort_date': '2025-12-24 15:25:40', 'seq_id': '106476471', 'smIndustry': 'Electrical Equipment', 'orgid': None, 'attchmntText': 'Suzlon Energy Limited has informed the Exchange regarding the Trading Window closure pursuant to SEBI (Prohibition of Insider Trading) Regulations, 2015', 'bflag': None, 'old_new': None, 'csvName': None, 'exchdisstime': '24-Dec-2025 15:25:41', 'difference': '00:00:01', 'fileSize': '605.75 KB', 'attFileSize': '605.75 KB', 'hasXbrl': True}",0.0
SYNGENE,NSE_CORP_ANN,Acquisition,Syngene International Limited has informed the Exchange about Acquisition,,,"{'symbol': 'SYNGENE', 'desc': 'Acquisition', 'dt': '23122025211856', 'attchmntFile': 'https://nsearchives.nseindia.com/corporate/SYNGENE2_23122025211722_IntimationofInvestment.pdf', 'sm_name': 'Syngene International Limited', 'sm_isin': 'INE398R01022', 'an_dt': '23-Dec-2025 21:18:56', 'sort_date': '2025-12-23 21:18:56', 'seq_id': '106475612', 'smIndustry': None, 'orgid': None, 'attchmntText': 'Syngene International Limited has informed the Exchange about Acquisition', 'bflag': None, 'old_new': None, 'csvName': None, 'exchdisstime': '23-Dec-2025 21:18:57', 'difference': '00:00:01', 'fileSize': '253.17 KB', 'attFileSize': '253.17 KB', 'hasXbrl': True}",0.0
TATACONSUM,NSE_CORP_ANN,ESOP/ESOS/ESPS,TATA CONSUMER PRODUCTS LIMITED has informed the Exchange regarding Allotment of 1736  Shares.,,,"{'symbol': 'TATACONSUM', 'desc': 'ESOP/ESOS/ESPS', 'dt': '22122025150131', 'attchmntFile': 'https://nsearchives.nseindia.com/corporate/Sukhvinder_22122025150038_SE_ESOP_Intimation.pdf', 'sm_name': 'TATA CONSUMER PRODUCTS LIMITED', 'sm_isin': 'INE192A01025', 'an_dt': '22-Dec-2025 15:01:31', 'sort_date': '2025-12-22 15:01:31', 'seq_id': '106473826', 'smIndustry': None, 'orgid': None, 'attchmntText': 'TATA CONSUMER PRODUCTS LIMITED has informed the Exchange regarding Allotment of 1736  Shares.', 'bflag': None, 'old_new': None, 'csvName': None, 'exchdisstime': '22-Dec-2025 15:01:32', 'difference': '00:00:01', 'fileSize': '2.95 MB', 'attFileSize': '2.95 MB', 'hasXbrl': True}",0.0
TATACONSUM,NSE_CORP_ANN,Trading Window,"TATA CONSUMER PRODUCTS LIMITED has informed the Exchange regarding the Trading Window closure pursuant to SEBI (Prohibition of Insider Trading) Regulations, 2015",,,"{'symbol': 'TATACONSUM', 'desc': 'Trading Window', 'dt': '22122025114941', 'attchmntFile': 'https://nsearchives.nseindia.com/corporate/Sukhvinder_22122025114915_SEIntimation_TradingWindowClosure.pdf', 'sm_name': 'TATA CONSUMER PRODUCTS LIMITED', 'sm_isin': 'INE192A01025', 'an_dt': '22-Dec-2025 11:49:41', 'sort_date': '2025-12-22 11:49:41', 'seq_id': '106473651', 'smIndustry': None, 'orgid': None, 'attchmntText': 'TATA CONSUMER PRODUCTS LIMITED has informed the Exchange regarding the Trading Window closure pursuant to SEBI (Prohibition of Insider Trading) Regulations, 2015', 'bflag': None, 'old_new': None, 'csvName': None, 'exchdisstime': '22-Dec-2025 11:49:41', 'difference': '00:00:00', 'fileSize': '256.50 KB', 'attFileSize': '256.50 KB', 'hasXbrl': True}",0.0
TITAGARH,NSE_CORP_ANN,Press Release,"TITAGARH RAIL SYSTEMS LIMITED has informed the Exchange regarding a press release dated December 20, 2025, titled ""Titagarh Rolls Out the 1st Trainset of Ahmedabad Metro - Hon ble Chief Minister of Gujarat, Shri Bhupendrabhai Patel visited the plant of Titagarh in Kolkata to receive the train"".",,,"{'symbol': 'TITAGARH', 'desc': 'Press Release', 'dt': '20122025200504', 'attchmntFile': 'https://nsearchives.nseindia.com/corporate/TWL_20122025200450_PressRelease20122025.pdf', 'sm_name': 'TITAGARH RAIL SYSTEMS LIMITED', 'sm_isin': 'INE615H01020', 'an_dt': '20-Dec-2025 20:05:04', 'sort_date': '2025-12-20 20:05:04', 'seq_id': '106473197', 'smIndustry': None, 'orgid': None, 'attchmntText': 'TITAGARH RAIL SYSTEMS LIMITED has informed the Exchange regarding a press release dated December 20, 2025, titled ""Titagarh Rolls Out the 1st Trainset of Ahmedabad Metro - Hon ble Chief Minister of Gujarat, Shri Bhupendrabhai Patel visited the plant of Titagarh in Kolkata to receive the train"".', 'bflag': None, 'old_new': None, 'csvName': None, 'exchdisstime': '20-Dec-2025 20:05:05', 'difference': '00:00:01', 'fileSize': '1.20 MB', 'attFileSize': '1.20 MB', 'hasXbrl': True}",0.0
TVSMOTOR,NSE_CORP_ANN,Shareholders meeting,TVS Motor Company Limited has informed the Exchange regarding Notice of Postal Ballot,,,"{'symbol': 'TVSMOTOR', 'desc': 'Shareholders meeting', 'dt': '23122025130945', 'attchmntFile': 'https://nsearchives.nseindia.com/corporate/TVSMOTOR_23122025130930_NSEBSEIntimation_sd.pdf', 'sm_name': 'TVS Motor Company Limited', 'sm_isin': 'INE494B01015', 'an_dt': '23-Dec-2025 13:09:45', 'sort_date': '2025-12-23 13:09:45', 'seq_id': '106474963', 'smIndustry': 'Automobiles - 2 And 3 Wheelers', 'orgid': None, 'attchmntText': 'TVS Motor Company Limited has informed the Exchange regarding Notice of Postal Ballot', 'bflag': None, 'old_new': None, 'csvName': None, 'exchdisstime': '23-Dec-2025 13:09:46', 'difference': '00:00:01', 'fileSize': '488.22 KB', 'attFileSize': '488.22 KB', 'hasXbrl': True}",0.0
TCS,NSE_CORP_ANN,Analysts/Institutional Investor Meet/Con. Call Updates,Tata Consultancy Services Limited has informed the Exchange about Transcript,,,"{'symbol': 'TCS', 'desc': 'Analysts/Institutional Investor Meet/Con. Call Updates', 'dt': '23122025195728', 'attchmntFile': 'https://nsearchives.nseindia.com/corporate/TCS_CORPCS_23122025195649_Signed_SEInt_letter.pdf', 'sm_name': 'Tata Consultancy Services Limited', 'sm_isin': 'INE467B01029', 'an_dt': '23-Dec-2025 19:57:28', 'sort_date': '2025-12-23 19:57:28', 'seq_id': '106475579', 'smIndustry': 'Computers - Software', 'orgid': None, 'attchmntText': 'Tata Consultancy Services Limited has informed the Exchange about Transcript', 'bflag': None, 'old_new': None, 'csvName': None, 'exchdisstime': '23-Dec-2025 19:57:29', 'difference': '00:00:01', 'fileSize': '1.07 MB', 'attFileSize': '1.07 MB', 'hasXbrl': True}",0.0
TCS,NSE_CORP_ANN,Record Date,Tata Consultancy Services Limited has informed the Exchange that Record date for the purpose of Dividend  is 17-Jan-2026.,,,"{'symbol': 'TCS', 'desc': 'Record Date', 'dt': '23122025191851', 'attchmntFile': 'https://nsearchives.nseindia.com/corporate/TCS_CORPCS_23122025191627_PreBMSEIntsigned.pdf', 'sm_name': 'Tata Consultancy Services Limited', 'sm_isin': 'INE467B01029', 'an_dt': '23-Dec-2025 19:18:51', 'sort_date': '2025-12-23 19:18:51', 'seq_id': '106475548', 'smIndustry': 'Computers - Software', 'orgid': None, 'attchmntText': 'Tata Consultancy Services Limited has informed the Exchange that Record date for the purpose of Dividend  is 17-Jan-2026.', 'bflag': None, 'old_new': None, 'csvName': None, 'exchdisstime': '23-Dec-2025 19:18:52', 'difference': '00:00:01', 'fileSize': '291.07 KB', 'attFileSize': '291.07 KB', 'hasXbrl': True}",0.0
TCS,NSE_CORP_ANN,Updates,Tata Consultancy Services Limited has informed the Exchange regarding 'Press Release - TCS BaNCS Gets AI Upgrade: New Core Tool to Supercharge Innovation'.,,,"{'symbol': 'TCS', 'desc': 'Updates', 'dt': '19122025114119', 'attchmntFile': 'https://nsearchives.nseindia.com/corporate/TCS_CORPCS_19122025114100_Ltr_19Dec25signed.pdf', 'sm_name': 'Tata Consultancy Services Limited', 'sm_isin': 'INE467B01029', 'an_dt': '19-Dec-2025 11:41:19', 'sort_date': '2025-12-19 11:41:19', 'seq_id': '106472207', 'smIndustry': 'Computers - Software', 'orgid': None, 'attchmntText': ""Tata Consultancy Services Limited has informed the Exchange regarding 'Press Release - TCS BaNCS Gets AI Upgrade: New Core Tool to Supercharge Innovation'."", 'bflag': None, 'old_new': None, 'csvName': None, 'exchdisstime': '19-Dec-2025 11:41:20', 'difference': '00:00:01', 'fileSize': '474.68 KB', 'attFileSize': '474.68 KB', 'hasXbrl': True}",0.0
TATAELXSI,NSE_CORP_ANN,Trading Window,"Tata Elxsi Limited has informed the Exchange regarding the Trading Window closure pursuant to SEBI (Prohibition of Insider Trading) Regulations, 2015",,,"{'symbol': 'TATAELXSI', 'desc': 'Trading Window', 'dt': '23122025155220', 'attchmntFile': 'https://nsearchives.nseindia.com/corporate/TELNSE_23122025155108_SEIntimationTradingWindowClosure.pdf', 'sm_name': 'Tata Elxsi Limited', 'sm_isin': 'INE670A01012', 'an_dt': '23-Dec-2025 15:52:20', 'sort_date': '2025-12-23 15:52:20', 'seq_id': '106475141', 'smIndustry': 'Computers - Software', 'orgid': None, 'attchmntText': 'Tata Elxsi Limited has informed the Exchange regarding the Trading Window closure pursuant to SEBI (Prohibition of Insider Trading) Regulations, 2015', 'bflag': None, 'old_new': None, 'csvName': None, 'exchdisstime': '23-Dec-2025 15:52:20', 'difference': '00:00:00', 'fileSize': '225.90 KB', 'attFileSize': '225.90 KB', 'hasXbrl': True}",0.0
TATAELXSI,NSE_CORP_ANN,Spurt in Volume,"Significant increase in volume has been observed in Tata Elxsi Limited. The Exchange, in order to ensure that investors have latest relevant information about the company and to inform the market place so that the interest of the investors is safeguarded, had written to the company. Tata Elxsi Limited has submitted their response.",,,"{'symbol': 'TATAELXSI', 'desc': 'Spurt in Volume', 'dt': '19122025204408', 'attchmntFile': 'https://nsearchives.nseindia.com/corporate/TELNSE_19122025204214_NSEResponseSpurtinVolume.pdf', 'sm_name': 'Tata Elxsi Limited', 'sm_isin': 'INE670A01012', 'an_dt': '19-Dec-2025 20:44:08', 'sort_date': '2025-12-19 20:44:08', 'seq_id': '106472736', 'smIndustry': 'Computers - Software', 'orgid': None, 'attchmntText': 'Significant increase in volume has been observed in Tata Elxsi Limited. The Exchange, in order to ensure that investors have latest relevant information about the company and to inform the market place so that the interest of the investors is safeguarded, had written to the company. Tata Elxsi Limited has submitted their response.', 'bflag': None, 'old_new': None, 'csvName': None, 'exchdisstime': '19-Dec-2025 20:44:08', 'difference': '00:00:00', 'fileSize': '213.22 KB', 'attFileSize': '213.22 KB', 'hasXbrl': True}",0.0
TMPV,NSE_CORP_ANN,Trading Window,"Tata Motors Passenger Vehicles Limited has informed the Exchange regarding the Trading Window closure pursuant to SEBI (Prohibition of Insider Trading) Regulations, 2015",,,"{'symbol': 'TMPV', 'desc': 'Trading Window', 'dt': '24122025205414', 'attchmntFile': 'https://nsearchives.nseindia.com/corporate/TATAMOTORSSJS_24122025205358_NSEBSELETTERtradingwindowPV.pdf', 'sm_name': 'Tata Motors Passenger Vehicles Limited', 'sm_isin': 'INE155A01022', 'an_dt': '24-Dec-2025 20:54:14', 'sort_date': '2025-12-24 20:54:14', 'seq_id': '106476976', 'smIndustry': None, 'orgid': None, 'attchmntText': 'Tata Motors Passenger Vehicles Limited has informed the Exchange regarding the Trading Window closure pursuant to SEBI (Prohibition of Insider Trading) Regulations, 2015', 'bflag': None, 'old_new': None, 'csvName': None, 'exchdisstime': '24-Dec-2025 20:54:15', 'difference': '00:00:01', 'fileSize': '223.11 KB', 'attFileSize': '223.11 KB', 'hasXbrl': True}",0.0
TATAPOWER,NSE_CORP_ANN,Press Release,"Tata Power Company Limited has informed the Exchange regarding a press release dated December 19, 2025, titled as  Tata Power, London School of Economics and Political Science (LSE) and International Growth Centre (IGC) launches Energy Insights and innovation lab to accelerate India s clean energy transition.""",,,"{'symbol': 'TATAPOWER', 'desc': 'Press Release', 'dt': '19122025152811', 'attchmntFile': 'https://nsearchives.nseindia.com/corporate/VPTPCL_19122025152759_PR-19-12-2025.pdf', 'sm_name': 'Tata Power Company Limited', 'sm_isin': 'INE245A01013', 'an_dt': '19-Dec-2025 15:28:11', 'sort_date': '2025-12-19 15:28:11', 'seq_id': '106472368', 'smIndustry': 'Power', 'orgid': None, 'attchmntText': 'Tata Power Company Limited has informed the Exchange regarding a press release dated December 19, 2025, titled as  Tata Power, London School of Economics and Political Science (LSE) and International Growth Centre (IGC) launches Energy Insights and innovation lab to accelerate India s clean energy transition.""', 'bflag': None, 'old_new': None, 'csvName': None, 'exchdisstime': '19-Dec-2025 15:28:12', 'difference': '00:00:01', 'fileSize': '467.46 KB', 'attFileSize': '467.46 KB', 'hasXbrl': True}",0.0
TATAPOWER,NSE_CORP_ANN,Allotment of Securities,Tata Power Company Limited has informed the Exchange regarding allotment of 200000 securities pursuant to Non Convertible Securities.,,,"{'symbol': 'TATAPOWER', 'desc': 'Allotment of Securities', 'dt': '19122025130612', 'attchmntFile': 'https://nsearchives.nseindia.com/corporate/VPTPCL_19122025130504_Reg_30_-_Allotment_of_NCD.pdf', 'sm_name': 'Tata Power Company Limited', 'sm_isin': 'INE245A01013', 'an_dt': '19-Dec-2025 13:06:12', 'sort_date': '2025-12-19 13:06:12', 'seq_id': '106472293', 'smIndustry': 'Power', 'orgid': None, 'attchmntText': 'Tata Power Company Limited has informed the Exchange regarding allotment of 200000 securities pursuant to Non Convertible Securities.', 'bflag': None, 'old_new': None, 'csvName': None, 'exchdisstime': '19-Dec-2025 13:06:13', 'difference': '00:00:01', 'fileSize': '250.70 KB', 'attFileSize': '250.70 KB', 'hasXbrl': True}",0.0
TATASTEEL,NSE_CORP_ANN,Pendency of Litigation(s)/dispute(s) or the outcome impacting the Company,Tata Steel Limited has informed the Exchange about Pendency of Litigation(s)/dispute(s) or the outcome impacting the Company,,,"{'symbol': 'TATASTEEL', 'desc': 'Pendency of Litigation(s)/dispute(s) or the outcome impacting the Company', 'dt': '25122025230205', 'attchmntFile': 'https://nsearchives.nseindia.com/corporate/SAKSHIKAPUR_25122025230148_TataSteel.pdf', 'sm_name': 'Tata Steel Limited', 'sm_isin': 'INE081A01012', 'an_dt': '25-Dec-2025 23:02:05', 'sort_date': '2025-12-25 23:02:05', 'seq_id': '106477532', 'smIndustry': 'Steel And Steel Products', 'orgid': None, 'attchmntText': 'Tata Steel Limited has informed the Exchange about Pendency of Litigation(s)/dispute(s) or the outcome impacting the Company', 'bflag': None, 'old_new': None, 'csvName': None, 'exchdisstime': '25-Dec-2025 23:02:06', 'difference': '00:00:01', 'fileSize': '390.62 KB', 'attFileSize': '390.62 KB', 'hasXbrl': True}",0.0
TATASTEEL,NSE_CORP_ANN,Credit Rating,Tata Steel Limited has informed the Exchange about Credit Rating,,,"{'symbol': 'TATASTEEL', 'desc': 'Credit Rating', 'dt': '24122025172726', 'attchmntFile': 'https://nsearchives.nseindia.com/corporate/NIDHIFADNAVIS_24122025172630_BSENSE.pdf', 'sm_name': 'Tata Steel Limited', 'sm_isin': 'INE081A01012', 'an_dt': '24-Dec-2025 17:27:26', 'sort_date': '2025-12-24 17:27:26', 'seq_id': '106476766', 'smIndustry': 'Steel And Steel Products', 'orgid': None, 'attchmntText': 'Tata Steel Limited has informed the Exchange about Credit Rating', 'bflag': None, 'old_new': None, 'csvName': None, 'exchdisstime': '24-Dec-2025 17:27:27', 'difference': '00:00:01', 'fileSize': '396.12 KB', 'attFileSize': '396.12 KB', 'hasXbrl': True}",0.0
TATASTEEL,NSE_CORP_ANN,Trading Window,"Tata Steel Limited has informed the Exchange regarding the Trading Window closure pursuant to SEBI (Prohibition of Insider Trading) Regulations, 2015",,,"{'symbol': 'TATASTEEL', 'desc': 'Trading Window', 'dt': '23122025192048', 'attchmntFile': 'https://nsearchives.nseindia.com/corporate/SWATISHETH_23122025191800_BSENSETWC.pdf', 'sm_name': 'Tata Steel Limited', 'sm_isin': 'INE081A01012', 'an_dt': '23-Dec-2025 19:20:48', 'sort_date': '2025-12-23 19:20:48', 'seq_id': '106475551', 'smIndustry': 'Steel And Steel Products', 'orgid': None, 'attchmntText': 'Tata Steel Limited has informed the Exchange regarding the Trading Window closure pursuant to SEBI (Prohibition of Insider Trading) Regulations, 2015', 'bflag': None, 'old_new': None, 'csvName': None, 'exchdisstime': '23-Dec-2025 19:20:49', 'difference': '00:00:01', 'fileSize': '240.96 KB', 'attFileSize': '240.96 KB', 'hasXbrl': True}",0.0
TATASTEEL,NSE_CORP_ANN,Acquisition,Tata Steel Limited has informed the Exchange about Acquisition of equity stake in T Steel Holdings Pte. Ltd,,,"{'symbol': 'TATASTEEL', 'desc': 'Acquisition', 'dt': '19122025175514', 'attchmntFile': 'https://nsearchives.nseindia.com/corporate/SWATISHETH_19122025175016_BSENSE.pdf', 'sm_name': 'Tata Steel Limited', 'sm_isin': 'INE081A01012', 'an_dt': '19-Dec-2025 17:55:14', 'sort_date': '2025-12-19 17:55:14', 'seq_id': '106472561', 'smIndustry': 'Steel And Steel Products', 'orgid': None, 'attchmntText': 'Tata Steel Limited has informed the Exchange about Acquisition of equity stake in T Steel Holdings Pte. Ltd', 'bflag': None, 'old_new': None, 'csvName': None, 'exchdisstime': '19-Dec-2025 17:55:15', 'difference': '00:00:01', 'fileSize': '324.18 KB', 'attFileSize': '324.18 KB', 'hasXbrl': True}",0.0
TATATECH,NSE_CORP_ANN,Trading Window,"Tata Technologies Limited has informed the Exchange regarding the Trading Window closure pursuant to SEBI (Prohibition of Insider Trading) Regulations, 2015",,,"{'symbol': 'TATATECH', 'desc': 'Trading Window', 'dt': '23122025162056', 'attchmntFile': 'https://nsearchives.nseindia.com/corporate/TTLNSE_23122025162038_Tradingwindowclosure24122025_S.pdf', 'sm_name': 'Tata Technologies Limited', 'sm_isin': 'INE142M01025', 'an_dt': '23-Dec-2025 16:20:56', 'sort_date': '2025-12-23 16:20:56', 'seq_id': '106475195', 'smIndustry': None, 'orgid': None, 'attchmntText': 'Tata Technologies Limited has informed the Exchange regarding the Trading Window closure pursuant to SEBI (Prohibition of Insider Trading) Regulations, 2015', 'bflag': None, 'old_new': None, 'csvName': None, 'exchdisstime': '23-Dec-2025 16:20:58', 'difference': '00:00:02', 'fileSize': '455.50 KB', 'attFileSize': '455.50 KB', 'hasXbrl': True}",0.0
TECHM,NSE_CORP_ANN,Incorporation,Tech Mahindra Limited has informed the Exchange about Incorporation,,,"{'symbol': 'TECHM', 'desc': 'Incorporation', 'dt': '22122025234855', 'attchmntFile': 'https://nsearchives.nseindia.com/corporate/Apekshakhemka_22122025234832_IncorporationIntimation-YabxUganda_Signed.pdf', 'sm_name': 'Tech Mahindra Limited', 'sm_isin': 'INE669C01028', 'an_dt': '22-Dec-2025 23:48:55', 'sort_date': '2025-12-22 23:48:55', 'seq_id': '106474462', 'smIndustry': 'Computers - Software', 'orgid': None, 'attchmntText': 'Tech Mahindra Limited has informed the Exchange about Incorporation', 'bflag': None, 'old_new': None, 'csvName': None, 'exchdisstime': '22-Dec-2025 23:48:56', 'difference': '00:00:01', 'fileSize': '258.12 KB', 'attFileSize': '258.12 KB', 'hasXbrl': True}",0.0
TECHM,NSE_CORP_ANN,General Updates,Tech Mahindra Limited has informed the Exchange about ESG rating,,,"{'symbol': 'TECHM', 'desc': 'General Updates', 'dt': '22122025181319', 'attchmntFile': 'https://nsearchives.nseindia.com/corporate/Apekshakhemka_22122025181300_SEintimationESGratingESGRiskai.pdf', 'sm_name': 'Tech Mahindra Limited', 'sm_isin': 'INE669C01028', 'an_dt': '22-Dec-2025 18:13:19', 'sort_date': '2025-12-22 18:13:19', 'seq_id': '106474133', 'smIndustry': 'Computers - Software', 'orgid': None, 'attchmntText': 'Tech Mahindra Limited has informed the Exchange about ESG rating', 'bflag': None, 'old_new': None, 'csvName': None, 'exchdisstime': '22-Dec-2025 18:13:20', 'difference': '00:00:01', 'fileSize': '197.67 KB', 'attFileSize': '197.67 KB', 'hasXbrl': True}",0.0
FEDERALBNK,NSE_CORP_ANN,General Updates,The Federal Bank  Limited has informed the Exchange about  Allotment of Equity Shares on exercise of Stock options pursuant to Employee Stock Option Scheme,,,"{'symbol': 'FEDERALBNK', 'desc': 'General Updates', 'dt': '22122025115411', 'attchmntFile': 'https://nsearchives.nseindia.com/corporate/FEDERALBNK_22122025115328_ESOS_211209_221225_SE_S.pdf', 'sm_name': 'The Federal Bank  Limited', 'sm_isin': 'INE171A01011', 'an_dt': '22-Dec-2025 11:54:11', 'sort_date': '2025-12-22 11:54:11', 'seq_id': '106473654', 'smIndustry': 'Banks', 'orgid': None, 'attchmntText': 'The Federal Bank  Limited has informed the Exchange about  Allotment of Equity Shares on exercise of Stock options pursuant to Employee Stock Option Scheme', 'bflag': None, 'old_new': None, 'csvName': None, 'exchdisstime': '22-Dec-2025 11:54:12', 'difference': '00:00:01', 'fileSize': '216.13 KB', 'attFileSize': '216.13 KB', 'hasXbrl': True}",0.0
INDHOTEL,NSE_CORP_ANN,Press Release,"The Indian Hotels Company Limited has informed the Exchange regarding a press release dated December 19, 2025, titled ""IHCL, GVK-BHUPAL FAMILY REDEFINE ALLIANCE; TRANSITIONS FROM JOINT VENTURE TO A LONG-TERM MANAGEMENT ARRANGEMENT"".",,,"{'symbol': 'INDHOTEL', 'desc': 'Press Release', 'dt': '19122025185916', 'attchmntFile': 'https://nsearchives.nseindia.com/corporate/INDHOTEL_19122025185855_Pressrelease.pdf', 'sm_name': 'The Indian Hotels Company Limited', 'sm_isin': 'INE053A01029', 'an_dt': '19-Dec-2025 18:59:16', 'sort_date': '2025-12-19 18:59:16', 'seq_id': '106472667', 'smIndustry': 'Hotels', 'orgid': None, 'attchmntText': 'The Indian Hotels Company Limited has informed the Exchange regarding a press release dated December 19, 2025, titled ""IHCL, GVK-BHUPAL FAMILY REDEFINE ALLIANCE; TRANSITIONS FROM JOINT VENTURE TO A LONG-TERM MANAGEMENT ARRANGEMENT"".', 'bflag': None, 'old_new': None, 'csvName': None, 'exchdisstime': '19-Dec-2025 18:59:17', 'difference': '00:00:01', 'fileSize': '476.70 KB', 'attFileSize': '476.70 KB', 'hasXbrl': True}",0.0
INDHOTEL,NSE_CORP_ANN,Sale or disposal,The Indian Hotels Company Limited has informed the Exchange about Sale or disposal,,,"{'symbol': 'INDHOTEL', 'desc': 'Sale or disposal', 'dt': '19122025184931', 'attchmntFile': 'https://nsearchives.nseindia.com/corporate/INDHOTEL_19122025184827_AGREEMENTTOSELL.pdf', 'sm_name': 'The Indian Hotels Company Limited', 'sm_isin': 'INE053A01029', 'an_dt': '19-Dec-2025 18:49:31', 'sort_date': '2025-12-19 18:49:31', 'seq_id': '106472648', 'smIndustry': 'Hotels', 'orgid': None, 'attchmntText': 'The Indian Hotels Company Limited has informed the Exchange about Sale or disposal', 'bflag': None, 'old_new': None, 'csvName': None, 'exchdisstime': '19-Dec-2025 18:49:32', 'difference': '00:00:01', 'fileSize': '404.84 KB', 'attFileSize': '404.84 KB', 'hasXbrl': True}",0.0
TITAN,NSE_CORP_ANN,Trading Window,"Titan Company Limited has informed the Exchange regarding the Trading Window closure pursuant to SEBI (Prohibition of Insider Trading) Regulations, 2015",,,"{'symbol': 'TITAN', 'desc': 'Trading Window', 'dt': '23122025110757', 'attchmntFile': 'https://nsearchives.nseindia.com/corporate/TITAN_23122025110740_SEintimation.pdf', 'sm_name': 'Titan Company Limited', 'sm_isin': 'INE280A01010', 'an_dt': '23-Dec-2025 11:07:57', 'sort_date': '2025-12-23 11:07:57', 'seq_id': '106474749', 'smIndustry': 'Gems Jewellery And Watches', 'orgid': None, 'attchmntText': 'Titan Company Limited has informed the Exchange regarding the Trading Window closure pursuant to SEBI (Prohibition of Insider Trading) Regulations, 2015', 'bflag': None, 'old_new': None, 'csvName': None, 'exchdisstime': '23-Dec-2025 11:07:58', 'difference': '00:00:01', 'fileSize': '207.26 KB', 'attFileSize': '207.26 KB', 'hasXbrl': True}",0.0
TORNTPHARM,NSE_CORP_ANN,Updates,Torrent Pharmaceuticals Limited has informed the Exchange regarding 'Redemption of Commercial papers'.,,,"{'symbol': 'TORNTPHARM', 'desc': 'Updates', 'dt': '23122025170654', 'attchmntFile': 'https://nsearchives.nseindia.com/corporate/TORNTPHARM_23122025170631_reg_30.pdf', 'sm_name': 'Torrent Pharmaceuticals Limited', 'sm_isin': 'INE685A01028', 'an_dt': '23-Dec-2025 17:06:54', 'sort_date': '2025-12-23 17:06:54', 'seq_id': '106475317', 'smIndustry': 'Pharmaceuticals', 'orgid': None, 'attchmntText': ""Torrent Pharmaceuticals Limited has informed the Exchange regarding 'Redemption of Commercial papers'."", 'bflag': None, 'old_new': None, 'csvName': None, 'exchdisstime': '23-Dec-2025 17:06:55', 'difference': '00:00:01', 'fileSize': '685.37 KB', 'attFileSize': '685.37 KB', 'hasXbrl': True}",0.0
TORNTPOWER,NSE_CORP_ANN,Trading Window,"Torrent Power Limited has informed the Exchange regarding the Trading Window closure pursuant to SEBI (Prohibition of Insider Trading) Regulations, 2015",,,"{'symbol': 'TORNTPOWER', 'desc': 'Trading Window', 'dt': '25122025170011', 'attchmntFile': 'https://nsearchives.nseindia.com/corporate/TORNTPOWER_25122025170002_Tradingwindow.pdf', 'sm_name': 'Torrent Power Limited', 'sm_isin': 'INE813H01021', 'an_dt': '25-Dec-2025 17:00:11', 'sort_date': '2025-12-25 17:00:11', 'seq_id': '106477426', 'smIndustry': 'Power', 'orgid': None, 'attchmntText': 'Torrent Power Limited has informed the Exchange regarding the Trading Window closure pursuant to SEBI (Prohibition of Insider Trading) Regulations, 2015', 'bflag': None, 'old_new': None, 'csvName': None, 'exchdisstime': '25-Dec-2025 17:00:11', 'difference': '00:00:00', 'fileSize': '281.04 KB', 'attFileSize': '281.04 KB', 'hasXbrl': True}",0.0
TRENT,NSE_CORP_ANN,Credit Rating- New,"Trent Limited has informed the Exchange about Intimation under Regulation 30 read with Schedule III of the SEBI (Listing Obligations and Disclosure Requirements) Regulations, 2015 ( SEBI Listing Regulations )",,,"{'symbol': 'TRENT', 'desc': 'Credit Rating- New', 'dt': '19122025180107', 'attchmntFile': 'https://nsearchives.nseindia.com/corporate/TRENT_19122025180042_ESGRatingIntimationMorningstar.pdf', 'sm_name': 'Trent Limited', 'sm_isin': 'INE849A01012', 'an_dt': '19-Dec-2025 18:01:07', 'sort_date': '2025-12-19 18:01:07', 'seq_id': '106472573', 'smIndustry': 'Miscellaneous', 'orgid': None, 'attchmntText': 'Trent Limited has informed the Exchange about Intimation under Regulation 30 read with Schedule III of the SEBI (Listing Obligations and Disclosure Requirements) Regulations, 2015 ( SEBI Listing Regulations )', 'bflag': None, 'old_new': None, 'csvName': None, 'exchdisstime': '19-Dec-2025 18:01:08', 'difference': '00:00:01', 'fileSize': '243.35 KB', 'attFileSize': '243.35 KB', 'hasXbrl': True}",0.0
TRENT,NSE_CORP_ANN,Trading Window,"Trent Limited has informed the Exchange regarding the Trading Window closure pursuant to SEBI (Prohibition of Insider Trading) Regulations, 2015",,,"{'symbol': 'TRENT', 'desc': 'Trading Window', 'dt': '19122025123353', 'attchmntFile': 'https://nsearchives.nseindia.com/corporate/TRENT_19122025123335_BSENSE31122025.pdf', 'sm_name': 'Trent Limited', 'sm_isin': 'INE849A01012', 'an_dt': '19-Dec-2025 12:33:53', 'sort_date': '2025-12-19 12:33:53', 'seq_id': '106472251', 'smIndustry': 'Miscellaneous', 'orgid': None, 'attchmntText': 'Trent Limited has informed the Exchange regarding the Trading Window closure pursuant to SEBI (Prohibition of Insider Trading) Regulations, 2015', 'bflag': None, 'old_new': None, 'csvName': None, 'exchdisstime': '19-Dec-2025 12:33:54', 'difference': '00:00:01', 'fileSize': '208.08 KB', 'attFileSize': '208.08 KB', 'hasXbrl': True}",0.0
TRENT,NSE_CORP_ANN,Analysts/Institutional Investor Meet/Con. Call Updates,Trent Limited has informed the Exchange about Intimation of schedule of Analyst / Institutional Investor Meeting,,,"{'symbol': 'TRENT', 'desc': 'Analysts/Institutional Investor Meet/Con. Call Updates', 'dt': '19122025111620', 'attchmntFile': 'https://nsearchives.nseindia.com/corporate/TRENT_19122025111433_InvestorAnalystMeeting19122025.pdf', 'sm_name': 'Trent Limited', 'sm_isin': 'INE849A01012', 'an_dt': '19-Dec-2025 11:16:20', 'sort_date': '2025-12-19 11:16:20', 'seq_id': '106472189', 'smIndustry': 'Miscellaneous', 'orgid': None, 'attchmntText': 'Trent Limited has informed the Exchange about Intimation of schedule of Analyst / Institutional Investor Meeting', 'bflag': None, 'old_new': None, 'csvName': None, 'exchdisstime': '19-Dec-2025 11:16:21', 'difference': '00:00:01', 'fileSize': '248.29 KB', 'attFileSize': '248.29 KB', 'hasXbrl': True}",0.0
UNOMINDA,NSE_CORP_ANN,Updates,UNO Minda Limited has informed the Exchange regarding 'Issuance of Commercial Paper'.,,,"{'symbol': 'UNOMINDA', 'desc': 'Updates', 'dt': '24122025172951', 'attchmntFile': 'https://nsearchives.nseindia.com/corporate/MINDAIND1_24122025172940_CPISSUANCE.pdf', 'sm_name': 'UNO Minda Limited', 'sm_isin': 'INE405E01023', 'an_dt': '24-Dec-2025 17:29:51', 'sort_date': '2025-12-24 17:29:51', 'seq_id': '106476770', 'smIndustry': None, 'orgid': None, 'attchmntText': ""UNO Minda Limited has informed the Exchange regarding 'Issuance of Commercial Paper'."", 'bflag': None, 'old_new': None, 'csvName': None, 'exchdisstime': '24-Dec-2025 17:29:52', 'difference': '00:00:01', 'fileSize': '3.20 MB', 'attFileSize': '3.20 MB', 'hasXbrl': True}",0.0
UNOMINDA,NSE_CORP_ANN,Agreements,UNO Minda Limited has informed the Exchange about execution of restated Joint Venture Agreement,,,"{'symbol': 'UNOMINDA', 'desc': 'Agreements', 'dt': '23122025182130', 'attchmntFile': 'https://nsearchives.nseindia.com/corporate/MINDAIND1_23122025182118_JVAExecution.pdf', 'sm_name': 'UNO Minda Limited', 'sm_isin': 'INE405E01023', 'an_dt': '23-Dec-2025 18:21:30', 'sort_date': '2025-12-23 18:21:30', 'seq_id': '106475455', 'smIndustry': None, 'orgid': None, 'attchmntText': 'UNO Minda Limited has informed the Exchange about execution of restated Joint Venture Agreement', 'bflag': None, 'old_new': None, 'csvName': None, 'exchdisstime': '23-Dec-2025 18:21:31', 'difference': '00:00:01', 'fileSize': '3.80 MB', 'attFileSize': '3.80 MB', 'hasXbrl': True}",0.0
UNOMINDA,NSE_CORP_ANN,Trading Window,"UNO Minda Limited has informed the Exchange regarding the Trading Window closure pursuant to SEBI (Prohibition of Insider Trading) Regulations, 2015",,,"{'symbol': 'UNOMINDA', 'desc': 'Trading Window', 'dt': '20122025112823', 'attchmntFile': 'https://nsearchives.nseindia.com/corporate/MINDAIND1_20122025112804_Tradingwindowdec25.pdf', 'sm_name': 'UNO Minda Limited', 'sm_isin': 'INE405E01023', 'an_dt': '20-Dec-2025 11:28:23', 'sort_date': '2025-12-20 11:28:23', 'seq_id': '106473015', 'smIndustry': None, 'orgid': None, 'attchmntText': 'UNO Minda Limited has informed the Exchange regarding the Trading Window closure pursuant to SEBI (Prohibition of Insider Trading) Regulations, 2015', 'bflag': None, 'old_new': None, 'csvName': None, 'exchdisstime': '20-Dec-2025 11:28:23', 'difference': '00:00:00', 'fileSize': '414.90 KB', 'attFileSize': '414.90 KB', 'hasXbrl': True}",0.0
UPL,NSE_CORP_ANN,General Updates,UPL Limited has informed the Exchange about Investment in Hybrid Seeds Vietnam Company Limited,,,"{'symbol': 'UPL', 'desc': 'General Updates', 'dt': '22122025161308', 'attchmntFile': 'https://nsearchives.nseindia.com/corporate/UPL_22122025161255_AdvantaVietnamintimation.pdf', 'sm_name': 'UPL Limited', 'sm_isin': 'INE628A01036', 'an_dt': '22-Dec-2025 16:13:08', 'sort_date': '2025-12-22 16:13:08', 'seq_id': '106473923', 'smIndustry': None, 'orgid': None, 'attchmntText': 'UPL Limited has informed the Exchange about Investment in Hybrid Seeds Vietnam Company Limited', 'bflag': None, 'old_new': None, 'csvName': None, 'exchdisstime': '22-Dec-2025 16:13:10', 'difference': '00:00:02', 'fileSize': '208.86 KB', 'attFileSize': '208.86 KB', 'hasXbrl': True}",0.0
ULTRACEMCO,NSE_CORP_ANN,Updates,UltraTech Cement Limited has informed the Exchange regarding 'Commissioning Of Cement Capacity at Dhule and Nathdwara'.,,,"{'symbol': 'ULTRACEMCO', 'desc': 'Updates', 'dt': '24122025183958', 'attchmntFile': 'https://nsearchives.nseindia.com/corporate/ULTRACEMCO1_24122025183948_SELetter.pdf', 'sm_name': 'UltraTech Cement Limited', 'sm_isin': 'INE481G01011', 'an_dt': '24-Dec-2025 18:39:58', 'sort_date': '2025-12-24 18:39:58', 'seq_id': '106476894', 'smIndustry': 'Cement And Cement Products', 'orgid': None, 'attchmntText': ""UltraTech Cement Limited has informed the Exchange regarding 'Commissioning Of Cement Capacity at Dhule and Nathdwara'."", 'bflag': None, 'old_new': None, 'csvName': None, 'exchdisstime': '24-Dec-2025 18:39:59', 'difference': '00:00:01', 'fileSize': '243.71 KB', 'attFileSize': '243.71 KB', 'hasXbrl': True}",0.0
ULTRACEMCO,NSE_CORP_ANN,Copy of Newspaper Publication,UltraTech Cement Limited has informed the Exchange about Copy of Newspaper Publication,,,"{'symbol': 'ULTRACEMCO', 'desc': 'Copy of Newspaper Publication', 'dt': '23122025155536', 'attchmntFile': 'https://nsearchives.nseindia.com/corporate/ULTRACEMCO1_23122025155256_CoveringLetter.pdf', 'sm_name': 'UltraTech Cement Limited', 'sm_isin': 'INE481G01011', 'an_dt': '23-Dec-2025 15:55:36', 'sort_date': '2025-12-23 15:55:36', 'seq_id': '106475148', 'smIndustry': 'Cement And Cement Products', 'orgid': None, 'attchmntText': 'UltraTech Cement Limited has informed the Exchange about Copy of Newspaper Publication', 'bflag': None, 'old_new': None, 'csvName': None, 'exchdisstime': '23-Dec-2025 15:55:36', 'difference': '00:00:00', 'fileSize': '1.60 MB', 'attFileSize': '1.60 MB', 'hasXbrl': True}",0.0
ULTRACEMCO,NSE_CORP_ANN,Action(s) initiated or orders passed,UltraTech Cement Limited has informed the Exchange about Action(s) initiated or orders passed,,,"{'symbol': 'ULTRACEMCO', 'desc': 'Action(s) initiated or orders passed', 'dt': '20122025130707', 'attchmntFile': 'https://nsearchives.nseindia.com/corporate/ULTRACEMCO1_20122025130624_GSTOrder19122025.pdf', 'sm_name': 'UltraTech Cement Limited', 'sm_isin': 'INE481G01011', 'an_dt': '20-Dec-2025 13:07:07', 'sort_date': '2025-12-20 13:07:07', 'seq_id': '106473063', 'smIndustry': 'Cement And Cement Products', 'orgid': None, 'attchmntText': 'UltraTech Cement Limited has informed the Exchange about Action(s) initiated or orders passed', 'bflag': None, 'old_new': None, 'csvName': None, 'exchdisstime': '20-Dec-2025 13:07:07', 'difference': '00:00:00', 'fileSize': '242.60 KB', 'attFileSize': '242.60 KB', 'hasXbrl': True}",0.0
ULTRACEMCO,NSE_CORP_ANN,Action(s) taken or orders passed,"UltraTech Cement Limited has informed the Exchange about order received from Commissioner, Central Goods and Services Tax, Bolpur, West Bengal",,,"{'symbol': 'ULTRACEMCO', 'desc': 'Action(s) taken or orders passed', 'dt': '19122025160423', 'attchmntFile': 'https://nsearchives.nseindia.com/corporate/ULTRACEMCO1_19122025160358_GSTOrders.pdf', 'sm_name': 'UltraTech Cement Limited', 'sm_isin': 'INE481G01011', 'an_dt': '19-Dec-2025 16:04:23', 'sort_date': '2025-12-19 16:04:23', 'seq_id': '106472408', 'smIndustry': 'Cement And Cement Products', 'orgid': None, 'attchmntText': 'UltraTech Cement Limited has informed the Exchange about order received from Commissioner, Central Goods and Services Tax, Bolpur, West Bengal', 'bflag': None, 'old_new': None, 'csvName': None, 'exchdisstime': '19-Dec-2025 16:04:24', 'difference': '00:00:01', 'fileSize': '246.08 KB', 'attFileSize': '246.08 KB', 'hasXbrl': True}",0.0
UNIONBANK,NSE_CORP_ANN,Trading Window,"Union Bank of India has informed the Exchange regarding the Trading Window closure pursuant to SEBI (Prohibition of Insider Trading) Regulations, 2015",,,"{'symbol': 'UNIONBANK', 'desc': 'Trading Window', 'dt': '24122025161139', 'attchmntFile': 'https://nsearchives.nseindia.com/corporate/UNIONBANK_24122025161102_24122025_Closure_of_Trading_Window_-.pdf', 'sm_name': 'Union Bank of India', 'sm_isin': 'INE692A01016', 'an_dt': '24-Dec-2025 16:11:39', 'sort_date': '2025-12-24 16:11:39', 'seq_id': '106476580', 'smIndustry': 'Banks', 'orgid': None, 'attchmntText': 'Union Bank of India has informed the Exchange regarding the Trading Window closure pursuant to SEBI (Prohibition of Insider Trading) Regulations, 2015', 'bflag': None, 'old_new': None, 'csvName': None, 'exchdisstime': '24-Dec-2025 16:11:40', 'difference': '00:00:01', 'fileSize': '450.73 KB', 'attFileSize': '450.73 KB', 'hasXbrl': True}",0.0
UNIONBANK,NSE_CORP_ANN,General Updates,"Union Bank of India has informed the Exchange about Disclosure under Regulation 30 of the SEBI (Listing Obligations and Disclosure Requirements) Regulations, 2015",,,"{'symbol': 'UNIONBANK', 'desc': 'General Updates', 'dt': '19122025210912', 'attchmntFile': 'https://nsearchives.nseindia.com/corporate/UNIONBANK_19122025210450_19122025_Disclosure_under_Regulation_30.pdf', 'sm_name': 'Union Bank of India', 'sm_isin': 'INE692A01016', 'an_dt': '19-Dec-2025 21:09:12', 'sort_date': '2025-12-19 21:09:12', 'seq_id': '106472748', 'smIndustry': 'Banks', 'orgid': None, 'attchmntText': 'Union Bank of India has informed the Exchange about Disclosure under Regulation 30 of the SEBI (Listing Obligations and Disclosure Requirements) Regulations, 2015', 'bflag': None, 'old_new': None, 'csvName': None, 'exchdisstime': '19-Dec-2025 21:09:13', 'difference': '00:00:01', 'fileSize': '409.30 KB', 'attFileSize': '409.30 KB', 'hasXbrl': True}",0.0
UNITDSPR,NSE_CORP_ANN,General Updates,United Spirits Limited has informed the Exchange about General Updates,,,"{'symbol': 'UNITDSPR', 'desc': 'General Updates', 'dt': '24122025193451', 'attchmntFile': 'https://nsearchives.nseindia.com/corporate/MCDOWELL_24122025193348_SEDisclosure241225F.pdf', 'sm_name': 'United Spirits Limited', 'sm_isin': 'INE854D01024', 'an_dt': '24-Dec-2025 19:34:51', 'sort_date': '2025-12-24 19:34:51', 'seq_id': '106476947', 'smIndustry': None, 'orgid': None, 'attchmntText': 'United Spirits Limited has informed the Exchange about General Updates', 'bflag': None, 'old_new': None, 'csvName': None, 'exchdisstime': '24-Dec-2025 19:34:52', 'difference': '00:00:01', 'fileSize': '203.71 KB', 'attFileSize': '203.71 KB', 'hasXbrl': True}",0.0
UNITDSPR,NSE_CORP_ANN,Shareholders meeting,United Spirits Limited has submitted the Exchange a copy Srutinizers report of  Postal Ballot,,,"{'symbol': 'UNITDSPR', 'desc': 'Shareholders meeting', 'dt': '22122025160046', 'attchmntFile': 'https://nsearchives.nseindia.com/corporate/MCDOWELL_22122025160009_SE_PB_results_intimation.pdf', 'sm_name': 'United Spirits Limited', 'sm_isin': 'INE854D01024', 'an_dt': '22-Dec-2025 16:00:46', 'sort_date': '2025-12-22 16:00:46', 'seq_id': '106473904', 'smIndustry': None, 'orgid': None, 'attchmntText': 'United Spirits Limited has submitted the Exchange a copy Srutinizers report of  Postal Ballot', 'bflag': None, 'old_new': None, 'csvName': None, 'exchdisstime': '22-Dec-2025 16:00:51', 'difference': '00:00:05', 'fileSize': '2.15 MB', 'attFileSize': '2.15 MB', 'hasXbrl': True}",0.0
VBL,NSE_CORP_ANN,General Updates,Board Presentation on the proposed acquisition of 100% Share Capital of Twizza Proprietary Limited ( Twizza ) through our subsidiary company in South Africa i.e. The Beverages Company Proprietary Limited.,,,"{'symbol': 'VBL', 'desc': 'General Updates', 'dt': '21122025132550', 'attchmntFile': 'https://nsearchives.nseindia.com/corporate/VBL_21122025132530_Presentation.pdf', 'sm_name': 'Varun Beverages Limited', 'sm_isin': 'INE200M01013', 'an_dt': '21-Dec-2025 13:25:50', 'sort_date': '2025-12-21 13:25:50', 'seq_id': '106473266', 'smIndustry': None, 'orgid': None, 'attchmntText': 'Board Presentation on the proposed acquisition of 100% Share Capital of Twizza Proprietary Limited ( Twizza ) through our subsidiary company in South Africa i.e. The Beverages Company Proprietary Limited.', 'bflag': None, 'old_new': None, 'csvName': None, 'exchdisstime': '21-Dec-2025 13:25:51', 'difference': '00:00:01', 'fileSize': '632.63 KB', 'attFileSize': '632.63 KB', 'hasXbrl': True}",0.0
VBL,NSE_CORP_ANN,Outcome of Board Meeting,The Board of Directors at their meeting held today inter-alia considered and approved to acquire 100% Share Capital of Twizza Proprietary Limited as per details in the enclosed intimation.,,,"{'symbol': 'VBL', 'desc': 'Outcome of Board Meeting', 'dt': '21122025131916', 'attchmntFile': 'https://nsearchives.nseindia.com/corporate/VBL_21122025131850_Outcome_v2.pdf', 'sm_name': 'Varun Beverages Limited', 'sm_isin': 'INE200M01013', 'an_dt': '21-Dec-2025 13:19:16', 'sort_date': '2025-12-21 13:19:16', 'seq_id': '106473265', 'smIndustry': None, 'orgid': None, 'attchmntText': 'The Board of Directors at their meeting held today inter-alia considered and approved to acquire 100% Share Capital of Twizza Proprietary Limited as per details in the enclosed intimation.', 'bflag': None, 'old_new': None, 'csvName': None, 'exchdisstime': '21-Dec-2025 13:19:16', 'difference': '00:00:00', 'fileSize': '215.14 KB', 'attFileSize': '215.14 KB', 'hasXbrl': True}",0.0
VEDL,NSE_CORP_ANN,Action(s) taken or orders passed,Vedanta Limited has informed the Exchange about Action(s) taken or orders passed,,,"{'symbol': 'VEDL', 'desc': 'Action(s) taken or orders passed', 'dt': '25122025154332', 'attchmntFile': 'https://nsearchives.nseindia.com/corporate/VEDL_25122025153900_VEDLSEIntimationPenaltySesaGoaandAlumsigned.pdf', 'sm_name': 'Vedanta Limited', 'sm_isin': 'INE205A01025', 'an_dt': '25-Dec-2025 15:43:32', 'sort_date': '2025-12-25 15:43:32', 'seq_id': '106477360', 'smIndustry': None, 'orgid': None, 'attchmntText': 'Vedanta Limited has informed the Exchange about Action(s) taken or orders passed', 'bflag': None, 'old_new': None, 'csvName': None, 'exchdisstime': '25-Dec-2025 15:43:32', 'difference': '00:00:00', 'fileSize': '294.43 KB', 'attFileSize': '294.43 KB', 'hasXbrl': True}",0.0
VEDL,NSE_CORP_ANN,Updates,"Vedanta Limited has informed the Exchange regarding 'Disclosure under Regulation 30 of Securities and Exchange Board of India ( SEBI ) (Listing Obligations and Disclosure Requirements) Regulations, 2015 ( Listing Regulations ), as amended   ESG Ratings'.",,,"{'symbol': 'VEDL', 'desc': 'Updates', 'dt': '25122025152426', 'attchmntFile': 'https://nsearchives.nseindia.com/corporate/VEDL_25122025152235_VEDLSEIntimationCFCESGRatings2025signed.pdf', 'sm_name': 'Vedanta Limited', 'sm_isin': 'INE205A01025', 'an_dt': '25-Dec-2025 15:24:26', 'sort_date': '2025-12-25 15:24:26', 'seq_id': '106477343', 'smIndustry': None, 'orgid': None, 'attchmntText': ""Vedanta Limited has informed the Exchange regarding 'Disclosure under Regulation 30 of Securities and Exchange Board of India ( SEBI ) (Listing Obligations and Disclosure Requirements) Regulations, 2015 ( Listing Regulations ), as amended   ESG Ratings'."", 'bflag': None, 'old_new': None, 'csvName': None, 'exchdisstime': '25-Dec-2025 15:24:27', 'difference': '00:00:01', 'fileSize': '270.07 KB', 'attFileSize': '270.07 KB', 'hasXbrl': True}",0.0
VEDL,NSE_CORP_ANN,Credit Rating,Vedanta Limited has informed the Exchange about Credit Rating,,,"{'symbol': 'VEDL', 'desc': 'Credit Rating', 'dt': '24122025180202', 'attchmntFile': 'https://nsearchives.nseindia.com/corporate/VEDL_24122025180137_VEDLSEIntimationCRISILRatingsDec2025signed.pdf', 'sm_name': 'Vedanta Limited', 'sm_isin': 'INE205A01025', 'an_dt': '24-Dec-2025 18:02:02', 'sort_date': '2025-12-24 18:02:02', 'seq_id': '106476830', 'smIndustry': None, 'orgid': None, 'attchmntText': 'Vedanta Limited has informed the Exchange about Credit Rating', 'bflag': None, 'old_new': None, 'csvName': None, 'exchdisstime': '24-Dec-2025 18:02:03', 'difference': '00:00:01', 'fileSize': '393.01 KB', 'attFileSize': '393.01 KB', 'hasXbrl': True}",0.0
IDEA,NSE_CORP_ANN,Action(s) taken or orders passed,"Vodafone Idea Limited has informed the Exchange about Disclosure under Regulation 30 of SEBI (Listing Obligations and Disclosures Requirements) Regulations, 2015 regarding orders passed under Central Goods and Services Tax Act, 2017",,,"{'symbol': 'IDEA', 'desc': 'Action(s) taken or orders passed', 'dt': '25122025164306', 'attchmntFile': 'https://nsearchives.nseindia.com/corporate/IDEA_25122025164224_SEIntimationGSTPenalty25122025s.pdf', 'sm_name': 'Vodafone Idea Limited', 'sm_isin': 'INE669E01016', 'an_dt': '25-Dec-2025 16:43:06', 'sort_date': '2025-12-25 16:43:06', 'seq_id': '106477409', 'smIndustry': 'Telecommunication - Services', 'orgid': None, 'attchmntText': 'Vodafone Idea Limited has informed the Exchange about Disclosure under Regulation 30 of SEBI (Listing Obligations and Disclosures Requirements) Regulations, 2015 regarding orders passed under Central Goods and Services Tax Act, 2017', 'bflag': None, 'old_new': None, 'csvName': None, 'exchdisstime': '25-Dec-2025 16:43:07', 'difference': '00:00:01', 'fileSize': '282.00 KB', 'attFileSize': '282.00 KB', 'hasXbrl': True}",0.0
VOLTAS,NSE_CORP_ANN,Trading Window,"Voltas Limited has informed the Exchange regarding the Trading Window closure pursuant to SEBI (Prohibition of Insider Trading) Regulations, 2015",,,"{'symbol': 'VOLTAS', 'desc': 'Trading Window', 'dt': '22122025184319', 'attchmntFile': 'https://nsearchives.nseindia.com/corporate/VOLTAS_RB_22122025184259_SE_Intimation_22122025_Signed.pdf', 'sm_name': 'Voltas Limited', 'sm_isin': 'INE226A01021', 'an_dt': '22-Dec-2025 18:43:19', 'sort_date': '2025-12-22 18:43:19', 'seq_id': '106474173', 'smIndustry': 'Engineering', 'orgid': None, 'attchmntText': 'Voltas Limited has informed the Exchange regarding the Trading Window closure pursuant to SEBI (Prohibition of Insider Trading) Regulations, 2015', 'bflag': None, 'old_new': None, 'csvName': None, 'exchdisstime': '22-Dec-2025 18:43:19', 'difference': '00:00:00', 'fileSize': '559.84 KB', 'attFileSize': '559.84 KB', 'hasXbrl': True}",0.0
WIPRO,NSE_CORP_ANN,Updates,"Wipro Limited has informed the Exchange regarding Allotment of 21,126 equity shares under ADS Restricted Stock Unit Plan 2004 and 73,687 equity shares under the Restricted Stock Unit Plan 2007 on December 22, 2025, pursuant to exercise of ESOPs.",,,"{'symbol': 'WIPRO', 'desc': 'Updates', 'dt': '22122025215419', 'attchmntFile': 'https://nsearchives.nseindia.com/corporate/Cslogin_22122025215246_SE.pdf', 'sm_name': 'Wipro Limited', 'sm_isin': 'INE075A01022', 'an_dt': '22-Dec-2025 21:54:19', 'sort_date': '2025-12-22 21:54:19', 'seq_id': '106474264', 'smIndustry': 'Computers - Software', 'orgid': None, 'attchmntText': 'Wipro Limited has informed the Exchange regarding Allotment of 21,126 equity shares under ADS Restricted Stock Unit Plan 2004 and 73,687 equity shares under the Restricted Stock Unit Plan 2007 on December 22, 2025, pursuant to exercise of ESOPs.', 'bflag': None, 'old_new': None, 'csvName': None, 'exchdisstime': '22-Dec-2025 21:54:20', 'difference': '00:00:01', 'fileSize': '234.97 KB', 'attFileSize': '234.97 KB', 'hasXbrl': True}",0.0
YESBANK,NSE_CORP_ANN,Analysts/Institutional Investor Meet/Con. Call Updates,"Disclosure under Regulation 30 read with clause 15 of Para A of Part A of Schedule III of the SEBI (Listing Obligations and Disclosure Requirements) Regulations, 2015 - Schedule of Analyst/ Institutional Investors Meet(s) / Call(s) / VC(s)   Advance Intimation - Kotak Flagship Conference: Chasing Growth 2026",,,"{'symbol': 'YESBANK', 'desc': 'Analysts/Institutional Investor Meet/Con. Call Updates', 'dt': '22122025194756', 'attchmntFile': 'https://nsearchives.nseindia.com/corporate/YESBANK_22122025194453_YBL_SE_Intimation_Analyst_Meet_Advance_Intimation_Kotak_Flagship_signed.pdf', 'sm_name': 'Yes Bank Limited', 'sm_isin': 'INE528G01019', 'an_dt': '22-Dec-2025 19:47:56', 'sort_date': '2025-12-22 19:47:56', 'seq_id': '106474221', 'smIndustry': 'Banks', 'orgid': None, 'attchmntText': 'Disclosure under Regulation 30 read with clause 15 of Para A of Part A of Schedule III of the SEBI (Listing Obligations and Disclosure Requirements) Regulations, 2015 - Schedule of Analyst/ Institutional Investors Meet(s) / Call(s) / VC(s)   Advance Intimation - Kotak Flagship Conference: Chasing Growth 2026', 'bflag': None, 'old_new': None, 'csvName': None, 'exchdisstime': '22-Dec-2025 19:47:57', 'difference': '00:00:01', 'fileSize': '207.14 KB', 'attFileSize': '207.14 KB', 'hasXbrl': True}",0.0
ZYDUSLIFE,NSE_CORP_ANN,General Updates,Zydus Lifesciences Limited has informed the Exchange about General Updates,,,"{'symbol': 'ZYDUSLIFE', 'desc': 'General Updates', 'dt': '24122025175527', 'attchmntFile': 'https://nsearchives.nseindia.com/corporate/Cadilahc_24122025175414_ZydusSBLAPIBTAExtension4.pdf', 'sm_name': 'Zydus Lifesciences Limited', 'sm_isin': 'INE010B01027', 'an_dt': '24-Dec-2025 17:55:27', 'sort_date': '2025-12-24 17:55:27', 'seq_id': '106476821', 'smIndustry': None, 'orgid': None, 'attchmntText': 'Zydus Lifesciences Limited has informed the Exchange about General Updates', 'bflag': None, 'old_new': None, 'csvName': None, 'exchdisstime': '24-Dec-2025 17:55:29', 'difference': '00:00:02', 'fileSize': '846.54 KB', 'attFileSize': '846.54 KB', 'hasXbrl': True}",0.0
ZYDUSLIFE,NSE_CORP_ANN,Press Release,"Zydus Lifesciences Limited has informed the Exchange regarding a press release dated December 23, 2025, titled ""Zydus Partners with Bioeq for U.S. Commercialisation rights for NUFYMCO®, an Interchangeable Biosimilar to Lucentis®. NUFYMCO®. BLA has been approved by the USFDA"".",,,"{'symbol': 'ZYDUSLIFE', 'desc': 'Press Release', 'dt': '23122025182814', 'attchmntFile': 'https://nsearchives.nseindia.com/corporate/Cadilahc_23122025181740_PR23122025.pdf', 'sm_name': 'Zydus Lifesciences Limited', 'sm_isin': 'INE010B01027', 'an_dt': '23-Dec-2025 18:28:14', 'sort_date': '2025-12-23 18:28:14', 'seq_id': '106475477', 'smIndustry': None, 'orgid': None, 'attchmntText': 'Zydus Lifesciences Limited has informed the Exchange regarding a press release dated December 23, 2025, titled ""Zydus Partners with Bioeq for U.S. Commercialisation rights for NUFYMCO®, an Interchangeable Biosimilar to Lucentis®. NUFYMCO®. BLA has been approved by the USFDA"".', 'bflag': None, 'old_new': None, 'csvName': None, 'exchdisstime': '23-Dec-2025 18:28:15', 'difference': '00:00:01', 'fileSize': '1.18 MB', 'attFileSize': '1.18 MB', 'hasXbrl': True}",0.0
AUBANK,NSE_CORP_ANN,Trading Window,"AU Small Finance Bank Limited has informed the Exchange regarding the Trading Window closure pursuant to SEBI (Prohibition of Insider Trading) Regulations, 2015",,,"{'symbol': 'AUBANK', 'desc': 'Trading Window', 'dt': '26122025192149', 'attchmntFile': 'https://nsearchives.nseindia.com/corporate/AUBANK_26122025191944_Window_Closure_Intimation.pdf', 'sm_name': 'AU Small Finance Bank Limited', 'sm_isin': 'INE949L01017', 'an_dt': '26-Dec-2025 19:21:49', 'sort_date': '2025-12-26 19:21:49', 'seq_id': '106479147', 'smIndustry': None, 'orgid': None, 'attchmntText': 'AU Small Finance Bank Limited has informed the Exchange regarding the Trading Window closure pursuant to SEBI (Prohibition of Insider Trading) Regulations, 2015', 'bflag': None, 'old_new': None, 'csvName': None, 'exchdisstime': '26-Dec-2025 19:21:50', 'difference': '00:00:01', 'fileSize': '1.07 MB', 'attFileSize': '1.07 MB', 'hasXbrl': True}",0.0
AUBANK,NSE_CORP_ANN,Shareholders meeting,"AU Small Finance Bank Limited has submitted the Exchange a copy Srutinizers report of  Postal Ballot. Further, the company has informed the Exchange regarding voting results.",,,"{'symbol': 'AUBANK', 'desc': 'Shareholders meeting', 'dt': '26122025191343', 'attchmntFile': 'https://nsearchives.nseindia.com/corporate/AUBANK_26122025191242_PB_Voting_Result_SE_Submission.pdf', 'sm_name': 'AU Small Finance Bank Limited', 'sm_isin': 'INE949L01017', 'an_dt': '26-Dec-2025 19:13:43', 'sort_date': '2025-12-26 19:13:43', 'seq_id': '106479132', 'smIndustry': None, 'orgid': None, 'attchmntText': 'AU Small Finance Bank Limited has submitted the Exchange a copy Srutinizers report of  Postal Ballot. Further, the company has informed the Exchange regarding voting results.', 'bflag': None, 'old_new': None, 'csvName': None, 'exchdisstime': '26-Dec-2025 19:13:44', 'difference': '00:00:01', 'fileSize': '1.58 MB', 'attFileSize': '1.58 MB', 'hasXbrl': True}",0.0
ABCAPITAL,NSE_CORP_ANN,Allotment of Securities,Aditya Birla Capital Limited has informed the Exchange regarding allotment of Non- Convertible Debentures.,,,"{'symbol': 'ABCAPITAL', 'desc': 'Allotment of Securities', 'dt': '26122025175445', 'attchmntFile': 'https://nsearchives.nseindia.com/corporate/palavjain_26122025175432_ABCL_NCD_allotment__December_26_2025_Reg_30.pdf', 'sm_name': 'Aditya Birla Capital Limited', 'sm_isin': 'INE674K01013', 'an_dt': '26-Dec-2025 17:54:45', 'sort_date': '2025-12-26 17:54:45', 'seq_id': '106478909', 'smIndustry': None, 'orgid': None, 'attchmntText': 'Aditya Birla Capital Limited has informed the Exchange regarding allotment of Non- Convertible Debentures.', 'bflag': None, 'old_new': None, 'csvName': None, 'exchdisstime': '26-Dec-2025 17:54:46', 'difference': '00:00:01', 'fileSize': '333.58 KB', 'attFileSize': '333.58 KB', 'hasXbrl': True}",0.0
ABCAPITAL,NSE_CORP_ANN,Trading Window,"Aditya Birla Capital Limited has informed the Exchange regarding the Trading Window closure pursuant to SEBI (Prohibition of Insider Trading) Regulations, 2015",,,"{'symbol': 'ABCAPITAL', 'desc': 'Trading Window', 'dt': '26122025165041', 'attchmntFile': 'https://nsearchives.nseindia.com/corporate/rsrai_26122025165031_Closure_of_trading_window_December_2025signed.pdf', 'sm_name': 'Aditya Birla Capital Limited', 'sm_isin': 'INE674K01013', 'an_dt': '26-Dec-2025 16:50:41', 'sort_date': '2025-12-26 16:50:41', 'seq_id': '106478688', 'smIndustry': None, 'orgid': None, 'attchmntText': 'Aditya Birla Capital Limited has informed the Exchange regarding the Trading Window closure pursuant to SEBI (Prohibition of Insider Trading) Regulations, 2015', 'bflag': None, 'old_new': None, 'csvName': None, 'exchdisstime': '26-Dec-2025 16:50:42', 'difference': '00:00:01', 'fileSize': '289.78 KB', 'attFileSize': '289.78 KB', 'hasXbrl': True}",0.0
ALKEM,NSE_CORP_ANN,General Updates,Alkem Laboratories Limited has informed the Exchange about Disclosure under Regulation 30 of SEBI LODR Regulations.,,,"{'symbol': 'ALKEM', 'desc': 'General Updates', 'dt': '26122025185900', 'attchmntFile': 'https://nsearchives.nseindia.com/corporate/ALKEM_26122025185749_Reg30_EnzeneInvestment_26122025_Signed.pdf', 'sm_name': 'Alkem Laboratories Limited', 'sm_isin': 'INE540L01014', 'an_dt': '26-Dec-2025 18:59:00', 'sort_date': '2025-12-26 18:59:00', 'seq_id': '106479096', 'smIndustry': None, 'orgid': None, 'attchmntText': 'Alkem Laboratories Limited has informed the Exchange about Disclosure under Regulation 30 of SEBI LODR Regulations.', 'bflag': None, 'old_new': None, 'csvName': None, 'exchdisstime': '26-Dec-2025 18:59:00', 'difference': '00:00:00', 'fileSize': '559.35 KB', 'attFileSize': '559.35 KB', 'hasXbrl': True}",0.0
ALKEM,NSE_CORP_ANN,Action(s) initiated or orders passed,Alkem Laboratories Limited has informed the Exchange about Action(s) initiated or orders passed,,,"{'symbol': 'ALKEM', 'desc': 'Action(s) initiated or orders passed', 'dt': '26122025182453', 'attchmntFile': 'https://nsearchives.nseindia.com/corporate/ALKEM_26122025182344_Reg30RegulatoryOrder2412025_Signed.pdf', 'sm_name': 'Alkem Laboratories Limited', 'sm_isin': 'INE540L01014', 'an_dt': '26-Dec-2025 18:24:53', 'sort_date': '2025-12-26 18:24:53', 'seq_id': '106479002', 'smIndustry': None, 'orgid': None, 'attchmntText': 'Alkem Laboratories Limited has informed the Exchange about Action(s) initiated or orders passed', 'bflag': None, 'old_new': None, 'csvName': None, 'exchdisstime': '26-Dec-2025 18:24:54', 'difference': '00:00:01', 'fileSize': '632.35 KB', 'attFileSize': '632.35 KB', 'hasXbrl': True}",0.0
APOLLOHOSP,NSE_CORP_ANN,Trading Window,"Apollo Hospitals Enterprise Limited has informed the Exchange regarding the Trading Window closure pursuant to SEBI (Prohibition of Insider Trading) Regulations, 2015",,,"{'symbol': 'APOLLOHOSP', 'desc': 'Trading Window', 'dt': '26122025122933', 'attchmntFile': 'https://nsearchives.nseindia.com/corporate/APOLLOHOSP_26122025122923_SE_let_Closure_Trading_window.pdf', 'sm_name': 'Apollo Hospitals Enterprise Limited', 'sm_isin': 'INE437A01016', 'an_dt': '26-Dec-2025 12:29:33', 'sort_date': '2025-12-26 12:29:33', 'seq_id': '106478029', 'smIndustry': 'Miscellaneous', 'orgid': None, 'attchmntText': 'Apollo Hospitals Enterprise Limited has informed the Exchange regarding the Trading Window closure pursuant to SEBI (Prohibition of Insider Trading) Regulations, 2015', 'bflag': None, 'old_new': None, 'csvName': None, 'exchdisstime': '26-Dec-2025 12:29:34', 'difference': '00:00:01', 'fileSize': '548.23 KB', 'attFileSize': '548.23 KB', 'hasXbrl': True}",0.0
ASHOKLEY,NSE_CORP_ANN,Trading Window,"Ashok Leyland Limited has informed the Exchange regarding the Trading Window closure pursuant to SEBI (Prohibition of Insider Trading) Regulations, 2015",,,"{'symbol': 'ASHOKLEY', 'desc': 'Trading Window', 'dt': '26122025144421', 'attchmntFile': 'https://nsearchives.nseindia.com/corporate/ASHOKLEY_26122025144356_72Windowclosure_dec2025.pdf', 'sm_name': 'Ashok Leyland Limited', 'sm_isin': 'INE208A01029', 'an_dt': '26-Dec-2025 14:44:21', 'sort_date': '2025-12-26 14:44:21', 'seq_id': '106478326', 'smIndustry': 'Automobiles - 4 Wheelers', 'orgid': None, 'attchmntText': 'Ashok Leyland Limited has informed the Exchange regarding the Trading Window closure pursuant to SEBI (Prohibition of Insider Trading) Regulations, 2015', 'bflag': None, 'old_new': None, 'csvName': None, 'exchdisstime': '26-Dec-2025 14:44:22', 'difference': '00:00:01', 'fileSize': '530.22 KB', 'attFileSize': '530.22 KB', 'hasXbrl': True}",0.0
ASTRAL,NSE_CORP_ANN,Trading Window,"Astral Limited has informed the Exchange regarding the Trading Window closure pursuant to SEBI (Prohibition of Insider Trading) Regulations, 2015",,,"{'symbol': 'ASTRAL', 'desc': 'Trading Window', 'dt': '26122025174615', 'attchmntFile': 'https://nsearchives.nseindia.com/corporate/ASTRAL_26122025174555_Trading_Window_Closure_Q3_Final.pdf', 'sm_name': 'Astral Limited', 'sm_isin': 'INE006I01012', 'an_dt': '26-Dec-2025 17:46:15', 'sort_date': '2025-12-26 17:46:15', 'seq_id': '106478875', 'smIndustry': 'Plastic And Plastic Products', 'orgid': None, 'attchmntText': 'Astral Limited has informed the Exchange regarding the Trading Window closure pursuant to SEBI (Prohibition of Insider Trading) Regulations, 2015', 'bflag': None, 'old_new': None, 'csvName': None, 'exchdisstime': '26-Dec-2025 17:46:16', 'difference': '00:00:01', 'fileSize': '387.17 KB', 'attFileSize': '387.17 KB', 'hasXbrl': True}",0.0
DMART,NSE_CORP_ANN,Updates,Avenue Supermarts Limited has informed the Exchange regarding allotment of Commercial Paper of Rs. 200 crores,,,"{'symbol': 'DMART', 'desc': 'Updates', 'dt': '26122025165137', 'attchmntFile': 'https://nsearchives.nseindia.com/corporate/DMART_26122025164937_CPAllotmentIntimation26122025.pdf', 'sm_name': 'Avenue Supermarts Limited', 'sm_isin': 'INE192R01011', 'an_dt': '26-Dec-2025 16:51:37', 'sort_date': '2025-12-26 16:51:37', 'seq_id': '106478691', 'smIndustry': None, 'orgid': None, 'attchmntText': 'Avenue Supermarts Limited has informed the Exchange regarding allotment of Commercial Paper of Rs. 200 crores', 'bflag': None, 'old_new': None, 'csvName': None, 'exchdisstime': '26-Dec-2025 16:51:38', 'difference': '00:00:01', 'fileSize': '555.87 KB', 'attFileSize': '555.87 KB', 'hasXbrl': True}",0.0
AXISBANK,NSE_CORP_ANN,Updates,Axis Bank Limited has informed the Exchange regarding 'Update to the Global Medium Term Notes Programme of the Bank'.,,,"{'symbol': 'AXISBANK', 'desc': 'Updates', 'dt': '26122025183133', 'attchmntFile': 'https://nsearchives.nseindia.com/corporate/AXISBANK1_26122025183014_SEIntimationGMTNUpdate26122025Signed.pdf', 'sm_name': 'Axis Bank Limited', 'sm_isin': 'INE238A01026', 'an_dt': '26-Dec-2025 18:31:33', 'sort_date': '2025-12-26 18:31:33', 'seq_id': '106479033', 'smIndustry': 'Banks', 'orgid': None, 'attchmntText': ""Axis Bank Limited has informed the Exchange regarding 'Update to the Global Medium Term Notes Programme of the Bank'."", 'bflag': None, 'old_new': None, 'csvName': None, 'exchdisstime': '26-Dec-2025 18:31:34', 'difference': '00:00:01', 'fileSize': '166.65 KB', 'attFileSize': '166.65 KB', 'hasXbrl': True}",0.0
BANDHANBNK,NSE_CORP_ANN,General Updates,Bandhan Bank Limited has informed the Exchange about Approval of the RBI for re-appointment of Executive Director.,,,"{'symbol': 'BANDHANBNK', 'desc': 'General Updates', 'dt': '26122025190152', 'attchmntFile': 'https://nsearchives.nseindia.com/corporate/BANDHANBNK_26122025185846_SE_Disclosure_Approval_26122025_sd.pdf', 'sm_name': 'Bandhan Bank Limited', 'sm_isin': 'INE545U01014', 'an_dt': '26-Dec-2025 19:01:52', 'sort_date': '2025-12-26 19:01:52', 'seq_id': '106479104', 'smIndustry': None, 'orgid': None, 'attchmntText': 'Bandhan Bank Limited has informed the Exchange about Approval of the RBI for re-appointment of Executive Director.', 'bflag': None, 'old_new': None, 'csvName': None, 'exchdisstime': '26-Dec-2025 19:01:53', 'difference': '00:00:01', 'fileSize': '230.14 KB', 'attFileSize': '230.14 KB', 'hasXbrl': True}",0.0
BANDHANBNK,NSE_CORP_ANN,Action(s) initiated or orders passed,Bandhan Bank Limited has informed the Exchange about Disclosure under Regulation 30 of the SEBI LODR.,,,"{'symbol': 'BANDHANBNK', 'desc': 'Action(s) initiated or orders passed', 'dt': '26122025183444', 'attchmntFile': 'https://nsearchives.nseindia.com/corporate/BANDHANBNK_26122025183330_SE_Disclosure_GST_Order_2021-22_GJ_26122025_sd.pdf', 'sm_name': 'Bandhan Bank Limited', 'sm_isin': 'INE545U01014', 'an_dt': '26-Dec-2025 18:34:44', 'sort_date': '2025-12-26 18:34:44', 'seq_id': '106479042', 'smIndustry': None, 'orgid': None, 'attchmntText': 'Bandhan Bank Limited has informed the Exchange about Disclosure under Regulation 30 of the SEBI LODR.', 'bflag': None, 'old_new': None, 'csvName': None, 'exchdisstime': '26-Dec-2025 18:34:45', 'difference': '00:00:01', 'fileSize': '235.69 KB', 'attFileSize': '235.69 KB', 'hasXbrl': True}",0.0
BANDHANBNK,NSE_CORP_ANN,Trading Window,"Bandhan Bank Limited has informed the Exchange regarding the Trading Window closure pursuant to SEBI (Prohibition of Insider Trading) Regulations, 2015",,,"{'symbol': 'BANDHANBNK', 'desc': 'Trading Window', 'dt': '26122025174536', 'attchmntFile': 'https://nsearchives.nseindia.com/corporate/BANDHANBNK_26122025174503_TW_Closure_Intimation_26122025.pdf', 'sm_name': 'Bandhan Bank Limited', 'sm_isin': 'INE545U01014', 'an_dt': '26-Dec-2025 17:45:36', 'sort_date': '2025-12-26 17:45:36', 'seq_id': '106478874', 'smIndustry': None, 'orgid': None, 'attchmntText': 'Bandhan Bank Limited has informed the Exchange regarding the Trading Window closure pursuant to SEBI (Prohibition of Insider Trading) Regulations, 2015', 'bflag': None, 'old_new': None, 'csvName': None, 'exchdisstime': '26-Dec-2025 17:45:36', 'difference': '00:00:00', 'fileSize': '258.06 KB', 'attFileSize': '258.06 KB', 'hasXbrl': True}",0.0
BANKINDIA,NSE_CORP_ANN,General Updates,"Bank Of India has informed the Exchange regarding allotment of Long Term Infra Bonds of Rs. 10,000 Crore.",,,"{'symbol': 'BANKINDIA', 'desc': 'General Updates', 'dt': '26122025173611', 'attchmntFile': 'https://nsearchives.nseindia.com/corporate/BANKINDIA5_26122025173547_InfraBondAllotment.pdf', 'sm_name': 'Bank of India', 'sm_isin': 'INE084A01016', 'an_dt': '26-Dec-2025 17:36:11', 'sort_date': '2025-12-26 17:36:11', 'seq_id': '106478823', 'smIndustry': 'Banks', 'orgid': None, 'attchmntText': 'Bank Of India has informed the Exchange regarding allotment of Long Term Infra Bonds of Rs. 10,000 Crore.', 'bflag': None, 'old_new': None, 'csvName': None, 'exchdisstime': '26-Dec-2025 17:36:12', 'difference': '00:00:01', 'fileSize': '79.35 KB', 'attFileSize': '79.35 KB', 'hasXbrl': True}",0.0
BDL,NSE_CORP_ANN,Trading Window,"Bharat Dynamics Limited has informed the Exchange regarding the Trading Window closure pursuant to SEBI (Prohibition of Insider Trading) Regulations, 2015",,,"{'symbol': 'BDL', 'desc': 'Trading Window', 'dt': '26122025163315', 'attchmntFile': 'https://nsearchives.nseindia.com/corporate/BDL_26122025163149_TradingWindowClosure01012026BDL.pdf', 'sm_name': 'Bharat Dynamics Limited', 'sm_isin': 'INE171Z01018', 'an_dt': '26-Dec-2025 16:33:15', 'sort_date': '2025-12-26 16:33:15', 'seq_id': '106478617', 'smIndustry': None, 'orgid': None, 'attchmntText': 'Bharat Dynamics Limited has informed the Exchange regarding the Trading Window closure pursuant to SEBI (Prohibition of Insider Trading) Regulations, 2015', 'bflag': None, 'old_new': None, 'csvName': None, 'exchdisstime': '26-Dec-2025 16:33:16', 'difference': '00:00:01', 'fileSize': '272.86 KB', 'attFileSize': '272.86 KB', 'hasXbrl': True}",0.0
BHARATFORG,NSE_CORP_ANN,Trading Window,"Bharat Forge Limited has informed the Exchange regarding the Trading Window closure pursuant to SEBI (Prohibition of Insider Trading) Regulations, 2015",,,"{'symbol': 'BHARATFORG', 'desc': 'Trading Window', 'dt': '26122025171533', 'attchmntFile': 'https://nsearchives.nseindia.com/corporate/ANILSHINDE_26122025171236_SEIntimationTradingWindowClosure.pdf', 'sm_name': 'Bharat Forge Limited', 'sm_isin': 'INE465A01025', 'an_dt': '26-Dec-2025 17:15:33', 'sort_date': '2025-12-26 17:15:33', 'seq_id': '106478763', 'smIndustry': 'Castings/Forgings', 'orgid': None, 'attchmntText': 'Bharat Forge Limited has informed the Exchange regarding the Trading Window closure pursuant to SEBI (Prohibition of Insider Trading) Regulations, 2015', 'bflag': None, 'old_new': None, 'csvName': None, 'exchdisstime': '26-Dec-2025 17:15:34', 'difference': '00:00:01', 'fileSize': '510.47 KB', 'attFileSize': '510.47 KB', 'hasXbrl': True}",0.0
BHARTIARTL,NSE_CORP_ANN,Trading Window,"Bharti Airtel Limited has informed the Exchange regarding the Trading Window closure pursuant to SEBI (Prohibition of Insider Trading) Regulations, 2015",,,"{'symbol': 'BHARTIARTL', 'desc': 'Trading Window', 'dt': '26122025183557', 'attchmntFile': 'https://nsearchives.nseindia.com/corporate/BHARTIARTL_26122025183521_BAL_Trading_Window_Closure.pdf', 'sm_name': 'Bharti Airtel Limited', 'sm_isin': 'INE397D01024', 'an_dt': '26-Dec-2025 18:35:57', 'sort_date': '2025-12-26 18:35:57', 'seq_id': '106479044', 'smIndustry': 'Telecommunication - Services', 'orgid': None, 'attchmntText': 'Bharti Airtel Limited has informed the Exchange regarding the Trading Window closure pursuant to SEBI (Prohibition of Insider Trading) Regulations, 2015', 'bflag': None, 'old_new': None, 'csvName': None, 'exchdisstime': '26-Dec-2025 18:35:58', 'difference': '00:00:01', 'fileSize': '2.99 MB', 'attFileSize': '2.99 MB', 'hasXbrl': True}",0.0
BIOCON,NSE_CORP_ANN,Trading Window,"Biocon Limited has informed the Exchange regarding the Trading Window closure pursuant to SEBI (Prohibition of Insider Trading) Regulations, 2015",,,"{'symbol': 'BIOCON', 'desc': 'Trading Window', 'dt': '26122025190831', 'attchmntFile': 'https://nsearchives.nseindia.com/corporate/BIOCON_26122025190818_IntimationTradingWindow31122025.pdf', 'sm_name': 'Biocon Limited', 'sm_isin': 'INE376G01013', 'an_dt': '26-Dec-2025 19:08:31', 'sort_date': '2025-12-26 19:08:31', 'seq_id': '106479118', 'smIndustry': 'Pharmaceuticals', 'orgid': None, 'attchmntText': 'Biocon Limited has informed the Exchange regarding the Trading Window closure pursuant to SEBI (Prohibition of Insider Trading) Regulations, 2015', 'bflag': None, 'old_new': None, 'csvName': None, 'exchdisstime': '26-Dec-2025 19:08:32', 'difference': '00:00:01', 'fileSize': '2.93 MB', 'attFileSize': '2.93 MB', 'hasXbrl': True}",0.0
BRITANNIA,NSE_CORP_ANN,Trading Window,"Britannia Industries Limited has informed the Exchange regarding the Trading Window closure pursuant to SEBI (Prohibition of Insider Trading) Regulations, 2015",,,"{'symbol': 'BRITANNIA', 'desc': 'Trading Window', 'dt': '26122025173432', 'attchmntFile': 'https://nsearchives.nseindia.com/corporate/BRITANNIA1_26122025173400_Final_Intimation_Signed.pdf', 'sm_name': 'Britannia Industries Limited', 'sm_isin': 'INE216A01014', 'an_dt': '26-Dec-2025 17:34:32', 'sort_date': '2025-12-26 17:34:32', 'seq_id': '106478814', 'smIndustry': 'Food And Food Processing', 'orgid': None, 'attchmntText': 'Britannia Industries Limited has informed the Exchange regarding the Trading Window closure pursuant to SEBI (Prohibition of Insider Trading) Regulations, 2015', 'bflag': None, 'old_new': None, 'csvName': None, 'exchdisstime': '26-Dec-2025 17:34:33', 'difference': '00:00:01', 'fileSize': '190.87 KB', 'attFileSize': '190.87 KB', 'hasXbrl': True}",0.0
CGPOWER,NSE_CORP_ANN,Trading Window,"CG Power and Industrial Solutions Limited has informed the Exchange regarding the Trading Window closure pursuant to SEBI (Prohibition of Insider Trading) Regulations, 2015",,,"{'symbol': 'CGPOWER', 'desc': 'Trading Window', 'dt': '26122025161409', 'attchmntFile': 'https://nsearchives.nseindia.com/corporate/CGPOWER_26122025161123_Disclosure_ClosureofTradingWindow_31122025.pdf', 'sm_name': 'CG Power and Industrial Solutions Limited', 'sm_isin': 'INE067A01029', 'an_dt': '26-Dec-2025 16:14:09', 'sort_date': '2025-12-26 16:14:09', 'seq_id': '106478555', 'smIndustry': None, 'orgid': None, 'attchmntText': 'CG Power and Industrial Solutions Limited has informed the Exchange regarding the Trading Window closure pursuant to SEBI (Prohibition of Insider Trading) Regulations, 2015', 'bflag': None, 'old_new': None, 'csvName': None, 'exchdisstime': '26-Dec-2025 16:14:10', 'difference': '00:00:01', 'fileSize': '243.43 KB', 'attFileSize': '243.43 KB', 'hasXbrl': True}",0.0
COALINDIA,NSE_CORP_ANN,Updates,Coal India Limited has informed the Exchange regarding ''.,,,"{'symbol': 'COALINDIA', 'desc': 'Updates', 'dt': '26122025171040', 'attchmntFile': 'https://nsearchives.nseindia.com/corporate/COALINDIA_26122025170911_NSEgarg.pdf', 'sm_name': 'Coal India Limited', 'sm_isin': 'INE522F01014', 'an_dt': '26-Dec-2025 17:10:40', 'sort_date': '2025-12-26 17:10:40', 'seq_id': '106478753', 'smIndustry': 'Mining', 'orgid': None, 'attchmntText': ""Coal India Limited has informed the Exchange regarding ''."", 'bflag': None, 'old_new': None, 'csvName': None, 'exchdisstime': '26-Dec-2025 17:10:41', 'difference': '00:00:01', 'fileSize': '515.61 KB', 'attFileSize': '515.61 KB', 'hasXbrl': True}",0.0
COALINDIA,NSE_CORP_ANN,Appointment,"Coal India Limited has informed the Exchange regarding Appointment of Mr B.Sairam as Chief Executive Officer of the company w.e.f. December 26, 2025.",,,"{'symbol': 'COALINDIA', 'desc': 'Appointment', 'dt': '26122025141440', 'attchmntFile': 'https://nsearchives.nseindia.com/corporate/COALINDIA_26122025141308_NSECEO.pdf', 'sm_name': 'Coal India Limited', 'sm_isin': 'INE522F01014', 'an_dt': '26-Dec-2025 14:14:40', 'sort_date': '2025-12-26 14:14:40', 'seq_id': '106478216', 'smIndustry': 'Mining', 'orgid': None, 'attchmntText': 'Coal India Limited has informed the Exchange regarding Appointment of Mr B.Sairam as Chief Executive Officer of the company w.e.f. December 26, 2025.', 'bflag': None, 'old_new': None, 'csvName': None, 'exchdisstime': '26-Dec-2025 14:14:41', 'difference': '00:00:01', 'fileSize': '520.12 KB', 'attFileSize': '520.12 KB', 'hasXbrl': True}",0.0
COFORGE,NSE_CORP_ANN,Increase in Authorised Capital,Coforge Limited has informed the Exchange about Increase in Authorised Share Capital and consequent Alteration to the Capital Clause of the Memorandum of Association,,,"{'symbol': 'COFORGE', 'desc': 'Increase in Authorised Capital', 'dt': '26122025181411', 'attchmntFile': 'https://nsearchives.nseindia.com/corporate/COFORGE_26122025181357_OC.pdf', 'sm_name': 'Coforge Limited', 'sm_isin': 'INE591G01017', 'an_dt': '26-Dec-2025 18:14:11', 'sort_date': '2025-12-26 18:14:11', 'seq_id': '106478966', 'smIndustry': None, 'orgid': None, 'attchmntText': 'Coforge Limited has informed the Exchange about Increase in Authorised Share Capital and consequent Alteration to the Capital Clause of the Memorandum of Association', 'bflag': None, 'old_new': None, 'csvName': None, 'exchdisstime': '26-Dec-2025 18:14:12', 'difference': '00:00:01', 'fileSize': '582.58 KB', 'attFileSize': '582.58 KB', 'hasXbrl': True}",0.0
COFORGE,NSE_CORP_ANN,Amendment to AOA/MOA,Coforge Limited has informed the Exchange regarding the Amendment to AOA/MOA of the company.,,,"{'symbol': 'COFORGE', 'desc': 'Amendment to AOA/MOA', 'dt': '26122025180832', 'attchmntFile': 'https://nsearchives.nseindia.com/corporate/COFORGE_26122025180808_OC.pdf', 'sm_name': 'Coforge Limited', 'sm_isin': 'INE591G01017', 'an_dt': '26-Dec-2025 18:08:32', 'sort_date': '2025-12-26 18:08:32', 'seq_id': '106478957', 'smIndustry': None, 'orgid': None, 'attchmntText': 'Coforge Limited has informed the Exchange regarding the Amendment to AOA/MOA of the company.', 'bflag': None, 'old_new': None, 'csvName': None, 'exchdisstime': '26-Dec-2025 18:08:33', 'difference': '00:00:01', 'fileSize': '582.58 KB', 'attFileSize': '582.58 KB', 'hasXbrl': True}",0.0
COFORGE,NSE_CORP_ANN,Acquisition,"Coforge Limited has informed the Exchange about ""Authorization for execution of Share Subscription and Share Purchase Agreement and Acquisition of Equity Shares of Encora US Holdco, Inc. and Encora Holdings Ltd. (Cayman)",,,"{'symbol': 'COFORGE', 'desc': 'Acquisition', 'dt': '26122025180545', 'attchmntFile': 'https://nsearchives.nseindia.com/corporate/COFORGE_26122025180530_OC.pdf', 'sm_name': 'Coforge Limited', 'sm_isin': 'INE591G01017', 'an_dt': '26-Dec-2025 18:05:45', 'sort_date': '2025-12-26 18:05:45', 'seq_id': '106478946', 'smIndustry': None, 'orgid': None, 'attchmntText': 'Coforge Limited has informed the Exchange about ""Authorization for execution of Share Subscription and Share Purchase Agreement and Acquisition of Equity Shares of Encora US Holdco, Inc. and Encora Holdings Ltd. (Cayman)', 'bflag': None, 'old_new': None, 'csvName': None, 'exchdisstime': '26-Dec-2025 18:05:46', 'difference': '00:00:01', 'fileSize': '582.58 KB', 'attFileSize': '582.58 KB', 'hasXbrl': True}",0.0
COFORGE,NSE_CORP_ANN,Qualified Institutional Placement,"Coforge Limited has informed the Exchange about ""Authorization to raise capital by way of a Qualified Institutions Placement or any permitted means to eligible investors through an issuance of Equity Shares and/or other eligible Securities""",,,"{'symbol': 'COFORGE', 'desc': 'Qualified Institutional Placement', 'dt': '26122025175540', 'attchmntFile': 'https://nsearchives.nseindia.com/corporate/COFORGE_26122025175405_OC.pdf', 'sm_name': 'Coforge Limited', 'sm_isin': 'INE591G01017', 'an_dt': '26-Dec-2025 17:55:40', 'sort_date': '2025-12-26 17:55:40', 'seq_id': '106478913', 'smIndustry': None, 'orgid': None, 'attchmntText': 'Coforge Limited has informed the Exchange about ""Authorization to raise capital by way of a Qualified Institutions Placement or any permitted means to eligible investors through an issuance of Equity Shares and/or other eligible Securities""', 'bflag': None, 'old_new': None, 'csvName': None, 'exchdisstime': '26-Dec-2025 17:55:41', 'difference': '00:00:01', 'fileSize': '582.58 KB', 'attFileSize': '582.58 KB', 'hasXbrl': True}",0.0
COFORGE,NSE_CORP_ANN,Preferential issue,Coforge Limited has informed the Exchange about Issuance of Equity Shares of the Company on a Preferential Basis pursuant to a Share Swap Arrangement,,,"{'symbol': 'COFORGE', 'desc': 'Preferential issue', 'dt': '26122025174738', 'attchmntFile': 'https://nsearchives.nseindia.com/corporate/COFORGE_26122025174535_OC.pdf', 'sm_name': 'Coforge Limited', 'sm_isin': 'INE591G01017', 'an_dt': '26-Dec-2025 17:47:38', 'sort_date': '2025-12-26 17:47:38', 'seq_id': '106478880', 'smIndustry': None, 'orgid': None, 'attchmntText': 'Coforge Limited has informed the Exchange about Issuance of Equity Shares of the Company on a Preferential Basis pursuant to a Share Swap Arrangement', 'bflag': None, 'old_new': None, 'csvName': None, 'exchdisstime': '26-Dec-2025 17:47:39', 'difference': '00:00:01', 'fileSize': '582.58 KB', 'attFileSize': '582.58 KB', 'hasXbrl': True}",0.0
COFORGE,NSE_CORP_ANN,General Updates,"Coforge to Acquire to Encora - the AI Imperative, An Overview of Encora,  Acquisition Rationale and Transaction Structure",,,"{'symbol': 'COFORGE', 'desc': 'General Updates', 'dt': '26122025172738', 'attchmntFile': 'https://nsearchives.nseindia.com/corporate/COFORGE_26122025172725_Rational.pdf', 'sm_name': 'Coforge Limited', 'sm_isin': 'INE591G01017', 'an_dt': '26-Dec-2025 17:27:38', 'sort_date': '2025-12-26 17:27:38', 'seq_id': '106478792', 'smIndustry': None, 'orgid': None, 'attchmntText': 'Coforge to Acquire to Encora - the AI Imperative, An Overview of Encora,  Acquisition Rationale and Transaction Structure', 'bflag': None, 'old_new': None, 'csvName': None, 'exchdisstime': '26-Dec-2025 17:27:39', 'difference': '00:00:01', 'fileSize': '147.55 KB', 'attFileSize': '147.55 KB', 'hasXbrl': True}",0.0
COFORGE,NSE_CORP_ANN,Outcome of Board Meeting,"Coforge Limited has informed the Exchange regarding Outcome of Board Meeting held on December 26, 2025.",,,"{'symbol': 'COFORGE', 'desc': 'Outcome of Board Meeting', 'dt': '26122025172214', 'attchmntFile': 'https://nsearchives.nseindia.com/corporate/COFORGE_26122025171446_OC.pdf', 'sm_name': 'Coforge Limited', 'sm_isin': 'INE591G01017', 'an_dt': '26-Dec-2025 17:22:14', 'sort_date': '2025-12-26 17:22:14', 'seq_id': '106478777', 'smIndustry': None, 'orgid': None, 'attchmntText': 'Coforge Limited has informed the Exchange regarding Outcome of Board Meeting held on December 26, 2025.', 'bflag': None, 'old_new': None, 'csvName': None, 'exchdisstime': '26-Dec-2025 17:22:14', 'difference': '00:00:00', 'fileSize': '582.58 KB', 'attFileSize': '582.58 KB', 'hasXbrl': True}",0.0
COFORGE,NSE_CORP_ANN,News Verification,"The Exchange has sought clarification from Coforge Limited with respect to recent news item captioned Coforge shares slip in early trade as $1-billion Encora deal talk, fundraising plans weigh.  The response from the Company is awaited.",,,"{'symbol': 'COFORGE', 'desc': 'News Verification', 'dt': '26122025125803', 'attchmntFile': '-', 'sm_name': 'Coforge Limited', 'sm_isin': 'INE591G01017', 'an_dt': '26-Dec-2025 12:58:03', 'sort_date': '2025-12-26 12:58:03', 'seq_id': '106478065', 'smIndustry': None, 'orgid': None, 'attchmntText': 'The Exchange has sought clarification from Coforge Limited with respect to recent news item captioned Coforge shares slip in early trade as $1-billion Encora deal talk, fundraising plans weigh.  The response from the Company is awaited.', 'bflag': None, 'old_new': None, 'csvName': None, 'exchdisstime': '26-Dec-2025 12:58:03', 'difference': '00:00:00', 'fileSize': '0 Bytes', 'attFileSize': '0 Bytes', 'hasXbrl': True}",0.0
COLPAL,NSE_CORP_ANN,Pendency of Litigation(s)/dispute(s) or the outcome impacting the Company,Colgate Palmolive (India) Limited has informed the Exchange about Pendency of Litigation(s)/dispute(s) or the outcome impacting the Company,,,"{'symbol': 'COLPAL', 'desc': 'Pendency of Litigation(s)/dispute(s) or the outcome impacting the Company', 'dt': '26122025120521', 'attchmntFile': 'https://nsearchives.nseindia.com/corporate/CPIL_26122025120409_CPIL_-_Reg_30_Disclosure_-_SE_Intimation.pdf', 'sm_name': 'Colgate Palmolive (India) Limited', 'sm_isin': 'INE259A01022', 'an_dt': '26-Dec-2025 12:05:21', 'sort_date': '2025-12-26 12:05:21', 'seq_id': '106477968', 'smIndustry': 'Personal Care', 'orgid': None, 'attchmntText': 'Colgate Palmolive (India) Limited has informed the Exchange about Pendency of Litigation(s)/dispute(s) or the outcome impacting the Company', 'bflag': None, 'old_new': None, 'csvName': None, 'exchdisstime': '26-Dec-2025 12:05:23', 'difference': '00:00:02', 'fileSize': '178.56 KB', 'attFileSize': '178.56 KB', 'hasXbrl': True}",0.0
CROMPTON,NSE_CORP_ANN,Change in Management,Crompton Greaves Consumer Electricals Limited has informed the Exchange about change in Management,,,"{'symbol': 'CROMPTON', 'desc': 'Change in Management', 'dt': '26122025162500', 'attchmntFile': 'https://nsearchives.nseindia.com/corporate/Crompton123_26122025162439_ChangeinSMP.pdf', 'sm_name': 'Crompton Greaves Consumer Electricals Limited', 'sm_isin': 'INE299U01018', 'an_dt': '26-Dec-2025 16:25:00', 'sort_date': '2025-12-26 16:25:00', 'seq_id': '106478600', 'smIndustry': None, 'orgid': None, 'attchmntText': 'Crompton Greaves Consumer Electricals Limited has informed the Exchange about change in Management', 'bflag': None, 'old_new': None, 'csvName': None, 'exchdisstime': '26-Dec-2025 16:25:01', 'difference': '00:00:01', 'fileSize': '239.42 KB', 'attFileSize': '239.42 KB', 'hasXbrl': True}",0.0
DALBHARAT,NSE_CORP_ANN,Trading Window,"Dalmia Bharat Limited has informed the Exchange regarding the Trading Window closure pursuant to SEBI (Prohibition of Insider Trading) Regulations, 2015",,,"{'symbol': 'DALBHARAT', 'desc': 'Trading Window', 'dt': '26122025160226', 'attchmntFile': 'https://nsearchives.nseindia.com/corporate/DALBHARAT_26122025160123_CTW_Intimation_26122025.pdf', 'sm_name': 'Dalmia Bharat Limited', 'sm_isin': 'INE00R701025', 'an_dt': '26-Dec-2025 16:02:26', 'sort_date': '2025-12-26 16:02:26', 'seq_id': '106478519', 'smIndustry': None, 'orgid': None, 'attchmntText': 'Dalmia Bharat Limited has informed the Exchange regarding the Trading Window closure pursuant to SEBI (Prohibition of Insider Trading) Regulations, 2015', 'bflag': None, 'old_new': None, 'csvName': None, 'exchdisstime': '26-Dec-2025 16:02:28', 'difference': '00:00:02', 'fileSize': '832.33 KB', 'attFileSize': '832.33 KB', 'hasXbrl': True}",0.0
GRASIM,NSE_CORP_ANN,Trading Window,"Grasim Industries Limited has informed the Exchange regarding the Trading Window closure pursuant to SEBI (Prohibition of Insider Trading) Regulations, 2015",,,"{'symbol': 'GRASIM', 'desc': 'Trading Window', 'dt': '26122025151413', 'attchmntFile': 'https://nsearchives.nseindia.com/corporate/GRASIM_26122025151403_SEIntimation.pdf', 'sm_name': 'Grasim Industries Limited', 'sm_isin': 'INE047A01013', 'an_dt': '26-Dec-2025 15:14:13', 'sort_date': '2025-12-26 15:14:13', 'seq_id': '106478397', 'smIndustry': 'Cement And Cement Products', 'orgid': None, 'attchmntText': 'Grasim Industries Limited has informed the Exchange regarding the Trading Window closure pursuant to SEBI (Prohibition of Insider Trading) Regulations, 2015', 'bflag': None, 'old_new': None, 'csvName': None, 'exchdisstime': '26-Dec-2025 15:14:13', 'difference': '00:00:00', 'fileSize': '274.14 KB', 'attFileSize': '274.14 KB', 'hasXbrl': True}",0.0
HINDPETRO,NSE_CORP_ANN,Trading Window,"Hindustan Petroleum Corporation Limited has informed the Exchange regarding the Trading Window closure pursuant to SEBI (Prohibition of Insider Trading) Regulations, 2015",,,"{'symbol': 'HINDPETRO', 'desc': 'Trading Window', 'dt': '26122025142149', 'attchmntFile': 'https://nsearchives.nseindia.com/corporate/HINDPETRO1_26122025142139_TradingwindowIntimationQ3.pdf', 'sm_name': 'Hindustan Petroleum Corporation Limited', 'sm_isin': 'INE094A01015', 'an_dt': '26-Dec-2025 14:21:49', 'sort_date': '2025-12-26 14:21:49', 'seq_id': '106478229', 'smIndustry': 'Refineries', 'orgid': None, 'attchmntText': 'Hindustan Petroleum Corporation Limited has informed the Exchange regarding the Trading Window closure pursuant to SEBI (Prohibition of Insider Trading) Regulations, 2015', 'bflag': None, 'old_new': None, 'csvName': None, 'exchdisstime': '26-Dec-2025 14:21:51', 'difference': '00:00:02', 'fileSize': '373.13 KB', 'attFileSize': '373.13 KB', 'hasXbrl': True}",0.0
IDFCFIRSTB,NSE_CORP_ANN,Trading Window,"IDFC First Bank Limited has informed the Exchange regarding the Trading Window closure pursuant to SEBI (Prohibition of Insider Trading) Regulations, 2015",,,"{'symbol': 'IDFCFIRSTB', 'desc': 'Trading Window', 'dt': '26122025163751', 'attchmntFile': 'https://nsearchives.nseindia.com/corporate/IDFCFIRSTB_26122025163740_IDFCFIRSTB_BM_Intimation_Q3_FY26.pdf', 'sm_name': 'IDFC First Bank Limited', 'sm_isin': 'INE092T01019', 'an_dt': '26-Dec-2025 16:37:51', 'sort_date': '2025-12-26 16:37:51', 'seq_id': '106478639', 'smIndustry': None, 'orgid': None, 'attchmntText': 'IDFC First Bank Limited has informed the Exchange regarding the Trading Window closure pursuant to SEBI (Prohibition of Insider Trading) Regulations, 2015', 'bflag': None, 'old_new': None, 'csvName': None, 'exchdisstime': '26-Dec-2025 16:37:52', 'difference': '00:00:01', 'fileSize': '258.60 KB', 'attFileSize': '258.60 KB', 'hasXbrl': True}",0.0
IIFL,NSE_CORP_ANN,Trading Window,"IIFL Finance Limited has informed the Exchange regarding the Trading Window closure pursuant to SEBI (Prohibition of Insider Trading) Regulations, 2015",,,"{'symbol': 'IIFL', 'desc': 'Trading Window', 'dt': '26122025193422', 'attchmntFile': 'https://nsearchives.nseindia.com/corporate/IIFL_26122025193407_SE_TradingWindow_31122025.pdf', 'sm_name': 'IIFL Finance Limited', 'sm_isin': 'INE530B01024', 'an_dt': '26-Dec-2025 19:34:22', 'sort_date': '2025-12-26 19:34:22', 'seq_id': '106479158', 'smIndustry': None, 'orgid': None, 'attchmntText': 'IIFL Finance Limited has informed the Exchange regarding the Trading Window closure pursuant to SEBI (Prohibition of Insider Trading) Regulations, 2015', 'bflag': None, 'old_new': None, 'csvName': None, 'exchdisstime': '26-Dec-2025 19:34:23', 'difference': '00:00:01', 'fileSize': '726.62 KB', 'attFileSize': '726.62 KB', 'hasXbrl': True}",0.0
IEX,NSE_CORP_ANN,Trading Window,"Indian Energy Exchange Limited has informed the Exchange regarding the Trading Window closure pursuant to SEBI (Prohibition of Insider Trading) Regulations, 2015",,,"{'symbol': 'IEX', 'desc': 'Trading Window', 'dt': '26122025114903', 'attchmntFile': 'https://nsearchives.nseindia.com/corporate/IEX_26122025114811_Signed_IEX_Intimation_Trading_window_Closure_Q3_FY25_26.pdf', 'sm_name': 'Indian Energy Exchange Limited', 'sm_isin': 'INE022Q01012', 'an_dt': '26-Dec-2025 11:49:03', 'sort_date': '2025-12-26 11:49:03', 'seq_id': '106477921', 'smIndustry': None, 'orgid': None, 'attchmntText': 'Indian Energy Exchange Limited has informed the Exchange regarding the Trading Window closure pursuant to SEBI (Prohibition of Insider Trading) Regulations, 2015', 'bflag': None, 'old_new': None, 'csvName': None, 'exchdisstime': '26-Dec-2025 11:49:05', 'difference': '00:00:02', 'fileSize': '304.84 KB', 'attFileSize': '304.84 KB', 'hasXbrl': True}",0.0
IEX,NSE_CORP_ANN,Analysts/Institutional Investor Meet/Con. Call Updates,Indian Energy Exchange Limited has informed the Exchange about Schedule of meet,,,"{'symbol': 'IEX', 'desc': 'Analysts/Institutional Investor Meet/Con. Call Updates', 'dt': '26122025114604', 'attchmntFile': 'https://nsearchives.nseindia.com/corporate/IEX_26122025114548_Signed_IEX_Analsyt_Meet_26_12_2025.pdf', 'sm_name': 'Indian Energy Exchange Limited', 'sm_isin': 'INE022Q01012', 'an_dt': '26-Dec-2025 11:46:04', 'sort_date': '2025-12-26 11:46:04', 'seq_id': '106477913', 'smIndustry': None, 'orgid': None, 'attchmntText': 'Indian Energy Exchange Limited has informed the Exchange about Schedule of meet', 'bflag': None, 'old_new': None, 'csvName': None, 'exchdisstime': '26-Dec-2025 11:46:05', 'difference': '00:00:01', 'fileSize': '333.01 KB', 'attFileSize': '333.01 KB', 'hasXbrl': True}",0.0
IOC,NSE_CORP_ANN,Trading Window,"Indian Oil Corporation Limited has informed the Exchange regarding the Trading Window closure pursuant to SEBI (Prohibition of Insider Trading) Regulations, 2015",,,"{'symbol': 'IOC', 'desc': 'Trading Window', 'dt': '26122025142859', 'attchmntFile': 'https://nsearchives.nseindia.com/corporate/IOC_26122025142850_Window_Closure_Notice_Q3_2025_26_S.pdf', 'sm_name': 'Indian Oil Corporation Limited', 'sm_isin': 'INE242A01010', 'an_dt': '26-Dec-2025 14:28:59', 'sort_date': '2025-12-26 14:28:59', 'seq_id': '106478293', 'smIndustry': 'Refineries', 'orgid': None, 'attchmntText': 'Indian Oil Corporation Limited has informed the Exchange regarding the Trading Window closure pursuant to SEBI (Prohibition of Insider Trading) Regulations, 2015', 'bflag': None, 'old_new': None, 'csvName': None, 'exchdisstime': '26-Dec-2025 14:29:00', 'difference': '00:00:01', 'fileSize': '522.09 KB', 'attFileSize': '522.09 KB', 'hasXbrl': True}",0.0
IRFC,NSE_CORP_ANN,Trading Window,"Indian Railway Finance Corporation Limited has informed the Exchange regarding the Trading Window closure pursuant to SEBI (Prohibition of Insider Trading) Regulations, 2015",,,"{'symbol': 'IRFC', 'desc': 'Trading Window', 'dt': '26122025175938', 'attchmntFile': 'https://nsearchives.nseindia.com/corporate/IRFC_26122025175921_Closuretradingwindow31122025.pdf', 'sm_name': 'Indian Railway Finance Corporation Limited', 'sm_isin': 'INE053F07520', 'an_dt': '26-Dec-2025 17:59:38', 'sort_date': '2025-12-26 17:59:38', 'seq_id': '106478926', 'smIndustry': '-', 'orgid': None, 'attchmntText': 'Indian Railway Finance Corporation Limited has informed the Exchange regarding the Trading Window closure pursuant to SEBI (Prohibition of Insider Trading) Regulations, 2015', 'bflag': None, 'old_new': None, 'csvName': None, 'exchdisstime': '26-Dec-2025 17:59:38', 'difference': '00:00:00', 'fileSize': '314.40 KB', 'attFileSize': '314.40 KB', 'hasXbrl': True}",0.0
IREDA,NSE_CORP_ANN,Trading Window,"Indian Renewable Energy Development Agency Limited has informed the Exchange regarding the Trading Window closure pursuant to SEBI (Prohibition of Insider Trading) Regulations, 2015",,,"{'symbol': 'IREDA', 'desc': 'Trading Window', 'dt': '26122025110146', 'attchmntFile': 'https://nsearchives.nseindia.com/corporate/IREDAEQ_26122025110017_Signed_ClosureofTradingWindow31122025.pdf', 'sm_name': 'Indian Renewable Energy Development Agency Limited', 'sm_isin': 'INE202E07104', 'an_dt': '26-Dec-2025 11:01:46', 'sort_date': '2025-12-26 11:01:46', 'seq_id': '106477824', 'smIndustry': None, 'orgid': None, 'attchmntText': 'Indian Renewable Energy Development Agency Limited has informed the Exchange regarding the Trading Window closure pursuant to SEBI (Prohibition of Insider Trading) Regulations, 2015', 'bflag': None, 'old_new': None, 'csvName': None, 'exchdisstime': '26-Dec-2025 11:01:47', 'difference': '00:00:01', 'fileSize': '394.00 KB', 'attFileSize': '394.00 KB', 'hasXbrl': True}",0.0
INDUSTOWER,NSE_CORP_ANN,Trading Window,"Indus Towers Limited has informed the Exchange regarding the Trading Window closure pursuant to SEBI (Prohibition of Insider Trading) Regulations, 2015",,,"{'symbol': 'INDUSTOWER', 'desc': 'Trading Window', 'dt': '26122025154629', 'attchmntFile': 'https://nsearchives.nseindia.com/corporate/BHARTIINFRATEL_26122025154352_SETradingWindowIndus31122025.pdf', 'sm_name': 'Indus Towers Limited', 'sm_isin': 'INE121J01017', 'an_dt': '26-Dec-2025 15:46:29', 'sort_date': '2025-12-26 15:46:29', 'seq_id': '106478466', 'smIndustry': None, 'orgid': None, 'attchmntText': 'Indus Towers Limited has informed the Exchange regarding the Trading Window closure pursuant to SEBI (Prohibition of Insider Trading) Regulations, 2015', 'bflag': None, 'old_new': None, 'csvName': None, 'exchdisstime': '26-Dec-2025 15:46:30', 'difference': '00:00:01', 'fileSize': '282.31 KB', 'attFileSize': '282.31 KB', 'hasXbrl': True}",0.0
INDIGO,NSE_CORP_ANN,Trading Window,"InterGlobe Aviation Limited has informed the Exchange regarding the Trading Window closure pursuant to SEBI (Prohibition of Insider Trading) Regulations, 2015",,,"{'symbol': 'INDIGO', 'desc': 'Trading Window', 'dt': '26122025143945', 'attchmntFile': 'https://nsearchives.nseindia.com/corporate/Indigo1_26122025143850_SE_Disclosure_for_Closure_of_trading_Window.pdf', 'sm_name': 'InterGlobe Aviation Limited', 'sm_isin': 'INE646L01027', 'an_dt': '26-Dec-2025 14:39:45', 'sort_date': '2025-12-26 14:39:45', 'seq_id': '106478310', 'smIndustry': None, 'orgid': None, 'attchmntText': 'InterGlobe Aviation Limited has informed the Exchange regarding the Trading Window closure pursuant to SEBI (Prohibition of Insider Trading) Regulations, 2015', 'bflag': None, 'old_new': None, 'csvName': None, 'exchdisstime': '26-Dec-2025 14:39:45', 'difference': '00:00:00', 'fileSize': '488.36 KB', 'attFileSize': '488.36 KB', 'hasXbrl': True}",0.0
KEI,NSE_CORP_ANN,Trading Window,"KEI Industries Limited has informed the Exchange regarding the Trading Window closure pursuant to SEBI (Prohibition of Insider Trading) Regulations, 2015",,,"{'symbol': 'KEI', 'desc': 'Trading Window', 'dt': '26122025182554', 'attchmntFile': 'https://nsearchives.nseindia.com/corporate/KEI_26122025182542_Trading_Window.pdf', 'sm_name': 'KEI Industries Limited', 'sm_isin': 'INE878B01027', 'an_dt': '26-Dec-2025 18:25:54', 'sort_date': '2025-12-26 18:25:54', 'seq_id': '106479005', 'smIndustry': 'Miscellaneous', 'orgid': None, 'attchmntText': 'KEI Industries Limited has informed the Exchange regarding the Trading Window closure pursuant to SEBI (Prohibition of Insider Trading) Regulations, 2015', 'bflag': None, 'old_new': None, 'csvName': None, 'exchdisstime': '26-Dec-2025 18:25:55', 'difference': '00:00:01', 'fileSize': '733.76 KB', 'attFileSize': '733.76 KB', 'hasXbrl': True}",0.0
LICHSGFIN,NSE_CORP_ANN,Trading Window,"LIC Housing Finance Limited has informed the Exchange regarding the Trading Window closure pursuant to SEBI (Prohibition of Insider Trading) Regulations, 2015",,,"{'symbol': 'LICHSGFIN', 'desc': 'Trading Window', 'dt': '26122025144401', 'attchmntFile': 'https://nsearchives.nseindia.com/corporate/LICHSGFIN_26122025144353_Trading_Window_Closure_December25.PDF', 'sm_name': 'LIC Housing Finance Limited', 'sm_isin': 'INE115A01018', 'an_dt': '26-Dec-2025 14:44:01', 'sort_date': '2025-12-26 14:44:01', 'seq_id': '106478324', 'smIndustry': 'Finance - Housing', 'orgid': None, 'attchmntText': 'LIC Housing Finance Limited has informed the Exchange regarding the Trading Window closure pursuant to SEBI (Prohibition of Insider Trading) Regulations, 2015', 'bflag': None, 'old_new': None, 'csvName': None, 'exchdisstime': '26-Dec-2025 14:44:01', 'difference': '00:00:00', 'fileSize': '178.99 KB', 'attFileSize': '178.99 KB', 'hasXbrl': True}",0.0
LUPIN,NSE_CORP_ANN,Trading Window,"Lupin Limited has informed the Exchange regarding the Trading Window closure pursuant to SEBI (Prohibition of Insider Trading) Regulations, 2015",,,"{'symbol': 'LUPIN', 'desc': 'Trading Window', 'dt': '26122025153623', 'attchmntFile': 'https://nsearchives.nseindia.com/corporate/Lupin2_26122025153529_SELetterTWC.pdf', 'sm_name': 'Lupin Limited', 'sm_isin': 'INE326A01029', 'an_dt': '26-Dec-2025 15:36:23', 'sort_date': '2025-12-26 15:36:23', 'seq_id': '106478442', 'smIndustry': 'Pharmaceuticals', 'orgid': None, 'attchmntText': 'Lupin Limited has informed the Exchange regarding the Trading Window closure pursuant to SEBI (Prohibition of Insider Trading) Regulations, 2015', 'bflag': None, 'old_new': None, 'csvName': None, 'exchdisstime': '26-Dec-2025 15:36:23', 'difference': '00:00:00', 'fileSize': '162.22 KB', 'attFileSize': '162.22 KB', 'hasXbrl': True}",0.0
MANAPPURAM,NSE_CORP_ANN,Change in Management,Manappuram Finance Limited has informed the Exchange about change in Management,,,"{'symbol': 'MANAPPURAM', 'desc': 'Change in Management', 'dt': '26122025134759', 'attchmntFile': 'https://nsearchives.nseindia.com/corporate/MANAPPURAM_26122025134736_MAFILOutcomeofBoardMeetingfinal.pdf', 'sm_name': 'Manappuram Finance Limited', 'sm_isin': 'INE522D01027', 'an_dt': '26-Dec-2025 13:47:59', 'sort_date': '2025-12-26 13:47:59', 'seq_id': '106478200', 'smIndustry': 'Finance', 'orgid': None, 'attchmntText': 'Manappuram Finance Limited has informed the Exchange about change in Management', 'bflag': None, 'old_new': None, 'csvName': None, 'exchdisstime': '26-Dec-2025 13:48:00', 'difference': '00:00:01', 'fileSize': '392.16 KB', 'attFileSize': '392.16 KB', 'hasXbrl': True}",0.0
MANAPPURAM,NSE_CORP_ANN,Outcome of Board Meeting,"Manappuram Finance Limited has informed the Exchange regarding Outcome of Board Meeting held on December 26, 2025.",,,"{'symbol': 'MANAPPURAM', 'desc': 'Outcome of Board Meeting', 'dt': '26122025134452', 'attchmntFile': 'https://nsearchives.nseindia.com/corporate/MANAPPURAM_26122025134346_MAFILOutcomeofBoardMeetingfinal.pdf', 'sm_name': 'Manappuram Finance Limited', 'sm_isin': 'INE522D01027', 'an_dt': '26-Dec-2025 13:44:52', 'sort_date': '2025-12-26 13:44:52', 'seq_id': '106478198', 'smIndustry': 'Finance', 'orgid': None, 'attchmntText': 'Manappuram Finance Limited has informed the Exchange regarding Outcome of Board Meeting held on December 26, 2025.', 'bflag': None, 'old_new': None, 'csvName': None, 'exchdisstime': '26-Dec-2025 13:44:53', 'difference': '00:00:01', 'fileSize': '392.16 KB', 'attFileSize': '392.16 KB', 'hasXbrl': True}",0.0
MFSL,NSE_CORP_ANN,Trading Window,"Max Financial Services Limited has informed the Exchange regarding the Trading Window closure pursuant to SEBI (Prohibition of Insider Trading) Regulations, 2015",,,"{'symbol': 'MFSL', 'desc': 'Trading Window', 'dt': '26122025120005', 'attchmntFile': 'https://nsearchives.nseindia.com/corporate/Max_26122025115940_DISBMANDTRADINGWINDOWMFSL.pdf', 'sm_name': 'Max Financial Services Limited', 'sm_isin': 'INE180A01020', 'an_dt': '26-Dec-2025 12:00:05', 'sort_date': '2025-12-26 12:00:05', 'seq_id': '106477952', 'smIndustry': None, 'orgid': None, 'attchmntText': 'Max Financial Services Limited has informed the Exchange regarding the Trading Window closure pursuant to SEBI (Prohibition of Insider Trading) Regulations, 2015', 'bflag': None, 'old_new': None, 'csvName': None, 'exchdisstime': '26-Dec-2025 12:00:06', 'difference': '00:00:01', 'fileSize': '3.12 MB', 'attFileSize': '3.12 MB', 'hasXbrl': True}",0.0
NBCC,NSE_CORP_ANN,Trading Window,"NBCC (India) Limited has informed the Exchange regarding the Trading Window closure pursuant to SEBI (Prohibition of Insider Trading) Regulations, 2015",,,"{'symbol': 'NBCC', 'desc': 'Trading Window', 'dt': '26122025160609', 'attchmntFile': 'https://nsearchives.nseindia.com/corporate/NBCC_26122025160420_NSEBSETWCnotice_Q3.pdf', 'sm_name': 'NBCC (India) Limited', 'sm_isin': 'INE095N01015', 'an_dt': '26-Dec-2025 16:06:09', 'sort_date': '2025-12-26 16:06:09', 'seq_id': '106478532', 'smIndustry': 'Construction', 'orgid': None, 'attchmntText': 'NBCC (India) Limited has informed the Exchange regarding the Trading Window closure pursuant to SEBI (Prohibition of Insider Trading) Regulations, 2015', 'bflag': None, 'old_new': None, 'csvName': None, 'exchdisstime': '26-Dec-2025 16:06:10', 'difference': '00:00:01', 'fileSize': '287.60 KB', 'attFileSize': '287.60 KB', 'hasXbrl': True}",0.0
NCC,NSE_CORP_ANN,Shareholders meeting,NCC Limited has informed the Exchange about Shareholders meeting,,,"{'symbol': 'NCC', 'desc': 'Shareholders meeting', 'dt': '26122025165907', 'attchmntFile': 'https://nsearchives.nseindia.com/corporate/NCC_26122025165607_Reg_30_PB__Notice.pdf', 'sm_name': 'NCC Limited', 'sm_isin': 'INE868B01028', 'an_dt': '26-Dec-2025 16:59:07', 'sort_date': '2025-12-26 16:59:07', 'seq_id': '106478713', 'smIndustry': 'Construction', 'orgid': None, 'attchmntText': 'NCC Limited has informed the Exchange about Shareholders meeting', 'bflag': None, 'old_new': None, 'csvName': None, 'exchdisstime': '26-Dec-2025 16:59:07', 'difference': '00:00:00', 'fileSize': '563.67 KB', 'attFileSize': '563.67 KB', 'hasXbrl': True}",0.0
NCC,NSE_CORP_ANN,Trading Window,"NCC Limited has informed the Exchange regarding the Trading Window closure pursuant to SEBI (Prohibition of Insider Trading) Regulations, 2015",,,"{'symbol': 'NCC', 'desc': 'Trading Window', 'dt': '26122025113056', 'attchmntFile': 'https://nsearchives.nseindia.com/corporate/NCC_26122025113031_Tradingwindowclosure26Dec25.pdf', 'sm_name': 'NCC Limited', 'sm_isin': 'INE868B01028', 'an_dt': '26-Dec-2025 11:30:56', 'sort_date': '2025-12-26 11:30:56', 'seq_id': '106477873', 'smIndustry': 'Construction', 'orgid': None, 'attchmntText': 'NCC Limited has informed the Exchange regarding the Trading Window closure pursuant to SEBI (Prohibition of Insider Trading) Regulations, 2015', 'bflag': None, 'old_new': None, 'csvName': None, 'exchdisstime': '26-Dec-2025 11:30:57', 'difference': '00:00:01', 'fileSize': '687.05 KB', 'attFileSize': '687.05 KB', 'hasXbrl': True}",0.0
OBEROIRLTY,NSE_CORP_ANN,Resignation,"Oberoi Realty Limited has informed the Exchange regarding Resignation of Mr Sameep Pathak as a senior management personnel of the company w.e.f. December 26, 2025.",,,"{'symbol': 'OBEROIRLTY', 'desc': 'Resignation', 'dt': '26122025182951', 'attchmntFile': 'https://nsearchives.nseindia.com/corporate/OBEROIRLTY_26122025182942_Intimation_Resignation_Sameep_Pathak.pdf', 'sm_name': 'Oberoi Realty Limited', 'sm_isin': 'INE093I01010', 'an_dt': '26-Dec-2025 18:29:51', 'sort_date': '2025-12-26 18:29:51', 'seq_id': '106479024', 'smIndustry': 'Construction', 'orgid': None, 'attchmntText': 'Oberoi Realty Limited has informed the Exchange regarding Resignation of Mr Sameep Pathak as a senior management personnel of the company w.e.f. December 26, 2025.', 'bflag': None, 'old_new': None, 'csvName': None, 'exchdisstime': '26-Dec-2025 18:29:52', 'difference': '00:00:01', 'fileSize': '298.91 KB', 'attFileSize': '298.91 KB', 'hasXbrl': True}",0.0
OIL,NSE_CORP_ANN,Trading Window,"Oil India Limited has informed the Exchange regarding the Trading Window closure pursuant to SEBI (Prohibition of Insider Trading) Regulations, 2015",,,"{'symbol': 'OIL', 'desc': 'Trading Window', 'dt': '26122025162332', 'attchmntFile': 'https://nsearchives.nseindia.com/corporate/OIL_26122025162159_ClosureofTradiongWindow26122025.pdf', 'sm_name': 'Oil India Limited', 'sm_isin': 'INE274J01014', 'an_dt': '26-Dec-2025 16:23:32', 'sort_date': '2025-12-26 16:23:32', 'seq_id': '106478578', 'smIndustry': 'Oil Exploration/Production', 'orgid': None, 'attchmntText': 'Oil India Limited has informed the Exchange regarding the Trading Window closure pursuant to SEBI (Prohibition of Insider Trading) Regulations, 2015', 'bflag': None, 'old_new': None, 'csvName': None, 'exchdisstime': '26-Dec-2025 16:23:33', 'difference': '00:00:01', 'fileSize': '596.00 KB', 'attFileSize': '596.00 KB', 'hasXbrl': True}",0.0
PNB,NSE_CORP_ANN,General Updates,Punjab National Bank has informed the Exchange about General Updates,,,"{'symbol': 'PNB', 'desc': 'General Updates', 'dt': '26122025191756', 'attchmntFile': 'https://nsearchives.nseindia.com/corporate/pnb2_26122025191704_Intimation_Fraud_26122025_DS.pdf', 'sm_name': 'Punjab National Bank', 'sm_isin': 'INE160A01014', 'an_dt': '26-Dec-2025 19:17:56', 'sort_date': '2025-12-26 19:17:56', 'seq_id': '106479140', 'smIndustry': 'Banks', 'orgid': None, 'attchmntText': 'Punjab National Bank has informed the Exchange about General Updates', 'bflag': None, 'old_new': None, 'csvName': None, 'exchdisstime': '26-Dec-2025 19:17:57', 'difference': '00:00:01', 'fileSize': '211.58 KB', 'attFileSize': '211.58 KB', 'hasXbrl': True}",0.0
RECLTD,NSE_CORP_ANN,Trading Window,"REC Limited has informed the Exchange regarding the Trading Window closure pursuant to SEBI (Prohibition of Insider Trading) Regulations, 2015",,,"{'symbol': 'RECLTD', 'desc': 'Trading Window', 'dt': '26122025163540', 'attchmntFile': 'https://nsearchives.nseindia.com/corporate/RECLTD_26122025163500_Signed_Intimation_for_closure_of_trading_window.pdf', 'sm_name': 'REC Limited', 'sm_isin': 'INE020B01018', 'an_dt': '26-Dec-2025 16:35:40', 'sort_date': '2025-12-26 16:35:40', 'seq_id': '106478629', 'smIndustry': 'Financial Institution', 'orgid': None, 'attchmntText': 'REC Limited has informed the Exchange regarding the Trading Window closure pursuant to SEBI (Prohibition of Insider Trading) Regulations, 2015', 'bflag': None, 'old_new': None, 'csvName': None, 'exchdisstime': '26-Dec-2025 16:35:41', 'difference': '00:00:01', 'fileSize': '381.43 KB', 'attFileSize': '381.43 KB', 'hasXbrl': True}",0.0
SBICARD,NSE_CORP_ANN,Trading Window,"Sbi Cards And Payment Services Limited has informed the Exchange regarding the Trading Window closure pursuant to SEBI (Prohibition of Insider Trading) Regulations, 2015",,,"{'symbol': 'SBICARD', 'desc': 'Trading Window', 'dt': '26122025173438', 'attchmntFile': 'https://nsearchives.nseindia.com/corporate/SBICPSL_26122025173137_SEFilingclosureoftradingwindow.pdf', 'sm_name': 'SBI Cards and Payment Services Limited', 'sm_isin': 'INE018E01016', 'an_dt': '26-Dec-2025 17:34:38', 'sort_date': '2025-12-26 17:34:38', 'seq_id': '106478815', 'smIndustry': None, 'orgid': None, 'attchmntText': 'Sbi Cards And Payment Services Limited has informed the Exchange regarding the Trading Window closure pursuant to SEBI (Prohibition of Insider Trading) Regulations, 2015', 'bflag': None, 'old_new': None, 'csvName': None, 'exchdisstime': '26-Dec-2025 17:34:39', 'difference': '00:00:01', 'fileSize': '893.56 KB', 'attFileSize': '893.56 KB', 'hasXbrl': True}",0.0
SBILIFE,NSE_CORP_ANN,Trading Window,"SBI Life Insurance Company Limited has informed the Exchange regarding the Trading Window closure pursuant to SEBI (Prohibition of Insider Trading) Regulations, 2015",,,"{'symbol': 'SBILIFE', 'desc': 'Trading Window', 'dt': '26122025182406', 'attchmntFile': 'https://nsearchives.nseindia.com/corporate/SBILIFE_26122025182323_CTW26122025_signed.pdf', 'sm_name': 'SBI Life Insurance Company Limited', 'sm_isin': 'INE123W01016', 'an_dt': '26-Dec-2025 18:24:06', 'sort_date': '2025-12-26 18:24:06', 'seq_id': '106479000', 'smIndustry': None, 'orgid': None, 'attchmntText': 'SBI Life Insurance Company Limited has informed the Exchange regarding the Trading Window closure pursuant to SEBI (Prohibition of Insider Trading) Regulations, 2015', 'bflag': None, 'old_new': None, 'csvName': None, 'exchdisstime': '26-Dec-2025 18:24:06', 'difference': '00:00:00', 'fileSize': '2.89 MB', 'attFileSize': '2.89 MB', 'hasXbrl': True}",0.0
SIEMENS,NSE_CORP_ANN,Updates,"Siemens Limited has informed the Exchange regarding 'Information pursuant to Regulation 30(5) of the SEBI (Listing Obligations and Disclosure Requirements) Regulations, 2015'.",,,"{'symbol': 'SIEMENS', 'desc': 'Updates', 'dt': '26122025171032', 'attchmntFile': 'https://nsearchives.nseindia.com/corporate/SiemensRaj_26122025171019_Siemens_-_Intimation_under_Regulation_30_5___1_.pdf', 'sm_name': 'Siemens Limited', 'sm_isin': 'INE003A01024', 'an_dt': '26-Dec-2025 17:10:32', 'sort_date': '2025-12-26 17:10:32', 'seq_id': '106478752', 'smIndustry': 'Electrical Equipment', 'orgid': None, 'attchmntText': ""Siemens Limited has informed the Exchange regarding 'Information pursuant to Regulation 30(5) of the SEBI (Listing Obligations and Disclosure Requirements) Regulations, 2015'."", 'bflag': None, 'old_new': None, 'csvName': None, 'exchdisstime': '26-Dec-2025 17:10:33', 'difference': '00:00:01', 'fileSize': '185.82 KB', 'attFileSize': '185.82 KB', 'hasXbrl': True}",0.0
SIEMENS,NSE_CORP_ANN,Copy of Newspaper Publication,Siemens Limited has informed the Exchange about Copy of Newspaper Publication,,,"{'symbol': 'SIEMENS', 'desc': 'Copy of Newspaper Publication', 'dt': '26122025170731', 'attchmntFile': 'https://nsearchives.nseindia.com/corporate/SiemensRaj_26122025170721_SE-Disclosure.pdf', 'sm_name': 'Siemens Limited', 'sm_isin': 'INE003A01024', 'an_dt': '26-Dec-2025 17:07:31', 'sort_date': '2025-12-26 17:07:31', 'seq_id': '106478740', 'smIndustry': 'Electrical Equipment', 'orgid': None, 'attchmntText': 'Siemens Limited has informed the Exchange about Copy of Newspaper Publication', 'bflag': None, 'old_new': None, 'csvName': None, 'exchdisstime': '26-Dec-2025 17:07:31', 'difference': '00:00:00', 'fileSize': '1.76 MB', 'attFileSize': '1.76 MB', 'hasXbrl': True}",0.0
SOLARINDS,NSE_CORP_ANN,Trading Window,"Solar Industries India Limited has informed the Exchange regarding the Trading Window closure pursuant to SEBI (Prohibition of Insider Trading) Regulations, 2015",,,"{'symbol': 'SOLARINDS', 'desc': 'Trading Window', 'dt': '26122025181523', 'attchmntFile': 'https://nsearchives.nseindia.com/corporate/SOLARINDS_26122025180728_TWsigned.pdf', 'sm_name': 'Solar Industries India Limited', 'sm_isin': 'INE343H01011', 'an_dt': '26-Dec-2025 18:15:23', 'sort_date': '2025-12-26 18:15:23', 'seq_id': '106478969', 'smIndustry': 'Chemicals - Speciality', 'orgid': None, 'attchmntText': 'Solar Industries India Limited has informed the Exchange regarding the Trading Window closure pursuant to SEBI (Prohibition of Insider Trading) Regulations, 2015', 'bflag': None, 'old_new': None, 'csvName': None, 'exchdisstime': '26-Dec-2025 18:15:24', 'difference': '00:00:01', 'fileSize': '3.22 MB', 'attFileSize': '3.22 MB', 'hasXbrl': True}",0.0
SAIL,NSE_CORP_ANN,Trading Window,"Steel Authority of India Limited has informed the Exchange regarding the Trading Window closure pursuant to SEBI (Prohibition of Insider Trading) Regulations, 2015",,,"{'symbol': 'SAIL', 'desc': 'Trading Window', 'dt': '26122025105920', 'attchmntFile': 'https://nsearchives.nseindia.com/corporate/SAIL_26122025105902_cltw_dec2025.pdf', 'sm_name': 'Steel Authority of India Limited', 'sm_isin': 'INE114A01011', 'an_dt': '26-Dec-2025 10:59:20', 'sort_date': '2025-12-26 10:59:20', 'seq_id': '106477819', 'smIndustry': 'Steel And Steel Products', 'orgid': None, 'attchmntText': 'Steel Authority of India Limited has informed the Exchange regarding the Trading Window closure pursuant to SEBI (Prohibition of Insider Trading) Regulations, 2015', 'bflag': None, 'old_new': None, 'csvName': None, 'exchdisstime': '26-Dec-2025 10:59:21', 'difference': '00:00:01', 'fileSize': '35.00 KB', 'attFileSize': '35.00 KB', 'hasXbrl': True}",0.0
SUNPHARMA,NSE_CORP_ANN,Investor Presentation,Sun Pharmaceutical Industries Limited has informed the Exchange about Investor Presentation,,,"{'symbol': 'SUNPHARMA', 'desc': 'Investor Presentation', 'dt': '26122025144808', 'attchmntFile': 'https://nsearchives.nseindia.com/corporate/SUNPHARMA456_26122025144727_IntimationSE20251226_Investor_Presenatation_Dec_2025_Signed.pdf', 'sm_name': 'Sun Pharmaceutical Industries Limited', 'sm_isin': 'INE044A01028', 'an_dt': '26-Dec-2025 14:48:08', 'sort_date': '2025-12-26 14:48:08', 'seq_id': '106478334', 'smIndustry': 'Pharmaceuticals', 'orgid': None, 'attchmntText': 'Sun Pharmaceutical Industries Limited has informed the Exchange about Investor Presentation', 'bflag': None, 'old_new': None, 'csvName': None, 'exchdisstime': '26-Dec-2025 14:48:09', 'difference': '00:00:01', 'fileSize': '3.14 MB', 'attFileSize': '3.14 MB', 'hasXbrl': True}",0.0
SUPREMEIND,NSE_CORP_ANN,Trading Window,"Supreme Industries Limited has informed the Exchange regarding the Trading Window closure pursuant to SEBI (Prohibition of Insider Trading) Regulations, 2015",,,"{'symbol': 'SUPREMEIND', 'desc': 'Trading Window', 'dt': '26122025152055', 'attchmntFile': 'https://nsearchives.nseindia.com/corporate/SUPREMEIND_26122025152022_StockExcahngeIntimationofClosureofTradingWindow26122025.pdf', 'sm_name': 'Supreme Industries Limited', 'sm_isin': 'INE195A01010', 'an_dt': '26-Dec-2025 15:20:55', 'sort_date': '2025-12-26 15:20:55', 'seq_id': '106478411', 'smIndustry': 'Plastic And Plastic Products', 'orgid': None, 'attchmntText': 'Supreme Industries Limited has informed the Exchange regarding the Trading Window closure pursuant to SEBI (Prohibition of Insider Trading) Regulations, 2015', 'bflag': None, 'old_new': None, 'csvName': None, 'exchdisstime': '26-Dec-2025 15:20:55', 'difference': '00:00:00', 'fileSize': '488.04 KB', 'attFileSize': '488.04 KB', 'hasXbrl': True}",0.0
SUZLON,NSE_CORP_ANN,Resignation,"Suzlon Energy Limited has informed the Exchange regarding Resignation of Mr Vivek Srivastava as Other of the company w.e.f. December 26, 2025.",,,"{'symbol': 'SUZLON', 'desc': 'Resignation', 'dt': '26122025193937', 'attchmntFile': 'https://nsearchives.nseindia.com/corporate/SUZLON1_26122025193721_Suzlon26122025.pdf', 'sm_name': 'Suzlon Energy Limited', 'sm_isin': 'INE040H01021', 'an_dt': '26-Dec-2025 19:39:37', 'sort_date': '2025-12-26 19:39:37', 'seq_id': '106479165', 'smIndustry': 'Electrical Equipment', 'orgid': None, 'attchmntText': 'Suzlon Energy Limited has informed the Exchange regarding Resignation of Mr Vivek Srivastava as Other of the company w.e.f. December 26, 2025.', 'bflag': None, 'old_new': None, 'csvName': None, 'exchdisstime': '26-Dec-2025 19:39:38', 'difference': '00:00:01', 'fileSize': '265.36 KB', 'attFileSize': '265.36 KB', 'hasXbrl': True}",0.0
TITAGARH,NSE_CORP_ANN,Trading Window,"TITAGARH RAIL SYSTEMS LIMITED has informed the Exchange regarding the Trading Window closure pursuant to SEBI (Prohibition of Insider Trading) Regulations, 2015",,,"{'symbol': 'TITAGARH', 'desc': 'Trading Window', 'dt': '26122025193204', 'attchmntFile': 'https://nsearchives.nseindia.com/corporate/TWL_26122025193150_TradingWindowClosure26122025.pdf', 'sm_name': 'TITAGARH RAIL SYSTEMS LIMITED', 'sm_isin': 'INE615H01020', 'an_dt': '26-Dec-2025 19:32:04', 'sort_date': '2025-12-26 19:32:04', 'seq_id': '106479154', 'smIndustry': None, 'orgid': None, 'attchmntText': 'TITAGARH RAIL SYSTEMS LIMITED has informed the Exchange regarding the Trading Window closure pursuant to SEBI (Prohibition of Insider Trading) Regulations, 2015', 'bflag': None, 'old_new': None, 'csvName': None, 'exchdisstime': '26-Dec-2025 19:32:05', 'difference': '00:00:01', 'fileSize': '195.40 KB', 'attFileSize': '195.40 KB', 'hasXbrl': True}",0.0
TECHM,NSE_CORP_ANN,Sale or disposal,Tech Mahindra Limited has informed the Exchange about Cessation of a wholly-owned subsidiary.,,,"{'symbol': 'TECHM', 'desc': 'Sale or disposal', 'dt': '26122025175330', 'attchmntFile': 'https://nsearchives.nseindia.com/corporate/Apekshakhemka_26122025175321_SE_Intimation-cessation_of_MEI_as_WOS_Signed.pdf', 'sm_name': 'Tech Mahindra Limited', 'sm_isin': 'INE669C01028', 'an_dt': '26-Dec-2025 17:53:30', 'sort_date': '2025-12-26 17:53:30', 'seq_id': '106478905', 'smIndustry': 'Computers - Software', 'orgid': None, 'attchmntText': 'Tech Mahindra Limited has informed the Exchange about Cessation of a wholly-owned subsidiary.', 'bflag': None, 'old_new': None, 'csvName': None, 'exchdisstime': '26-Dec-2025 17:53:31', 'difference': '00:00:01', 'fileSize': '264.01 KB', 'attFileSize': '264.01 KB', 'hasXbrl': True}",0.0
TITAN,NSE_CORP_ANN,Updates,Titan Company Limited has informed the Exchange regarding 'Intimation of launch of Titan s first Lab Grown Diamond store in Mumbai'.,,,"{'symbol': 'TITAN', 'desc': 'Updates', 'dt': '26122025083301', 'attchmntFile': 'https://nsearchives.nseindia.com/corporate/TITAN_26122025083235_SELGD.pdf', 'sm_name': 'Titan Company Limited', 'sm_isin': 'INE280A01010', 'an_dt': '26-Dec-2025 08:33:01', 'sort_date': '2025-12-26 08:33:01', 'seq_id': '106477543', 'smIndustry': 'Gems Jewellery And Watches', 'orgid': None, 'attchmntText': ""Titan Company Limited has informed the Exchange regarding 'Intimation of launch of Titan s first Lab Grown Diamond store in Mumbai'."", 'bflag': None, 'old_new': None, 'csvName': None, 'exchdisstime': '26-Dec-2025 08:33:03', 'difference': '00:00:02', 'fileSize': '227.20 KB', 'attFileSize': '227.20 KB', 'hasXbrl': True}",0.0
TORNTPHARM,NSE_CORP_ANN,Trading Window,"Torrent Pharmaceuticals Limited has informed the Exchange regarding the Trading Window closure pursuant to SEBI (Prohibition of Insider Trading) Regulations, 2015",,,"{'symbol': 'TORNTPHARM', 'desc': 'Trading Window', 'dt': '26122025164146', 'attchmntFile': 'https://nsearchives.nseindia.com/corporate/TORNTPHARM_26122025164138_SE_Intimation_T_Window_Q3.pdf', 'sm_name': 'Torrent Pharmaceuticals Limited', 'sm_isin': 'INE685A01028', 'an_dt': '26-Dec-2025 16:41:46', 'sort_date': '2025-12-26 16:41:46', 'seq_id': '106478662', 'smIndustry': 'Pharmaceuticals', 'orgid': None, 'attchmntText': 'Torrent Pharmaceuticals Limited has informed the Exchange regarding the Trading Window closure pursuant to SEBI (Prohibition of Insider Trading) Regulations, 2015', 'bflag': None, 'old_new': None, 'csvName': None, 'exchdisstime': '26-Dec-2025 16:41:47', 'difference': '00:00:01', 'fileSize': '255.69 KB', 'attFileSize': '255.69 KB', 'hasXbrl': True}",0.0
TIINDIA,NSE_CORP_ANN,General Updates,Tube Investments of India Limited has informed the Exchange about Allotment of shares under ESOP,,,"{'symbol': 'TIINDIA', 'desc': 'General Updates', 'dt': '26122025124718', 'attchmntFile': 'https://nsearchives.nseindia.com/corporate/TIINDIA_26122025124658_TIINSEBSEESOPAllotment.pdf', 'sm_name': 'Tube Investments of India Limited', 'sm_isin': 'INE974X01010', 'an_dt': '26-Dec-2025 12:47:18', 'sort_date': '2025-12-26 12:47:18', 'seq_id': '106478067', 'smIndustry': None, 'orgid': None, 'attchmntText': 'Tube Investments of India Limited has informed the Exchange about Allotment of shares under ESOP', 'bflag': None, 'old_new': None, 'csvName': None, 'exchdisstime': '26-Dec-2025 12:47:20', 'difference': '00:00:02', 'fileSize': '478.89 KB', 'attFileSize': '478.89 KB', 'hasXbrl': True}",0.0
VBL,NSE_CORP_ANN,Trading Window,"Varun Beverages Limited has informed the Exchange regarding the Trading Window closure pursuant to SEBI (Prohibition of Insider Trading) Regulations, 2015",,,"{'symbol': 'VBL', 'desc': 'Trading Window', 'dt': '26122025104201', 'attchmntFile': 'https://nsearchives.nseindia.com/corporate/VBL_26122025104144_TWCDec2025.pdf', 'sm_name': 'Varun Beverages Limited', 'sm_isin': 'INE200M01013', 'an_dt': '26-Dec-2025 10:42:01', 'sort_date': '2025-12-26 10:42:01', 'seq_id': '106477782', 'smIndustry': None, 'orgid': None, 'attchmntText': 'Varun Beverages Limited has informed the Exchange regarding the Trading Window closure pursuant to SEBI (Prohibition of Insider Trading) Regulations, 2015', 'bflag': None, 'old_new': None, 'csvName': None, 'exchdisstime': '26-Dec-2025 10:42:02', 'difference': '00:00:01', 'fileSize': '196.15 KB', 'attFileSize': '196.15 KB', 'hasXbrl': True}",0.0
VEDL,NSE_CORP_ANN,Trading Window,"Vedanta Limited has informed the Exchange regarding the Trading Window closure pursuant to SEBI (Prohibition of Insider Trading) Regulations, 2015",,,"{'symbol': 'VEDL', 'desc': 'Trading Window', 'dt': '26122025125457', 'attchmntFile': 'https://nsearchives.nseindia.com/corporate/VEDL_26122025125441_VEDLSEIntimationTradingWindowClosureQ3FY26signed.pdf', 'sm_name': 'Vedanta Limited', 'sm_isin': 'INE205A01025', 'an_dt': '26-Dec-2025 12:54:57', 'sort_date': '2025-12-26 12:54:57', 'seq_id': '106478090', 'smIndustry': None, 'orgid': None, 'attchmntText': 'Vedanta Limited has informed the Exchange regarding the Trading Window closure pursuant to SEBI (Prohibition of Insider Trading) Regulations, 2015', 'bflag': None, 'old_new': None, 'csvName': None, 'exchdisstime': '26-Dec-2025 12:54:57', 'difference': '00:00:00', 'fileSize': '238.05 KB', 'attFileSize': '238.05 KB', 'hasXbrl': True}",0.0
VOLTAS,NSE_CORP_ANN,Change in Management,Voltas Limited has informed the Exchange about change in Management,,,"{'symbol': 'VOLTAS', 'desc': 'Change in Management', 'dt': '26122025201020', 'attchmntFile': 'https://nsearchives.nseindia.com/corporate/VOLTAS_RB_26122025200955_ChangesInManagementJBs.pdf', 'sm_name': 'Voltas Limited', 'sm_isin': 'INE226A01021', 'an_dt': '26-Dec-2025 20:10:20', 'sort_date': '2025-12-26 20:10:20', 'seq_id': '106479197', 'smIndustry': 'Engineering', 'orgid': None, 'attchmntText': 'Voltas Limited has informed the Exchange about change in Management', 'bflag': None, 'old_new': None, 'csvName': None, 'exchdisstime': '26-Dec-2025 20:10:21', 'difference': '00:00:01', 'fileSize': '568.03 KB', 'attFileSize': '568.03 KB', 'hasXbrl': True}",0.0
YESBANK,NSE_CORP_ANN,Trading Window,"Yes Bank Limited has informed the Exchange regarding the Trading Window closure pursuant to SEBI (Prohibition of Insider Trading) Regulations, 2015",,,"{'symbol': 'YESBANK', 'desc': 'Trading Window', 'dt': '26122025181925', 'attchmntFile': 'https://nsearchives.nseindia.com/corporate/YESBANK_26122025181912_Closure_of_Trading_Window_December_2025_signed.pdf', 'sm_name': 'Yes Bank Limited', 'sm_isin': 'INE528G01019', 'an_dt': '26-Dec-2025 18:19:25', 'sort_date': '2025-12-26 18:19:25', 'seq_id': '106478986', 'smIndustry': 'Banks', 'orgid': None, 'attchmntText': 'Yes Bank Limited has informed the Exchange regarding the Trading Window closure pursuant to SEBI (Prohibition of Insider Trading) Regulations, 2015', 'bflag': None, 'old_new': None, 'csvName': None, 'exchdisstime': '26-Dec-2025 18:19:25', 'difference': '00:00:00', 'fileSize': '237.03 KB', 'attFileSize': '237.03 KB', 'hasXbrl': True}",0.0
YESBANK,NSE_CORP_ANN,Updates,"Yes Bank Limited has informed the Exchange regarding 'That the Bank has received an Order pertaining to FY 2021-22 from the Goods and Services Tax ( GST ) department, Uttar Pradesh on December 24, 2025 on certain issues levying a penalty of Rs. 3,30,55,942/- in addition to tax demand and applicable interest.'.",,,"{'symbol': 'YESBANK', 'desc': 'Updates', 'dt': '26122025085151', 'attchmntFile': 'https://nsearchives.nseindia.com/corporate/apandya_26122025084914_1_SE_INTIMATION_GSTPENALTY_25122025_Signed.pdf', 'sm_name': 'Yes Bank Limited', 'sm_isin': 'INE528G01019', 'an_dt': '26-Dec-2025 08:51:51', 'sort_date': '2025-12-26 08:51:51', 'seq_id': '106477544', 'smIndustry': 'Banks', 'orgid': None, 'attchmntText': ""Yes Bank Limited has informed the Exchange regarding 'That the Bank has received an Order pertaining to FY 2021-22 from the Goods and Services Tax ( GST ) department, Uttar Pradesh on December 24, 2025 on certain issues levying a penalty of Rs. 3,30,55,942/- in addition to tax demand and applicable interest.'."", 'bflag': None, 'old_new': None, 'csvName': None, 'exchdisstime': '26-Dec-2025 08:51:52', 'difference': '00:00:01', 'fileSize': '247.06 KB', 'attFileSize': '247.06 KB', 'hasXbrl': True}",0.0
ZYDUSLIFE,NSE_CORP_ANN,Updates,Zydus Lifesciences Limited has informed the Exchange regarding 'Intimation of ESG Rating'.,,,"{'symbol': 'ZYDUSLIFE', 'desc': 'Updates', 'dt': '26122025191220', 'attchmntFile': 'https://nsearchives.nseindia.com/corporate/Cadilahc_26122025191148_SEIntimationESGRatingSPGLobal26122025.pdf', 'sm_name': 'Zydus Lifesciences Limited', 'sm_isin': 'INE010B01027', 'an_dt': '26-Dec-2025 19:12:20', 'sort_date': '2025-12-26 19:12:20', 'seq_id': '106479129', 'smIndustry': None, 'orgid': None, 'attchmntText': ""Zydus Lifesciences Limited has informed the Exchange regarding 'Intimation of ESG Rating'."", 'bflag': None, 'old_new': None, 'csvName': None, 'exchdisstime': '26-Dec-2025 19:12:21', 'difference': '00:00:01', 'fileSize': '686.24 KB', 'attFileSize': '686.24 KB', 'hasXbrl': True}",0.0
ZYDUSLIFE,NSE_CORP_ANN,Trading Window,"Zydus Lifesciences Limited has informed the Exchange regarding the Trading Window closure pursuant to SEBI (Prohibition of Insider Trading) Regulations, 2015",,,"{'symbol': 'ZYDUSLIFE', 'desc': 'Trading Window', 'dt': '26122025185009', 'attchmntFile': 'https://nsearchives.nseindia.com/corporate/Cadilahc_26122025184849_IntimationofTradingWindowClosure.pdf', 'sm_name': 'Zydus Lifesciences Limited', 'sm_isin': 'INE010B01027', 'an_dt': '26-Dec-2025 18:50:09', 'sort_date': '2025-12-26 18:50:09', 'seq_id': '106479083', 'smIndustry': None, 'orgid': None, 'attchmntText': 'Zydus Lifesciences Limited has informed the Exchange regarding the Trading Window closure pursuant to SEBI (Prohibition of Insider Trading) Regulations, 2015', 'bflag': None, 'old_new': None, 'csvName': None, 'exchdisstime': '26-Dec-2025 18:50:10', 'difference': '00:00:01', 'fileSize': '839.10 KB', 'attFileSize': '839.10 KB', 'hasXbrl': True}",0.0
ZYDUSLIFE,NSE_CORP_ANN,Copy of Newspaper Publication,Zydus Lifesciences Limited has informed the Exchange about Copy of Newspaper Publication,,,"{'symbol': 'ZYDUSLIFE', 'desc': 'Copy of Newspaper Publication', 'dt': '26122025124331', 'attchmntFile': 'https://nsearchives.nseindia.com/corporate/Cadilahc_26122025124238_Newspaperadvertisement26122025.pdf', 'sm_name': 'Zydus Lifesciences Limited', 'sm_isin': 'INE010B01027', 'an_dt': '26-Dec-2025 12:43:31', 'sort_date': '2025-12-26 12:43:31', 'seq_id': '106478061', 'smIndustry': None, 'orgid': None, 'attchmntText': 'Zydus Lifesciences Limited has informed the Exchange about Copy of Newspaper Publication', 'bflag': None, 'old_new': None, 'csvName': None, 'exchdisstime': '26-Dec-2025 12:43:32', 'difference': '00:00:01', 'fileSize': '1.05 MB', 'attFileSize': '1.05 MB', 'hasXbrl': True}",0.0
