symbol,source,headline,summary,published_at,nse_category,raw,score
360ONE,NSE_CORP_ANN,ESOP/ESOS/ESPS,360 ONE WAM LIMITED has informed the Exchange regarding Allotment of 212637  Shares.,,,"{'symbol': '360ONE', 'desc': 'ESOP/ESOS/ESPS', 'dt': '18122025174415', 'attchmntFile': 'https://nsearchives.nseindia.com/corporate/IIFLWAM_18122025174051_20251218AllotmentofESOPssigned.pdf', 'sm_name': '360 ONE WAM LIMITED', 'sm_isin': 'INE466L01020', 'an_dt': '18-Dec-2025 17:44:15', 'sort_date': '2025-12-18 17:44:15', 'seq_id': '106471532', 'smIndustry': None, 'orgid': None, 'attchmntText': '360 ONE WAM LIMITED has informed the Exchange regarding Allotment of 212637  Shares.', 'bflag': None, 'old_new': None, 'csvName': None, 'exchdisstime': '18-Dec-2025 17:44:16', 'difference': '00:00:01', 'fileSize': '182.81 KB', 'attFileSize': '182.81 KB', 'hasXbrl': True}",0.0
ADANIENSOL,NSE_CORP_ANN,General Updates,"Adani Energy Solutions Limited has informed the Exchange about Intimation for Incorporation of a step-down subsidiary, ATSOL Global IFSC Limited.",,,"{'symbol': 'ADANIENSOL', 'desc': 'General Updates', 'dt': '22122025163018', 'attchmntFile': 'https://nsearchives.nseindia.com/corporate/ADANITRANS_22122025163002_ATSOL_Global_IFSC_Intimation.pdf', 'sm_name': 'Adani Energy Solutions Limited', 'sm_isin': 'INE931S01010', 'an_dt': '22-Dec-2025 16:30:18', 'sort_date': '2025-12-22 16:30:18', 'seq_id': '106473943', 'smIndustry': None, 'orgid': None, 'attchmntText': 'Adani Energy Solutions Limited has informed the Exchange about Intimation for Incorporation of a step-down subsidiary, ATSOL Global IFSC Limited.', 'bflag': None, 'old_new': None, 'csvName': None, 'exchdisstime': '22-Dec-2025 16:30:18', 'difference': '00:00:00', 'fileSize': '178.27 KB', 'attFileSize': '178.27 KB', 'hasXbrl': True}",0.0
ADANIENT,NSE_CORP_ANN,Copy of Newspaper Publication,Adani Enterprises Limited has informed the Exchange about Newspaper Advertisement regarding the record date for the first Call on partly paid-up equity shares of the Company.,,,"{'symbol': 'ADANIENT', 'desc': 'Copy of Newspaper Publication', 'dt': '19122025202332', 'attchmntFile': 'https://nsearchives.nseindia.com/corporate/nishant_joshi_adani_com_19122025202321_AELRecorddateIntimationNewspaper.pdf', 'sm_name': 'Adani Enterprises Limited', 'sm_isin': 'INE423A01024', 'an_dt': '19-Dec-2025 20:23:32', 'sort_date': '2025-12-19 20:23:32', 'seq_id': '106472731', 'smIndustry': 'Trading', 'orgid': None, 'attchmntText': 'Adani Enterprises Limited has informed the Exchange about Newspaper Advertisement regarding the record date for the first Call on partly paid-up equity shares of the Company.', 'bflag': None, 'old_new': None, 'csvName': None, 'exchdisstime': '19-Dec-2025 20:23:32', 'difference': '00:00:00', 'fileSize': '5.61 MB', 'attFileSize': '5.61 MB', 'hasXbrl': True}",0.0
ADANIENT,NSE_CORP_ANN,Suspension of Trading,"Members of the Exchange are hereby informed that the trading in the partly paid-up equity shares (Series: E1, ISIN: IN9423A01030) of Adani Enterprises Limited shall be suspended w.e.f. December 23, 2025 (i.e., closing hours of trading on December 22, 2025) on account of first call money.",,,"{'symbol': 'ADANIENT', 'desc': 'Suspension of Trading', 'dt': '19122025175547', 'attchmntFile': '-', 'sm_name': 'Adani Enterprises Limited', 'sm_isin': 'INE423A01024', 'an_dt': '19-Dec-2025 17:55:47', 'sort_date': '2025-12-19 17:55:47', 'seq_id': '106472559', 'smIndustry': 'Trading', 'orgid': None, 'attchmntText': 'Members of the Exchange are hereby informed that the trading in the partly paid-up equity shares (Series: E1, ISIN: IN9423A01030) of Adani Enterprises Limited shall be suspended w.e.f. December 23, 2025 (i.e., closing hours of trading on December 22, 2025) on account of first call money.', 'bflag': None, 'old_new': None, 'csvName': None, 'exchdisstime': '19-Dec-2025 17:55:48', 'difference': '00:00:01', 'fileSize': '0 Bytes', 'attFileSize': '0 Bytes', 'hasXbrl': True}",0.0
ADANIENT,NSE_CORP_ANN,Incorporation,Adani Enterprises Limited has informed the Exchange about Incorporation,,,"{'symbol': 'ADANIENT', 'desc': 'Incorporation', 'dt': '18122025230359', 'attchmntFile': 'https://nsearchives.nseindia.com/corporate/nishant_joshi_adani_com_18122025230346_AELIntimationMDL18122025.pdf', 'sm_name': 'Adani Enterprises Limited', 'sm_isin': 'INE423A01024', 'an_dt': '18-Dec-2025 23:03:59', 'sort_date': '2025-12-18 23:03:59', 'seq_id': '106471906', 'smIndustry': 'Trading', 'orgid': None, 'attchmntText': 'Adani Enterprises Limited has informed the Exchange about Incorporation', 'bflag': None, 'old_new': None, 'csvName': None, 'exchdisstime': '18-Dec-2025 23:04:00', 'difference': '00:00:01', 'fileSize': '161.28 KB', 'attFileSize': '161.28 KB', 'hasXbrl': True}",0.0
ADANIENT,NSE_CORP_ANN,Record Date,Adani Enterprises Limited has informed the Exchange that Record date for the purpose of first Call on partly paid equity shares issued on rights basis is 23-Dec-2025.,,,"{'symbol': 'ADANIENT', 'desc': 'Record Date', 'dt': '17122025210045', 'attchmntFile': 'https://nsearchives.nseindia.com/corporate/nishant_joshi_adani_com_17122025205644_AELRICOutcome17122025.pdf', 'sm_name': 'Adani Enterprises Limited', 'sm_isin': 'INE423A01024', 'an_dt': '17-Dec-2025 21:00:45', 'sort_date': '2025-12-17 21:00:45', 'seq_id': '106470713', 'smIndustry': 'Trading', 'orgid': None, 'attchmntText': 'Adani Enterprises Limited has informed the Exchange that Record date for the purpose of first Call on partly paid equity shares issued on rights basis is 23-Dec-2025.', 'bflag': None, 'old_new': None, 'csvName': None, 'exchdisstime': '17-Dec-2025 21:00:46', 'difference': '00:00:01', 'fileSize': '141.17 KB', 'attFileSize': '141.17 KB', 'hasXbrl': True}",0.0
ADANIENT,NSE_CORP_ANN,Outcome of Board Meeting,"Adani Enterprises Limited has informed the Exchange regarding outcome of rights issue committee meeting held on December 17, 2025.",,,"{'symbol': 'ADANIENT', 'desc': 'Outcome of Board Meeting', 'dt': '17122025205205', 'attchmntFile': 'https://nsearchives.nseindia.com/corporate/nishant_joshi_adani_com_17122025204731_AELRICOutcome17122025.pdf', 'sm_name': 'Adani Enterprises Limited', 'sm_isin': 'INE423A01024', 'an_dt': '17-Dec-2025 20:52:05', 'sort_date': '2025-12-17 20:52:05', 'seq_id': '106470708', 'smIndustry': 'Trading', 'orgid': None, 'attchmntText': 'Adani Enterprises Limited has informed the Exchange regarding outcome of rights issue committee meeting held on December 17, 2025.', 'bflag': None, 'old_new': None, 'csvName': None, 'exchdisstime': '17-Dec-2025 20:52:07', 'difference': '00:00:02', 'fileSize': '141.17 KB', 'attFileSize': '141.17 KB', 'hasXbrl': True}",0.0
ABCAPITAL,NSE_CORP_ANN,ESOP/ESOS/ESPS,Aditya Birla Capital Limited has informed the Exchange regarding Allotment of 1375753  Shares.,,,"{'symbol': 'ABCAPITAL', 'desc': 'ESOP/ESOS/ESPS', 'dt': '17122025172449', 'attchmntFile': 'https://nsearchives.nseindia.com/corporate/ABCAPITAL_17122025172436_ESOPse17Dec2025signed.pdf', 'sm_name': 'Aditya Birla Capital Limited', 'sm_isin': 'INE674K01013', 'an_dt': '17-Dec-2025 17:24:49', 'sort_date': '2025-12-17 17:24:49', 'seq_id': '106470481', 'smIndustry': None, 'orgid': None, 'attchmntText': 'Aditya Birla Capital Limited has informed the Exchange regarding Allotment of 1375753  Shares.', 'bflag': None, 'old_new': None, 'csvName': None, 'exchdisstime': '17-Dec-2025 17:24:50', 'difference': '00:00:01', 'fileSize': '628.45 KB', 'attFileSize': '628.45 KB', 'hasXbrl': True}",0.0
ALKEM,NSE_CORP_ANN,Analysts/Institutional Investor Meet/Con. Call Updates,Alkem Laboratories Limited has informed the Exchange about Schedule of meet,,,"{'symbol': 'ALKEM', 'desc': 'Analysts/Institutional Investor Meet/Con. Call Updates', 'dt': '23122025114452', 'attchmntFile': 'https://nsearchives.nseindia.com/corporate/ALKEM_23122025114400_ScheduleofInvestorMeet_December_2025_Signed.pdf', 'sm_name': 'Alkem Laboratories Limited', 'sm_isin': 'INE540L01014', 'an_dt': '23-Dec-2025 11:44:52', 'sort_date': '2025-12-23 11:44:52', 'seq_id': '106474843', 'smIndustry': None, 'orgid': None, 'attchmntText': 'Alkem Laboratories Limited has informed the Exchange about Schedule of meet', 'bflag': None, 'old_new': None, 'csvName': None, 'exchdisstime': '23-Dec-2025 11:44:54', 'difference': '00:00:02', 'fileSize': '365.80 KB', 'attFileSize': '365.80 KB', 'hasXbrl': True}",0.0
ALKEM,NSE_CORP_ANN,Appointment,"Alkem Laboratories Limited has informed the Exchange regarding Appointment of Mr. Sunil Sawant as Senior Management Personnel of the company w.e.f. December 16, 2025.",,,"{'symbol': 'ALKEM', 'desc': 'Appointment', 'dt': '16122025111304', 'attchmntFile': 'https://nsearchives.nseindia.com/corporate/ALKEM_16122025111212_Reg30Appointmentofsunil_Dec25_Signed.pdf', 'sm_name': 'Alkem Laboratories Limited', 'sm_isin': 'INE540L01014', 'an_dt': '16-Dec-2025 11:13:04', 'sort_date': '2025-12-16 11:13:04', 'seq_id': '106469176', 'smIndustry': None, 'orgid': None, 'attchmntText': 'Alkem Laboratories Limited has informed the Exchange regarding Appointment of Mr. Sunil Sawant as Senior Management Personnel of the company w.e.f. December 16, 2025.', 'bflag': None, 'old_new': None, 'csvName': None, 'exchdisstime': '16-Dec-2025 11:13:05', 'difference': '00:00:01', 'fileSize': '604.16 KB', 'attFileSize': '604.16 KB', 'hasXbrl': True}",0.0
AMBER,NSE_CORP_ANN,General Updates,Amber Enterprises India Limited has informed the Exchange that the Company is planning to invest Rs. 500 Crore for expansion of its state-of-the-art Research & Development (R&D) Centre in Punjab.,,,"{'symbol': 'AMBER', 'desc': 'General Updates', 'dt': '18122025185331', 'attchmntFile': 'https://nsearchives.nseindia.com/corporate/AMBER_18122025185257_SE_Intimation_Disclosure_FacilityExpansion_18122025.pdf', 'sm_name': 'Amber Enterprises India Limited', 'sm_isin': 'INE371P01015', 'an_dt': '18-Dec-2025 18:53:31', 'sort_date': '2025-12-18 18:53:31', 'seq_id': '106471622', 'smIndustry': None, 'orgid': None, 'attchmntText': 'Amber Enterprises India Limited has informed the Exchange that the Company is planning to invest Rs. 500 Crore for expansion of its state-of-the-art Research & Development (R&D) Centre in Punjab.', 'bflag': None, 'old_new': None, 'csvName': None, 'exchdisstime': '18-Dec-2025 18:53:32', 'difference': '00:00:01', 'fileSize': '248.96 KB', 'attFileSize': '248.96 KB', 'hasXbrl': True}",0.0
AMBUJACEM,NSE_CORP_ANN,General Updates,Ambuja Cements Limited has informed the Exchange about Capital Market Q&A on - Amalgamation of ACC Limited and Orient Cement Limited with Ambuja Cements Limited,,,"{'symbol': 'AMBUJACEM', 'desc': 'General Updates', 'dt': '22122025210624', 'attchmntFile': 'https://nsearchives.nseindia.com/corporate/AMBUJACEM_22122025210530_Ambuja_SE_Capital_Market_QnA_Final.pdf', 'sm_name': 'Ambuja Cements Limited', 'sm_isin': 'INE079A01024', 'an_dt': '22-Dec-2025 21:06:24', 'sort_date': '2025-12-22 21:06:24', 'seq_id': '106474252', 'smIndustry': 'Cement And Cement Products', 'orgid': None, 'attchmntText': 'Ambuja Cements Limited has informed the Exchange about Capital Market Q&A on - Amalgamation of ACC Limited and Orient Cement Limited with Ambuja Cements Limited', 'bflag': None, 'old_new': None, 'csvName': None, 'exchdisstime': '22-Dec-2025 21:06:25', 'difference': '00:00:01', 'fileSize': '990.66 KB', 'attFileSize': '990.66 KB', 'hasXbrl': True}",0.0
AMBUJACEM,NSE_CORP_ANN,Press Release,Approval of Scheme of Amalgamation of ACC Limited with Ambuja Cements Limited and Orient Cement Limited with Ambuja Cements Limited,,,"{'symbol': 'AMBUJACEM', 'desc': 'Press Release', 'dt': '22122025205332', 'attchmntFile': 'https://nsearchives.nseindia.com/corporate/AMBUJACEM_22122025205313_Ambuja_SE_Media_Release_Final.pdf', 'sm_name': 'Ambuja Cements Limited', 'sm_isin': 'INE079A01024', 'an_dt': '22-Dec-2025 20:53:32', 'sort_date': '2025-12-22 20:53:32', 'seq_id': '106474244', 'smIndustry': 'Cement And Cement Products', 'orgid': None, 'attchmntText': 'Approval of Scheme of Amalgamation of ACC Limited with Ambuja Cements Limited and Orient Cement Limited with Ambuja Cements Limited', 'bflag': None, 'old_new': None, 'csvName': None, 'exchdisstime': '22-Dec-2025 20:53:33', 'difference': '00:00:01', 'fileSize': '250.61 KB', 'attFileSize': '250.61 KB', 'hasXbrl': True}",0.0
AMBUJACEM,NSE_CORP_ANN,Amalgamation/Merger,Approval of Scheme of Amalgamation of ACC Limited with Ambuja Cements Limited and Orient Cement Limited with Ambuja Cements Limited,,,"{'symbol': 'AMBUJACEM', 'desc': 'Amalgamation/Merger', 'dt': '22122025204438', 'attchmntFile': 'https://nsearchives.nseindia.com/corporate/AMBUJACEM_22122025204411_ACL_Outcome_BM_22122025_Final.pdf', 'sm_name': 'Ambuja Cements Limited', 'sm_isin': 'INE079A01024', 'an_dt': '22-Dec-2025 20:44:38', 'sort_date': '2025-12-22 20:44:38', 'seq_id': '106474239', 'smIndustry': 'Cement And Cement Products', 'orgid': None, 'attchmntText': 'Approval of Scheme of Amalgamation of ACC Limited with Ambuja Cements Limited and Orient Cement Limited with Ambuja Cements Limited', 'bflag': None, 'old_new': None, 'csvName': None, 'exchdisstime': '22-Dec-2025 20:44:39', 'difference': '00:00:01', 'fileSize': '334.36 KB', 'attFileSize': '334.36 KB', 'hasXbrl': True}",0.0
ANGELONE,NSE_CORP_ANN,Updates,"Angel One Limited has informed the Exchange regarding ' AngelOne Limited has been awarded ISO 22301:2019 Certification for its Business ContinuityManagement System (BCMS) by Intertek Certification Limited on December 22, 2025'.",,,"{'symbol': 'ANGELONE', 'desc': 'Updates', 'dt': '23122025112236', 'attchmntFile': 'https://nsearchives.nseindia.com/corporate/ANGEL8896_23122025112224_Intimation_receipt_of_ISO_certification.pdf', 'sm_name': 'Angel One Limited', 'sm_isin': 'INE732I01013', 'an_dt': '23-Dec-2025 11:22:36', 'sort_date': '2025-12-23 11:22:36', 'seq_id': '106474777', 'smIndustry': None, 'orgid': None, 'attchmntText': ""Angel One Limited has informed the Exchange regarding ' AngelOne Limited has been awarded ISO 22301:2019 Certification for its Business ContinuityManagement System (BCMS) by Intertek Certification Limited on December 22, 2025'."", 'bflag': None, 'old_new': None, 'csvName': None, 'exchdisstime': '23-Dec-2025 11:22:37', 'difference': '00:00:01', 'fileSize': '205.76 KB', 'attFileSize': '205.76 KB', 'hasXbrl': True}",0.0
ANGELONE,NSE_CORP_ANN,Trading Window,"Angel One Limited has informed the Exchange regarding the Trading Window closure pursuant to SEBI (Prohibition of Insider Trading) Regulations, 2015",,,"{'symbol': 'ANGELONE', 'desc': 'Trading Window', 'dt': '16122025171808', 'attchmntFile': 'https://nsearchives.nseindia.com/corporate/ANGEL8896_16122025171729_IntimationBoardMeetingandearningscall16122025.pdf', 'sm_name': 'Angel One Limited', 'sm_isin': 'INE732I01013', 'an_dt': '16-Dec-2025 17:18:08', 'sort_date': '2025-12-16 17:18:08', 'seq_id': '106469489', 'smIndustry': None, 'orgid': None, 'attchmntText': 'Angel One Limited has informed the Exchange regarding the Trading Window closure pursuant to SEBI (Prohibition of Insider Trading) Regulations, 2015', 'bflag': None, 'old_new': None, 'csvName': None, 'exchdisstime': '16-Dec-2025 17:18:09', 'difference': '00:00:01', 'fileSize': '543.32 KB', 'attFileSize': '543.32 KB', 'hasXbrl': True}",0.0
AUROPHARMA,NSE_CORP_ANN,General Updates,"Aurobindo Pharma Limited has informed the Exchange about completion of US FDA Inspection at Unit-IV of APL Healthcare Limited, a wholly owned subsidiary of the Company",,,"{'symbol': 'AUROPHARMA', 'desc': 'General Updates', 'dt': '18122025100535', 'attchmntFile': 'https://nsearchives.nseindia.com/corporate/AUROPHARMA_18122025100448_LtrToSEsAPLHCUnitVUSFDAinspection18122025.pdf', 'sm_name': 'Aurobindo Pharma Limited', 'sm_isin': 'INE406A01029', 'an_dt': '18-Dec-2025 10:05:35', 'sort_date': '2025-12-18 10:05:35', 'seq_id': '106471066', 'smIndustry': 'Pharmaceuticals', 'orgid': None, 'attchmntText': 'Aurobindo Pharma Limited has informed the Exchange about completion of US FDA Inspection at Unit-IV of APL Healthcare Limited, a wholly owned subsidiary of the Company', 'bflag': None, 'old_new': None, 'csvName': None, 'exchdisstime': '18-Dec-2025 10:05:36', 'difference': '00:00:01', 'fileSize': '247.67 KB', 'attFileSize': '247.67 KB', 'hasXbrl': True}",0.0
AXISBANK,NSE_CORP_ANN,Shareholders meeting,Axis Bank Limited has informed the Exchange regarding Notice of Postal Ballot,,,"{'symbol': 'AXISBANK', 'desc': 'Shareholders meeting', 'dt': '19122025093836', 'attchmntFile': 'https://nsearchives.nseindia.com/corporate/AXISBANK1_19122025093718_SEintimationPostalBallot19122025-signed.pdf', 'sm_name': 'Axis Bank Limited', 'sm_isin': 'INE238A01026', 'an_dt': '19-Dec-2025 09:38:36', 'sort_date': '2025-12-19 09:38:36', 'seq_id': '106472025', 'smIndustry': 'Banks', 'orgid': None, 'attchmntText': 'Axis Bank Limited has informed the Exchange regarding Notice of Postal Ballot', 'bflag': None, 'old_new': None, 'csvName': None, 'exchdisstime': '19-Dec-2025 09:38:37', 'difference': '00:00:01', 'fileSize': '429.06 KB', 'attFileSize': '429.06 KB', 'hasXbrl': True}",0.0
AXISBANK,NSE_CORP_ANN,Change in Director(s),Axis Bank Limited has informed the Exchange regarding Change in Director(s) of the company.,,,"{'symbol': 'AXISBANK', 'desc': 'Change in Director(s)', 'dt': '18122025101244', 'attchmntFile': 'https://nsearchives.nseindia.com/corporate/AXISBANK1_18122025101018_SE_ID_appointmentSigned18122025.pdf', 'sm_name': 'Axis Bank Limited', 'sm_isin': 'INE238A01026', 'an_dt': '18-Dec-2025 10:12:44', 'sort_date': '2025-12-18 10:12:44', 'seq_id': '106471123', 'smIndustry': 'Banks', 'orgid': None, 'attchmntText': 'Axis Bank Limited has informed the Exchange regarding Change in Director(s) of the company.', 'bflag': None, 'old_new': None, 'csvName': None, 'exchdisstime': '18-Dec-2025 10:12:45', 'difference': '00:00:01', 'fileSize': '166.81 KB', 'attFileSize': '166.81 KB', 'hasXbrl': True}",0.0
AXISBANK,NSE_CORP_ANN,ESOP/ESOS/ESPS,Axis Bank Limited has informed the Exchange regarding Allotment of 245902  Shares.,,,"{'symbol': 'AXISBANK', 'desc': 'ESOP/ESOS/ESPS', 'dt': '16122025201221', 'attchmntFile': 'https://nsearchives.nseindia.com/corporate/AXISBANK1_16122025201156_SE16122025Signed.pdf', 'sm_name': 'Axis Bank Limited', 'sm_isin': 'INE238A01026', 'an_dt': '16-Dec-2025 20:12:21', 'sort_date': '2025-12-16 20:12:21', 'seq_id': '106469667', 'smIndustry': 'Banks', 'orgid': None, 'attchmntText': 'Axis Bank Limited has informed the Exchange regarding Allotment of 245902  Shares.', 'bflag': None, 'old_new': None, 'csvName': None, 'exchdisstime': '16-Dec-2025 20:12:22', 'difference': '00:00:01', 'fileSize': '157.77 KB', 'attFileSize': '157.77 KB', 'hasXbrl': True}",0.0
BSE,NSE_CORP_ANN,News Verification,The Exchange has sought clarification from BSE Limited with respect to recent news item captioned BSE shares rise 3.5% as report says stock exchange plans to launch more monthly index option products.  The response from the Company is attached.,,,"{'symbol': 'BSE', 'desc': 'News Verification', 'dt': '23122025105441', 'attchmntFile': 'https://nsearchives.nseindia.com/corporate/BSE1_23122025105317_NSEIntimation.pdf', 'sm_name': 'BSE Limited', 'sm_isin': 'INE118H01025', 'an_dt': '23-Dec-2025 10:54:41', 'sort_date': '2025-12-23 10:54:41', 'seq_id': '106474735', 'smIndustry': None, 'orgid': None, 'attchmntText': 'The Exchange has sought clarification from BSE Limited with respect to recent news item captioned BSE shares rise 3.5% as report says stock exchange plans to launch more monthly index option products.  The response from the Company is attached.', 'bflag': None, 'old_new': None, 'csvName': None, 'exchdisstime': '23-Dec-2025 10:54:42', 'difference': '00:00:01', 'fileSize': '930.76 KB', 'attFileSize': '930.76 KB', 'hasXbrl': True}",0.0
BSE,NSE_CORP_ANN,Change in Management,BSE Limited has informed the Exchange about re-designation of Key Management Personnel and Senior Management,,,"{'symbol': 'BSE', 'desc': 'Change in Management', 'dt': '17122025183537', 'attchmntFile': 'https://nsearchives.nseindia.com/corporate/BSE1_17122025183508_NSEintimation.pdf', 'sm_name': 'BSE Limited', 'sm_isin': 'INE118H01025', 'an_dt': '17-Dec-2025 18:35:37', 'sort_date': '2025-12-17 18:35:37', 'seq_id': '106470586', 'smIndustry': None, 'orgid': None, 'attchmntText': 'BSE Limited has informed the Exchange about re-designation of Key Management Personnel and Senior Management', 'bflag': None, 'old_new': None, 'csvName': None, 'exchdisstime': '17-Dec-2025 18:35:38', 'difference': '00:00:01', 'fileSize': '938.97 KB', 'attFileSize': '938.97 KB', 'hasXbrl': True}",0.0
BSE,NSE_CORP_ANN,Outcome of Board Meeting,"BSE Limited has informed the Exchange regarding Outcome of Board Meeting held on December 17, 2025.",,,"{'symbol': 'BSE', 'desc': 'Outcome of Board Meeting', 'dt': '17122025183337', 'attchmntFile': 'https://nsearchives.nseindia.com/corporate/BSE1_17122025183307_NSEintimation.pdf', 'sm_name': 'BSE Limited', 'sm_isin': 'INE118H01025', 'an_dt': '17-Dec-2025 18:33:37', 'sort_date': '2025-12-17 18:33:37', 'seq_id': '106470582', 'smIndustry': None, 'orgid': None, 'attchmntText': 'BSE Limited has informed the Exchange regarding Outcome of Board Meeting held on December 17, 2025.', 'bflag': None, 'old_new': None, 'csvName': None, 'exchdisstime': '17-Dec-2025 18:33:38', 'difference': '00:00:01', 'fileSize': '938.97 KB', 'attFileSize': '938.97 KB', 'hasXbrl': True}",0.0
BSE,NSE_CORP_ANN,Action(s) taken or orders passed,BSE Limited has informed the Exchange about Action(s) taken or orders passed.,,,"{'symbol': 'BSE', 'desc': 'Action(s) taken or orders passed', 'dt': '17122025173509', 'attchmntFile': 'https://nsearchives.nseindia.com/corporate/BSE1_17122025173302_NSEintimation.pdf', 'sm_name': 'BSE Limited', 'sm_isin': 'INE118H01025', 'an_dt': '17-Dec-2025 17:35:09', 'sort_date': '2025-12-17 17:35:09', 'seq_id': '106470501', 'smIndustry': None, 'orgid': None, 'attchmntText': 'BSE Limited has informed the Exchange about Action(s) taken or orders passed.', 'bflag': None, 'old_new': None, 'csvName': None, 'exchdisstime': '17-Dec-2025 17:35:11', 'difference': '00:00:02', 'fileSize': '832.12 KB', 'attFileSize': '832.12 KB', 'hasXbrl': True}",0.0
BSE,NSE_CORP_ANN,Change in Director(s),BSE Limited has informed the Exchange regarding Change in Director(s) of the company.,,,"{'symbol': 'BSE', 'desc': 'Change in Director(s)', 'dt': '16122025190858', 'attchmntFile': 'https://nsearchives.nseindia.com/corporate/BSE1_16122025190837_NSEintimation.pdf', 'sm_name': 'BSE Limited', 'sm_isin': 'INE118H01025', 'an_dt': '16-Dec-2025 19:08:58', 'sort_date': '2025-12-16 19:08:58', 'seq_id': '106469618', 'smIndustry': None, 'orgid': None, 'attchmntText': 'BSE Limited has informed the Exchange regarding Change in Director(s) of the company.', 'bflag': None, 'old_new': None, 'csvName': None, 'exchdisstime': '16-Dec-2025 19:08:59', 'difference': '00:00:01', 'fileSize': '837.65 KB', 'attFileSize': '837.65 KB', 'hasXbrl': True}",0.0
BANDHANBNK,NSE_CORP_ANN,Analysts/Institutional Investor Meet/Con. Call Updates,"Bandhan Bank Limited has informed the Exchange about Update on the Analysts / Institutional Investors Meet held on December 18, 2025",,,"{'symbol': 'BANDHANBNK', 'desc': 'Analysts/Institutional Investor Meet/Con. Call Updates', 'dt': '18122025192619', 'attchmntFile': 'https://nsearchives.nseindia.com/corporate/BANDHANBNK_18122025192606_SE_Disclosure_Investors_Conference_Outcome_18122025_vf.pdf', 'sm_name': 'Bandhan Bank Limited', 'sm_isin': 'INE545U01014', 'an_dt': '18-Dec-2025 19:26:19', 'sort_date': '2025-12-18 19:26:19', 'seq_id': '106471644', 'smIndustry': None, 'orgid': None, 'attchmntText': 'Bandhan Bank Limited has informed the Exchange about Update on the Analysts / Institutional Investors Meet held on December 18, 2025', 'bflag': None, 'old_new': None, 'csvName': None, 'exchdisstime': '18-Dec-2025 19:26:20', 'difference': '00:00:01', 'fileSize': '261.13 KB', 'attFileSize': '261.13 KB', 'hasXbrl': True}",0.0
BANKBARODA,NSE_CORP_ANN,General Updates,Bank Of Baroda has informed the Exchange about Disclosure Under Regulation 30 of SEBI (LODR),,,"{'symbol': 'BANKBARODA', 'desc': 'General Updates', 'dt': '19122025201337', 'attchmntFile': 'https://nsearchives.nseindia.com/corporate/BANKBARODA_19122025201324_SEIntimation.pdf', 'sm_name': 'Bank of Baroda', 'sm_isin': 'INE028A01013', 'an_dt': '19-Dec-2025 20:13:37', 'sort_date': '2025-12-19 20:13:37', 'seq_id': '106472725', 'smIndustry': 'Banks', 'orgid': None, 'attchmntText': 'Bank Of Baroda has informed the Exchange about Disclosure Under Regulation 30 of SEBI (LODR)', 'bflag': None, 'old_new': None, 'csvName': None, 'exchdisstime': '19-Dec-2025 20:13:38', 'difference': '00:00:01', 'fileSize': '488.82 KB', 'attFileSize': '488.82 KB', 'hasXbrl': True}",0.0
BANKINDIA,NSE_CORP_ANN,Trading Window,"Bank Of India has informed the Exchange regarding the Trading Window closure pursuant to SEBI (Prohibition of Insider Trading) Regulations, 2015",,,"{'symbol': 'BANKINDIA', 'desc': 'Trading Window', 'dt': '22122025165947', 'attchmntFile': 'https://nsearchives.nseindia.com/corporate/BANKINDIA5_22122025165928_Q3FY26TradingWindowClosure.pdf', 'sm_name': 'Bank of India', 'sm_isin': 'INE084A01016', 'an_dt': '22-Dec-2025 16:59:47', 'sort_date': '2025-12-22 16:59:47', 'seq_id': '106473986', 'smIndustry': 'Banks', 'orgid': None, 'attchmntText': 'Bank Of India has informed the Exchange regarding the Trading Window closure pursuant to SEBI (Prohibition of Insider Trading) Regulations, 2015', 'bflag': None, 'old_new': None, 'csvName': None, 'exchdisstime': '22-Dec-2025 16:59:48', 'difference': '00:00:01', 'fileSize': '56.24 KB', 'attFileSize': '56.24 KB', 'hasXbrl': True}",0.0
BANKINDIA,NSE_CORP_ANN,Updates,Bank Of India has informed the Exchange regarding ' Bank Of India has informed the Exchange regarding 'Notice for Excercise of Call Option in respect of 9.04% Additional Tier I Bonds Series VI (ISIN NO.INE084A08136) Fixation of Record Date'.'.,,,"{'symbol': 'BANKINDIA', 'desc': 'Updates', 'dt': '22122025151515', 'attchmntFile': 'https://nsearchives.nseindia.com/corporate/BANKINDIA2_22122025151501_AT1CallOption.pdf', 'sm_name': 'Bank of India', 'sm_isin': 'INE084A01016', 'an_dt': '22-Dec-2025 15:15:15', 'sort_date': '2025-12-22 15:15:15', 'seq_id': '106473851', 'smIndustry': 'Banks', 'orgid': None, 'attchmntText': ""Bank Of India has informed the Exchange regarding ' Bank Of India has informed the Exchange regarding 'Notice for Excercise of Call Option in respect of 9.04% Additional Tier I Bonds Series VI (ISIN NO.INE084A08136) Fixation of Record Date'.'."", 'bflag': None, 'old_new': None, 'csvName': None, 'exchdisstime': '22-Dec-2025 15:15:16', 'difference': '00:00:01', 'fileSize': '67.28 KB', 'attFileSize': '67.28 KB', 'hasXbrl': True}",0.0
BANKINDIA,NSE_CORP_ANN,Change in Management,Bank Of India has informed the Exchange about change in Assignment of Senior Management w.e.f. 20.12.2025.,,,"{'symbol': 'BANKINDIA', 'desc': 'Change in Management', 'dt': '20122025180024', 'attchmntFile': 'https://nsearchives.nseindia.com/corporate/BANKINDIA5_20122025180006_CGM.pdf', 'sm_name': 'Bank of India', 'sm_isin': 'INE084A01016', 'an_dt': '20-Dec-2025 18:00:24', 'sort_date': '2025-12-20 18:00:24', 'seq_id': '106473164', 'smIndustry': 'Banks', 'orgid': None, 'attchmntText': 'Bank Of India has informed the Exchange about change in Assignment of Senior Management w.e.f. 20.12.2025.', 'bflag': None, 'old_new': None, 'csvName': None, 'exchdisstime': '20-Dec-2025 18:00:25', 'difference': '00:00:01', 'fileSize': '73.79 KB', 'attFileSize': '73.79 KB', 'hasXbrl': True}",0.0
BANKINDIA,NSE_CORP_ANN,Credit Rating,Bank Of India has informed the Exchange about Credit Rating,,,"{'symbol': 'BANKINDIA', 'desc': 'Credit Rating', 'dt': '19122025172608', 'attchmntFile': 'https://nsearchives.nseindia.com/corporate/BANKINDIA5_19122025172543_CRISIL.pdf', 'sm_name': 'Bank of India', 'sm_isin': 'INE084A01016', 'an_dt': '19-Dec-2025 17:26:08', 'sort_date': '2025-12-19 17:26:08', 'seq_id': '106472516', 'smIndustry': 'Banks', 'orgid': None, 'attchmntText': 'Bank Of India has informed the Exchange about Credit Rating', 'bflag': None, 'old_new': None, 'csvName': None, 'exchdisstime': '19-Dec-2025 17:26:09', 'difference': '00:00:01', 'fileSize': '3.10 MB', 'attFileSize': '3.10 MB', 'hasXbrl': True}",0.0
BANKINDIA,NSE_CORP_ANN,Analysts/Institutional Investor Meet/Con. Call Updates,Bank Of India has informed the Exchange about Investor/Analyst Meet,,,"{'symbol': 'BANKINDIA', 'desc': 'Analysts/Institutional Investor Meet/Con. Call Updates', 'dt': '17122025185012', 'attchmntFile': 'https://nsearchives.nseindia.com/corporate/BANKINDIA5_17122025184929_Milleniumpartners.pdf', 'sm_name': 'Bank of India', 'sm_isin': 'INE084A01016', 'an_dt': '17-Dec-2025 18:50:12', 'sort_date': '2025-12-17 18:50:12', 'seq_id': '106470608', 'smIndustry': 'Banks', 'orgid': None, 'attchmntText': 'Bank Of India has informed the Exchange about Investor/Analyst Meet', 'bflag': None, 'old_new': None, 'csvName': None, 'exchdisstime': '17-Dec-2025 18:50:13', 'difference': '00:00:01', 'fileSize': '54.46 KB', 'attFileSize': '54.46 KB', 'hasXbrl': True}",0.0
BHARATFORG,NSE_CORP_ANN,Credit Rating,Bharat Forge Limited has informed the Exchange about Credit Rating,,,"{'symbol': 'BHARATFORG', 'desc': 'Credit Rating', 'dt': '20122025154557', 'attchmntFile': 'https://nsearchives.nseindia.com/corporate/ANILSHINDE_20122025154544_SEIntimationCreditRating.pdf', 'sm_name': 'Bharat Forge Limited', 'sm_isin': 'INE465A01025', 'an_dt': '20-Dec-2025 15:45:57', 'sort_date': '2025-12-20 15:45:57', 'seq_id': '106473122', 'smIndustry': 'Castings/Forgings', 'orgid': None, 'attchmntText': 'Bharat Forge Limited has informed the Exchange about Credit Rating', 'bflag': None, 'old_new': None, 'csvName': None, 'exchdisstime': '20-Dec-2025 15:45:57', 'difference': '00:00:00', 'fileSize': '172.25 KB', 'attFileSize': '172.25 KB', 'hasXbrl': True}",0.0
BHEL,NSE_CORP_ANN,Amendment to AOA/MOA,Bharat Heavy Electricals Limited has informed the Exchange regarding the Amendment to AOA/MOA of the company.,,,"{'symbol': 'BHEL', 'desc': 'Amendment to AOA/MOA', 'dt': '18122025185447', 'attchmntFile': 'https://nsearchives.nseindia.com/corporate/BHEL_18122025185420_SE_intimation_for_Amendment_AOA_1712.pdf', 'sm_name': 'Bharat Heavy Electricals Limited', 'sm_isin': 'INE257A01018', 'an_dt': '18-Dec-2025 18:54:47', 'sort_date': '2025-12-18 18:54:47', 'seq_id': '106471627', 'smIndustry': 'Electrical Equipment', 'orgid': None, 'attchmntText': 'Bharat Heavy Electricals Limited has informed the Exchange regarding the Amendment to AOA/MOA of the company.', 'bflag': None, 'old_new': None, 'csvName': None, 'exchdisstime': '18-Dec-2025 18:54:48', 'difference': '00:00:01', 'fileSize': '242.23 KB', 'attFileSize': '242.23 KB', 'hasXbrl': True}",0.0
BHEL,NSE_CORP_ANN,Shareholders meeting,Voting Results of Postal Ballot along with Scrutinizer's Report,,,"{'symbol': 'BHEL', 'desc': 'Shareholders meeting', 'dt': '18122025184657', 'attchmntFile': 'https://nsearchives.nseindia.com/corporate/BHEL_18122025184601_44postalballot2025.pdf', 'sm_name': 'Bharat Heavy Electricals Limited', 'sm_isin': 'INE257A01018', 'an_dt': '18-Dec-2025 18:46:57', 'sort_date': '2025-12-18 18:46:57', 'seq_id': '106471619', 'smIndustry': 'Electrical Equipment', 'orgid': None, 'attchmntText': ""Voting Results of Postal Ballot along with Scrutinizer's Report"", 'bflag': None, 'old_new': None, 'csvName': None, 'exchdisstime': '18-Dec-2025 18:46:58', 'difference': '00:00:01', 'fileSize': '1.96 MB', 'attFileSize': '1.96 MB', 'hasXbrl': True}",0.0
BPCL,NSE_CORP_ANN,Trading Window,"Bharat Petroleum Corporation Limited has informed the Exchange regarding the Trading Window closure pursuant to SEBI (Prohibition of Insider Trading) Regulations, 2015",,,"{'symbol': 'BPCL', 'desc': 'Trading Window', 'dt': '22122025161242', 'attchmntFile': 'https://nsearchives.nseindia.com/corporate/BPCL22_22122025161235_stexchwindowclosure221225s.pdf', 'sm_name': 'Bharat Petroleum Corporation Limited', 'sm_isin': 'INE029A01011', 'an_dt': '22-Dec-2025 16:12:42', 'sort_date': '2025-12-22 16:12:42', 'seq_id': '106473921', 'smIndustry': 'Refineries', 'orgid': None, 'attchmntText': 'Bharat Petroleum Corporation Limited has informed the Exchange regarding the Trading Window closure pursuant to SEBI (Prohibition of Insider Trading) Regulations, 2015', 'bflag': None, 'old_new': None, 'csvName': None, 'exchdisstime': '22-Dec-2025 16:12:42', 'difference': '00:00:00', 'fileSize': '290.86 KB', 'attFileSize': '290.86 KB', 'hasXbrl': True}",0.0
BPCL,NSE_CORP_ANN,General Updates,Bharat Petroleum Corporation Limited has informed the Exchange about General Updates,,,"{'symbol': 'BPCL', 'desc': 'General Updates', 'dt': '18122025185525', 'attchmntFile': 'https://nsearchives.nseindia.com/corporate/BPCL22_18122025185517_stexintimationjvcoalindia181225s.pdf', 'sm_name': 'Bharat Petroleum Corporation Limited', 'sm_isin': 'INE029A01011', 'an_dt': '18-Dec-2025 18:55:25', 'sort_date': '2025-12-18 18:55:25', 'seq_id': '106471628', 'smIndustry': 'Refineries', 'orgid': None, 'attchmntText': 'Bharat Petroleum Corporation Limited has informed the Exchange about General Updates', 'bflag': None, 'old_new': None, 'csvName': None, 'exchdisstime': '18-Dec-2025 18:55:26', 'difference': '00:00:01', 'fileSize': '353.94 KB', 'attFileSize': '353.94 KB', 'hasXbrl': True}",0.0
BPCL,NSE_CORP_ANN,Copy of Newspaper Publication,Bharat Petroleum Corporation Limited has informed the Exchange about Copy of Newspaper Publication,,,"{'symbol': 'BPCL', 'desc': 'Copy of Newspaper Publication', 'dt': '17122025151954', 'attchmntFile': 'https://nsearchives.nseindia.com/corporate/BPCL22_17122025151947_stexnewspaperadvtintimation171225s.pdf', 'sm_name': 'Bharat Petroleum Corporation Limited', 'sm_isin': 'INE029A01011', 'an_dt': '17-Dec-2025 15:19:54', 'sort_date': '2025-12-17 15:19:54', 'seq_id': '106470365', 'smIndustry': 'Refineries', 'orgid': None, 'attchmntText': 'Bharat Petroleum Corporation Limited has informed the Exchange about Copy of Newspaper Publication', 'bflag': None, 'old_new': None, 'csvName': None, 'exchdisstime': '17-Dec-2025 15:19:55', 'difference': '00:00:01', 'fileSize': '1.43 MB', 'attFileSize': '1.43 MB', 'hasXbrl': True}",0.0
BHARTIARTL,NSE_CORP_ANN,Copy of Newspaper Publication,Bharti Airtel Limited has informed the Exchange about Copy of Newspaper Publication,,,"{'symbol': 'BHARTIARTL', 'desc': 'Copy of Newspaper Publication', 'dt': '19122025134716', 'attchmntFile': 'https://nsearchives.nseindia.com/corporate/BHARTIARTL_19122025134631_StxnewsDec19Signed.pdf', 'sm_name': 'Bharti Airtel Limited', 'sm_isin': 'INE397D01024', 'an_dt': '19-Dec-2025 13:47:16', 'sort_date': '2025-12-19 13:47:16', 'seq_id': '106472320', 'smIndustry': 'Telecommunication - Services', 'orgid': None, 'attchmntText': 'Bharti Airtel Limited has informed the Exchange about Copy of Newspaper Publication', 'bflag': None, 'old_new': None, 'csvName': None, 'exchdisstime': '19-Dec-2025 13:47:17', 'difference': '00:00:01', 'fileSize': '2.59 MB', 'attFileSize': '2.59 MB', 'hasXbrl': True}",0.0
BHARTIARTL,NSE_CORP_ANN,Amendment to AOA/MOA,Bharti Airtel Limited has informed the Exchange regarding the Amendment to AOA/MOA of the company.,,,"{'symbol': 'BHARTIARTL', 'desc': 'Amendment to AOA/MOA', 'dt': '18122025193406', 'attchmntFile': 'https://nsearchives.nseindia.com/corporate/BHARTIARTL_18122025193347_SHA.pdf', 'sm_name': 'Bharti Airtel Limited', 'sm_isin': 'INE397D01024', 'an_dt': '18-Dec-2025 19:34:06', 'sort_date': '2025-12-18 19:34:06', 'seq_id': '106471652', 'smIndustry': 'Telecommunication - Services', 'orgid': None, 'attchmntText': 'Bharti Airtel Limited has informed the Exchange regarding the Amendment to AOA/MOA of the company.', 'bflag': None, 'old_new': None, 'csvName': None, 'exchdisstime': '18-Dec-2025 19:34:07', 'difference': '00:00:01', 'fileSize': '2.20 MB', 'attFileSize': '2.20 MB', 'hasXbrl': True}",0.0
BHARTIARTL,NSE_CORP_ANN,Agreements,Bharti Airtel Limited has informed the Exchange about Agreements,,,"{'symbol': 'BHARTIARTL', 'desc': 'Agreements', 'dt': '18122025193123', 'attchmntFile': 'https://nsearchives.nseindia.com/corporate/BHARTIARTL_18122025193046_SHA.pdf', 'sm_name': 'Bharti Airtel Limited', 'sm_isin': 'INE397D01024', 'an_dt': '18-Dec-2025 19:31:23', 'sort_date': '2025-12-18 19:31:23', 'seq_id': '106471649', 'smIndustry': 'Telecommunication - Services', 'orgid': None, 'attchmntText': 'Bharti Airtel Limited has informed the Exchange about Agreements', 'bflag': None, 'old_new': None, 'csvName': None, 'exchdisstime': '18-Dec-2025 19:31:24', 'difference': '00:00:01', 'fileSize': '2.20 MB', 'attFileSize': '2.20 MB', 'hasXbrl': True}",0.0
BHARTIARTL,NSE_CORP_ANN,General Updates,"Bharti Airtel Limited has informed the Exchange about the outcome of the Board meeting dt. December 18, 2025 w.r.t. First and Final Call on partly paid-up equity shares.",,,"{'symbol': 'BHARTIARTL', 'desc': 'General Updates', 'dt': '18122025183208', 'attchmntFile': 'https://nsearchives.nseindia.com/corporate/BHARTIARTL_18122025183131_CallMoneyIntimation.pdf', 'sm_name': 'Bharti Airtel Limited', 'sm_isin': 'INE397D01024', 'an_dt': '18-Dec-2025 18:32:08', 'sort_date': '2025-12-18 18:32:08', 'seq_id': '106471598', 'smIndustry': 'Telecommunication - Services', 'orgid': None, 'attchmntText': 'Bharti Airtel Limited has informed the Exchange about the outcome of the Board meeting dt. December 18, 2025 w.r.t. First and Final Call on partly paid-up equity shares.', 'bflag': None, 'old_new': None, 'csvName': None, 'exchdisstime': '18-Dec-2025 18:32:09', 'difference': '00:00:01', 'fileSize': '2.12 MB', 'attFileSize': '2.12 MB', 'hasXbrl': True}",0.0
BHARTIARTL,NSE_CORP_ANN,Change in Director(s),Bharti Airtel Limited has informed the Exchange regarding Change in Director(s) of the company.,,,"{'symbol': 'BHARTIARTL', 'desc': 'Change in Director(s)', 'dt': '18122025180757', 'attchmntFile': 'https://nsearchives.nseindia.com/corporate/BHARTIARTL_18122025180743_BoardManagementChanges.pdf', 'sm_name': 'Bharti Airtel Limited', 'sm_isin': 'INE397D01024', 'an_dt': '18-Dec-2025 18:07:57', 'sort_date': '2025-12-18 18:07:57', 'seq_id': '106471564', 'smIndustry': 'Telecommunication - Services', 'orgid': None, 'attchmntText': 'Bharti Airtel Limited has informed the Exchange regarding Change in Director(s) of the company.', 'bflag': None, 'old_new': None, 'csvName': None, 'exchdisstime': '18-Dec-2025 18:07:59', 'difference': '00:00:02', 'fileSize': '2.26 MB', 'attFileSize': '2.26 MB', 'hasXbrl': True}",0.0
BHARTIARTL,NSE_CORP_ANN,Change in Management,Bharti Airtel Limited has informed the Exchange about change in Management,,,"{'symbol': 'BHARTIARTL', 'desc': 'Change in Management', 'dt': '18122025180400', 'attchmntFile': 'https://nsearchives.nseindia.com/corporate/BHARTIARTL_18122025180148_BoardManagementChanges.pdf', 'sm_name': 'Bharti Airtel Limited', 'sm_isin': 'INE397D01024', 'an_dt': '18-Dec-2025 18:04:00', 'sort_date': '2025-12-18 18:04:00', 'seq_id': '106471556', 'smIndustry': 'Telecommunication - Services', 'orgid': None, 'attchmntText': 'Bharti Airtel Limited has informed the Exchange about change in Management', 'bflag': None, 'old_new': None, 'csvName': None, 'exchdisstime': '18-Dec-2025 18:04:01', 'difference': '00:00:01', 'fileSize': '2.26 MB', 'attFileSize': '2.26 MB', 'hasXbrl': True}",0.0
BHARTIARTL,NSE_CORP_ANN,Action(s) taken or orders passed,Bharti Airtel Limited has informed the Exchange about Action(s) taken or orders passed,,,"{'symbol': 'BHARTIARTL', 'desc': 'Action(s) taken or orders passed', 'dt': '16122025202311', 'attchmntFile': 'https://nsearchives.nseindia.com/corporate/BHARTIARTL_16122025202237_Bharti_Airtel_-_Regulation30Stxdisclosure.pdf', 'sm_name': 'Bharti Airtel Limited', 'sm_isin': 'INE397D01024', 'an_dt': '16-Dec-2025 20:23:11', 'sort_date': '2025-12-16 20:23:11', 'seq_id': '106469672', 'smIndustry': 'Telecommunication - Services', 'orgid': None, 'attchmntText': 'Bharti Airtel Limited has informed the Exchange about Action(s) taken or orders passed', 'bflag': None, 'old_new': None, 'csvName': None, 'exchdisstime': '16-Dec-2025 20:23:11', 'difference': '00:00:00', 'fileSize': '288.43 KB', 'attFileSize': '288.43 KB', 'hasXbrl': True}",0.0
BIOCON,NSE_CORP_ANN,Press Release,"Biocon Limited has informed the Exchange regarding a press release dated December 23, 2025, titled ""Biocon Biologics Secures Full Global Rights to Biosimilar Adalimumab through Expanded FKB In-Licensing Agreement"".",,,"{'symbol': 'BIOCON', 'desc': 'Press Release', 'dt': '23122025091132', 'attchmntFile': 'https://nsearchives.nseindia.com/corporate/BIOCON_23122025090823_PressRelease_23122025.pdf', 'sm_name': 'Biocon Limited', 'sm_isin': 'INE376G01013', 'an_dt': '23-Dec-2025 09:11:32', 'sort_date': '2025-12-23 09:11:32', 'seq_id': '106474530', 'smIndustry': 'Pharmaceuticals', 'orgid': None, 'attchmntText': 'Biocon Limited has informed the Exchange regarding a press release dated December 23, 2025, titled ""Biocon Biologics Secures Full Global Rights to Biosimilar Adalimumab through Expanded FKB In-Licensing Agreement"".', 'bflag': None, 'old_new': None, 'csvName': None, 'exchdisstime': '23-Dec-2025 09:11:33', 'difference': '00:00:01', 'fileSize': '3.11 MB', 'attFileSize': '3.11 MB', 'hasXbrl': True}",0.0
BIOCON,NSE_CORP_ANN,General Updates,Biocon Limited has informed the Exchange about Issue of Commercial Papers,,,"{'symbol': 'BIOCON', 'desc': 'General Updates', 'dt': '22122025193728', 'attchmntFile': 'https://nsearchives.nseindia.com/corporate/BIOCON_22122025193708_Intimation_for_allotment.pdf', 'sm_name': 'Biocon Limited', 'sm_isin': 'INE376G01013', 'an_dt': '22-Dec-2025 19:37:28', 'sort_date': '2025-12-22 19:37:28', 'seq_id': '106474215', 'smIndustry': 'Pharmaceuticals', 'orgid': None, 'attchmntText': 'Biocon Limited has informed the Exchange about Issue of Commercial Papers', 'bflag': None, 'old_new': None, 'csvName': None, 'exchdisstime': '22-Dec-2025 19:37:29', 'difference': '00:00:01', 'fileSize': '3.01 MB', 'attFileSize': '3.01 MB', 'hasXbrl': True}",0.0
BIOCON,NSE_CORP_ANN,Updates,Biocon Limited has informed the Exchange regarding 'Notification to Stock Exchanges'.,,,"{'symbol': 'BIOCON', 'desc': 'Updates', 'dt': '18122025174421', 'attchmntFile': 'https://nsearchives.nseindia.com/corporate/BIOCON_18122025174345_Intimation_to_SE_US_FDA_EIR_BGI_Final_181225.pdf', 'sm_name': 'Biocon Limited', 'sm_isin': 'INE376G01013', 'an_dt': '18-Dec-2025 17:44:21', 'sort_date': '2025-12-18 17:44:21', 'seq_id': '106471533', 'smIndustry': 'Pharmaceuticals', 'orgid': None, 'attchmntText': ""Biocon Limited has informed the Exchange regarding 'Notification to Stock Exchanges'."", 'bflag': None, 'old_new': None, 'csvName': None, 'exchdisstime': '18-Dec-2025 17:44:22', 'difference': '00:00:01', 'fileSize': '2.94 MB', 'attFileSize': '2.94 MB', 'hasXbrl': True}",0.0
BIOCON,NSE_CORP_ANN,Credit Rating,Biocon Limited has informed the Exchange about Credit Rating,,,"{'symbol': 'BIOCON', 'desc': 'Credit Rating', 'dt': '16122025201224', 'attchmntFile': 'https://nsearchives.nseindia.com/corporate/BIOCON_16122025201208_Cover_letter_Intimation.pdf', 'sm_name': 'Biocon Limited', 'sm_isin': 'INE376G01013', 'an_dt': '16-Dec-2025 20:12:24', 'sort_date': '2025-12-16 20:12:24', 'seq_id': '106469668', 'smIndustry': 'Pharmaceuticals', 'orgid': None, 'attchmntText': 'Biocon Limited has informed the Exchange about Credit Rating', 'bflag': None, 'old_new': None, 'csvName': None, 'exchdisstime': '16-Dec-2025 20:12:26', 'difference': '00:00:02', 'fileSize': '3.28 MB', 'attFileSize': '3.28 MB', 'hasXbrl': True}",0.0
BOSCHLTD,NSE_CORP_ANN,Action(s) taken or orders passed,Bosch Limited has informed the Exchange about Action(s) taken or orders passed,,,"{'symbol': 'BOSCHLTD', 'desc': 'Action(s) taken or orders passed', 'dt': '22122025181859', 'attchmntFile': 'https://nsearchives.nseindia.com/corporate/BOSCHLTD2025_22122025181738_LtoSE22122025.pdf', 'sm_name': 'Bosch Limited', 'sm_isin': 'INE323A01026', 'an_dt': '22-Dec-2025 18:18:59', 'sort_date': '2025-12-22 18:18:59', 'seq_id': '106474138', 'smIndustry': 'Auto Ancillaries', 'orgid': None, 'attchmntText': 'Bosch Limited has informed the Exchange about Action(s) taken or orders passed', 'bflag': None, 'old_new': None, 'csvName': None, 'exchdisstime': '22-Dec-2025 18:19:00', 'difference': '00:00:01', 'fileSize': '2.92 MB', 'attFileSize': '2.92 MB', 'hasXbrl': True}",0.0
BRITANNIA,NSE_CORP_ANN,Action(s) taken or orders passed,"Pursuant to Regulation 30 read with Clause 20 of Para A of Part A of Schedule III of the SEBI Listing Regulations, 2015, this is to inform you that the Company has received an Order from the Office of the Deputy Commissioner of State Tax, Mumbai Audit Zone III 504, Mazgaon, Mumbai.",,,"{'symbol': 'BRITANNIA', 'desc': 'Action(s) taken or orders passed', 'dt': '19122025153453', 'attchmntFile': 'https://nsearchives.nseindia.com/corporate/BRITANNIA1_19122025153221_Intimation_signed.pdf', 'sm_name': 'Britannia Industries Limited', 'sm_isin': 'INE216A01014', 'an_dt': '19-Dec-2025 15:34:53', 'sort_date': '2025-12-19 15:34:53', 'seq_id': '106472375', 'smIndustry': 'Food And Food Processing', 'orgid': None, 'attchmntText': 'Pursuant to Regulation 30 read with Clause 20 of Para A of Part A of Schedule III of the SEBI Listing Regulations, 2015, this is to inform you that the Company has received an Order from the Office of the Deputy Commissioner of State Tax, Mumbai Audit Zone III 504, Mazgaon, Mumbai.', 'bflag': None, 'old_new': None, 'csvName': None, 'exchdisstime': '19-Dec-2025 15:34:53', 'difference': '00:00:00', 'fileSize': '542.30 KB', 'attFileSize': '542.30 KB', 'hasXbrl': True}",0.0
CGPOWER,NSE_CORP_ANN,Analysts/Institutional Investor Meet/Con. Call Updates,CG Power and Industrial Solutions Limited has informed the Exchange about Schedule of meet,,,"{'symbol': 'CGPOWER', 'desc': 'Analysts/Institutional Investor Meet/Con. Call Updates', 'dt': '23122025093730', 'attchmntFile': 'https://nsearchives.nseindia.com/corporate/CGPOWER_23122025093528_Intimation_of_Analyst_call_23_12_2025.pdf', 'sm_name': 'CG Power and Industrial Solutions Limited', 'sm_isin': 'INE067A01029', 'an_dt': '23-Dec-2025 09:37:30', 'sort_date': '2025-12-23 09:37:30', 'seq_id': '106474594', 'smIndustry': None, 'orgid': None, 'attchmntText': 'CG Power and Industrial Solutions Limited has informed the Exchange about Schedule of meet', 'bflag': None, 'old_new': None, 'csvName': None, 'exchdisstime': '23-Dec-2025 09:37:31', 'difference': '00:00:01', 'fileSize': '422.45 KB', 'attFileSize': '422.45 KB', 'hasXbrl': True}",0.0
CGPOWER,NSE_CORP_ANN,Updates,"CG Power and Industrial Solutions Limited has informed the Exchange regarding 'Disclosure under Regulation 31A of SEBI LODR, Regulations, 2015'.",,,"{'symbol': 'CGPOWER', 'desc': 'Updates', 'dt': '18122025151600', 'attchmntFile': 'https://nsearchives.nseindia.com/corporate/CGPOWER_18122025151150_Requestforreclassification_AGPL.pdf', 'sm_name': 'CG Power and Industrial Solutions Limited', 'sm_isin': 'INE067A01029', 'an_dt': '18-Dec-2025 15:16:00', 'sort_date': '2025-12-18 15:16:00', 'seq_id': '106471369', 'smIndustry': None, 'orgid': None, 'attchmntText': ""CG Power and Industrial Solutions Limited has informed the Exchange regarding 'Disclosure under Regulation 31A of SEBI LODR, Regulations, 2015'."", 'bflag': None, 'old_new': None, 'csvName': None, 'exchdisstime': '18-Dec-2025 15:16:00', 'difference': '00:00:00', 'fileSize': '860.05 KB', 'attFileSize': '860.05 KB', 'hasXbrl': True}",0.0
CANBK,NSE_CORP_ANN,Updates,Canara Bank has informed the Exchange regarding 'Credit confirmation of Annual Interest Payment & Redemption Payment'.,,,"{'symbol': 'CANBK', 'desc': 'Updates', 'dt': '18122025181854', 'attchmntFile': 'https://nsearchives.nseindia.com/corporate/CANBK_18122025181831_lettertonsebsesigned.pdf', 'sm_name': 'Canara Bank', 'sm_isin': 'INE476A01014', 'an_dt': '18-Dec-2025 18:18:54', 'sort_date': '2025-12-18 18:18:54', 'seq_id': '106471580', 'smIndustry': 'Banks', 'orgid': None, 'attchmntText': ""Canara Bank has informed the Exchange regarding 'Credit confirmation of Annual Interest Payment & Redemption Payment'."", 'bflag': None, 'old_new': None, 'csvName': None, 'exchdisstime': '18-Dec-2025 18:18:55', 'difference': '00:00:01', 'fileSize': '659.87 KB', 'attFileSize': '659.87 KB', 'hasXbrl': True}",0.0
CDSL,NSE_CORP_ANN,Analysts/Institutional Investor Meet/Con. Call Updates,"CDSL has informed the Exchange about the schedule of the Analyst Meet to be held on Friday, December 26, 2025.",,,"{'symbol': 'CDSL', 'desc': 'Analysts/Institutional Investor Meet/Con. Call Updates', 'dt': '22122025183612', 'attchmntFile': 'https://nsearchives.nseindia.com/corporate/CDSL_22122025183530_ConCallInvite_Dec26_2025_Signed.pdf', 'sm_name': 'Central Depository Services (India) Limited', 'sm_isin': 'INE736A01011', 'an_dt': '22-Dec-2025 18:36:12', 'sort_date': '2025-12-22 18:36:12', 'seq_id': '106474161', 'smIndustry': None, 'orgid': None, 'attchmntText': 'CDSL has informed the Exchange about the schedule of the Analyst Meet to be held on Friday, December 26, 2025.', 'bflag': None, 'old_new': None, 'csvName': None, 'exchdisstime': '22-Dec-2025 18:36:14', 'difference': '00:00:02', 'fileSize': '292.67 KB', 'attFileSize': '292.67 KB', 'hasXbrl': True}",0.0
COALINDIA,NSE_CORP_ANN,General Updates,"Coal India Limited has informed the Exchange about General Updates-Additional charge arrangement for the post of Chairman cum Managing Director, Northern Coalfields Limited (NCL) to CMD, CIL.",,,"{'symbol': 'COALINDIA', 'desc': 'General Updates', 'dt': '16122025163548', 'attchmntFile': 'https://nsearchives.nseindia.com/corporate/COALINDIA_16122025163538_cmdnclsigned.pdf', 'sm_name': 'Coal India Limited', 'sm_isin': 'INE522F01014', 'an_dt': '16-Dec-2025 16:35:48', 'sort_date': '2025-12-16 16:35:48', 'seq_id': '106469448', 'smIndustry': 'Mining', 'orgid': None, 'attchmntText': 'Coal India Limited has informed the Exchange about General Updates-Additional charge arrangement for the post of Chairman cum Managing Director, Northern Coalfields Limited (NCL) to CMD, CIL.', 'bflag': None, 'old_new': None, 'csvName': None, 'exchdisstime': '16-Dec-2025 16:35:49', 'difference': '00:00:01', 'fileSize': '768.44 KB', 'attFileSize': '768.44 KB', 'hasXbrl': True}",0.0
COALINDIA,NSE_CORP_ANN,Press Release,"Coal India Limited has informed the Exchange regarding a press release dated December 16, 2025, titled ""Mr. B Sairam new Coal India Chief"".",,,"{'symbol': 'COALINDIA', 'desc': 'Press Release', 'dt': '16122025104243', 'attchmntFile': 'https://nsearchives.nseindia.com/corporate/COALINDIA_16122025104237_letter1612signed.pdf', 'sm_name': 'Coal India Limited', 'sm_isin': 'INE522F01014', 'an_dt': '16-Dec-2025 10:42:43', 'sort_date': '2025-12-16 10:42:43', 'seq_id': '106469114', 'smIndustry': 'Mining', 'orgid': None, 'attchmntText': 'Coal India Limited has informed the Exchange regarding a press release dated December 16, 2025, titled ""Mr. B Sairam new Coal India Chief"".', 'bflag': None, 'old_new': None, 'csvName': None, 'exchdisstime': '16-Dec-2025 10:42:44', 'difference': '00:00:01', 'fileSize': '1.05 MB', 'attFileSize': '1.05 MB', 'hasXbrl': True}",0.0
COFORGE,NSE_CORP_ANN,Trading Window,"Coforge Limited has informed the Exchange regarding the Trading Window closure pursuant to SEBI (Prohibition of Insider Trading) Regulations, 2015",,,"{'symbol': 'COFORGE', 'desc': 'Trading Window', 'dt': '23122025000224', 'attchmntFile': 'https://nsearchives.nseindia.com/corporate/COFORGE_23122025000213_Intimation.pdf', 'sm_name': 'Coforge Limited', 'sm_isin': 'INE591G01017', 'an_dt': '23-Dec-2025 00:02:24', 'sort_date': '2025-12-23 00:02:24', 'seq_id': '106474489', 'smIndustry': None, 'orgid': None, 'attchmntText': 'Coforge Limited has informed the Exchange regarding the Trading Window closure pursuant to SEBI (Prohibition of Insider Trading) Regulations, 2015', 'bflag': None, 'old_new': None, 'csvName': None, 'exchdisstime': '23-Dec-2025 00:02:25', 'difference': '00:00:01', 'fileSize': '353.01 KB', 'attFileSize': '353.01 KB', 'hasXbrl': True}",0.0
COFORGE,NSE_CORP_ANN,Analysts/Institutional Investor Meet/Con. Call Updates,Coforge Limited has informed the Exchange about Schedule of meet,,,"{'symbol': 'COFORGE', 'desc': 'Analysts/Institutional Investor Meet/Con. Call Updates', 'dt': '22122025235826', 'attchmntFile': 'https://nsearchives.nseindia.com/corporate/COFORGE_22122025235810_Intimation.pdf', 'sm_name': 'Coforge Limited', 'sm_isin': 'INE591G01017', 'an_dt': '22-Dec-2025 23:58:26', 'sort_date': '2025-12-22 23:58:26', 'seq_id': '106474486', 'smIndustry': None, 'orgid': None, 'attchmntText': 'Coforge Limited has informed the Exchange about Schedule of meet', 'bflag': None, 'old_new': None, 'csvName': None, 'exchdisstime': '22-Dec-2025 23:58:27', 'difference': '00:00:01', 'fileSize': '353.01 KB', 'attFileSize': '353.01 KB', 'hasXbrl': True}",0.0
COFORGE,NSE_CORP_ANN,General Updates,Coforge Limited has informed the Exchange about Filing of Second Motion Petition with the Hon ble National Company Law Tribunal ( NCLT ),,,"{'symbol': 'COFORGE', 'desc': 'General Updates', 'dt': '16122025133027', 'attchmntFile': 'https://nsearchives.nseindia.com/corporate/COFORGE_16122025133006_STX_Intimation-Coforge_SMP.pdf', 'sm_name': 'Coforge Limited', 'sm_isin': 'INE591G01017', 'an_dt': '16-Dec-2025 13:30:27', 'sort_date': '2025-12-16 13:30:27', 'seq_id': '106469285', 'smIndustry': None, 'orgid': None, 'attchmntText': 'Coforge Limited has informed the Exchange about Filing of Second Motion Petition with the Hon ble National Company Law Tribunal ( NCLT )', 'bflag': None, 'old_new': None, 'csvName': None, 'exchdisstime': '16-Dec-2025 13:30:28', 'difference': '00:00:01', 'fileSize': '232.29 KB', 'attFileSize': '232.29 KB', 'hasXbrl': True}",0.0
COFORGE,NSE_CORP_ANN,Press Release,"Coforge Limited has informed the Exchange regarding a press release dated December 16, 2025, titled ""Coforge Unveils  Data Cosmos    A Next-Gen AI-Enabled, Cloud-Native Data & Analytics Platform Designed to Accelerate Enterprise Transformation"".",,,"{'symbol': 'COFORGE', 'desc': 'Press Release', 'dt': '16122025104215', 'attchmntFile': 'https://nsearchives.nseindia.com/corporate/COFORGE_16122025104153_PR_Dec16.pdf', 'sm_name': 'Coforge Limited', 'sm_isin': 'INE591G01017', 'an_dt': '16-Dec-2025 10:42:15', 'sort_date': '2025-12-16 10:42:15', 'seq_id': '106469113', 'smIndustry': None, 'orgid': None, 'attchmntText': 'Coforge Limited has informed the Exchange regarding a press release dated December 16, 2025, titled ""Coforge Unveils  Data Cosmos    A Next-Gen AI-Enabled, Cloud-Native Data & Analytics Platform Designed to Accelerate Enterprise Transformation"".', 'bflag': None, 'old_new': None, 'csvName': None, 'exchdisstime': '16-Dec-2025 10:42:16', 'difference': '00:00:01', 'fileSize': '463.94 KB', 'attFileSize': '463.94 KB', 'hasXbrl': True}",0.0
CAMS,NSE_CORP_ANN,Analysts/Institutional Investor Meet/Con. Call Updates,Computer Age Management Services Limited has informed the Exchange about Schedule of meet,,,"{'symbol': 'CAMS', 'desc': 'Analysts/Institutional Investor Meet/Con. Call Updates', 'dt': '23122025115023', 'attchmntFile': 'https://nsearchives.nseindia.com/corporate/Jaiganesh_23122025115014_Earnings_Call_Intimation_Final.pdf', 'sm_name': 'Computer Age Management Services Limited', 'sm_isin': 'INE596I01012', 'an_dt': '23-Dec-2025 11:50:23', 'sort_date': '2025-12-23 11:50:23', 'seq_id': '106474854', 'smIndustry': None, 'orgid': None, 'attchmntText': 'Computer Age Management Services Limited has informed the Exchange about Schedule of meet', 'bflag': None, 'old_new': None, 'csvName': None, 'exchdisstime': '23-Dec-2025 11:50:24', 'difference': '00:00:01', 'fileSize': '770.15 KB', 'attFileSize': '770.15 KB', 'hasXbrl': True}",0.0
CAMS,NSE_CORP_ANN,Trading Window,"Computer Age Management Services Limited has informed the Exchange regarding the Trading Window closure pursuant to SEBI (Prohibition of Insider Trading) Regulations, 2015",,,"{'symbol': 'CAMS', 'desc': 'Trading Window', 'dt': '23122025112018', 'attchmntFile': 'https://nsearchives.nseindia.com/corporate/Palaki_23122025112005_Trading_window_closure.pdf', 'sm_name': 'Computer Age Management Services Limited', 'sm_isin': 'INE596I01012', 'an_dt': '23-Dec-2025 11:20:18', 'sort_date': '2025-12-23 11:20:18', 'seq_id': '106474770', 'smIndustry': None, 'orgid': None, 'attchmntText': 'Computer Age Management Services Limited has informed the Exchange regarding the Trading Window closure pursuant to SEBI (Prohibition of Insider Trading) Regulations, 2015', 'bflag': None, 'old_new': None, 'csvName': None, 'exchdisstime': '23-Dec-2025 11:20:19', 'difference': '00:00:01', 'fileSize': '670.12 KB', 'attFileSize': '670.12 KB', 'hasXbrl': True}",0.0
CAMS,NSE_CORP_ANN,Change in Director(s),Computer Age Management Services Limited has informed the Exchange regarding Change in Director(s) of the company.,,,"{'symbol': 'CAMS', 'desc': 'Change in Director(s)', 'dt': '22122025133827', 'attchmntFile': 'https://nsearchives.nseindia.com/corporate/Palaki_22122025133818_CAMS_Outcome_of_the_Board_meeting.pdf', 'sm_name': 'Computer Age Management Services Limited', 'sm_isin': 'INE596I01012', 'an_dt': '22-Dec-2025 13:38:27', 'sort_date': '2025-12-22 13:38:27', 'seq_id': '106473765', 'smIndustry': None, 'orgid': None, 'attchmntText': 'Computer Age Management Services Limited has informed the Exchange regarding Change in Director(s) of the company.', 'bflag': None, 'old_new': None, 'csvName': None, 'exchdisstime': '22-Dec-2025 13:38:28', 'difference': '00:00:01', 'fileSize': '678.64 KB', 'attFileSize': '678.64 KB', 'hasXbrl': True}",0.0
CAMS,NSE_CORP_ANN,Outcome of Board Meeting,"Computer Age Management Services Limited has informed the Exchange regarding  Board meeting held on December 22, 2025.",,,"{'symbol': 'CAMS', 'desc': 'Outcome of Board Meeting', 'dt': '22122025131850', 'attchmntFile': 'https://nsearchives.nseindia.com/corporate/Palaki_22122025131825_CAMS_Outcome_of_the_Board_meeting.pdf', 'sm_name': 'Computer Age Management Services Limited', 'sm_isin': 'INE596I01012', 'an_dt': '22-Dec-2025 13:18:50', 'sort_date': '2025-12-22 13:18:50', 'seq_id': '106473748', 'smIndustry': None, 'orgid': None, 'attchmntText': 'Computer Age Management Services Limited has informed the Exchange regarding  Board meeting held on December 22, 2025.', 'bflag': None, 'old_new': None, 'csvName': None, 'exchdisstime': '22-Dec-2025 13:18:50', 'difference': '00:00:00', 'fileSize': '678.64 KB', 'attFileSize': '678.64 KB', 'hasXbrl': True}",0.0
CAMS,NSE_CORP_ANN,Agreements,Computer Age Management Services Limited has informed the Exchange about Business Transfer Agreement executed between the Company and its wholly owned subsidiary on 17th December 2025.,,,"{'symbol': 'CAMS', 'desc': 'Agreements', 'dt': '17122025181046', 'attchmntFile': 'https://nsearchives.nseindia.com/corporate/Jaiganesh_17122025181018_CAMS_BTA_with_CAMSPay.pdf', 'sm_name': 'Computer Age Management Services Limited', 'sm_isin': 'INE596I01012', 'an_dt': '17-Dec-2025 18:10:46', 'sort_date': '2025-12-17 18:10:46', 'seq_id': '106470552', 'smIndustry': None, 'orgid': None, 'attchmntText': 'Computer Age Management Services Limited has informed the Exchange about Business Transfer Agreement executed between the Company and its wholly owned subsidiary on 17th December 2025.', 'bflag': None, 'old_new': None, 'csvName': None, 'exchdisstime': '17-Dec-2025 18:10:47', 'difference': '00:00:01', 'fileSize': '436.42 KB', 'attFileSize': '436.42 KB', 'hasXbrl': True}",0.0
CONCOR,NSE_CORP_ANN,General Updates,Disclosure under Regulation 30 of SEBI (LODR) Regulations 2015,,,"{'symbol': 'CONCOR', 'desc': 'General Updates', 'dt': '22122025125543', 'attchmntFile': 'https://nsearchives.nseindia.com/corporate/CONCOR_22122025125523_CONCOR_SE_22122025.pdf', 'sm_name': 'Container Corporation of India Limited', 'sm_isin': 'INE111A01017', 'an_dt': '22-Dec-2025 12:55:43', 'sort_date': '2025-12-22 12:55:43', 'seq_id': '106473728', 'smIndustry': 'Travel And Transport', 'orgid': None, 'attchmntText': 'Disclosure under Regulation 30 of SEBI (LODR) Regulations 2015', 'bflag': None, 'old_new': None, 'csvName': None, 'exchdisstime': '22-Dec-2025 12:55:44', 'difference': '00:00:01', 'fileSize': '560.46 KB', 'attFileSize': '560.46 KB', 'hasXbrl': True}",0.0
CONCOR,NSE_CORP_ANN,Change in Management,Container Corporation Of India Limited has informed the Exchange about change in Management,,,"{'symbol': 'CONCOR', 'desc': 'Change in Management', 'dt': '19122025174842', 'attchmntFile': 'https://nsearchives.nseindia.com/corporate/CONCOR_19122025174815_CONCOR_SE_19122025.pdf', 'sm_name': 'Container Corporation of India Limited', 'sm_isin': 'INE111A01017', 'an_dt': '19-Dec-2025 17:48:42', 'sort_date': '2025-12-19 17:48:42', 'seq_id': '106472545', 'smIndustry': 'Travel And Transport', 'orgid': None, 'attchmntText': 'Container Corporation Of India Limited has informed the Exchange about change in Management', 'bflag': None, 'old_new': None, 'csvName': None, 'exchdisstime': '19-Dec-2025 17:48:44', 'difference': '00:00:02', 'fileSize': '556.50 KB', 'attFileSize': '556.50 KB', 'hasXbrl': True}",0.0
CROMPTON,NSE_CORP_ANN,Action(s) taken or orders passed,Crompton Greaves Consumer Electricals Limited has informed the Exchange about Action(s) taken or orders passed,,,"{'symbol': 'CROMPTON', 'desc': 'Action(s) taken or orders passed', 'dt': '22122025193808', 'attchmntFile': 'https://nsearchives.nseindia.com/corporate/Crompton123_22122025193552_IntimationforOrderspassed.pdf', 'sm_name': 'Crompton Greaves Consumer Electricals Limited', 'sm_isin': 'INE299U01018', 'an_dt': '22-Dec-2025 19:38:08', 'sort_date': '2025-12-22 19:38:08', 'seq_id': '106474216', 'smIndustry': None, 'orgid': None, 'attchmntText': 'Crompton Greaves Consumer Electricals Limited has informed the Exchange about Action(s) taken or orders passed', 'bflag': None, 'old_new': None, 'csvName': None, 'exchdisstime': '22-Dec-2025 19:38:09', 'difference': '00:00:01', 'fileSize': '3.05 MB', 'attFileSize': '3.05 MB', 'hasXbrl': True}",0.0
CROMPTON,NSE_CORP_ANN,General Updates,Crompton Greaves Consumer Electricals Limited has informed the Exchange about General Updates,,,"{'symbol': 'CROMPTON', 'desc': 'General Updates', 'dt': '20122025180016', 'attchmntFile': 'https://nsearchives.nseindia.com/corporate/Crompton123_20122025175724_Intimationofgrantofpatent.pdf', 'sm_name': 'Crompton Greaves Consumer Electricals Limited', 'sm_isin': 'INE299U01018', 'an_dt': '20-Dec-2025 18:00:16', 'sort_date': '2025-12-20 18:00:16', 'seq_id': '106473163', 'smIndustry': None, 'orgid': None, 'attchmntText': 'Crompton Greaves Consumer Electricals Limited has informed the Exchange about General Updates', 'bflag': None, 'old_new': None, 'csvName': None, 'exchdisstime': '20-Dec-2025 18:00:17', 'difference': '00:00:01', 'fileSize': '3.04 MB', 'attFileSize': '3.04 MB', 'hasXbrl': True}",0.0
CUMMINSIND,NSE_CORP_ANN,Action(s) taken or orders passed,"Cummins India Limited has informed the Exchange about Action(s) taken or orders passed - Order imposing penalty passed by the Assessment Unit, Income Tax Department",,,"{'symbol': 'CUMMINSIND', 'desc': 'Action(s) taken or orders passed', 'dt': '22122025204503', 'attchmntFile': 'https://nsearchives.nseindia.com/corporate/CILINDIA_22122025204239_SEIntimation-CIL-AY_15-16_Penalty_order_Signed.pdf', 'sm_name': 'Cummins India Limited', 'sm_isin': 'INE298A01020', 'an_dt': '22-Dec-2025 20:45:03', 'sort_date': '2025-12-22 20:45:03', 'seq_id': '106474240', 'smIndustry': 'Diesel Engines', 'orgid': None, 'attchmntText': 'Cummins India Limited has informed the Exchange about Action(s) taken or orders passed - Order imposing penalty passed by the Assessment Unit, Income Tax Department', 'bflag': None, 'old_new': None, 'csvName': None, 'exchdisstime': '22-Dec-2025 20:45:04', 'difference': '00:00:01', 'fileSize': '199.88 KB', 'attFileSize': '199.88 KB', 'hasXbrl': True}",0.0
CUMMINSIND,NSE_CORP_ANN,Pendency of Litigation(s)/dispute(s) or the outcome impacting the Company,Cummins India Limited has informed the Exchange about Pendency of Litigation(s)/dispute(s) or the outcome impacting the Company-Order in favor by Income Tax Appellate Tribunal (ITAT),,,"{'symbol': 'CUMMINSIND', 'desc': 'Pendency of Litigation(s)/dispute(s) or the outcome impacting the Company', 'dt': '19122025194227', 'attchmntFile': 'https://nsearchives.nseindia.com/corporate/CILINDIA_19122025194210_SEIntimation-CILTaxOrder19122025_sign.pdf', 'sm_name': 'Cummins India Limited', 'sm_isin': 'INE298A01020', 'an_dt': '19-Dec-2025 19:42:27', 'sort_date': '2025-12-19 19:42:27', 'seq_id': '106472711', 'smIndustry': 'Diesel Engines', 'orgid': None, 'attchmntText': 'Cummins India Limited has informed the Exchange about Pendency of Litigation(s)/dispute(s) or the outcome impacting the Company-Order in favor by Income Tax Appellate Tribunal (ITAT)', 'bflag': None, 'old_new': None, 'csvName': None, 'exchdisstime': '19-Dec-2025 19:42:28', 'difference': '00:00:01', 'fileSize': '200.65 KB', 'attFileSize': '200.65 KB', 'hasXbrl': True}",0.0
CUMMINSIND,NSE_CORP_ANN,General Updates,Cummins India Limited has informed the Exchange about General Updates - Approval for acquisition of stake in Clean Max Yellowstone Private Limited,,,"{'symbol': 'CUMMINSIND', 'desc': 'General Updates', 'dt': '18122025185345', 'attchmntFile': 'https://nsearchives.nseindia.com/corporate/CILINDIA_18122025185324_SEIntimation_SPV18122025sign.pdf', 'sm_name': 'Cummins India Limited', 'sm_isin': 'INE298A01020', 'an_dt': '18-Dec-2025 18:53:45', 'sort_date': '2025-12-18 18:53:45', 'seq_id': '106471623', 'smIndustry': 'Diesel Engines', 'orgid': None, 'attchmntText': 'Cummins India Limited has informed the Exchange about General Updates - Approval for acquisition of stake in Clean Max Yellowstone Private Limited', 'bflag': None, 'old_new': None, 'csvName': None, 'exchdisstime': '18-Dec-2025 18:53:46', 'difference': '00:00:01', 'fileSize': '253.57 KB', 'attFileSize': '253.57 KB', 'hasXbrl': True}",0.0
CUMMINSIND,NSE_CORP_ANN,Outcome of Board Meeting,"Cummins India Limited has informed the Exchange regarding Outcome of Board Meeting held on December 18, 2025.",,,"{'symbol': 'CUMMINSIND', 'desc': 'Outcome of Board Meeting', 'dt': '18122025185133', 'attchmntFile': 'https://nsearchives.nseindia.com/corporate/CILINDIA_18122025185042_SEIntimation_SPV18122025sign.pdf', 'sm_name': 'Cummins India Limited', 'sm_isin': 'INE298A01020', 'an_dt': '18-Dec-2025 18:51:33', 'sort_date': '2025-12-18 18:51:33', 'seq_id': '106471621', 'smIndustry': 'Diesel Engines', 'orgid': None, 'attchmntText': 'Cummins India Limited has informed the Exchange regarding Outcome of Board Meeting held on December 18, 2025.', 'bflag': None, 'old_new': None, 'csvName': None, 'exchdisstime': '18-Dec-2025 18:51:34', 'difference': '00:00:01', 'fileSize': '253.57 KB', 'attFileSize': '253.57 KB', 'hasXbrl': True}",0.0
CYIENT,NSE_CORP_ANN,Analysts/Institutional Investor Meet/Con. Call Updates,Cyient Limited has informed the Exchange about Link of Recording,,,"{'symbol': 'CYIENT', 'desc': 'Analysts/Institutional Investor Meet/Con. Call Updates', 'dt': '18122025182404', 'attchmntFile': 'https://nsearchives.nseindia.com/corporate/CYIENT_18122025182350_RecordinglinkFinalSigned.pdf', 'sm_name': 'Cyient Limited', 'sm_isin': 'INE136B01020', 'an_dt': '18-Dec-2025 18:24:04', 'sort_date': '2025-12-18 18:24:04', 'seq_id': '106471588', 'smIndustry': None, 'orgid': None, 'attchmntText': 'Cyient Limited has informed the Exchange about Link of Recording', 'bflag': None, 'old_new': None, 'csvName': None, 'exchdisstime': '18-Dec-2025 18:24:05', 'difference': '00:00:01', 'fileSize': '417.78 KB', 'attFileSize': '417.78 KB', 'hasXbrl': True}",0.0
CYIENT,NSE_CORP_ANN,Press Release,"Cyient Limited has informed the Exchange regarding a press release dated December 17, 2025, titled ""Cyient Semiconductors Acquires Majority Stake in Kinetic Technologies to Drive Custom Power IC Leadership for Edge AI and High-Performance Compute Markets"".",,,"{'symbol': 'CYIENT', 'desc': 'Press Release', 'dt': '17122025201702', 'attchmntFile': 'https://nsearchives.nseindia.com/corporate/CYIENT_17122025201627_PR17122025Signed.pdf', 'sm_name': 'Cyient Limited', 'sm_isin': 'INE136B01020', 'an_dt': '17-Dec-2025 20:17:02', 'sort_date': '2025-12-17 20:17:02', 'seq_id': '106470696', 'smIndustry': None, 'orgid': None, 'attchmntText': 'Cyient Limited has informed the Exchange regarding a press release dated December 17, 2025, titled ""Cyient Semiconductors Acquires Majority Stake in Kinetic Technologies to Drive Custom Power IC Leadership for Edge AI and High-Performance Compute Markets"".', 'bflag': None, 'old_new': None, 'csvName': None, 'exchdisstime': '17-Dec-2025 20:17:03', 'difference': '00:00:01', 'fileSize': '1.12 MB', 'attFileSize': '1.12 MB', 'hasXbrl': True}",0.0
CYIENT,NSE_CORP_ANN,Acquisition,Cyient Limited has informed the Exchange about Acquisition,,,"{'symbol': 'CYIENT', 'desc': 'Acquisition', 'dt': '17122025195736', 'attchmntFile': 'https://nsearchives.nseindia.com/corporate/CYIENT_17122025195557_Crystal12172025Signed.pdf', 'sm_name': 'Cyient Limited', 'sm_isin': 'INE136B01020', 'an_dt': '17-Dec-2025 19:57:36', 'sort_date': '2025-12-17 19:57:36', 'seq_id': '106470683', 'smIndustry': None, 'orgid': None, 'attchmntText': 'Cyient Limited has informed the Exchange about Acquisition', 'bflag': None, 'old_new': None, 'csvName': None, 'exchdisstime': '17-Dec-2025 19:57:37', 'difference': '00:00:01', 'fileSize': '558.37 KB', 'attFileSize': '558.37 KB', 'hasXbrl': True}",0.0
CYIENT,NSE_CORP_ANN,Outcome of Board Meeting,"Cyient Limited has informed the Exchange regarding  Board meeting held on December 17, 2025.",,,"{'symbol': 'CYIENT', 'desc': 'Outcome of Board Meeting', 'dt': '17122025195347', 'attchmntFile': 'https://nsearchives.nseindia.com/corporate/CYIENT_17122025195312_Crystal12172025Signed.pdf', 'sm_name': 'Cyient Limited', 'sm_isin': 'INE136B01020', 'an_dt': '17-Dec-2025 19:53:47', 'sort_date': '2025-12-17 19:53:47', 'seq_id': '106470681', 'smIndustry': None, 'orgid': None, 'attchmntText': 'Cyient Limited has informed the Exchange regarding  Board meeting held on December 17, 2025.', 'bflag': None, 'old_new': None, 'csvName': None, 'exchdisstime': '17-Dec-2025 19:53:48', 'difference': '00:00:01', 'fileSize': '558.37 KB', 'attFileSize': '558.37 KB', 'hasXbrl': True}",0.0
DLF,NSE_CORP_ANN,Updates,DLF Limited has informed the Exchange regarding 'Disclosure under Regulation 30 of SEBI Listing Regulations'.,,,"{'symbol': 'DLF', 'desc': 'Updates', 'dt': '17122025181751', 'attchmntFile': 'https://nsearchives.nseindia.com/corporate/DLF_17122025181541_Letter.pdf', 'sm_name': 'DLF Limited', 'sm_isin': 'INE271C01023', 'an_dt': '17-Dec-2025 18:17:51', 'sort_date': '2025-12-17 18:17:51', 'seq_id': '106470562', 'smIndustry': 'Construction', 'orgid': None, 'attchmntText': ""DLF Limited has informed the Exchange regarding 'Disclosure under Regulation 30 of SEBI Listing Regulations'."", 'bflag': None, 'old_new': None, 'csvName': None, 'exchdisstime': '17-Dec-2025 18:17:52', 'difference': '00:00:01', 'fileSize': '2.96 MB', 'attFileSize': '2.96 MB', 'hasXbrl': True}",0.0
DABUR,NSE_CORP_ANN,General Updates,"Dabur India Limited has informed the Exchange about disclosure under Regulation 30 of SEBI (LODR) Regulations, 2025 (""SEBI Listing Regulations"") - ESG Rating assigned by SES ESG Research Private Limited",,,"{'symbol': 'DABUR', 'desc': 'General Updates', 'dt': '22122025154345', 'attchmntFile': 'https://nsearchives.nseindia.com/corporate/DABUR_22122025154156_ESGLetter.pdf', 'sm_name': 'Dabur India Limited', 'sm_isin': 'INE016A01026', 'an_dt': '22-Dec-2025 15:43:45', 'sort_date': '2025-12-22 15:43:45', 'seq_id': '106473885', 'smIndustry': 'Personal Care', 'orgid': None, 'attchmntText': 'Dabur India Limited has informed the Exchange about disclosure under Regulation 30 of SEBI (LODR) Regulations, 2025 (""SEBI Listing Regulations"") - ESG Rating assigned by SES ESG Research Private Limited', 'bflag': None, 'old_new': None, 'csvName': None, 'exchdisstime': '22-Dec-2025 15:43:46', 'difference': '00:00:01', 'fileSize': '372.38 KB', 'attFileSize': '372.38 KB', 'hasXbrl': True}",0.0
DABUR,NSE_CORP_ANN,Action(s) taken or orders passed,"Dabur India Limited has informed the Exchange about update on Action(s) taken or orders passed on February 5, 2025",,,"{'symbol': 'DABUR', 'desc': 'Action(s) taken or orders passed', 'dt': '17122025154838', 'attchmntFile': 'https://nsearchives.nseindia.com/corporate/DABUR_17122025154515_Update.pdf', 'sm_name': 'Dabur India Limited', 'sm_isin': 'INE016A01026', 'an_dt': '17-Dec-2025 15:48:38', 'sort_date': '2025-12-17 15:48:38', 'seq_id': '106470383', 'smIndustry': 'Personal Care', 'orgid': None, 'attchmntText': 'Dabur India Limited has informed the Exchange about update on Action(s) taken or orders passed on February 5, 2025', 'bflag': None, 'old_new': None, 'csvName': None, 'exchdisstime': '17-Dec-2025 15:48:39', 'difference': '00:00:01', 'fileSize': '145.93 KB', 'attFileSize': '145.93 KB', 'hasXbrl': True}",0.0
DABUR,NSE_CORP_ANN,Updates,Dabur India Limited has informed the Exchange regarding 'Report on Special Window for Re-lodgement of Transfer Request of Physical Shares'.,,,"{'symbol': 'DABUR', 'desc': 'Updates', 'dt': '17122025142618', 'attchmntFile': 'https://nsearchives.nseindia.com/corporate/DABUR_17122025142125_relodgement.pdf', 'sm_name': 'Dabur India Limited', 'sm_isin': 'INE016A01026', 'an_dt': '17-Dec-2025 14:26:18', 'sort_date': '2025-12-17 14:26:18', 'seq_id': '106470323', 'smIndustry': 'Personal Care', 'orgid': None, 'attchmntText': ""Dabur India Limited has informed the Exchange regarding 'Report on Special Window for Re-lodgement of Transfer Request of Physical Shares'."", 'bflag': None, 'old_new': None, 'csvName': None, 'exchdisstime': '17-Dec-2025 14:26:19', 'difference': '00:00:01', 'fileSize': '171.71 KB', 'attFileSize': '171.71 KB', 'hasXbrl': True}",0.0
DABUR,NSE_CORP_ANN,Trading Window,"Dabur India Limited has informed the Exchange regarding the Trading Window closure pursuant to SEBI (Prohibition of Insider Trading) Regulations, 2015",,,"{'symbol': 'DABUR', 'desc': 'Trading Window', 'dt': '17122025142442', 'attchmntFile': 'https://nsearchives.nseindia.com/corporate/DABUR_17122025141835_tradingwindow.pdf', 'sm_name': 'Dabur India Limited', 'sm_isin': 'INE016A01026', 'an_dt': '17-Dec-2025 14:24:42', 'sort_date': '2025-12-17 14:24:42', 'seq_id': '106470322', 'smIndustry': 'Personal Care', 'orgid': None, 'attchmntText': 'Dabur India Limited has informed the Exchange regarding the Trading Window closure pursuant to SEBI (Prohibition of Insider Trading) Regulations, 2015', 'bflag': None, 'old_new': None, 'csvName': None, 'exchdisstime': '17-Dec-2025 14:24:43', 'difference': '00:00:01', 'fileSize': '120.83 KB', 'attFileSize': '120.83 KB', 'hasXbrl': True}",0.0
DIXON,NSE_CORP_ANN,Analysts/Institutional Investor Meet/Con. Call Updates,Dixon Technologies (India) Limited has informed the Exchange about Investor Meet Outcome,,,"{'symbol': 'DIXON', 'desc': 'Analysts/Institutional Investor Meet/Con. Call Updates', 'dt': '20122025100238', 'attchmntFile': 'https://nsearchives.nseindia.com/corporate/DIXON_20122025100124_Outcome.pdf', 'sm_name': 'Dixon Technologies (India) Limited', 'sm_isin': 'INE935N01012', 'an_dt': '20-Dec-2025 10:02:38', 'sort_date': '2025-12-20 10:02:38', 'seq_id': '106472995', 'smIndustry': None, 'orgid': None, 'attchmntText': 'Dixon Technologies (India) Limited has informed the Exchange about Investor Meet Outcome', 'bflag': None, 'old_new': None, 'csvName': None, 'exchdisstime': '20-Dec-2025 10:02:39', 'difference': '00:00:01', 'fileSize': '650.07 KB', 'attFileSize': '650.07 KB', 'hasXbrl': True}",0.0
DRREDDY,NSE_CORP_ANN,Copy of Newspaper Publication,Dr. Reddy's Laboratories Limited has informed the Exchange about Copy of Newspaper Publication,,,"{'symbol': 'DRREDDY', 'desc': 'Copy of Newspaper Publication', 'dt': '17122025163848', 'attchmntFile': 'https://nsearchives.nseindia.com/corporate/DRREDDY_17122025163837_Stock_Exchange_Intimation_newspaper_advertisement_signed.pdf', 'sm_name': ""Dr. Reddy's Laboratories Limited"", 'sm_isin': 'INE089A01023', 'an_dt': '17-Dec-2025 16:38:48', 'sort_date': '2025-12-17 16:38:48', 'seq_id': '106470419', 'smIndustry': 'Pharmaceuticals', 'orgid': None, 'attchmntText': ""Dr. Reddy's Laboratories Limited has informed the Exchange about Copy of Newspaper Publication"", 'bflag': None, 'old_new': None, 'csvName': None, 'exchdisstime': '17-Dec-2025 16:38:49', 'difference': '00:00:01', 'fileSize': '6.01 MB', 'attFileSize': '6.01 MB', 'hasXbrl': True}",0.0
DRREDDY,NSE_CORP_ANN,Analysts/Institutional Investor Meet/Con. Call Updates,Dr. Reddy's Laboratories Limited has informed the Exchange about Schedule of meet,,,"{'symbol': 'DRREDDY', 'desc': 'Analysts/Institutional Investor Meet/Con. Call Updates', 'dt': '16122025144339', 'attchmntFile': 'https://nsearchives.nseindia.com/corporate/DRREDDY_16122025144241_SEIntimation_Investormeet_16122025_Signed.pdf', 'sm_name': ""Dr. Reddy's Laboratories Limited"", 'sm_isin': 'INE089A01023', 'an_dt': '16-Dec-2025 14:43:39', 'sort_date': '2025-12-16 14:43:39', 'seq_id': '106469323', 'smIndustry': 'Pharmaceuticals', 'orgid': None, 'attchmntText': ""Dr. Reddy's Laboratories Limited has informed the Exchange about Schedule of meet"", 'bflag': None, 'old_new': None, 'csvName': None, 'exchdisstime': '16-Dec-2025 14:43:41', 'difference': '00:00:02', 'fileSize': '362.06 KB', 'attFileSize': '362.06 KB', 'hasXbrl': True}",0.0
ETERNAL,NSE_CORP_ANN,Trading Window,"ETERNAL LIMITED has informed the Exchange regarding the Trading Window closure pursuant to SEBI (Prohibition of Insider Trading) Regulations, 2015",,,"{'symbol': 'ETERNAL', 'desc': 'Trading Window', 'dt': '19122025183323', 'attchmntFile': 'https://nsearchives.nseindia.com/corporate/ZOMATO_19122025183237_InsiderTradingIntimation2025.pdf', 'sm_name': 'ETERNAL LIMITED', 'sm_isin': 'INE758T01015', 'an_dt': '19-Dec-2025 18:33:23', 'sort_date': '2025-12-19 18:33:23', 'seq_id': '106472623', 'smIndustry': None, 'orgid': None, 'attchmntText': 'ETERNAL LIMITED has informed the Exchange regarding the Trading Window closure pursuant to SEBI (Prohibition of Insider Trading) Regulations, 2015', 'bflag': None, 'old_new': None, 'csvName': None, 'exchdisstime': '19-Dec-2025 18:33:24', 'difference': '00:00:01', 'fileSize': '167.28 KB', 'attFileSize': '167.28 KB', 'hasXbrl': True}",0.0
ETERNAL,NSE_CORP_ANN,General Updates,"Eternal Limited has informed the exchange about incorporation of Eternal General Service Foundation, a wholly owned subsidiary of the Company",,,"{'symbol': 'ETERNAL', 'desc': 'General Updates', 'dt': '18122025193633', 'attchmntFile': 'https://nsearchives.nseindia.com/corporate/ZOMATO_18122025193530_IntimationIncorporationupdatesigned.pdf', 'sm_name': 'ETERNAL LIMITED', 'sm_isin': 'INE758T01015', 'an_dt': '18-Dec-2025 19:36:33', 'sort_date': '2025-12-18 19:36:33', 'seq_id': '106471654', 'smIndustry': None, 'orgid': None, 'attchmntText': 'Eternal Limited has informed the exchange about incorporation of Eternal General Service Foundation, a wholly owned subsidiary of the Company', 'bflag': None, 'old_new': None, 'csvName': None, 'exchdisstime': '18-Dec-2025 19:36:35', 'difference': '00:00:02', 'fileSize': '247.01 KB', 'attFileSize': '247.01 KB', 'hasXbrl': True}",0.0
EXIDEIND,NSE_CORP_ANN,General Updates,"Exide Industries Limited has informed the Exchange about further investment in Exide Energy Solutions Limited, wholly owned subsidiary of the Company.",,,"{'symbol': 'EXIDEIND', 'desc': 'General Updates', 'dt': '23122025110941', 'attchmntFile': 'https://nsearchives.nseindia.com/corporate/EXIDEIND_23122025110931_sdSE23122025.pdf', 'sm_name': 'Exide Industries Limited', 'sm_isin': 'INE302A01020', 'an_dt': '23-Dec-2025 11:09:41', 'sort_date': '2025-12-23 11:09:41', 'seq_id': '106474760', 'smIndustry': 'Auto Ancillaries', 'orgid': None, 'attchmntText': 'Exide Industries Limited has informed the Exchange about further investment in Exide Energy Solutions Limited, wholly owned subsidiary of the Company.', 'bflag': None, 'old_new': None, 'csvName': None, 'exchdisstime': '23-Dec-2025 11:09:42', 'difference': '00:00:01', 'fileSize': '398.24 KB', 'attFileSize': '398.24 KB', 'hasXbrl': True}",0.0
EXIDEIND,NSE_CORP_ANN,Updates,"Exide Industries Limited has informed the Exchange regarding change in KMP of Exide Energy Solutions Limited, Wholly owned subsidiary of the Company.",,,"{'symbol': 'EXIDEIND', 'desc': 'Updates', 'dt': '23122025110357', 'attchmntFile': 'https://nsearchives.nseindia.com/corporate/EXIDEIND_23122025110325_sdSE23122025.pdf', 'sm_name': 'Exide Industries Limited', 'sm_isin': 'INE302A01020', 'an_dt': '23-Dec-2025 11:03:57', 'sort_date': '2025-12-23 11:03:57', 'seq_id': '106474743', 'smIndustry': 'Auto Ancillaries', 'orgid': None, 'attchmntText': 'Exide Industries Limited has informed the Exchange regarding change in KMP of Exide Energy Solutions Limited, Wholly owned subsidiary of the Company.', 'bflag': None, 'old_new': None, 'csvName': None, 'exchdisstime': '23-Dec-2025 11:03:58', 'difference': '00:00:01', 'fileSize': '398.24 KB', 'attFileSize': '398.24 KB', 'hasXbrl': True}",0.0
FORTIS,NSE_CORP_ANN,Updates,Fortis Healthcare Limited has informed the Exchange regarding 'Certificate of payment of interest to debenture holders'.,,,"{'symbol': 'FORTIS', 'desc': 'Updates', 'dt': '22122025191920', 'attchmntFile': 'https://nsearchives.nseindia.com/corporate/FORTIS_22122025191907_INTIMATIONFHL.pdf', 'sm_name': 'Fortis Healthcare Limited', 'sm_isin': 'INE061F01013', 'an_dt': '22-Dec-2025 19:19:20', 'sort_date': '2025-12-22 19:19:20', 'seq_id': '106474205', 'smIndustry': 'Miscellaneous', 'orgid': None, 'attchmntText': ""Fortis Healthcare Limited has informed the Exchange regarding 'Certificate of payment of interest to debenture holders'."", 'bflag': None, 'old_new': None, 'csvName': None, 'exchdisstime': '22-Dec-2025 19:19:22', 'difference': '00:00:02', 'fileSize': '551.59 KB', 'attFileSize': '551.59 KB', 'hasXbrl': True}",0.0
FORTIS,NSE_CORP_ANN,Trading Window,"Fortis Healthcare Limited has informed the Exchange regarding the Trading Window closure pursuant to SEBI (Prohibition of Insider Trading) Regulations, 2015",,,"{'symbol': 'FORTIS', 'desc': 'Trading Window', 'dt': '22122025153412', 'attchmntFile': 'https://nsearchives.nseindia.com/corporate/FORTIS_22122025153358_FHLINTIMATION3Q2025.pdf', 'sm_name': 'Fortis Healthcare Limited', 'sm_isin': 'INE061F01013', 'an_dt': '22-Dec-2025 15:34:12', 'sort_date': '2025-12-22 15:34:12', 'seq_id': '106473872', 'smIndustry': 'Miscellaneous', 'orgid': None, 'attchmntText': 'Fortis Healthcare Limited has informed the Exchange regarding the Trading Window closure pursuant to SEBI (Prohibition of Insider Trading) Regulations, 2015', 'bflag': None, 'old_new': None, 'csvName': None, 'exchdisstime': '22-Dec-2025 15:34:13', 'difference': '00:00:01', 'fileSize': '629.71 KB', 'attFileSize': '629.71 KB', 'hasXbrl': True}",0.0
FORTIS,NSE_CORP_ANN,Press Release,"Fortis Healthcare Limited has informed the Exchange regarding a press release dated December 19, 2025, titled ""Attached "".",,,"{'symbol': 'FORTIS', 'desc': 'Press Release', 'dt': '20122025004633', 'attchmntFile': 'https://nsearchives.nseindia.com/corporate/FORTIS_20122025004623_FHLPRS.pdf', 'sm_name': 'Fortis Healthcare Limited', 'sm_isin': 'INE061F01013', 'an_dt': '20-Dec-2025 00:46:33', 'sort_date': '2025-12-20 00:46:33', 'seq_id': '106472984', 'smIndustry': 'Miscellaneous', 'orgid': None, 'attchmntText': 'Fortis Healthcare Limited has informed the Exchange regarding a press release dated December 19, 2025, titled ""Attached "".', 'bflag': None, 'old_new': None, 'csvName': None, 'exchdisstime': '20-Dec-2025 00:46:34', 'difference': '00:00:01', 'fileSize': '420.49 KB', 'attFileSize': '420.49 KB', 'hasXbrl': True}",0.0
FORTIS,NSE_CORP_ANN,General Updates,Fortis Healthcare Limited has informed the Exchange about Signing of definitive agreements for acquisition of TMI Healthcare Private Limited,,,"{'symbol': 'FORTIS', 'desc': 'General Updates', 'dt': '20122025003854', 'attchmntFile': 'https://nsearchives.nseindia.com/corporate/FORTIS_20122025003846_FHL-STx_Intimation-S.pdf', 'sm_name': 'Fortis Healthcare Limited', 'sm_isin': 'INE061F01013', 'an_dt': '20-Dec-2025 00:38:54', 'sort_date': '2025-12-20 00:38:54', 'seq_id': '106472983', 'smIndustry': 'Miscellaneous', 'orgid': None, 'attchmntText': 'Fortis Healthcare Limited has informed the Exchange about Signing of definitive agreements for acquisition of TMI Healthcare Private Limited', 'bflag': None, 'old_new': None, 'csvName': None, 'exchdisstime': '20-Dec-2025 00:38:55', 'difference': '00:00:01', 'fileSize': '329.83 KB', 'attFileSize': '329.83 KB', 'hasXbrl': True}",0.0
FORTIS,NSE_CORP_ANN,Change in Director(s),Fortis Healthcare Limited has informed the Exchange regarding Change in Director(s) of the company.,,,"{'symbol': 'FORTIS', 'desc': 'Change in Director(s)', 'dt': '19122025154715', 'attchmntFile': 'https://nsearchives.nseindia.com/corporate/FORTIS_19122025154659_IntimationFHLHarrisapp.pdf', 'sm_name': 'Fortis Healthcare Limited', 'sm_isin': 'INE061F01013', 'an_dt': '19-Dec-2025 15:47:15', 'sort_date': '2025-12-19 15:47:15', 'seq_id': '106472390', 'smIndustry': 'Miscellaneous', 'orgid': None, 'attchmntText': 'Fortis Healthcare Limited has informed the Exchange regarding Change in Director(s) of the company.', 'bflag': None, 'old_new': None, 'csvName': None, 'exchdisstime': '19-Dec-2025 15:47:16', 'difference': '00:00:01', 'fileSize': '726.31 KB', 'attFileSize': '726.31 KB', 'hasXbrl': True}",0.0
FORTIS,NSE_CORP_ANN,Resignation,"Fortis Healthcare Limited has informed the Exchange regarding Resignation of  Lim Tsin-Lin as Non- Executive Director of the company w.e.f. December 19, 2025 (close of Business Hours)",,,"{'symbol': 'FORTIS', 'desc': 'Resignation', 'dt': '19122025154137', 'attchmntFile': 'https://nsearchives.nseindia.com/corporate/FORTIS_19122025154124_IntimationFHLHarrisapp.pdf', 'sm_name': 'Fortis Healthcare Limited', 'sm_isin': 'INE061F01013', 'an_dt': '19-Dec-2025 15:41:37', 'sort_date': '2025-12-19 15:41:37', 'seq_id': '106472385', 'smIndustry': 'Miscellaneous', 'orgid': None, 'attchmntText': 'Fortis Healthcare Limited has informed the Exchange regarding Resignation of  Lim Tsin-Lin as Non- Executive Director of the company w.e.f. December 19, 2025 (close of Business Hours)', 'bflag': None, 'old_new': None, 'csvName': None, 'exchdisstime': '19-Dec-2025 15:41:38', 'difference': '00:00:01', 'fileSize': '726.31 KB', 'attFileSize': '726.31 KB', 'hasXbrl': True}",0.0
FORTIS,NSE_CORP_ANN,Appointment,"Fortis Healthcare Limited has informed the Exchange regarding Appointment of  Mr. Mohd Shahazwan Bin Mohd Harris as Other of the company w.e.f. December 19, 2025.",,,"{'symbol': 'FORTIS', 'desc': 'Appointment', 'dt': '19122025153756', 'attchmntFile': 'https://nsearchives.nseindia.com/corporate/FORTIS_19122025153559_IntimationFHLHarrisapp.pdf', 'sm_name': 'Fortis Healthcare Limited', 'sm_isin': 'INE061F01013', 'an_dt': '19-Dec-2025 15:37:56', 'sort_date': '2025-12-19 15:37:56', 'seq_id': '106472381', 'smIndustry': 'Miscellaneous', 'orgid': None, 'attchmntText': 'Fortis Healthcare Limited has informed the Exchange regarding Appointment of  Mr. Mohd Shahazwan Bin Mohd Harris as Other of the company w.e.f. December 19, 2025.', 'bflag': None, 'old_new': None, 'csvName': None, 'exchdisstime': '19-Dec-2025 15:37:57', 'difference': '00:00:01', 'fileSize': '726.31 KB', 'attFileSize': '726.31 KB', 'hasXbrl': True}",0.0
FORTIS,NSE_CORP_ANN,Copy of Newspaper Publication,"Newspaper clippings   Special Window for re-lodgement of transfer requests of physical shares.The newspaper clippings of the advertisement on the captioned subject published today i.e., December 17, 2025 in the columns of English daily  Financial Express , all editions and Punjabi daily  Rozana Spokesman , Mohali edition are enclosed for information and records.",,,"{'symbol': 'FORTIS', 'desc': 'Copy of Newspaper Publication', 'dt': '17122025194324', 'attchmntFile': 'https://nsearchives.nseindia.com/corporate/FORTIS_17122025194309_IntimationNewspaperclippings.pdf', 'sm_name': 'Fortis Healthcare Limited', 'sm_isin': 'INE061F01013', 'an_dt': '17-Dec-2025 19:43:24', 'sort_date': '2025-12-17 19:43:24', 'seq_id': '106470674', 'smIndustry': 'Miscellaneous', 'orgid': None, 'attchmntText': 'Newspaper clippings   Special Window for re-lodgement of transfer requests of physical shares.The newspaper clippings of the advertisement on the captioned subject published today i.e., December 17, 2025 in the columns of English daily  Financial Express , all editions and Punjabi daily  Rozana Spokesman , Mohali edition are enclosed for information and records.', 'bflag': None, 'old_new': None, 'csvName': None, 'exchdisstime': '17-Dec-2025 19:43:25', 'difference': '00:00:01', 'fileSize': '3.87 MB', 'attFileSize': '3.87 MB', 'hasXbrl': True}",0.0
GAIL,NSE_CORP_ANN,Analysts/Institutional Investor Meet/Con. Call Updates,GAIL (India) Limited has informed the Exchange about Schedule of meet,,,"{'symbol': 'GAIL', 'desc': 'Analysts/Institutional Investor Meet/Con. Call Updates', 'dt': '16122025104326', 'attchmntFile': 'https://nsearchives.nseindia.com/corporate/Himanshugail_16122025104311_Schedule_Meet16122025.pdf', 'sm_name': 'GAIL (India) Limited', 'sm_isin': 'INE129A01019', 'an_dt': '16-Dec-2025 10:43:26', 'sort_date': '2025-12-16 10:43:26', 'seq_id': '106469115', 'smIndustry': 'Gas', 'orgid': None, 'attchmntText': 'GAIL (India) Limited has informed the Exchange about Schedule of meet', 'bflag': None, 'old_new': None, 'csvName': None, 'exchdisstime': '16-Dec-2025 10:43:26', 'difference': '00:00:00', 'fileSize': '230.39 KB', 'attFileSize': '230.39 KB', 'hasXbrl': True}",0.0
GMRAIRPORT,NSE_CORP_ANN,Acquisition,"GMR AIRPORTS LIMITED has informed the Exchange about Intimation under Regulations 30 & 51 of SEBI (Listing Obligations and Disclosure Requirements) Regulations, 2015 ( Listing Regulations )  Acquisition of equity stake in Delhi Duty Free Services Private Limited ( DDFS )",,,"{'symbol': 'GMRAIRPORT', 'desc': 'Acquisition', 'dt': '20122025212423', 'attchmntFile': 'https://nsearchives.nseindia.com/corporate/GMRINFRA_20122025212104_STXIntimation_DDFS_Stake_Purchase.pdf', 'sm_name': 'GMR AIRPORTS LIMITED', 'sm_isin': 'INE776C01039', 'an_dt': '20-Dec-2025 21:24:23', 'sort_date': '2025-12-20 21:24:23', 'seq_id': '106473245', 'smIndustry': None, 'orgid': None, 'attchmntText': 'GMR AIRPORTS LIMITED has informed the Exchange about Intimation under Regulations 30 & 51 of SEBI (Listing Obligations and Disclosure Requirements) Regulations, 2015 ( Listing Regulations )  Acquisition of equity stake in Delhi Duty Free Services Private Limited ( DDFS )', 'bflag': None, 'old_new': None, 'csvName': None, 'exchdisstime': '20-Dec-2025 21:24:24', 'difference': '00:00:01', 'fileSize': '464.22 KB', 'attFileSize': '464.22 KB', 'hasXbrl': True}",0.0
GMRAIRPORT,NSE_CORP_ANN,Credit Rating,GMR AIRPORTS LIMITED has informed the Exchange about Credit Rating,,,"{'symbol': 'GMRAIRPORT', 'desc': 'Credit Rating', 'dt': '20122025211706', 'attchmntFile': 'https://nsearchives.nseindia.com/corporate/GMRINFRA_20122025211622_20122025-CREDITRATING.pdf', 'sm_name': 'GMR AIRPORTS LIMITED', 'sm_isin': 'INE776C01039', 'an_dt': '20-Dec-2025 21:17:06', 'sort_date': '2025-12-20 21:17:06', 'seq_id': '106473243', 'smIndustry': None, 'orgid': None, 'attchmntText': 'GMR AIRPORTS LIMITED has informed the Exchange about Credit Rating', 'bflag': None, 'old_new': None, 'csvName': None, 'exchdisstime': '20-Dec-2025 21:17:07', 'difference': '00:00:01', 'fileSize': '456.29 KB', 'attFileSize': '456.29 KB', 'hasXbrl': True}",0.0
GMRAIRPORT,NSE_CORP_ANN,Copy of Newspaper Publication,GMR AIRPORTS LIMITED has informed the Exchange about Intimation regarding Newspaper Publication for Notice of Postal Ballot,,,"{'symbol': 'GMRAIRPORT', 'desc': 'Copy of Newspaper Publication', 'dt': '18122025171323', 'attchmntFile': 'https://nsearchives.nseindia.com/corporate/GMRINFRA_18122025170931_Postal_Ballot_Newspaper.pdf', 'sm_name': 'GMR AIRPORTS LIMITED', 'sm_isin': 'INE776C01039', 'an_dt': '18-Dec-2025 17:13:23', 'sort_date': '2025-12-18 17:13:23', 'seq_id': '106471496', 'smIndustry': None, 'orgid': None, 'attchmntText': 'GMR AIRPORTS LIMITED has informed the Exchange about Intimation regarding Newspaper Publication for Notice of Postal Ballot', 'bflag': None, 'old_new': None, 'csvName': None, 'exchdisstime': '18-Dec-2025 17:13:24', 'difference': '00:00:01', 'fileSize': '4.79 MB', 'attFileSize': '4.79 MB', 'hasXbrl': True}",0.0
GMRAIRPORT,NSE_CORP_ANN,Shareholders meeting,GMR AIRPORTS LIMITED has informed the Exchange regarding Notice of Postal Ballot,,,"{'symbol': 'GMRAIRPORT', 'desc': 'Shareholders meeting', 'dt': '17122025172104', 'attchmntFile': 'https://nsearchives.nseindia.com/corporate/GMRINFRA_17122025171646_Postal_Ballot_Intimation-final.pdf', 'sm_name': 'GMR AIRPORTS LIMITED', 'sm_isin': 'INE776C01039', 'an_dt': '17-Dec-2025 17:21:04', 'sort_date': '2025-12-17 17:21:04', 'seq_id': '106470474', 'smIndustry': None, 'orgid': None, 'attchmntText': 'GMR AIRPORTS LIMITED has informed the Exchange regarding Notice of Postal Ballot', 'bflag': None, 'old_new': None, 'csvName': None, 'exchdisstime': '17-Dec-2025 17:21:05', 'difference': '00:00:01', 'fileSize': '1.22 MB', 'attFileSize': '1.22 MB', 'hasXbrl': True}",0.0
GMRAIRPORT,NSE_CORP_ANN,Resignation,GMR AIRPORTS LIMITED has informed the Exchange regarding Intimation regarding Resignation of Alternate Director of the Company,,,"{'symbol': 'GMRAIRPORT', 'desc': 'Resignation', 'dt': '16122025232611', 'attchmntFile': 'https://nsearchives.nseindia.com/corporate/GMRINFRA_16122025232413_STX-Intimation-of-Resignation-of-Director-Mr-Antoine.pdf', 'sm_name': 'GMR AIRPORTS LIMITED', 'sm_isin': 'INE776C01039', 'an_dt': '16-Dec-2025 23:26:11', 'sort_date': '2025-12-16 23:26:11', 'seq_id': '106469889', 'smIndustry': None, 'orgid': None, 'attchmntText': 'GMR AIRPORTS LIMITED has informed the Exchange regarding Intimation regarding Resignation of Alternate Director of the Company', 'bflag': None, 'old_new': None, 'csvName': None, 'exchdisstime': '16-Dec-2025 23:26:11', 'difference': '00:00:00', 'fileSize': '458.58 KB', 'attFileSize': '458.58 KB', 'hasXbrl': True}",0.0
GLENMARK,NSE_CORP_ANN,Press Release,"Glenmark Pharmaceuticals Limited has informed the Exchange regarding a press release dated December 23, 2025, titled ""Glenmark Pharmaceuticals Inc., USA launches Epinephrine Injection USP,30 mg/30 mL (1 mg/mL) Multiple-Dose Vial"".",,,"{'symbol': 'GLENMARK', 'desc': 'Press Release', 'dt': '23122025084244', 'attchmntFile': 'https://nsearchives.nseindia.com/corporate/GLENMARK_23122025084228_PR23122025_signed.pdf', 'sm_name': 'Glenmark Pharmaceuticals Limited', 'sm_isin': 'INE935A01035', 'an_dt': '23-Dec-2025 08:42:44', 'sort_date': '2025-12-23 08:42:44', 'seq_id': '106474527', 'smIndustry': 'Pharmaceuticals', 'orgid': None, 'attchmntText': 'Glenmark Pharmaceuticals Limited has informed the Exchange regarding a press release dated December 23, 2025, titled ""Glenmark Pharmaceuticals Inc., USA launches Epinephrine Injection USP,30 mg/30 mL (1 mg/mL) Multiple-Dose Vial"".', 'bflag': None, 'old_new': None, 'csvName': None, 'exchdisstime': '23-Dec-2025 08:42:45', 'difference': '00:00:01', 'fileSize': '481.44 KB', 'attFileSize': '481.44 KB', 'hasXbrl': True}",0.0
GRASIM,NSE_CORP_ANN,General Updates,Change In Senior Management Personnel of the Company,,,"{'symbol': 'GRASIM', 'desc': 'General Updates', 'dt': '19122025175745', 'attchmntFile': 'https://nsearchives.nseindia.com/corporate/GRASIM_19122025175653_SEIntimationChangeInSMP.pdf', 'sm_name': 'Grasim Industries Limited', 'sm_isin': 'INE047A01013', 'an_dt': '19-Dec-2025 17:57:45', 'sort_date': '2025-12-19 17:57:45', 'seq_id': '106472566', 'smIndustry': 'Cement And Cement Products', 'orgid': None, 'attchmntText': 'Change In Senior Management Personnel of the Company', 'bflag': None, 'old_new': None, 'csvName': None, 'exchdisstime': '19-Dec-2025 17:57:46', 'difference': '00:00:01', 'fileSize': '407.64 KB', 'attFileSize': '407.64 KB', 'hasXbrl': True}",0.0
GRASIM,NSE_CORP_ANN,Analysts/Institutional Investor Meet/Con. Call Updates,Intimation of schedule of Analysts / Institutional Investor Meet,,,"{'symbol': 'GRASIM', 'desc': 'Analysts/Institutional Investor Meet/Con. Call Updates', 'dt': '19122025161450', 'attchmntFile': 'https://nsearchives.nseindia.com/corporate/GRASIM_19122025161439_SEIntimation.pdf', 'sm_name': 'Grasim Industries Limited', 'sm_isin': 'INE047A01013', 'an_dt': '19-Dec-2025 16:14:50', 'sort_date': '2025-12-19 16:14:50', 'seq_id': '106472426', 'smIndustry': 'Cement And Cement Products', 'orgid': None, 'attchmntText': 'Intimation of schedule of Analysts / Institutional Investor Meet', 'bflag': None, 'old_new': None, 'csvName': None, 'exchdisstime': '19-Dec-2025 16:14:51', 'difference': '00:00:01', 'fileSize': '177.69 KB', 'attFileSize': '177.69 KB', 'hasXbrl': True}",0.0
HCLTECH,NSE_CORP_ANN,Press Release,"HCL Technologies Limited has informed the Exchange regarding a press release dated December 22, 2025, titled ""Release    HCLSoftware to Acquire Jaspersoft from Cloud Software Group. "".",,,"{'symbol': 'HCLTECH', 'desc': 'Press Release', 'dt': '22122025232749', 'attchmntFile': 'https://nsearchives.nseindia.com/corporate/HCLTECH_22122025232738_StockIntimationLetter.pdf', 'sm_name': 'HCL Technologies Limited', 'sm_isin': 'INE860A01027', 'an_dt': '22-Dec-2025 23:27:49', 'sort_date': '2025-12-22 23:27:49', 'seq_id': '106474442', 'smIndustry': 'Computers - Software', 'orgid': None, 'attchmntText': 'HCL Technologies Limited has informed the Exchange regarding a press release dated December 22, 2025, titled ""Release    HCLSoftware to Acquire Jaspersoft from Cloud Software Group. "".', 'bflag': None, 'old_new': None, 'csvName': None, 'exchdisstime': '22-Dec-2025 23:27:50', 'difference': '00:00:01', 'fileSize': '601.44 KB', 'attFileSize': '601.44 KB', 'hasXbrl': True}",0.0
HCLTECH,NSE_CORP_ANN,Acquisition,HCL Technologies Limited has informed the Exchange about Acquisition,,,"{'symbol': 'HCLTECH', 'desc': 'Acquisition', 'dt': '22122025232204', 'attchmntFile': 'https://nsearchives.nseindia.com/corporate/HCLTECH_22122025232151_StockIntimationLetter.pdf', 'sm_name': 'HCL Technologies Limited', 'sm_isin': 'INE860A01027', 'an_dt': '22-Dec-2025 23:22:04', 'sort_date': '2025-12-22 23:22:04', 'seq_id': '106474435', 'smIndustry': 'Computers - Software', 'orgid': None, 'attchmntText': 'HCL Technologies Limited has informed the Exchange about Acquisition', 'bflag': None, 'old_new': None, 'csvName': None, 'exchdisstime': '22-Dec-2025 23:22:05', 'difference': '00:00:01', 'fileSize': '601.44 KB', 'attFileSize': '601.44 KB', 'hasXbrl': True}",0.0
HCLTECH,NSE_CORP_ANN,Trading Window,"HCL Technologies Limited has informed the Exchange regarding the Trading Window closure pursuant to SEBI (Prohibition of Insider Trading) Regulations, 2015",,,"{'symbol': 'HCLTECH', 'desc': 'Trading Window', 'dt': '19122025185608', 'attchmntFile': 'https://nsearchives.nseindia.com/corporate/HCLTECH_19122025185556_TWclosingintimation.pdf', 'sm_name': 'HCL Technologies Limited', 'sm_isin': 'INE860A01027', 'an_dt': '19-Dec-2025 18:56:08', 'sort_date': '2025-12-19 18:56:08', 'seq_id': '106472663', 'smIndustry': 'Computers - Software', 'orgid': None, 'attchmntText': 'HCL Technologies Limited has informed the Exchange regarding the Trading Window closure pursuant to SEBI (Prohibition of Insider Trading) Regulations, 2015', 'bflag': None, 'old_new': None, 'csvName': None, 'exchdisstime': '19-Dec-2025 18:56:09', 'difference': '00:00:01', 'fileSize': '402.17 KB', 'attFileSize': '402.17 KB', 'hasXbrl': True}",0.0
HCLTECH,NSE_CORP_ANN,Updates,HCL Technologies Limited has informed the Exchange regarding ''Release    HCLTech recognized as a Leader in the 2025 Gartner® Magic Quadrant  for Data Center Outsourcing Services,,,"{'symbol': 'HCLTECH', 'desc': 'Updates', 'dt': '19122025150254', 'attchmntFile': 'https://nsearchives.nseindia.com/corporate/HCLTECH_19122025150136_Release19December2025.pdf', 'sm_name': 'HCL Technologies Limited', 'sm_isin': 'INE860A01027', 'an_dt': '19-Dec-2025 15:02:54', 'sort_date': '2025-12-19 15:02:54', 'seq_id': '106472349', 'smIndustry': 'Computers - Software', 'orgid': None, 'attchmntText': ""HCL Technologies Limited has informed the Exchange regarding ''Release    HCLTech recognized as a Leader in the 2025 Gartner® Magic Quadrant  for Data Center Outsourcing Services"", 'bflag': None, 'old_new': None, 'csvName': None, 'exchdisstime': '19-Dec-2025 15:02:55', 'difference': '00:00:01', 'fileSize': '428.51 KB', 'attFileSize': '428.51 KB', 'hasXbrl': True}",0.0
HDFCBANK,NSE_CORP_ANN,ESOP/ESOS/ESPS,HDFC Bank Limited has informed the Exchange regarding Allotment of 2066610  Shares.,,,"{'symbol': 'HDFCBANK', 'desc': 'ESOP/ESOS/ESPS', 'dt': '18122025160934', 'attchmntFile': 'https://nsearchives.nseindia.com/corporate/HDFCBANK_18122025160703_SELetterESOP18122025.pdf', 'sm_name': 'HDFC Bank Limited', 'sm_isin': 'INE040A01018', 'an_dt': '18-Dec-2025 16:09:34', 'sort_date': '2025-12-18 16:09:34', 'seq_id': '106471419', 'smIndustry': 'Banks', 'orgid': None, 'attchmntText': 'HDFC Bank Limited has informed the Exchange regarding Allotment of 2066610  Shares.', 'bflag': None, 'old_new': None, 'csvName': None, 'exchdisstime': '18-Dec-2025 16:09:35', 'difference': '00:00:01', 'fileSize': '561.87 KB', 'attFileSize': '561.87 KB', 'hasXbrl': True}",0.0
HDFCBANK,NSE_CORP_ANN,Copy of Newspaper Publication,HDFC Bank Limited has informed the Exchange about Copy of Newspaper Publication,,,"{'symbol': 'HDFCBANK', 'desc': 'Copy of Newspaper Publication', 'dt': '18122025154934', 'attchmntFile': 'https://nsearchives.nseindia.com/corporate/HDFCBANK_18122025154856_SEintimation_Newspaperadv.pdf', 'sm_name': 'HDFC Bank Limited', 'sm_isin': 'INE040A01018', 'an_dt': '18-Dec-2025 15:49:34', 'sort_date': '2025-12-18 15:49:34', 'seq_id': '106471401', 'smIndustry': 'Banks', 'orgid': None, 'attchmntText': 'HDFC Bank Limited has informed the Exchange about Copy of Newspaper Publication', 'bflag': None, 'old_new': None, 'csvName': None, 'exchdisstime': '18-Dec-2025 15:49:34', 'difference': '00:00:00', 'fileSize': '900.08 KB', 'attFileSize': '900.08 KB', 'hasXbrl': True}",0.0
HDFCLIFE,NSE_CORP_ANN,General Updates,HDFC Life Insurance Company Limited has informed the Exchange about the allotment of 769885 securities pursuant to ESOP/ESPS,,,"{'symbol': 'HDFCLIFE', 'desc': 'General Updates', 'dt': '17122025161532', 'attchmntFile': 'https://nsearchives.nseindia.com/corporate/PRASAD_17122025161500_ESOPSEIntimationDecembersigned.pdf', 'sm_name': 'HDFC Life Insurance Company Limited', 'sm_isin': 'INE795G01014', 'an_dt': '17-Dec-2025 16:15:32', 'sort_date': '2025-12-17 16:15:32', 'seq_id': '106470401', 'smIndustry': None, 'orgid': None, 'attchmntText': 'HDFC Life Insurance Company Limited has informed the Exchange about the allotment of 769885 securities pursuant to ESOP/ESPS', 'bflag': None, 'old_new': None, 'csvName': None, 'exchdisstime': '17-Dec-2025 16:15:33', 'difference': '00:00:01', 'fileSize': '256.59 KB', 'attFileSize': '256.59 KB', 'hasXbrl': True}",0.0
HFCL,NSE_CORP_ANN,Trading Window,"HFCL Limited has informed the Exchange regarding the Trading Window closure pursuant to SEBI (Prohibition of Insider Trading) Regulations, 2015",,,"{'symbol': 'HFCL', 'desc': 'Trading Window', 'dt': '22122025210305', 'attchmntFile': 'https://nsearchives.nseindia.com/corporate/AHMED_22122025210247_HFCL_STX_22122025_Second_Half.pdf', 'sm_name': 'HFCL Limited', 'sm_isin': 'INE548A01028', 'an_dt': '22-Dec-2025 21:03:05', 'sort_date': '2025-12-22 21:03:05', 'seq_id': '106474247', 'smIndustry': 'Telecommunication - Equipment', 'orgid': None, 'attchmntText': 'HFCL Limited has informed the Exchange regarding the Trading Window closure pursuant to SEBI (Prohibition of Insider Trading) Regulations, 2015', 'bflag': None, 'old_new': None, 'csvName': None, 'exchdisstime': '22-Dec-2025 21:03:07', 'difference': '00:00:02', 'fileSize': '355.25 KB', 'attFileSize': '355.25 KB', 'hasXbrl': True}",0.0
HFCL,NSE_CORP_ANN,Updates,"HFCL Limited has informed the Exchange regarding 'Outcome of Fund Raising Committee Meeting of Directors held on today i.e. December 22, 2025'.",,,"{'symbol': 'HFCL', 'desc': 'Updates', 'dt': '22122025205036', 'attchmntFile': 'https://nsearchives.nseindia.com/corporate/AHMED_22122025205023_HFCL_STX_22122025_Second_Half.pdf', 'sm_name': 'HFCL Limited', 'sm_isin': 'INE548A01028', 'an_dt': '22-Dec-2025 20:50:36', 'sort_date': '2025-12-22 20:50:36', 'seq_id': '106474243', 'smIndustry': 'Telecommunication - Equipment', 'orgid': None, 'attchmntText': ""HFCL Limited has informed the Exchange regarding 'Outcome of Fund Raising Committee Meeting of Directors held on today i.e. December 22, 2025'."", 'bflag': None, 'old_new': None, 'csvName': None, 'exchdisstime': '22-Dec-2025 20:50:37', 'difference': '00:00:01', 'fileSize': '355.25 KB', 'attFileSize': '355.25 KB', 'hasXbrl': True}",0.0
HAVELLS,NSE_CORP_ANN,Trading Window,"Havells India Limited has informed the Exchange regarding the Trading Window closure pursuant to SEBI (Prohibition of Insider Trading) Regulations, 2015",,,"{'symbol': 'HAVELLS', 'desc': 'Trading Window', 'dt': '22122025173614', 'attchmntFile': 'https://nsearchives.nseindia.com/corporate/HAVELLS1_22122025173605_signed_Closure_of_Trading_Window_Q3.pdf', 'sm_name': 'Havells India Limited', 'sm_isin': 'INE176B01018', 'an_dt': '22-Dec-2025 17:36:14', 'sort_date': '2025-12-22 17:36:14', 'seq_id': '106474058', 'smIndustry': 'Electrical Equipment', 'orgid': None, 'attchmntText': 'Havells India Limited has informed the Exchange regarding the Trading Window closure pursuant to SEBI (Prohibition of Insider Trading) Regulations, 2015', 'bflag': None, 'old_new': None, 'csvName': None, 'exchdisstime': '22-Dec-2025 17:36:15', 'difference': '00:00:01', 'fileSize': '732.81 KB', 'attFileSize': '732.81 KB', 'hasXbrl': True}",0.0
HAVELLS,NSE_CORP_ANN,Change in Management,Havells India Limited has informed the Exchange about change in Management,,,"{'symbol': 'HAVELLS', 'desc': 'Change in Management', 'dt': '17122025165453', 'attchmntFile': 'https://nsearchives.nseindia.com/corporate/HAVELLS1_17122025165413_signed_Intimation_SeniorMngt_aapt_17122025.pdf', 'sm_name': 'Havells India Limited', 'sm_isin': 'INE176B01018', 'an_dt': '17-Dec-2025 16:54:53', 'sort_date': '2025-12-17 16:54:53', 'seq_id': '106470432', 'smIndustry': 'Electrical Equipment', 'orgid': None, 'attchmntText': 'Havells India Limited has informed the Exchange about change in Management', 'bflag': None, 'old_new': None, 'csvName': None, 'exchdisstime': '17-Dec-2025 16:54:54', 'difference': '00:00:01', 'fileSize': '725.70 KB', 'attFileSize': '725.70 KB', 'hasXbrl': True}",0.0
HEROMOTOCO,NSE_CORP_ANN,Trading Window,"Hero MotoCorp Limited has informed the Exchange regarding the Trading Window closure pursuant to SEBI (Prohibition of Insider Trading) Regulations, 2015",,,"{'symbol': 'HEROMOTOCO', 'desc': 'Trading Window', 'dt': '22122025125844', 'attchmntFile': 'https://nsearchives.nseindia.com/corporate/HEROMOTO_22122025125812_ClosureofTradingwindow.pdf', 'sm_name': 'Hero MotoCorp Limited', 'sm_isin': 'INE158A01026', 'an_dt': '22-Dec-2025 12:58:44', 'sort_date': '2025-12-22 12:58:44', 'seq_id': '106473731', 'smIndustry': 'Automobiles - 2 And 3 Wheelers', 'orgid': None, 'attchmntText': 'Hero MotoCorp Limited has informed the Exchange regarding the Trading Window closure pursuant to SEBI (Prohibition of Insider Trading) Regulations, 2015', 'bflag': None, 'old_new': None, 'csvName': None, 'exchdisstime': '22-Dec-2025 12:58:44', 'difference': '00:00:00', 'fileSize': '732.74 KB', 'attFileSize': '732.74 KB', 'hasXbrl': True}",0.0
HEROMOTOCO,NSE_CORP_ANN,Copy of Newspaper Publication,Please find enclosed herewith the copy of newspaper advertisement published today intimating that the special window has been opened for re-lodgement of transfer requests of physical shares.,,,"{'symbol': 'HEROMOTOCO', 'desc': 'Copy of Newspaper Publication', 'dt': '20122025214035', 'attchmntFile': 'https://nsearchives.nseindia.com/corporate/HEROMOTO_20122025214021_Stxintimation20122025f.pdf', 'sm_name': 'Hero MotoCorp Limited', 'sm_isin': 'INE158A01026', 'an_dt': '20-Dec-2025 21:40:35', 'sort_date': '2025-12-20 21:40:35', 'seq_id': '106473248', 'smIndustry': 'Automobiles - 2 And 3 Wheelers', 'orgid': None, 'attchmntText': 'Please find enclosed herewith the copy of newspaper advertisement published today intimating that the special window has been opened for re-lodgement of transfer requests of physical shares.', 'bflag': None, 'old_new': None, 'csvName': None, 'exchdisstime': '20-Dec-2025 21:40:35', 'difference': '00:00:00', 'fileSize': '480.56 KB', 'attFileSize': '480.56 KB', 'hasXbrl': True}",0.0
HINDUNILVR,NSE_CORP_ANN,General Updates,Update on acquisition of Equity Shares of Transition Sustainable Energy Services One Private Limited,,,"{'symbol': 'HINDUNILVR', 'desc': 'General Updates', 'dt': '18122025190027', 'attchmntFile': 'https://nsearchives.nseindia.com/corporate/HINDUNILVR_18122025185948_18122025SEIntimationsigned.pdf', 'sm_name': 'Hindustan Unilever Limited', 'sm_isin': 'INE030A01027', 'an_dt': '18-Dec-2025 19:00:27', 'sort_date': '2025-12-18 19:00:27', 'seq_id': '106471629', 'smIndustry': 'Diversified', 'orgid': None, 'attchmntText': 'Update on acquisition of Equity Shares of Transition Sustainable Energy Services One Private Limited', 'bflag': None, 'old_new': None, 'csvName': None, 'exchdisstime': '18-Dec-2025 19:00:28', 'difference': '00:00:01', 'fileSize': '248.95 KB', 'attFileSize': '248.95 KB', 'hasXbrl': True}",0.0
HINDZINC,NSE_CORP_ANN,General Updates,"Hindustan Zinc Limited has informed the Exchange about Intimation under the Securities and Exchange Board of India (Listing Obligations and Disclosure Requirements) Regulations, 2015 ( Listing Regulations )   ESG Rating(s)",,,"{'symbol': 'HINDZINC', 'desc': 'General Updates', 'dt': '23122025104352', 'attchmntFile': 'https://nsearchives.nseindia.com/corporate/HINDZINCNSE_23122025104309_SEIntimationESG_Rating.pdf', 'sm_name': 'Hindustan Zinc Limited', 'sm_isin': 'INE267A01017', 'an_dt': '23-Dec-2025 10:43:52', 'sort_date': '2025-12-23 10:43:52', 'seq_id': '106474722', 'smIndustry': 'Metals', 'orgid': None, 'attchmntText': 'Hindustan Zinc Limited has informed the Exchange about Intimation under the Securities and Exchange Board of India (Listing Obligations and Disclosure Requirements) Regulations, 2015 ( Listing Regulations )   ESG Rating(s)', 'bflag': None, 'old_new': None, 'csvName': None, 'exchdisstime': '23-Dec-2025 10:43:54', 'difference': '00:00:02', 'fileSize': '396.57 KB', 'attFileSize': '396.57 KB', 'hasXbrl': True}",0.0
HINDZINC,NSE_CORP_ANN,Shareholders meeting,"Hindustan Zinc Limited has submitted the Exchange a copy Srutinizers report of  Postal Ballot. Further, the company has informed the Exchange regarding voting results.",,,"{'symbol': 'HINDZINC', 'desc': 'Shareholders meeting', 'dt': '21122025153527', 'attchmntFile': 'https://nsearchives.nseindia.com/corporate/HINDZINCNSE_21122025153513_HZL_voting_results_and_report.pdf', 'sm_name': 'Hindustan Zinc Limited', 'sm_isin': 'INE267A01017', 'an_dt': '21-Dec-2025 15:35:27', 'sort_date': '2025-12-21 15:35:27', 'seq_id': '106473300', 'smIndustry': 'Metals', 'orgid': None, 'attchmntText': 'Hindustan Zinc Limited has submitted the Exchange a copy Srutinizers report of  Postal Ballot. Further, the company has informed the Exchange regarding voting results.', 'bflag': None, 'old_new': None, 'csvName': None, 'exchdisstime': '21-Dec-2025 15:35:28', 'difference': '00:00:01', 'fileSize': '1.40 MB', 'attFileSize': '1.40 MB', 'hasXbrl': True}",0.0
HINDZINC,NSE_CORP_ANN,Action(s) taken or orders passed,Hindustan Zinc Limited has informed the Exchange about Action(s) taken or orders passed,,,"{'symbol': 'HINDZINC', 'desc': 'Action(s) taken or orders passed', 'dt': '17122025201352', 'attchmntFile': 'https://nsearchives.nseindia.com/corporate/HINDZINCNSE_17122025201339_SEIntimationpenalty.pdf', 'sm_name': 'Hindustan Zinc Limited', 'sm_isin': 'INE267A01017', 'an_dt': '17-Dec-2025 20:13:52', 'sort_date': '2025-12-17 20:13:52', 'seq_id': '106470691', 'smIndustry': 'Metals', 'orgid': None, 'attchmntText': 'Hindustan Zinc Limited has informed the Exchange about Action(s) taken or orders passed', 'bflag': None, 'old_new': None, 'csvName': None, 'exchdisstime': '17-Dec-2025 20:13:53', 'difference': '00:00:01', 'fileSize': '409.06 KB', 'attFileSize': '409.06 KB', 'hasXbrl': True}",0.0
POWERINDIA,NSE_CORP_ANN,Action(s) taken or orders passed,Hitachi Energy India Limited has informed the Exchange about Action(s) taken or orders passed,,,"{'symbol': 'POWERINDIA', 'desc': 'Action(s) taken or orders passed', 'dt': '16122025145109', 'attchmntFile': 'https://nsearchives.nseindia.com/corporate/HitachiEnergy_16122025145045_StockExchangeIntimation.pdf', 'sm_name': 'Hitachi Energy India Limited', 'sm_isin': 'INE07Y701011', 'an_dt': '16-Dec-2025 14:51:09', 'sort_date': '2025-12-16 14:51:09', 'seq_id': '106469327', 'smIndustry': None, 'orgid': None, 'attchmntText': 'Hitachi Energy India Limited has informed the Exchange about Action(s) taken or orders passed', 'bflag': None, 'old_new': None, 'csvName': None, 'exchdisstime': '16-Dec-2025 14:51:10', 'difference': '00:00:01', 'fileSize': '117.60 KB', 'attFileSize': '117.60 KB', 'hasXbrl': True}",0.0
ICICIBANK,NSE_CORP_ANN,Trading Window,"ICICI Bank Limited has informed the Exchange regarding the Trading Window closure pursuant to SEBI (Prohibition of Insider Trading) Regulations, 2015",,,"{'symbol': 'ICICIBANK', 'desc': 'Trading Window', 'dt': '22122025174634', 'attchmntFile': 'https://nsearchives.nseindia.com/corporate/ICICI2022_22122025174535_NSEBSE.pdf', 'sm_name': 'ICICI Bank Limited', 'sm_isin': 'INE090A01013', 'an_dt': '22-Dec-2025 17:46:34', 'sort_date': '2025-12-22 17:46:34', 'seq_id': '106474079', 'smIndustry': 'Banks', 'orgid': None, 'attchmntText': 'ICICI Bank Limited has informed the Exchange regarding the Trading Window closure pursuant to SEBI (Prohibition of Insider Trading) Regulations, 2015', 'bflag': None, 'old_new': None, 'csvName': None, 'exchdisstime': '22-Dec-2025 17:46:36', 'difference': '00:00:02', 'fileSize': '3.14 MB', 'attFileSize': '3.14 MB', 'hasXbrl': True}",0.0
ICICIBANK,NSE_CORP_ANN,General Updates,"ICICI Bank Limited has informed the Exchange about disclosure under Regulation 30 of the SEBI (Listing Obligations and Disclosure Requirements) Regulation, 2015",,,"{'symbol': 'ICICIBANK', 'desc': 'General Updates', 'dt': '19122025113617', 'attchmntFile': 'https://nsearchives.nseindia.com/corporate/ICICI2022_19122025113528_NSEBSE_19122025.pdf', 'sm_name': 'ICICI Bank Limited', 'sm_isin': 'INE090A01013', 'an_dt': '19-Dec-2025 11:36:17', 'sort_date': '2025-12-19 11:36:17', 'seq_id': '106472204', 'smIndustry': 'Banks', 'orgid': None, 'attchmntText': 'ICICI Bank Limited has informed the Exchange about disclosure under Regulation 30 of the SEBI (Listing Obligations and Disclosure Requirements) Regulation, 2015', 'bflag': None, 'old_new': None, 'csvName': None, 'exchdisstime': '19-Dec-2025 11:36:17', 'difference': '00:00:00', 'fileSize': '3.09 MB', 'attFileSize': '3.09 MB', 'hasXbrl': True}",0.0
ICICIBANK,NSE_CORP_ANN,ESOP/ESOS/ESPS,ICICI Bank Limited has informed the Exchange regarding Allotment of 19752  Shares.,,,"{'symbol': 'ICICIBANK', 'desc': 'ESOP/ESOS/ESPS', 'dt': '18122025165908', 'attchmntFile': 'https://nsearchives.nseindia.com/corporate/ICICIBANK1_18122025165728_StcokExchangeletter.pdf', 'sm_name': 'ICICI Bank Limited', 'sm_isin': 'INE090A01013', 'an_dt': '18-Dec-2025 16:59:08', 'sort_date': '2025-12-18 16:59:08', 'seq_id': '106471483', 'smIndustry': 'Banks', 'orgid': None, 'attchmntText': 'ICICI Bank Limited has informed the Exchange regarding Allotment of 19752  Shares.', 'bflag': None, 'old_new': None, 'csvName': None, 'exchdisstime': '18-Dec-2025 16:59:09', 'difference': '00:00:01', 'fileSize': '200.32 KB', 'attFileSize': '200.32 KB', 'hasXbrl': True}",0.0
ICICIGI,NSE_CORP_ANN,ESOP/ESOS/ESPS,ICICI Lombard General Insurance Company Limited has informed the Exchange regarding  allotment of 40020 equity shares.,,,"{'symbol': 'ICICIGI', 'desc': 'ESOP/ESOS/ESPS', 'dt': '23122025105825', 'attchmntFile': 'https://nsearchives.nseindia.com/corporate/ICICIGI_23122025105338_ESOSIntimationDecIII.pdf', 'sm_name': 'ICICI Lombard General Insurance Company Limited', 'sm_isin': 'INE765G01017', 'an_dt': '23-Dec-2025 10:58:25', 'sort_date': '2025-12-23 10:58:25', 'seq_id': '106474739', 'smIndustry': None, 'orgid': None, 'attchmntText': 'ICICI Lombard General Insurance Company Limited has informed the Exchange regarding  allotment of 40020 equity shares.', 'bflag': None, 'old_new': None, 'csvName': None, 'exchdisstime': '23-Dec-2025 10:58:26', 'difference': '00:00:01', 'fileSize': '2.94 MB', 'attFileSize': '2.94 MB', 'hasXbrl': True}",0.0
ICICIGI,NSE_CORP_ANN,General Updates,"ICICI Lombard General Insurance Company Limited has informed the Exchange about Update on Disclosure under Regulation 30 of SEBI (Listing Obligations and Disclosure Requirements) Regulations, 2015",,,"{'symbol': 'ICICIGI', 'desc': 'General Updates', 'dt': '19122025161128', 'attchmntFile': 'https://nsearchives.nseindia.com/corporate/ICICIGI_19122025161055_SE_Intimation_MP_Appeal_Order_FY2018-21.pdf', 'sm_name': 'ICICI Lombard General Insurance Company Limited', 'sm_isin': 'INE765G01017', 'an_dt': '19-Dec-2025 16:11:28', 'sort_date': '2025-12-19 16:11:28', 'seq_id': '106472421', 'smIndustry': None, 'orgid': None, 'attchmntText': 'ICICI Lombard General Insurance Company Limited has informed the Exchange about Update on Disclosure under Regulation 30 of SEBI (Listing Obligations and Disclosure Requirements) Regulations, 2015', 'bflag': None, 'old_new': None, 'csvName': None, 'exchdisstime': '19-Dec-2025 16:11:29', 'difference': '00:00:01', 'fileSize': '343.67 KB', 'attFileSize': '343.67 KB', 'hasXbrl': True}",0.0
ICICIPRULI,NSE_CORP_ANN,General Updates,ICICI Prudential Life Insurance Company Limited has informed the Exchange about General Updates,,,"{'symbol': 'ICICIPRULI', 'desc': 'General Updates', 'dt': '20122025144726', 'attchmntFile': 'https://nsearchives.nseindia.com/corporate/ICICIPRULI_20122025144703_SE_Intimation_under_Regulation_30_and_51__Credit_Intimation.pdf', 'sm_name': 'ICICI Prudential Life Insurance Company Limited', 'sm_isin': 'INE726G01019', 'an_dt': '20-Dec-2025 14:47:26', 'sort_date': '2025-12-20 14:47:26', 'seq_id': '106473099', 'smIndustry': None, 'orgid': None, 'attchmntText': 'ICICI Prudential Life Insurance Company Limited has informed the Exchange about General Updates', 'bflag': None, 'old_new': None, 'csvName': None, 'exchdisstime': '20-Dec-2025 14:47:28', 'difference': '00:00:02', 'fileSize': '183.11 KB', 'attFileSize': '183.11 KB', 'hasXbrl': True}",0.0
ICICIPRULI,NSE_CORP_ANN,Action(s) taken or orders passed,ICICI Prudential Life Insurance Company Limited has informed the Exchange about Action(s) taken or orders passed,,,"{'symbol': 'ICICIPRULI', 'desc': 'Action(s) taken or orders passed', 'dt': '20122025111512', 'attchmntFile': 'https://nsearchives.nseindia.com/corporate/ICICIPRULI_20122025111500_Draft_disclosure_order_dated_19122025.pdf', 'sm_name': 'ICICI Prudential Life Insurance Company Limited', 'sm_isin': 'INE726G01019', 'an_dt': '20-Dec-2025 11:15:12', 'sort_date': '2025-12-20 11:15:12', 'seq_id': '106473010', 'smIndustry': None, 'orgid': None, 'attchmntText': 'ICICI Prudential Life Insurance Company Limited has informed the Exchange about Action(s) taken or orders passed', 'bflag': None, 'old_new': None, 'csvName': None, 'exchdisstime': '20-Dec-2025 11:15:13', 'difference': '00:00:01', 'fileSize': '149.64 KB', 'attFileSize': '149.64 KB', 'hasXbrl': True}",0.0
ICICIPRULI,NSE_CORP_ANN,ESOP/ESOS/ESPS,ICICI Prudential Life Insurance Company Limited has informed the Exchange regarding Allotment of 78351  Shares.,,,"{'symbol': 'ICICIPRULI', 'desc': 'ESOP/ESOS/ESPS', 'dt': '16122025122651', 'attchmntFile': 'https://nsearchives.nseindia.com/corporate/ICICIPRULI_16122025122639_SE_Intimation_Dec_16_2025.pdf', 'sm_name': 'ICICI Prudential Life Insurance Company Limited', 'sm_isin': 'INE726G01019', 'an_dt': '16-Dec-2025 12:26:51', 'sort_date': '2025-12-16 12:26:51', 'seq_id': '106469238', 'smIndustry': None, 'orgid': None, 'attchmntText': 'ICICI Prudential Life Insurance Company Limited has informed the Exchange regarding Allotment of 78351  Shares.', 'bflag': None, 'old_new': None, 'csvName': None, 'exchdisstime': '16-Dec-2025 12:26:53', 'difference': '00:00:02', 'fileSize': '143.99 KB', 'attFileSize': '143.99 KB', 'hasXbrl': True}",0.0
IDFCFIRSTB,NSE_CORP_ANN,ESOP/ESOS/ESPS,IDFC First Bank Limited has informed the Exchange regarding Allotment of 796222  Shares.,,,"{'symbol': 'IDFCFIRSTB', 'desc': 'ESOP/ESOS/ESPS', 'dt': '22122025150239', 'attchmntFile': 'https://nsearchives.nseindia.com/corporate/IDFCFIRSTB_22122025150135_ESOP_Allotment_December_22_2025.pdf', 'sm_name': 'IDFC First Bank Limited', 'sm_isin': 'INE092T01019', 'an_dt': '22-Dec-2025 15:02:39', 'sort_date': '2025-12-22 15:02:39', 'seq_id': '106473827', 'smIndustry': None, 'orgid': None, 'attchmntText': 'IDFC First Bank Limited has informed the Exchange regarding Allotment of 796222  Shares.', 'bflag': None, 'old_new': None, 'csvName': None, 'exchdisstime': '22-Dec-2025 15:02:40', 'difference': '00:00:01', 'fileSize': '972.38 KB', 'attFileSize': '972.38 KB', 'hasXbrl': True}",0.0
IDFCFIRSTB,NSE_CORP_ANN,Shareholders meeting,"IDFC First Bank Limited has submitted the Exchange a copy Srutinizers report of  Postal Ballot. Further, the company has informed the Exchange regarding voting results.",,,"{'symbol': 'IDFCFIRSTB', 'desc': 'Shareholders meeting', 'dt': '20122025192030', 'attchmntFile': 'https://nsearchives.nseindia.com/corporate/IDFCFIRSTB_20122025190840_IDFCFIRSTB_PostalBallot_VotingResults_Outcome.pdf', 'sm_name': 'IDFC First Bank Limited', 'sm_isin': 'INE092T01019', 'an_dt': '20-Dec-2025 19:20:30', 'sort_date': '2025-12-20 19:20:30', 'seq_id': '106473179', 'smIndustry': None, 'orgid': None, 'attchmntText': 'IDFC First Bank Limited has submitted the Exchange a copy Srutinizers report of  Postal Ballot. Further, the company has informed the Exchange regarding voting results.', 'bflag': None, 'old_new': None, 'csvName': None, 'exchdisstime': '20-Dec-2025 19:20:31', 'difference': '00:00:01', 'fileSize': '1.10 MB', 'attFileSize': '1.10 MB', 'hasXbrl': True}",0.0
IIFL,NSE_CORP_ANN,Outcome of Board Meeting,"IIFL Finance Limited has informed the Exchange regarding Outcome of Finance Committee meeting held on December 22, 2025.",,,"{'symbol': 'IIFL', 'desc': 'Outcome of Board Meeting', 'dt': '22122025212816', 'attchmntFile': 'https://nsearchives.nseindia.com/corporate/IIFL_22122025212753_SEIntimationPostissuance.pdf', 'sm_name': 'IIFL Finance Limited', 'sm_isin': 'INE530B01024', 'an_dt': '22-Dec-2025 21:28:16', 'sort_date': '2025-12-22 21:28:16', 'seq_id': '106474261', 'smIndustry': None, 'orgid': None, 'attchmntText': 'IIFL Finance Limited has informed the Exchange regarding Outcome of Finance Committee meeting held on December 22, 2025.', 'bflag': None, 'old_new': None, 'csvName': None, 'exchdisstime': '22-Dec-2025 21:28:16', 'difference': '00:00:00', 'fileSize': '225.77 KB', 'attFileSize': '225.77 KB', 'hasXbrl': True}",0.0
IIFL,NSE_CORP_ANN,Credit Rating,IIFL Finance Limited has informed the Exchange about Credit Rating,,,"{'symbol': 'IIFL', 'desc': 'Credit Rating', 'dt': '22122025184626', 'attchmntFile': 'https://nsearchives.nseindia.com/corporate/IIFL_22122025184247_RatingSEIntimation_Infomerics.pdf', 'sm_name': 'IIFL Finance Limited', 'sm_isin': 'INE530B01024', 'an_dt': '22-Dec-2025 18:46:26', 'sort_date': '2025-12-22 18:46:26', 'seq_id': '106474177', 'smIndustry': None, 'orgid': None, 'attchmntText': 'IIFL Finance Limited has informed the Exchange about Credit Rating', 'bflag': None, 'old_new': None, 'csvName': None, 'exchdisstime': '22-Dec-2025 18:46:27', 'difference': '00:00:01', 'fileSize': '229.55 KB', 'attFileSize': '229.55 KB', 'hasXbrl': True}",0.0
IIFL,NSE_CORP_ANN,Press Release,"IIFL Finance Limited has informed the Exchange regarding a press release dated December 19, 2025, titled ""IIFL Finance Limited Designates Former RBI Deputy Governor Mr. B. P. Kanungo as Chairperson of the Board.""",,,"{'symbol': 'IIFL', 'desc': 'Press Release', 'dt': '19122025231336', 'attchmntFile': 'https://nsearchives.nseindia.com/corporate/IIFL_19122025231319_Final_SE_Intimation.pdf', 'sm_name': 'IIFL Finance Limited', 'sm_isin': 'INE530B01024', 'an_dt': '19-Dec-2025 23:13:36', 'sort_date': '2025-12-19 23:13:36', 'seq_id': '106472823', 'smIndustry': None, 'orgid': None, 'attchmntText': 'IIFL Finance Limited has informed the Exchange regarding a press release dated December 19, 2025, titled ""IIFL Finance Limited Designates Former RBI Deputy Governor Mr. B. P. Kanungo as Chairperson of the Board.""', 'bflag': None, 'old_new': None, 'csvName': None, 'exchdisstime': '19-Dec-2025 23:13:38', 'difference': '00:00:02', 'fileSize': '1.27 MB', 'attFileSize': '1.27 MB', 'hasXbrl': True}",0.0
IIFL,NSE_CORP_ANN,Allotment of Securities,IIFL Finance Limited has informed the Exchange regarding Intimation of Allotment of Non-Convertible Debentures on Private Placement basis,,,"{'symbol': 'IIFL', 'desc': 'Allotment of Securities', 'dt': '16122025145323', 'attchmntFile': 'https://nsearchives.nseindia.com/corporate/IIFL_16122025145007_SEIntimationAllotment.pdf', 'sm_name': 'IIFL Finance Limited', 'sm_isin': 'INE530B01024', 'an_dt': '16-Dec-2025 14:53:23', 'sort_date': '2025-12-16 14:53:23', 'seq_id': '106469332', 'smIndustry': None, 'orgid': None, 'attchmntText': 'IIFL Finance Limited has informed the Exchange regarding Intimation of Allotment of Non-Convertible Debentures on Private Placement basis', 'bflag': None, 'old_new': None, 'csvName': None, 'exchdisstime': '16-Dec-2025 14:53:24', 'difference': '00:00:01', 'fileSize': '250.65 KB', 'attFileSize': '250.65 KB', 'hasXbrl': True}",0.0
ITC,NSE_CORP_ANN,ESOP/ESOS/ESPS,ITC Limited has informed the Exchange regarding Allotment of 195210 Shares.,,,"{'symbol': 'ITC', 'desc': 'ESOP/ESOS/ESPS', 'dt': '19122025153129', 'attchmntFile': 'https://nsearchives.nseindia.com/corporate/ITC_19122025153038_SE.pdf', 'sm_name': 'ITC Limited', 'sm_isin': 'INE154A01025', 'an_dt': '19-Dec-2025 15:31:29', 'sort_date': '2025-12-19 15:31:29', 'seq_id': '106472373', 'smIndustry': 'Cigarettes', 'orgid': None, 'attchmntText': 'ITC Limited has informed the Exchange regarding Allotment of 195210 Shares.', 'bflag': None, 'old_new': None, 'csvName': None, 'exchdisstime': '19-Dec-2025 15:31:30', 'difference': '00:00:01', 'fileSize': '635.33 KB', 'attFileSize': '635.33 KB', 'hasXbrl': True}",0.0
ITC,NSE_CORP_ANN,Sale or disposal,"ITC Limited has informed the Exchange about Voluntary Liquidation of Prag Agro Farm Limited, a wholly owned subsidiary",,,"{'symbol': 'ITC', 'desc': 'Sale or disposal', 'dt': '19122025113126', 'attchmntFile': 'https://nsearchives.nseindia.com/corporate/ITC_19122025113115_SE_PAFL_.pdf', 'sm_name': 'ITC Limited', 'sm_isin': 'INE154A01025', 'an_dt': '19-Dec-2025 11:31:26', 'sort_date': '2025-12-19 11:31:26', 'seq_id': '106472199', 'smIndustry': 'Cigarettes', 'orgid': None, 'attchmntText': 'ITC Limited has informed the Exchange about Voluntary Liquidation of Prag Agro Farm Limited, a wholly owned subsidiary', 'bflag': None, 'old_new': None, 'csvName': None, 'exchdisstime': '19-Dec-2025 11:31:27', 'difference': '00:00:01', 'fileSize': '333.47 KB', 'attFileSize': '333.47 KB', 'hasXbrl': True}",0.0
ITC,NSE_CORP_ANN,General Updates,ITC Limited has informed the Exchange about Acquisition of Pulp and Paper Undertaking of Aditya Birla Real Estate Limited - Update,,,"{'symbol': 'ITC', 'desc': 'General Updates', 'dt': '17122025102015', 'attchmntFile': 'https://nsearchives.nseindia.com/corporate/ITC_17122025102003_SE_Century_.pdf', 'sm_name': 'ITC Limited', 'sm_isin': 'INE154A01025', 'an_dt': '17-Dec-2025 10:20:15', 'sort_date': '2025-12-17 10:20:15', 'seq_id': '106470110', 'smIndustry': 'Cigarettes', 'orgid': None, 'attchmntText': 'ITC Limited has informed the Exchange about Acquisition of Pulp and Paper Undertaking of Aditya Birla Real Estate Limited - Update', 'bflag': None, 'old_new': None, 'csvName': None, 'exchdisstime': '17-Dec-2025 10:20:16', 'difference': '00:00:01', 'fileSize': '279.54 KB', 'attFileSize': '279.54 KB', 'hasXbrl': True}",0.0
ITC,NSE_CORP_ANN,Change in Director(s),ITC Limited has informed the Exchange regarding Change in Director(s) of the company.,,,"{'symbol': 'ITC', 'desc': 'Change in Director(s)', 'dt': '16122025162546', 'attchmntFile': 'https://nsearchives.nseindia.com/corporate/ITC_16122025162539_SE_Director_.pdf', 'sm_name': 'ITC Limited', 'sm_isin': 'INE154A01025', 'an_dt': '16-Dec-2025 16:25:46', 'sort_date': '2025-12-16 16:25:46', 'seq_id': '106469437', 'smIndustry': 'Cigarettes', 'orgid': None, 'attchmntText': 'ITC Limited has informed the Exchange regarding Change in Director(s) of the company.', 'bflag': None, 'old_new': None, 'csvName': None, 'exchdisstime': '16-Dec-2025 16:25:47', 'difference': '00:00:01', 'fileSize': '385.31 KB', 'attFileSize': '385.31 KB', 'hasXbrl': True}",0.0
ITC,NSE_CORP_ANN,Shareholders meeting,ITC Limited has informed the Exchange regarding voting results of  Postal Ballot,,,"{'symbol': 'ITC', 'desc': 'Shareholders meeting', 'dt': '16122025162019', 'attchmntFile': 'https://nsearchives.nseindia.com/corporate/ITC_16122025161929_SE_VotingResults_.pdf', 'sm_name': 'ITC Limited', 'sm_isin': 'INE154A01025', 'an_dt': '16-Dec-2025 16:20:19', 'sort_date': '2025-12-16 16:20:19', 'seq_id': '106469423', 'smIndustry': 'Cigarettes', 'orgid': None, 'attchmntText': 'ITC Limited has informed the Exchange regarding voting results of  Postal Ballot', 'bflag': None, 'old_new': None, 'csvName': None, 'exchdisstime': '16-Dec-2025 16:20:21', 'difference': '00:00:02', 'fileSize': '455.30 KB', 'attFileSize': '455.30 KB', 'hasXbrl': True}",0.0
INDIANB,NSE_CORP_ANN,Shareholders meeting,"Indian Bank has informed the Exchange regarding Notice of Extraordinary General Meeting to be held on January 09, 2026",,,"{'symbol': 'INDIANB', 'desc': 'Shareholders meeting', 'dt': '17122025174021', 'attchmntFile': 'https://nsearchives.nseindia.com/corporate/INDIANB_17122025173749_SE_EGM_Notice17122025.pdf', 'sm_name': 'Indian Bank', 'sm_isin': 'INE562A01011', 'an_dt': '17-Dec-2025 17:40:21', 'sort_date': '2025-12-17 17:40:21', 'seq_id': '106470505', 'smIndustry': 'Banks', 'orgid': None, 'attchmntText': 'Indian Bank has informed the Exchange regarding Notice of Extraordinary General Meeting to be held on January 09, 2026', 'bflag': None, 'old_new': None, 'csvName': None, 'exchdisstime': '17-Dec-2025 17:40:22', 'difference': '00:00:01', 'fileSize': '1.67 MB', 'attFileSize': '1.67 MB', 'hasXbrl': True}",0.0
IEX,NSE_CORP_ANN,Analysts/Institutional Investor Meet/Con. Call Updates,Indian Energy Exchange Limited has informed the Exchange about Schedule of meet,,,"{'symbol': 'IEX', 'desc': 'Analysts/Institutional Investor Meet/Con. Call Updates', 'dt': '18122025131816', 'attchmntFile': 'https://nsearchives.nseindia.com/corporate/IEX_18122025131742_Signed_IEX_Analsyt_Meet_18_12_2025.pdf', 'sm_name': 'Indian Energy Exchange Limited', 'sm_isin': 'INE022Q01012', 'an_dt': '18-Dec-2025 13:18:16', 'sort_date': '2025-12-18 13:18:16', 'seq_id': '106471313', 'smIndustry': None, 'orgid': None, 'attchmntText': 'Indian Energy Exchange Limited has informed the Exchange about Schedule of meet', 'bflag': None, 'old_new': None, 'csvName': None, 'exchdisstime': '18-Dec-2025 13:18:17', 'difference': '00:00:01', 'fileSize': '328.03 KB', 'attFileSize': '328.03 KB', 'hasXbrl': True}",0.0
IRCTC,NSE_CORP_ANN,Trading Window,"Indian Railway Catering And Tourism Corporation Limited has informed the Exchange regarding the Trading Window closure pursuant to SEBI (Prohibition of Insider Trading) Regulations, 2015",,,"{'symbol': 'IRCTC', 'desc': 'Trading Window', 'dt': '22122025174439', 'attchmntFile': 'https://nsearchives.nseindia.com/corporate/IRCTC_22122025174431_TradingWindowClosureSTEX22122025.pdf', 'sm_name': 'Indian Railway Catering And Tourism Corporation Limited', 'sm_isin': 'INE335Y01012', 'an_dt': '22-Dec-2025 17:44:39', 'sort_date': '2025-12-22 17:44:39', 'seq_id': '106474076', 'smIndustry': None, 'orgid': None, 'attchmntText': 'Indian Railway Catering And Tourism Corporation Limited has informed the Exchange regarding the Trading Window closure pursuant to SEBI (Prohibition of Insider Trading) Regulations, 2015', 'bflag': None, 'old_new': None, 'csvName': None, 'exchdisstime': '22-Dec-2025 17:44:40', 'difference': '00:00:01', 'fileSize': '287.12 KB', 'attFileSize': '287.12 KB', 'hasXbrl': True}",0.0
IRFC,NSE_CORP_ANN,Change in Auditors,Indian Railway Finance Corporation Limited has informed the Exchange regarding Change in Auditors of the company.,,,"{'symbol': 'IRFC', 'desc': 'Change in Auditors', 'dt': '16122025112330', 'attchmntFile': 'https://nsearchives.nseindia.com/corporate/IRFC_16122025112313_IntimationforAppointmentofjointStatutoryAuditors.pdf', 'sm_name': 'Indian Railway Finance Corporation Limited', 'sm_isin': 'INE053F07520', 'an_dt': '16-Dec-2025 11:23:30', 'sort_date': '2025-12-16 11:23:30', 'seq_id': '106469179', 'smIndustry': '-', 'orgid': None, 'attchmntText': 'Indian Railway Finance Corporation Limited has informed the Exchange regarding Change in Auditors of the company.', 'bflag': None, 'old_new': None, 'csvName': None, 'exchdisstime': '16-Dec-2025 11:23:31', 'difference': '00:00:01', 'fileSize': '614.00 KB', 'attFileSize': '614.00 KB', 'hasXbrl': True}",0.0
INDUSTOWER,NSE_CORP_ANN,Acquisition,Indus Towers Limited has informed the Exchange regarding Incorporation of a Step-down Wholly Owned Subsidiary in United Arab Emirates,,,"{'symbol': 'INDUSTOWER', 'desc': 'Acquisition', 'dt': '19122025211648', 'attchmntFile': 'https://nsearchives.nseindia.com/corporate/BHARTIINFRATEL_19122025211455_SEUAE23412122025.pdf', 'sm_name': 'Indus Towers Limited', 'sm_isin': 'INE121J01017', 'an_dt': '19-Dec-2025 21:16:48', 'sort_date': '2025-12-19 21:16:48', 'seq_id': '106472756', 'smIndustry': None, 'orgid': None, 'attchmntText': 'Indus Towers Limited has informed the Exchange regarding Incorporation of a Step-down Wholly Owned Subsidiary in United Arab Emirates', 'bflag': None, 'old_new': None, 'csvName': None, 'exchdisstime': '19-Dec-2025 21:16:49', 'difference': '00:00:01', 'fileSize': '360.76 KB', 'attFileSize': '360.76 KB', 'hasXbrl': True}",0.0
INDUSINDBK,NSE_CORP_ANN,News Verification,The Exchange has sought clarification from Indusind Bank Limited with respect to recent news item captioned IndusInd Bank Under SFIO Scanner As MCA Orders Probe Citing Public Interest..  The response from the Company is attached.,,,"{'symbol': 'INDUSINDBK', 'desc': 'News Verification', 'dt': '18122025215442', 'attchmntFile': 'https://nsearchives.nseindia.com/corporate/INDUSINDBK3_18122025215343_SEIntimationnewsclarification18122025.pdf', 'sm_name': 'IndusInd Bank Limited', 'sm_isin': 'INE095A01012', 'an_dt': '18-Dec-2025 21:54:42', 'sort_date': '2025-12-18 21:54:42', 'seq_id': '106471721', 'smIndustry': 'Banks', 'orgid': None, 'attchmntText': 'The Exchange has sought clarification from Indusind Bank Limited with respect to recent news item captioned IndusInd Bank Under SFIO Scanner As MCA Orders Probe Citing Public Interest..  The response from the Company is attached.', 'bflag': None, 'old_new': None, 'csvName': None, 'exchdisstime': '18-Dec-2025 21:54:44', 'difference': '00:00:02', 'fileSize': '252.00 KB', 'attFileSize': '252.00 KB', 'hasXbrl': True}",0.0
INDUSINDBK,NSE_CORP_ANN,Change in Management,Indusind Bank Limited has informed the Exchange about change in Management,,,"{'symbol': 'INDUSINDBK', 'desc': 'Change in Management', 'dt': '17122025185002', 'attchmntFile': 'https://nsearchives.nseindia.com/corporate/INDUSINDBK3_17122025184941_SEDisclosureChangeInSMP17122025.pdf', 'sm_name': 'IndusInd Bank Limited', 'sm_isin': 'INE095A01012', 'an_dt': '17-Dec-2025 18:50:02', 'sort_date': '2025-12-17 18:50:02', 'seq_id': '106470607', 'smIndustry': 'Banks', 'orgid': None, 'attchmntText': 'Indusind Bank Limited has informed the Exchange about change in Management', 'bflag': None, 'old_new': None, 'csvName': None, 'exchdisstime': '17-Dec-2025 18:50:02', 'difference': '00:00:00', 'fileSize': '442.00 KB', 'attFileSize': '442.00 KB', 'hasXbrl': True}",0.0
INDUSINDBK,NSE_CORP_ANN,General Updates,"Indusind Bank Limited has informed the Exchange about intimation under Regulation 30 of SEBI (Listing Obligations and Disclosure Requirements) Regulations, 2015",,,"{'symbol': 'INDUSINDBK', 'desc': 'General Updates', 'dt': '16122025064133', 'attchmntFile': 'https://nsearchives.nseindia.com/corporate/INDUSINDBK3_16122025064115_IntimationMajorShRBIapproval15122025.pdf', 'sm_name': 'IndusInd Bank Limited', 'sm_isin': 'INE095A01012', 'an_dt': '16-Dec-2025 06:41:33', 'sort_date': '2025-12-16 06:41:33', 'seq_id': '106468946', 'smIndustry': 'Banks', 'orgid': None, 'attchmntText': 'Indusind Bank Limited has informed the Exchange about intimation under Regulation 30 of SEBI (Listing Obligations and Disclosure Requirements) Regulations, 2015', 'bflag': None, 'old_new': None, 'csvName': None, 'exchdisstime': '16-Dec-2025 06:41:34', 'difference': '00:00:01', 'fileSize': '277.93 KB', 'attFileSize': '277.93 KB', 'hasXbrl': True}",0.0
INFY,NSE_CORP_ANN,Updates,Infosys Limited has informed the Exchange regarding 'Company statement'.,,,"{'symbol': 'INFY', 'desc': 'Updates', 'dt': '20122025091646', 'attchmntFile': 'https://nsearchives.nseindia.com/corporate/INFY_20122025091628_SE_McCamish_Systems_20122025.pdf', 'sm_name': 'Infosys Limited', 'sm_isin': 'INE009A01021', 'an_dt': '20-Dec-2025 09:16:46', 'sort_date': '2025-12-20 09:16:46', 'seq_id': '106472989', 'smIndustry': 'Computers - Software', 'orgid': None, 'attchmntText': ""Infosys Limited has informed the Exchange regarding 'Company statement'."", 'bflag': None, 'old_new': None, 'csvName': None, 'exchdisstime': '20-Dec-2025 09:16:48', 'difference': '00:00:02', 'fileSize': '218.02 KB', 'attFileSize': '218.02 KB', 'hasXbrl': True}",0.0
INFY,NSE_CORP_ANN,Copy of Newspaper Publication,Infosys Limited has informed the Exchange about Copy of Newspaper Publication for loss of share certificates,,,"{'symbol': 'INFY', 'desc': 'Copy of Newspaper Publication', 'dt': '19122025155403', 'attchmntFile': 'https://nsearchives.nseindia.com/corporate/Infosys_19122025155340_SE_19122025.pdf', 'sm_name': 'Infosys Limited', 'sm_isin': 'INE009A01021', 'an_dt': '19-Dec-2025 15:54:03', 'sort_date': '2025-12-19 15:54:03', 'seq_id': '106472395', 'smIndustry': 'Computers - Software', 'orgid': None, 'attchmntText': 'Infosys Limited has informed the Exchange about Copy of Newspaper Publication for loss of share certificates', 'bflag': None, 'old_new': None, 'csvName': None, 'exchdisstime': '19-Dec-2025 15:54:04', 'difference': '00:00:01', 'fileSize': '1.55 MB', 'attFileSize': '1.55 MB', 'hasXbrl': True}",0.0
INFY,NSE_CORP_ANN,ESOP/ESOS/ESPS,Infosys Limited has informed the Exchange regarding Allotment of 43490  Shares.,,,"{'symbol': 'INFY', 'desc': 'ESOP/ESOS/ESPS', 'dt': '19122025154950', 'attchmntFile': 'https://nsearchives.nseindia.com/corporate/Infosys_19122025154932_ESOP_Allotment_Batch89.pdf', 'sm_name': 'Infosys Limited', 'sm_isin': 'INE009A01021', 'an_dt': '19-Dec-2025 15:49:50', 'sort_date': '2025-12-19 15:49:50', 'seq_id': '106472392', 'smIndustry': 'Computers - Software', 'orgid': None, 'attchmntText': 'Infosys Limited has informed the Exchange regarding Allotment of 43490  Shares.', 'bflag': None, 'old_new': None, 'csvName': None, 'exchdisstime': '19-Dec-2025 15:49:51', 'difference': '00:00:01', 'fileSize': '251.73 KB', 'attFileSize': '251.73 KB', 'hasXbrl': True}",0.0
INFY,NSE_CORP_ANN,General Updates,Infosys Limited has informed the Exchange about Disclosure Under Regulation 30 Of SEBI LODR Regulations,,,"{'symbol': 'INFY', 'desc': 'General Updates', 'dt': '17122025163809', 'attchmntFile': 'https://nsearchives.nseindia.com/corporate/Infosys_17122025163654_letter_17122025.pdf', 'sm_name': 'Infosys Limited', 'sm_isin': 'INE009A01021', 'an_dt': '17-Dec-2025 16:38:09', 'sort_date': '2025-12-17 16:38:09', 'seq_id': '106470418', 'smIndustry': 'Computers - Software', 'orgid': None, 'attchmntText': 'Infosys Limited has informed the Exchange about Disclosure Under Regulation 30 Of SEBI LODR Regulations', 'bflag': None, 'old_new': None, 'csvName': None, 'exchdisstime': '17-Dec-2025 16:38:10', 'difference': '00:00:01', 'fileSize': '252.09 KB', 'attFileSize': '252.09 KB', 'hasXbrl': True}",0.0
INOXWIND,NSE_CORP_ANN,Press Release,"Inox Wind Limited has informed the Exchange regarding a press release dated December 18, 2025, titled ""Hon ble Dy Chief Minister of Gujarat Inaugurates INOXGFL Group s Advanced Solar and Wind Manufacturing Facilities near Ahmedabad"".",,,"{'symbol': 'INOXWIND', 'desc': 'Press Release', 'dt': '18122025223256', 'attchmntFile': 'https://nsearchives.nseindia.com/corporate/INOXWIND_18122025223213_IWL_PressRelease18122025.pdf', 'sm_name': 'Inox Wind Limited', 'sm_isin': 'INE066P01011', 'an_dt': '18-Dec-2025 22:32:56', 'sort_date': '2025-12-18 22:32:56', 'seq_id': '106471881', 'smIndustry': None, 'orgid': None, 'attchmntText': 'Inox Wind Limited has informed the Exchange regarding a press release dated December 18, 2025, titled ""Hon ble Dy Chief Minister of Gujarat Inaugurates INOXGFL Group s Advanced Solar and Wind Manufacturing Facilities near Ahmedabad"".', 'bflag': None, 'old_new': None, 'csvName': None, 'exchdisstime': '18-Dec-2025 22:32:57', 'difference': '00:00:01', 'fileSize': '410.54 KB', 'attFileSize': '410.54 KB', 'hasXbrl': True}",0.0
INDIGO,NSE_CORP_ANN,General Updates,InterGlobe Aviation Limited has informed the Exchange about General Updates,,,"{'symbol': 'INDIGO', 'desc': 'General Updates', 'dt': '18122025154707', 'attchmntFile': 'https://nsearchives.nseindia.com/corporate/Indigo1_18122025154647_PressReleaseDisclosure18122025.pdf', 'sm_name': 'InterGlobe Aviation Limited', 'sm_isin': 'INE646L01027', 'an_dt': '18-Dec-2025 15:47:07', 'sort_date': '2025-12-18 15:47:07', 'seq_id': '106471398', 'smIndustry': None, 'orgid': None, 'attchmntText': 'InterGlobe Aviation Limited has informed the Exchange about General Updates', 'bflag': None, 'old_new': None, 'csvName': None, 'exchdisstime': '18-Dec-2025 15:47:08', 'difference': '00:00:01', 'fileSize': '186.82 KB', 'attFileSize': '186.82 KB', 'hasXbrl': True}",0.0
JINDALSTEL,NSE_CORP_ANN,General Updates,JINDAL STEEL LIMITED has informed the Exchange about Grant of Stock Options under Jindal Steel Employee Benefit Scheme   2022,,,"{'symbol': 'JINDALSTEL', 'desc': 'General Updates', 'dt': '20122025114059', 'attchmntFile': 'https://nsearchives.nseindia.com/corporate/JINDALSTEL_20122025114027_stx.pdf', 'sm_name': 'JINDAL STEEL LIMITED', 'sm_isin': 'INE749A01030', 'an_dt': '20-Dec-2025 11:40:59', 'sort_date': '2025-12-20 11:40:59', 'seq_id': '106473022', 'smIndustry': 'Steel And Steel Products', 'orgid': None, 'attchmntText': 'JINDAL STEEL LIMITED has informed the Exchange about Grant of Stock Options under Jindal Steel Employee Benefit Scheme   2022', 'bflag': None, 'old_new': None, 'csvName': None, 'exchdisstime': '20-Dec-2025 11:41:00', 'difference': '00:00:01', 'fileSize': '436.61 KB', 'attFileSize': '436.61 KB', 'hasXbrl': True}",0.0
JSWENERGY,NSE_CORP_ANN,Updates,JSW Energy Limited has informed the Exchange about the Assignment of Credit Rating - O2 Companies.,,,"{'symbol': 'JSWENERGY', 'desc': 'Updates', 'dt': '17122025115741', 'attchmntFile': 'https://nsearchives.nseindia.com/corporate/AJAYJSWEL_17122025115726_O2RatingsStockexchangedisclosure.pdf', 'sm_name': 'JSW Energy Limited', 'sm_isin': 'INE121E01018', 'an_dt': '17-Dec-2025 11:57:41', 'sort_date': '2025-12-17 11:57:41', 'seq_id': '106470206', 'smIndustry': 'Power', 'orgid': None, 'attchmntText': 'JSW Energy Limited has informed the Exchange about the Assignment of Credit Rating - O2 Companies.', 'bflag': None, 'old_new': None, 'csvName': None, 'exchdisstime': '17-Dec-2025 11:57:42', 'difference': '00:00:01', 'fileSize': '484.28 KB', 'attFileSize': '484.28 KB', 'hasXbrl': True}",0.0
JSWSTEEL,NSE_CORP_ANN,Trading Window,"JSW Steel Limited has informed the Exchange regarding the Trading Window closure pursuant to SEBI (Prohibition of Insider Trading) Regulations, 2015",,,"{'symbol': 'JSWSTEEL', 'desc': 'Trading Window', 'dt': '22122025155517', 'attchmntFile': 'https://nsearchives.nseindia.com/corporate/jessydenny_22122025155500_Notice_of_Board_Meeting.pdf', 'sm_name': 'JSW Steel Limited', 'sm_isin': 'INE019A01020', 'an_dt': '22-Dec-2025 15:55:17', 'sort_date': '2025-12-22 15:55:17', 'seq_id': '106473896', 'smIndustry': 'Steel And Steel Products', 'orgid': None, 'attchmntText': 'JSW Steel Limited has informed the Exchange regarding the Trading Window closure pursuant to SEBI (Prohibition of Insider Trading) Regulations, 2015', 'bflag': None, 'old_new': None, 'csvName': None, 'exchdisstime': '22-Dec-2025 15:55:18', 'difference': '00:00:01', 'fileSize': '237.96 KB', 'attFileSize': '237.96 KB', 'hasXbrl': True}",0.0
JSWSTEEL,NSE_CORP_ANN,Credit Rating- Revision,JSW Steel Limited has informed the Exchange about Credit Rating- Revision,,,"{'symbol': 'JSWSTEEL', 'desc': 'Credit Rating- Revision', 'dt': '16122025140829', 'attchmntFile': 'https://nsearchives.nseindia.com/corporate/Supriya_16122025140818_SEIntimationCreditRatingRevision16122025.pdf', 'sm_name': 'JSW Steel Limited', 'sm_isin': 'INE019A01020', 'an_dt': '16-Dec-2025 14:08:29', 'sort_date': '2025-12-16 14:08:29', 'seq_id': '106469304', 'smIndustry': 'Steel And Steel Products', 'orgid': None, 'attchmntText': 'JSW Steel Limited has informed the Exchange about Credit Rating- Revision', 'bflag': None, 'old_new': None, 'csvName': None, 'exchdisstime': '16-Dec-2025 14:08:30', 'difference': '00:00:01', 'fileSize': '406.63 KB', 'attFileSize': '406.63 KB', 'hasXbrl': True}",0.0
JIOFIN,NSE_CORP_ANN,Change in Management,Jio Financial Services Limited has informed the Exchange about change in Management,,,"{'symbol': 'JIOFIN', 'desc': 'Change in Management', 'dt': '17122025192319', 'attchmntFile': 'https://nsearchives.nseindia.com/corporate/JIOFINANCIAL_17122025192238_Disclosure.pdf', 'sm_name': 'Jio Financial Services Limited', 'sm_isin': 'INE758E01017', 'an_dt': '17-Dec-2025 19:23:19', 'sort_date': '2025-12-17 19:23:19', 'seq_id': '106470653', 'smIndustry': None, 'orgid': None, 'attchmntText': 'Jio Financial Services Limited has informed the Exchange about change in Management', 'bflag': None, 'old_new': None, 'csvName': None, 'exchdisstime': '17-Dec-2025 19:23:20', 'difference': '00:00:01', 'fileSize': '376.69 KB', 'attFileSize': '376.69 KB', 'hasXbrl': True}",0.0
KPITTECH,NSE_CORP_ANN,Analysts/Institutional Investor Meet/Con. Call Updates,KPIT Technologies Limited has informed the Exchange about Investor Meet Outcome,,,"{'symbol': 'KPITTECH', 'desc': 'Analysts/Institutional Investor Meet/Con. Call Updates', 'dt': '16122025085723', 'attchmntFile': 'https://nsearchives.nseindia.com/corporate/KPITTECH_16122025085550_Investor_meet_Outcome_DEC15_Signed.pdf', 'sm_name': 'KPIT Technologies Limited', 'sm_isin': 'INE04I401011', 'an_dt': '16-Dec-2025 08:57:23', 'sort_date': '2025-12-16 08:57:23', 'seq_id': '106468949', 'smIndustry': None, 'orgid': None, 'attchmntText': 'KPIT Technologies Limited has informed the Exchange about Investor Meet Outcome', 'bflag': None, 'old_new': None, 'csvName': None, 'exchdisstime': '16-Dec-2025 08:57:24', 'difference': '00:00:01', 'fileSize': '239.63 KB', 'attFileSize': '239.63 KB', 'hasXbrl': True}",0.0
KALYANKJIL,NSE_CORP_ANN,Trading Window,"Kalyan Jewellers India Limited has informed the Exchange regarding the Trading Window closure pursuant to SEBI (Prohibition of Insider Trading) Regulations, 2015",,,"{'symbol': 'KALYANKJIL', 'desc': 'Trading Window', 'dt': '23122025104541', 'attchmntFile': 'https://nsearchives.nseindia.com/corporate/KALYANKJIL_23122025104523_Intimation_TradingWindow.pdf', 'sm_name': 'Kalyan Jewellers India Limited', 'sm_isin': 'INE303R01014', 'an_dt': '23-Dec-2025 10:45:41', 'sort_date': '2025-12-23 10:45:41', 'seq_id': '106474724', 'smIndustry': None, 'orgid': None, 'attchmntText': 'Kalyan Jewellers India Limited has informed the Exchange regarding the Trading Window closure pursuant to SEBI (Prohibition of Insider Trading) Regulations, 2015', 'bflag': None, 'old_new': None, 'csvName': None, 'exchdisstime': '23-Dec-2025 10:45:42', 'difference': '00:00:01', 'fileSize': '564.17 KB', 'attFileSize': '564.17 KB', 'hasXbrl': True}",0.0
KAYNES,NSE_CORP_ANN,Credit Rating,Kaynes Technology India Limited has informed the Exchange about Credit Rating,,,"{'symbol': 'KAYNES', 'desc': 'Credit Rating', 'dt': '19122025164303', 'attchmntFile': 'https://nsearchives.nseindia.com/corporate/KAYNESTECH_19122025164214_CareCreditRatingSigned.pdf', 'sm_name': 'Kaynes Technology India Limited', 'sm_isin': 'INE918Z01012', 'an_dt': '19-Dec-2025 16:43:03', 'sort_date': '2025-12-19 16:43:03', 'seq_id': '106472453', 'smIndustry': None, 'orgid': None, 'attchmntText': 'Kaynes Technology India Limited has informed the Exchange about Credit Rating', 'bflag': None, 'old_new': None, 'csvName': None, 'exchdisstime': '19-Dec-2025 16:43:04', 'difference': '00:00:01', 'fileSize': '394.98 KB', 'attFileSize': '394.98 KB', 'hasXbrl': True}",0.0
KAYNES,NSE_CORP_ANN,Press Release,"Kaynes Technology India Limited has informed the Exchange regarding a press release dated December 16, 2025, titled "" Kaynes Semicon Announces Strategic Partnerships with Mitsui & Co. and AOI Electronics to Strengthen India s Semiconductor Ecosystem. "".",,,"{'symbol': 'KAYNES', 'desc': 'Press Release', 'dt': '16122025194531', 'attchmntFile': 'https://nsearchives.nseindia.com/corporate/KAYNESTECH_16122025194314_PRSemiconSigned.pdf', 'sm_name': 'Kaynes Technology India Limited', 'sm_isin': 'INE918Z01012', 'an_dt': '16-Dec-2025 19:45:31', 'sort_date': '2025-12-16 19:45:31', 'seq_id': '106469659', 'smIndustry': None, 'orgid': None, 'attchmntText': 'Kaynes Technology India Limited has informed the Exchange regarding a press release dated December 16, 2025, titled "" Kaynes Semicon Announces Strategic Partnerships with Mitsui & Co. and AOI Electronics to Strengthen India s Semiconductor Ecosystem. "".', 'bflag': None, 'old_new': None, 'csvName': None, 'exchdisstime': '16-Dec-2025 19:45:32', 'difference': '00:00:01', 'fileSize': '325.47 KB', 'attFileSize': '325.47 KB', 'hasXbrl': True}",0.0
KFINTECH,NSE_CORP_ANN,ESOP/ESOS/ESPS,KFin Technologies Limited has informed the Exchange regarding allotment of Equity Shares pursuant to exercise of options by the eligible grantees,,,"{'symbol': 'KFINTECH', 'desc': 'ESOP/ESOS/ESPS', 'dt': '19122025091006', 'attchmntFile': 'https://nsearchives.nseindia.com/corporate/KFINTECHNSE_19122025090953_Intimation.pdf', 'sm_name': 'Kfin Technologies Limited', 'sm_isin': 'INE138Y01010', 'an_dt': '19-Dec-2025 09:10:06', 'sort_date': '2025-12-19 09:10:06', 'seq_id': '106471985', 'smIndustry': None, 'orgid': None, 'attchmntText': 'KFin Technologies Limited has informed the Exchange regarding allotment of Equity Shares pursuant to exercise of options by the eligible grantees', 'bflag': None, 'old_new': None, 'csvName': None, 'exchdisstime': '19-Dec-2025 09:10:07', 'difference': '00:00:01', 'fileSize': '312.66 KB', 'attFileSize': '312.66 KB', 'hasXbrl': True}",0.0
KFINTECH,NSE_CORP_ANN,Updates,KFin Technologies Limited has informed the Exchange regarding 'Intimation of Schedule of Analyst / Institutional Investors  Meet'.,,,"{'symbol': 'KFINTECH', 'desc': 'Updates', 'dt': '18122025221112', 'attchmntFile': 'https://nsearchives.nseindia.com/corporate/KFINTECHNSE_18122025221101_Intimation.pdf', 'sm_name': 'Kfin Technologies Limited', 'sm_isin': 'INE138Y01010', 'an_dt': '18-Dec-2025 22:11:12', 'sort_date': '2025-12-18 22:11:12', 'seq_id': '106471728', 'smIndustry': None, 'orgid': None, 'attchmntText': ""KFin Technologies Limited has informed the Exchange regarding 'Intimation of Schedule of Analyst / Institutional Investors  Meet'."", 'bflag': None, 'old_new': None, 'csvName': None, 'exchdisstime': '18-Dec-2025 22:11:13', 'difference': '00:00:01', 'fileSize': '293.01 KB', 'attFileSize': '293.01 KB', 'hasXbrl': True}",0.0
KFINTECH,NSE_CORP_ANN,Shareholders meeting,KFin Technologies Limited has submitted the Outcome of Postal Ballot and Voting Results of Postal Ballot along with the Scrutinizer's Report,,,"{'symbol': 'KFINTECH', 'desc': 'Shareholders meeting', 'dt': '18122025201556', 'attchmntFile': 'https://nsearchives.nseindia.com/corporate/KFINTECHNSE_18122025201139_Intimation.pdf', 'sm_name': 'Kfin Technologies Limited', 'sm_isin': 'INE138Y01010', 'an_dt': '18-Dec-2025 20:15:56', 'sort_date': '2025-12-18 20:15:56', 'seq_id': '106471683', 'smIndustry': None, 'orgid': None, 'attchmntText': ""KFin Technologies Limited has submitted the Outcome of Postal Ballot and Voting Results of Postal Ballot along with the Scrutinizer's Report"", 'bflag': None, 'old_new': None, 'csvName': None, 'exchdisstime': '18-Dec-2025 20:15:57', 'difference': '00:00:01', 'fileSize': '1.02 MB', 'attFileSize': '1.02 MB', 'hasXbrl': True}",0.0
KOTAKBANK,NSE_CORP_ANN,Action(s) taken or orders passed,"Intimation under Regulation 30 of the SEBI (Listing Obligations and Disclosure Requirements) Regulations, 2015",,,"{'symbol': 'KOTAKBANK', 'desc': 'Action(s) taken or orders passed', 'dt': '21122025123245', 'attchmntFile': 'https://nsearchives.nseindia.com/corporate/KOTAK_21122025123228_GSTPenalty21122025.pdf', 'sm_name': 'Kotak Mahindra Bank Limited', 'sm_isin': 'INE237A01010', 'an_dt': '21-Dec-2025 12:32:45', 'sort_date': '2025-12-21 12:32:45', 'seq_id': '106473264', 'smIndustry': 'Banks', 'orgid': None, 'attchmntText': 'Intimation under Regulation 30 of the SEBI (Listing Obligations and Disclosure Requirements) Regulations, 2015', 'bflag': None, 'old_new': None, 'csvName': None, 'exchdisstime': '21-Dec-2025 12:32:46', 'difference': '00:00:01', 'fileSize': '233.87 KB', 'attFileSize': '233.87 KB', 'hasXbrl': True}",0.0
KOTAKBANK,NSE_CORP_ANN,General Updates,Kotak Mahindra Bank Limited has informed the Exchange about Grant of Performance Linked Restricted Stock Units,,,"{'symbol': 'KOTAKBANK', 'desc': 'General Updates', 'dt': '18122025143030', 'attchmntFile': 'https://nsearchives.nseindia.com/corporate/Kotakmahindrabank_18122025143016_PRSUGrantIntimation18122025.pdf', 'sm_name': 'Kotak Mahindra Bank Limited', 'sm_isin': 'INE237A01010', 'an_dt': '18-Dec-2025 14:30:30', 'sort_date': '2025-12-18 14:30:30', 'seq_id': '106471339', 'smIndustry': 'Banks', 'orgid': None, 'attchmntText': 'Kotak Mahindra Bank Limited has informed the Exchange about Grant of Performance Linked Restricted Stock Units', 'bflag': None, 'old_new': None, 'csvName': None, 'exchdisstime': '18-Dec-2025 14:30:31', 'difference': '00:00:01', 'fileSize': '236.29 KB', 'attFileSize': '236.29 KB', 'hasXbrl': True}",0.0
LT,NSE_CORP_ANN,Bagging/Receiving of orders/contracts,Larsen & Toubro Limited has informed the Exchange about Bagging/Receiving of orders/contracts,,,"{'symbol': 'LT', 'desc': 'Bagging/Receiving of orders/contracts', 'dt': '23122025095125', 'attchmntFile': 'https://nsearchives.nseindia.com/corporate/PAM_23122025095055_PressRelease23122025.pdf', 'sm_name': 'Larsen & Toubro Limited', 'sm_isin': 'INE018A01030', 'an_dt': '23-Dec-2025 09:51:25', 'sort_date': '2025-12-23 09:51:25', 'seq_id': '106474634', 'smIndustry': 'Engineering', 'orgid': None, 'attchmntText': 'Larsen & Toubro Limited has informed the Exchange about Bagging/Receiving of orders/contracts', 'bflag': None, 'old_new': None, 'csvName': None, 'exchdisstime': '23-Dec-2025 09:51:26', 'difference': '00:00:01', 'fileSize': '368.18 KB', 'attFileSize': '368.18 KB', 'hasXbrl': True}",0.0
LT,NSE_CORP_ANN,Copy of Newspaper Publication,Larsen & Toubro Limited has informed the Exchange about Copy of Newspaper Publication,,,"{'symbol': 'LT', 'desc': 'Copy of Newspaper Publication', 'dt': '20122025141138', 'attchmntFile': 'https://nsearchives.nseindia.com/corporate/PAM_20122025141111_NewspaperAdvt20122025.pdf', 'sm_name': 'Larsen & Toubro Limited', 'sm_isin': 'INE018A01030', 'an_dt': '20-Dec-2025 14:11:38', 'sort_date': '2025-12-20 14:11:38', 'seq_id': '106473089', 'smIndustry': 'Engineering', 'orgid': None, 'attchmntText': 'Larsen & Toubro Limited has informed the Exchange about Copy of Newspaper Publication', 'bflag': None, 'old_new': None, 'csvName': None, 'exchdisstime': '20-Dec-2025 14:11:39', 'difference': '00:00:01', 'fileSize': '548.48 KB', 'attFileSize': '548.48 KB', 'hasXbrl': True}",0.0
LT,NSE_CORP_ANN,Shareholders meeting,Larsen & Toubro Limited has informed the Exchange regarding Notice of Postal Ballot,,,"{'symbol': 'LT', 'desc': 'Shareholders meeting', 'dt': '19122025150420', 'attchmntFile': 'https://nsearchives.nseindia.com/corporate/PAM_19122025150329_PostalBallotNotice19122025.pdf', 'sm_name': 'Larsen & Toubro Limited', 'sm_isin': 'INE018A01030', 'an_dt': '19-Dec-2025 15:04:20', 'sort_date': '2025-12-19 15:04:20', 'seq_id': '106472350', 'smIndustry': 'Engineering', 'orgid': None, 'attchmntText': 'Larsen & Toubro Limited has informed the Exchange regarding Notice of Postal Ballot', 'bflag': None, 'old_new': None, 'csvName': None, 'exchdisstime': '19-Dec-2025 15:04:22', 'difference': '00:00:02', 'fileSize': '956.33 KB', 'attFileSize': '956.33 KB', 'hasXbrl': True}",0.0
LT,NSE_CORP_ANN,Press Release,"Larsen & Toubro Limited has informed the Exchange regarding a press release dated December 17, 2025, titled ""L&T Wins Orders (Large*) for Buildings & Factories Business"".",,,"{'symbol': 'LT', 'desc': 'Press Release', 'dt': '17122025105850', 'attchmntFile': 'https://nsearchives.nseindia.com/corporate/PAM_17122025105757_PressRelease17122025.pdf', 'sm_name': 'Larsen & Toubro Limited', 'sm_isin': 'INE018A01030', 'an_dt': '17-Dec-2025 10:58:50', 'sort_date': '2025-12-17 10:58:50', 'seq_id': '106470127', 'smIndustry': 'Engineering', 'orgid': None, 'attchmntText': 'Larsen & Toubro Limited has informed the Exchange regarding a press release dated December 17, 2025, titled ""L&T Wins Orders (Large*) for Buildings & Factories Business"".', 'bflag': None, 'old_new': None, 'csvName': None, 'exchdisstime': '17-Dec-2025 10:58:50', 'difference': '00:00:00', 'fileSize': '343.71 KB', 'attFileSize': '343.71 KB', 'hasXbrl': True}",0.0
LODHA,NSE_CORP_ANN,Trading Window,"Lodha Developers Limited has informed the Exchange regarding the Trading Window closure pursuant to SEBI (Prohibition of Insider Trading) Regulations, 2015",,,"{'symbol': 'LODHA', 'desc': 'Trading Window', 'dt': '22122025165904', 'attchmntFile': 'https://nsearchives.nseindia.com/corporate/LODHA_22122025165819_LDL_Trading_window_Closure_22122025.pdf', 'sm_name': 'Lodha Developers Limited', 'sm_isin': 'INE670K01029', 'an_dt': '22-Dec-2025 16:59:04', 'sort_date': '2025-12-22 16:59:04', 'seq_id': '106473985', 'smIndustry': None, 'orgid': None, 'attchmntText': 'Lodha Developers Limited has informed the Exchange regarding the Trading Window closure pursuant to SEBI (Prohibition of Insider Trading) Regulations, 2015', 'bflag': None, 'old_new': None, 'csvName': None, 'exchdisstime': '22-Dec-2025 16:59:05', 'difference': '00:00:01', 'fileSize': '222.74 KB', 'attFileSize': '222.74 KB', 'hasXbrl': True}",0.0
LUPIN,NSE_CORP_ANN,Press Release,"Lupin Limited has informed the Exchange regarding a press release dated December 18, 2025, titled ""Lupin Signs Exclusive Licensing Agreement with Neopharmed for GastroenterologyBrand Plasil® in the Philippines and Brazil"".",,,"{'symbol': 'LUPIN', 'desc': 'Press Release', 'dt': '18122025154144', 'attchmntFile': 'https://nsearchives.nseindia.com/corporate/Lupin2_18122025154035_SE_LetterwithPressRelease_18122025.pdf', 'sm_name': 'Lupin Limited', 'sm_isin': 'INE326A01029', 'an_dt': '18-Dec-2025 15:41:44', 'sort_date': '2025-12-18 15:41:44', 'seq_id': '106471390', 'smIndustry': 'Pharmaceuticals', 'orgid': None, 'attchmntText': 'Lupin Limited has informed the Exchange regarding a press release dated December 18, 2025, titled ""Lupin Signs Exclusive Licensing Agreement with Neopharmed for GastroenterologyBrand Plasil® in the Philippines and Brazil"".', 'bflag': None, 'old_new': None, 'csvName': None, 'exchdisstime': '18-Dec-2025 15:41:45', 'difference': '00:00:01', 'fileSize': '937.67 KB', 'attFileSize': '937.67 KB', 'hasXbrl': True}",0.0
MARICO,NSE_CORP_ANN,Acquisition,"Please find attached intimation under Regulation 30 of SEBI (Listing Obligations and Disclosure Requirements) Regulations, 2015.",,,"{'symbol': 'MARICO', 'desc': 'Acquisition', 'dt': '17122025181740', 'attchmntFile': 'https://nsearchives.nseindia.com/corporate/marico_17122025181342_SEintimationPLIX.pdf', 'sm_name': 'Marico Limited', 'sm_isin': 'INE196A01026', 'an_dt': '17-Dec-2025 18:17:40', 'sort_date': '2025-12-17 18:17:40', 'seq_id': '106470561', 'smIndustry': 'Personal Care', 'orgid': None, 'attchmntText': 'Please find attached intimation under Regulation 30 of SEBI (Listing Obligations and Disclosure Requirements) Regulations, 2015.', 'bflag': None, 'old_new': None, 'csvName': None, 'exchdisstime': '17-Dec-2025 18:17:40', 'difference': '00:00:00', 'fileSize': '191.65 KB', 'attFileSize': '191.65 KB', 'hasXbrl': True}",0.0
MARICO,NSE_CORP_ANN,Press Release,"Please find attached a press release by Marico Limited, titled ""Marico Achieves Dual A- CDP Scores and secures Leadership in NSE ESG Ratings"".",,,"{'symbol': 'MARICO', 'desc': 'Press Release', 'dt': '17122025125358', 'attchmntFile': 'https://nsearchives.nseindia.com/corporate/marico_17122025125148_pressrelease.pdf', 'sm_name': 'Marico Limited', 'sm_isin': 'INE196A01026', 'an_dt': '17-Dec-2025 12:53:58', 'sort_date': '2025-12-17 12:53:58', 'seq_id': '106470278', 'smIndustry': 'Personal Care', 'orgid': None, 'attchmntText': 'Please find attached a press release by Marico Limited, titled ""Marico Achieves Dual A- CDP Scores and secures Leadership in NSE ESG Ratings"".', 'bflag': None, 'old_new': None, 'csvName': None, 'exchdisstime': '17-Dec-2025 12:53:59', 'difference': '00:00:01', 'fileSize': '3.09 MB', 'attFileSize': '3.09 MB', 'hasXbrl': True}",0.0
MARUTI,NSE_CORP_ANN,General Updates,"Maruti Suzuki India Limited has informed the Exchange about Intimation under Regulation 30 of the Securities and Exchange Board of India (Listing Obligations and Disclosure Requirements) Regulations, 2015",,,"{'symbol': 'MARUTI', 'desc': 'General Updates', 'dt': '18122025183839', 'attchmntFile': 'https://nsearchives.nseindia.com/corporate/MARUTIASHISH_18122025183643_CCI_18122025.pdf', 'sm_name': 'Maruti Suzuki India Limited', 'sm_isin': 'INE585B01010', 'an_dt': '18-Dec-2025 18:38:39', 'sort_date': '2025-12-18 18:38:39', 'seq_id': '106471609', 'smIndustry': 'Automobiles - 4 Wheelers', 'orgid': None, 'attchmntText': 'Maruti Suzuki India Limited has informed the Exchange about Intimation under Regulation 30 of the Securities and Exchange Board of India (Listing Obligations and Disclosure Requirements) Regulations, 2015', 'bflag': None, 'old_new': None, 'csvName': None, 'exchdisstime': '18-Dec-2025 18:38:39', 'difference': '00:00:00', 'fileSize': '1.71 MB', 'attFileSize': '1.71 MB', 'hasXbrl': True}",0.0
MARUTI,NSE_CORP_ANN,Press Release,"Maruti Suzuki India Limited has informed the Exchange regarding a press release dated December 17, 2025, titled ""Maruti Suzuki ushers in inclusive mobility with WagonR Swivel seat: A step towardsproviding accessible mobility for senior citizens and persons with disabilities"".",,,"{'symbol': 'MARUTI', 'desc': 'Press Release', 'dt': '17122025140214', 'attchmntFile': 'https://nsearchives.nseindia.com/corporate/MARUTIASHISH_17122025140059_PR_17122025.pdf', 'sm_name': 'Maruti Suzuki India Limited', 'sm_isin': 'INE585B01010', 'an_dt': '17-Dec-2025 14:02:14', 'sort_date': '2025-12-17 14:02:14', 'seq_id': '106470314', 'smIndustry': 'Automobiles - 4 Wheelers', 'orgid': None, 'attchmntText': 'Maruti Suzuki India Limited has informed the Exchange regarding a press release dated December 17, 2025, titled ""Maruti Suzuki ushers in inclusive mobility with WagonR Swivel seat: A step towardsproviding accessible mobility for senior citizens and persons with disabilities"".', 'bflag': None, 'old_new': None, 'csvName': None, 'exchdisstime': '17-Dec-2025 14:02:15', 'difference': '00:00:01', 'fileSize': '1.81 MB', 'attFileSize': '1.81 MB', 'hasXbrl': True}",0.0
MFSL,NSE_CORP_ANN,Shareholders meeting,"Declaration of Postal Ballot Results with respect to Postal Ballot Notice dated November 11, 2025",,,"{'symbol': 'MFSL', 'desc': 'Shareholders meeting', 'dt': '22122025155415', 'attchmntFile': 'https://nsearchives.nseindia.com/corporate/Max_22122025154839_SEDPOSTALBALLOTRESULTS22122025.pdf', 'sm_name': 'Max Financial Services Limited', 'sm_isin': 'INE180A01020', 'an_dt': '22-Dec-2025 15:54:15', 'sort_date': '2025-12-22 15:54:15', 'seq_id': '106473895', 'smIndustry': None, 'orgid': None, 'attchmntText': 'Declaration of Postal Ballot Results with respect to Postal Ballot Notice dated November 11, 2025', 'bflag': None, 'old_new': None, 'csvName': None, 'exchdisstime': '22-Dec-2025 15:54:16', 'difference': '00:00:01', 'fileSize': '11.04 MB', 'attFileSize': '11.04 MB', 'hasXbrl': True}",0.0
MAXHEALTH,NSE_CORP_ANN,General Updates,Max Healthcare Institute Limited has informed the Exchange about General Updates,,,"{'symbol': 'MAXHEALTH', 'desc': 'General Updates', 'dt': '19122025223615', 'attchmntFile': 'https://nsearchives.nseindia.com/corporate/MAXHEALTH_19122025223533_SE_Intimation_GST_Order.pdf', 'sm_name': 'Max Healthcare Institute Limited', 'sm_isin': 'INE027H01010', 'an_dt': '19-Dec-2025 22:36:15', 'sort_date': '2025-12-19 22:36:15', 'seq_id': '106472784', 'smIndustry': None, 'orgid': None, 'attchmntText': 'Max Healthcare Institute Limited has informed the Exchange about General Updates', 'bflag': None, 'old_new': None, 'csvName': None, 'exchdisstime': '19-Dec-2025 22:36:16', 'difference': '00:00:01', 'fileSize': '323.16 KB', 'attFileSize': '323.16 KB', 'hasXbrl': True}",0.0
MAXHEALTH,NSE_CORP_ANN,Press Release,"Max Healthcare Institute Limited has informed the Exchange regarding a press release dated December 18, 2025, titled ""Max Healthcare Announces Entry into Pune with a 450-Beds Hospital, Investment of over INR 1000 Cr"".",,,"{'symbol': 'MAXHEALTH', 'desc': 'Press Release', 'dt': '18122025155745', 'attchmntFile': 'https://nsearchives.nseindia.com/corporate/MAXHEALTH_18122025155655_SE_Intimation_Press_Release.pdf', 'sm_name': 'Max Healthcare Institute Limited', 'sm_isin': 'INE027H01010', 'an_dt': '18-Dec-2025 15:57:45', 'sort_date': '2025-12-18 15:57:45', 'seq_id': '106471408', 'smIndustry': None, 'orgid': None, 'attchmntText': 'Max Healthcare Institute Limited has informed the Exchange regarding a press release dated December 18, 2025, titled ""Max Healthcare Announces Entry into Pune with a 450-Beds Hospital, Investment of over INR 1000 Cr"".', 'bflag': None, 'old_new': None, 'csvName': None, 'exchdisstime': '18-Dec-2025 15:57:46', 'difference': '00:00:01', 'fileSize': '472.32 KB', 'attFileSize': '472.32 KB', 'hasXbrl': True}",0.0
MAXHEALTH,NSE_CORP_ANN,Acquisition,Max Healthcare Institute Limited has informed the Exchange about Share Purchase Agreement to acquire equity stake in Yerawada Properties Private Limited and matters relating to setting up a approx. 450 bedded super speciality hospital in Pune,,,"{'symbol': 'MAXHEALTH', 'desc': 'Acquisition', 'dt': '18122025110747', 'attchmntFile': 'https://nsearchives.nseindia.com/corporate/MAXHEALTH_18122025110646_SE_Intimation_Acquisition_Purchase_of_Land.pdf', 'sm_name': 'Max Healthcare Institute Limited', 'sm_isin': 'INE027H01010', 'an_dt': '18-Dec-2025 11:07:47', 'sort_date': '2025-12-18 11:07:47', 'seq_id': '106471201', 'smIndustry': None, 'orgid': None, 'attchmntText': 'Max Healthcare Institute Limited has informed the Exchange about Share Purchase Agreement to acquire equity stake in Yerawada Properties Private Limited and matters relating to setting up a approx. 450 bedded super speciality hospital in Pune', 'bflag': None, 'old_new': None, 'csvName': None, 'exchdisstime': '18-Dec-2025 11:07:48', 'difference': '00:00:01', 'fileSize': '327.74 KB', 'attFileSize': '327.74 KB', 'hasXbrl': True}",0.0
MAXHEALTH,NSE_CORP_ANN,Outcome of Board Meeting,"Max Healthcare Institute Limited has informed the Exchange regarding Board meeting held on December 18, 2025.",,,"{'symbol': 'MAXHEALTH', 'desc': 'Outcome of Board Meeting', 'dt': '18122025110133', 'attchmntFile': 'https://nsearchives.nseindia.com/corporate/MAXHEALTH_18122025110108_SE_Intimation_Acquisition_Purchase_of_Land.pdf', 'sm_name': 'Max Healthcare Institute Limited', 'sm_isin': 'INE027H01010', 'an_dt': '18-Dec-2025 11:01:33', 'sort_date': '2025-12-18 11:01:33', 'seq_id': '106471197', 'smIndustry': None, 'orgid': None, 'attchmntText': 'Max Healthcare Institute Limited has informed the Exchange regarding Board meeting held on December 18, 2025.', 'bflag': None, 'old_new': None, 'csvName': None, 'exchdisstime': '18-Dec-2025 11:01:35', 'difference': '00:00:02', 'fileSize': '327.74 KB', 'attFileSize': '327.74 KB', 'hasXbrl': True}",0.0
MAZDOCK,NSE_CORP_ANN,Trading Window,"Mazagon Dock Shipbuilders Limited has informed the Exchange regarding the Trading Window closure pursuant to SEBI (Prohibition of Insider Trading) Regulations, 2015",,,"{'symbol': 'MAZDOCK', 'desc': 'Trading Window', 'dt': '22122025155659', 'attchmntFile': 'https://nsearchives.nseindia.com/corporate/MAZDOCK_22122025155650_SE_Disclosure_TWC_for_Dec_2025.PDF', 'sm_name': 'Mazagon Dock Shipbuilders Limited', 'sm_isin': 'INE249Z01012', 'an_dt': '22-Dec-2025 15:56:59', 'sort_date': '2025-12-22 15:56:59', 'seq_id': '106473899', 'smIndustry': None, 'orgid': None, 'attchmntText': 'Mazagon Dock Shipbuilders Limited has informed the Exchange regarding the Trading Window closure pursuant to SEBI (Prohibition of Insider Trading) Regulations, 2015', 'bflag': None, 'old_new': None, 'csvName': None, 'exchdisstime': '22-Dec-2025 15:57:00', 'difference': '00:00:01', 'fileSize': '160.43 KB', 'attFileSize': '160.43 KB', 'hasXbrl': True}",0.0
MPHASIS,NSE_CORP_ANN,Trading Window,"MphasiS Limited has informed the Exchange regarding the Trading Window closure pursuant to SEBI (Prohibition of Insider Trading) Regulations, 2015",,,"{'symbol': 'MPHASIS', 'desc': 'Trading Window', 'dt': '18122025155825', 'attchmntFile': 'https://nsearchives.nseindia.com/corporate/MPHASIS_18122025155811_Closure_of_Trading_Window_-_Jan_2026.pdf', 'sm_name': 'MphasiS Limited', 'sm_isin': 'INE356A01018', 'an_dt': '18-Dec-2025 15:58:25', 'sort_date': '2025-12-18 15:58:25', 'seq_id': '106471409', 'smIndustry': 'Computers - Software', 'orgid': None, 'attchmntText': 'MphasiS Limited has informed the Exchange regarding the Trading Window closure pursuant to SEBI (Prohibition of Insider Trading) Regulations, 2015', 'bflag': None, 'old_new': None, 'csvName': None, 'exchdisstime': '18-Dec-2025 15:58:26', 'difference': '00:00:01', 'fileSize': '388.47 KB', 'attFileSize': '388.47 KB', 'hasXbrl': True}",0.0
MUTHOOTFIN,NSE_CORP_ANN,Trading Window,"Muthoot Finance Limited has informed the Exchange regarding the Trading Window closure pursuant to SEBI (Prohibition of Insider Trading) Regulations, 2015",,,"{'symbol': 'MUTHOOTFIN', 'desc': 'Trading Window', 'dt': '19122025153709', 'attchmntFile': 'https://nsearchives.nseindia.com/corporate/MUTHOOTFIN_19122025153558_Trading_window_closure_-_Q3_-December_30_2025_sd.pdf', 'sm_name': 'Muthoot Finance Limited', 'sm_isin': 'INE414G01012', 'an_dt': '19-Dec-2025 15:37:09', 'sort_date': '2025-12-19 15:37:09', 'seq_id': '106472379', 'smIndustry': 'Finance', 'orgid': None, 'attchmntText': 'Muthoot Finance Limited has informed the Exchange regarding the Trading Window closure pursuant to SEBI (Prohibition of Insider Trading) Regulations, 2015', 'bflag': None, 'old_new': None, 'csvName': None, 'exchdisstime': '19-Dec-2025 15:37:10', 'difference': '00:00:01', 'fileSize': '227.35 KB', 'attFileSize': '227.35 KB', 'hasXbrl': True}",0.0
NBCC,NSE_CORP_ANN,Updates,"NBCC (India) Limited has informed the Exchange regarding 'Work order received by NBCC (India) Limited in the normal course of business, amounting to Rs. 179.37 crore (approx.) '.",,,"{'symbol': 'NBCC', 'desc': 'Updates', 'dt': '19122025112346', 'attchmntFile': 'https://nsearchives.nseindia.com/corporate/NBCC_19122025112332_workorder179crIIM_Sambhl.pdf', 'sm_name': 'NBCC (India) Limited', 'sm_isin': 'INE095N01015', 'an_dt': '19-Dec-2025 11:23:46', 'sort_date': '2025-12-19 11:23:46', 'seq_id': '106472193', 'smIndustry': 'Construction', 'orgid': None, 'attchmntText': ""NBCC (India) Limited has informed the Exchange regarding 'Work order received by NBCC (India) Limited in the normal course of business, amounting to Rs. 179.37 crore (approx.) '."", 'bflag': None, 'old_new': None, 'csvName': None, 'exchdisstime': '19-Dec-2025 11:23:47', 'difference': '00:00:01', 'fileSize': '323.16 KB', 'attFileSize': '323.16 KB', 'hasXbrl': True}",0.0
NCC,NSE_CORP_ANN,Change in Management,NCC Limited has informed the Exchange about change in Management,,,"{'symbol': 'NCC', 'desc': 'Change in Management', 'dt': '17122025120042', 'attchmntFile': 'https://nsearchives.nseindia.com/corporate/NCC_17122025120033_Reg.pdf', 'sm_name': 'NCC Limited', 'sm_isin': 'INE868B01028', 'an_dt': '17-Dec-2025 12:00:42', 'sort_date': '2025-12-17 12:00:42', 'seq_id': '106470208', 'smIndustry': 'Construction', 'orgid': None, 'attchmntText': 'NCC Limited has informed the Exchange about change in Management', 'bflag': None, 'old_new': None, 'csvName': None, 'exchdisstime': '17-Dec-2025 12:00:43', 'difference': '00:00:01', 'fileSize': '687.87 KB', 'attFileSize': '687.87 KB', 'hasXbrl': True}",0.0
NHPC,NSE_CORP_ANN,General Updates,NHPC Limited has informed the Exchange about General Update on commissioning of Subansiri Lower HE Project (2000 MW) of NHPC Limited,,,"{'symbol': 'NHPC', 'desc': 'General Updates', 'dt': '21122025101620', 'attchmntFile': 'https://nsearchives.nseindia.com/corporate/NHPC_21122025101323_STX_Subansiri_update___1_.pdf', 'sm_name': 'NHPC Limited', 'sm_isin': 'INE848E01016', 'an_dt': '21-Dec-2025 10:16:20', 'sort_date': '2025-12-21 10:16:20', 'seq_id': '106473259', 'smIndustry': 'Power', 'orgid': None, 'attchmntText': 'NHPC Limited has informed the Exchange about General Update on commissioning of Subansiri Lower HE Project (2000 MW) of NHPC Limited', 'bflag': None, 'old_new': None, 'csvName': None, 'exchdisstime': '21-Dec-2025 10:16:21', 'difference': '00:00:01', 'fileSize': '751.58 KB', 'attFileSize': '751.58 KB', 'hasXbrl': True}",0.0
NHPC,NSE_CORP_ANN,Updates,"NHPC Limited has informed the Exchange regarding 'Tripartite agreement between, new RTA, erstwhile RTA and NHPC Limited '.",,,"{'symbol': 'NHPC', 'desc': 'Updates', 'dt': '18122025175353', 'attchmntFile': 'https://nsearchives.nseindia.com/corporate/NHPC_18122025175340_Intimation_tripartite_agreement_rta.pdf', 'sm_name': 'NHPC Limited', 'sm_isin': 'INE848E01016', 'an_dt': '18-Dec-2025 17:53:53', 'sort_date': '2025-12-18 17:53:53', 'seq_id': '106471548', 'smIndustry': 'Power', 'orgid': None, 'attchmntText': ""NHPC Limited has informed the Exchange regarding 'Tripartite agreement between, new RTA, erstwhile RTA and NHPC Limited '."", 'bflag': None, 'old_new': None, 'csvName': None, 'exchdisstime': '18-Dec-2025 17:53:54', 'difference': '00:00:01', 'fileSize': '738.11 KB', 'attFileSize': '738.11 KB', 'hasXbrl': True}",0.0
NTPC,NSE_CORP_ANN,Action(s) taken or orders passed,NTPC Limited has informed the Exchange about Action(s) taken or orders passed,,,"{'symbol': 'NTPC', 'desc': 'Action(s) taken or orders passed', 'dt': '17122025170244', 'attchmntFile': 'https://nsearchives.nseindia.com/corporate/NTPC2_17122025170232_INTIMATIONOFGSTORDER17122025.pdf', 'sm_name': 'NTPC Limited', 'sm_isin': 'INE733E01010', 'an_dt': '17-Dec-2025 17:02:44', 'sort_date': '2025-12-17 17:02:44', 'seq_id': '106470457', 'smIndustry': 'Power', 'orgid': None, 'attchmntText': 'NTPC Limited has informed the Exchange about Action(s) taken or orders passed', 'bflag': None, 'old_new': None, 'csvName': None, 'exchdisstime': '17-Dec-2025 17:02:45', 'difference': '00:00:01', 'fileSize': '1.06 MB', 'attFileSize': '1.06 MB', 'hasXbrl': True}",0.0
NTPC,NSE_CORP_ANN,General Updates,NTPC Limited has informed the Exchange about declaration of COD of the fifth part capacity of 37.925 MW out of 300 MW Khavda Solar Energy Project under 450 MW Hybrid Tranche V Project  of NTPC Renewable Energy Limited,,,"{'symbol': 'NTPC', 'desc': 'General Updates', 'dt': '17122025162513', 'attchmntFile': 'https://nsearchives.nseindia.com/corporate/ishkumar_17122025162129_DisclosureKhavda17122025.pdf', 'sm_name': 'NTPC Limited', 'sm_isin': 'INE733E01010', 'an_dt': '17-Dec-2025 16:25:13', 'sort_date': '2025-12-17 16:25:13', 'seq_id': '106470410', 'smIndustry': 'Power', 'orgid': None, 'attchmntText': 'NTPC Limited has informed the Exchange about declaration of COD of the fifth part capacity of 37.925 MW out of 300 MW Khavda Solar Energy Project under 450 MW Hybrid Tranche V Project  of NTPC Renewable Energy Limited', 'bflag': None, 'old_new': None, 'csvName': None, 'exchdisstime': '17-Dec-2025 16:25:14', 'difference': '00:00:01', 'fileSize': '733.28 KB', 'attFileSize': '733.28 KB', 'hasXbrl': True}",0.0
NATIONALUM,NSE_CORP_ANN,Trading Window,"National Aluminium Company Limited has informed the Exchange regarding the Trading Window closure pursuant to SEBI (Prohibition of Insider Trading) Regulations, 2015",,,"{'symbol': 'NATIONALUM', 'desc': 'Trading Window', 'dt': '22122025170144', 'attchmntFile': 'https://nsearchives.nseindia.com/corporate/bharatsahu_22122025170113_SELetterTradingWindowClosure.pdf', 'sm_name': 'National Aluminium Company Limited', 'sm_isin': 'INE139A01026', 'an_dt': '22-Dec-2025 17:01:44', 'sort_date': '2025-12-22 17:01:44', 'seq_id': '106473991', 'smIndustry': 'Aluminium', 'orgid': None, 'attchmntText': 'National Aluminium Company Limited has informed the Exchange regarding the Trading Window closure pursuant to SEBI (Prohibition of Insider Trading) Regulations, 2015', 'bflag': None, 'old_new': None, 'csvName': None, 'exchdisstime': '22-Dec-2025 17:01:45', 'difference': '00:00:01', 'fileSize': '734.79 KB', 'attFileSize': '734.79 KB', 'hasXbrl': True}",0.0
NESTLEIND,NSE_CORP_ANN,Trading Window,"Nestle India Limited has informed the Exchange regarding the Trading Window closure pursuant to SEBI (Prohibition of Insider Trading) Regulations, 2015",,,"{'symbol': 'NESTLEIND', 'desc': 'Trading Window', 'dt': '17122025171441', 'attchmntFile': 'https://nsearchives.nseindia.com/corporate/NESTLEIND1_17122025171358_TradingWindowClosureSEintimationsigned.pdf', 'sm_name': 'Nestle India Limited', 'sm_isin': 'INE239A01016', 'an_dt': '17-Dec-2025 17:14:41', 'sort_date': '2025-12-17 17:14:41', 'seq_id': '106470468', 'smIndustry': 'Food And Food Processing', 'orgid': None, 'attchmntText': 'Nestle India Limited has informed the Exchange regarding the Trading Window closure pursuant to SEBI (Prohibition of Insider Trading) Regulations, 2015', 'bflag': None, 'old_new': None, 'csvName': None, 'exchdisstime': '17-Dec-2025 17:14:43', 'difference': '00:00:02', 'fileSize': '229.58 KB', 'attFileSize': '229.58 KB', 'hasXbrl': True}",0.0
OBEROIRLTY,NSE_CORP_ANN,Reply to Clarification- Financial results,"The Exchange had sought clarification from Oberoi Realty Limited for the quarter ended 30-Sep-2025 with respect to Regulation 33 of the SEBI (Listing Obligations and Disclosure Requirements) Regulations, 2015. On basis of above the Company was required to clarify the following:   The response of the Company is enclosed.",,,"{'symbol': 'OBEROIRLTY', 'desc': 'Reply to Clarification- Financial results', 'dt': '22122025105041', 'attchmntFile': 'https://nsearchives.nseindia.com/corporate/OBEROIRLTY_18122025181826_ORLLetter_Financial_18122025_signed.pdf', 'sm_name': 'Oberoi Realty Limited', 'sm_isin': 'INE093I01010', 'an_dt': '22-Dec-2025 10:50:41', 'sort_date': '2025-12-22 10:50:41', 'seq_id': '106473564', 'smIndustry': 'Construction', 'orgid': None, 'attchmntText': 'The Exchange had sought clarification from Oberoi Realty Limited for the quarter ended 30-Sep-2025 with respect to Regulation 33 of the SEBI (Listing Obligations and Disclosure Requirements) Regulations, 2015. On basis of above the Company was required to clarify the following:   The response of the Company is enclosed.', 'bflag': None, 'old_new': None, 'csvName': None, 'exchdisstime': '22-Dec-2025 10:50:42', 'difference': '00:00:01', 'fileSize': '343.46 KB', 'attFileSize': '343.46 KB', 'hasXbrl': True}",0.0
ONGC,NSE_CORP_ANN,Press Release,"Oil & Natural Gas Corporation Limited has informed the Exchange regarding a press release dated December 18, 2025, titled ""ONGC Issues Public Notice Against Fraudulent Use of Its Name"".",,,"{'symbol': 'ONGC', 'desc': 'Press Release', 'dt': '18122025153001', 'attchmntFile': 'https://nsearchives.nseindia.com/corporate/ONGC_18122025152946_pressrelease18122025.pdf', 'sm_name': 'Oil & Natural Gas Corporation Limited', 'sm_isin': 'INE213A01011', 'an_dt': '18-Dec-2025 15:30:01', 'sort_date': '2025-12-18 15:30:01', 'seq_id': '106471382', 'smIndustry': 'Oil Exploration/Production', 'orgid': None, 'attchmntText': 'Oil & Natural Gas Corporation Limited has informed the Exchange regarding a press release dated December 18, 2025, titled ""ONGC Issues Public Notice Against Fraudulent Use of Its Name"".', 'bflag': None, 'old_new': None, 'csvName': None, 'exchdisstime': '18-Dec-2025 15:30:02', 'difference': '00:00:01', 'fileSize': '1.65 MB', 'attFileSize': '1.65 MB', 'hasXbrl': True}",0.0
OIL,NSE_CORP_ANN,Updates,Oil India Limited has informed the Exchange regarding 'Board comments on fine levied by the Exchange'.,,,"{'symbol': 'OIL', 'desc': 'Updates', 'dt': '20122025192610', 'attchmntFile': 'https://nsearchives.nseindia.com/corporate/OIL_20122025192541_Boardcommentsonfineleviedbyexchange.pdf', 'sm_name': 'Oil India Limited', 'sm_isin': 'INE274J01014', 'an_dt': '20-Dec-2025 19:26:10', 'sort_date': '2025-12-20 19:26:10', 'seq_id': '106473180', 'smIndustry': 'Oil Exploration/Production', 'orgid': None, 'attchmntText': ""Oil India Limited has informed the Exchange regarding 'Board comments on fine levied by the Exchange'."", 'bflag': None, 'old_new': None, 'csvName': None, 'exchdisstime': '20-Dec-2025 19:26:11', 'difference': '00:00:01', 'fileSize': '1.68 MB', 'attFileSize': '1.68 MB', 'hasXbrl': True}",0.0
PAYTM,NSE_CORP_ANN,Sale or disposal,One 97 Communications Limited has informed the Exchange about Change in Status - From Wholly Owned Step Down Subsidiary to Step Down Subsidiary of the Company,,,"{'symbol': 'PAYTM', 'desc': 'Sale or disposal', 'dt': '22122025184144', 'attchmntFile': 'https://nsearchives.nseindia.com/corporate/PAYTM_22122025184127_SE_Disclosure_Dec_22_2025_sd.pdf', 'sm_name': 'One 97 Communications Limited', 'sm_isin': 'INE982J01020', 'an_dt': '22-Dec-2025 18:41:44', 'sort_date': '2025-12-22 18:41:44', 'seq_id': '106474169', 'smIndustry': None, 'orgid': None, 'attchmntText': 'One 97 Communications Limited has informed the Exchange about Change in Status - From Wholly Owned Step Down Subsidiary to Step Down Subsidiary of the Company', 'bflag': None, 'old_new': None, 'csvName': None, 'exchdisstime': '22-Dec-2025 18:41:44', 'difference': '00:00:00', 'fileSize': '206.36 KB', 'attFileSize': '206.36 KB', 'hasXbrl': True}",0.0
PAYTM,NSE_CORP_ANN,Incorporation,"One 97 Communications Limited has informed the Exchange about Incorporation of 2 (Two) overseas Step Down Wholly Owned Subsidiaries of the Company through Paytm Cloud Technologies Limited, a Wholly Owned Subsidiary of the Company",,,"{'symbol': 'PAYTM', 'desc': 'Incorporation', 'dt': '22122025182144', 'attchmntFile': 'https://nsearchives.nseindia.com/corporate/PAYTM_22122025182130_SE_Disclosure_Dec_22_2025_sd.pdf', 'sm_name': 'One 97 Communications Limited', 'sm_isin': 'INE982J01020', 'an_dt': '22-Dec-2025 18:21:44', 'sort_date': '2025-12-22 18:21:44', 'seq_id': '106474142', 'smIndustry': None, 'orgid': None, 'attchmntText': 'One 97 Communications Limited has informed the Exchange about Incorporation of 2 (Two) overseas Step Down Wholly Owned Subsidiaries of the Company through Paytm Cloud Technologies Limited, a Wholly Owned Subsidiary of the Company', 'bflag': None, 'old_new': None, 'csvName': None, 'exchdisstime': '22-Dec-2025 18:21:45', 'difference': '00:00:01', 'fileSize': '206.36 KB', 'attFileSize': '206.36 KB', 'hasXbrl': True}",0.0
PAYTM,NSE_CORP_ANN,Granting/withdrawal/surrender/cancellation/suspension of key licenses/ regulatory approvals,"One 97 Communications Limited has informed the Exchange about General Update - Paytm Payments Services Limited receives RBI Authorisation for Offline and Cross-Border Payments, in addition to earlier authorisation for Online Payment Aggregation",,,"{'symbol': 'PAYTM', 'desc': 'Granting/withdrawal/surrender/cancellation/suspension of key licenses/ regulatory approvals', 'dt': '17122025205911', 'attchmntFile': 'https://nsearchives.nseindia.com/corporate/PAYTM_17122025205342_SE_Disclosure_PPSL_License_Sd.pdf', 'sm_name': 'One 97 Communications Limited', 'sm_isin': 'INE982J01020', 'an_dt': '17-Dec-2025 20:59:11', 'sort_date': '2025-12-17 20:59:11', 'seq_id': '106470712', 'smIndustry': None, 'orgid': None, 'attchmntText': 'One 97 Communications Limited has informed the Exchange about General Update - Paytm Payments Services Limited receives RBI Authorisation for Offline and Cross-Border Payments, in addition to earlier authorisation for Online Payment Aggregation', 'bflag': None, 'old_new': None, 'csvName': None, 'exchdisstime': '17-Dec-2025 20:59:12', 'difference': '00:00:01', 'fileSize': '660.29 KB', 'attFileSize': '660.29 KB', 'hasXbrl': True}",0.0
OFSS,NSE_CORP_ANN,Updates,"Oracle Financial Services Software Limited has informed the Exchange regarding 'Allotment of 5,669  equity shares pursuant to the OFSS Stock Plan, 2014.'.",,,"{'symbol': 'OFSS', 'desc': 'Updates', 'dt': '17122025104023', 'attchmntFile': 'https://nsearchives.nseindia.com/corporate/OFSS_17122025104016_InitimationofESOPAllotmentDecember172025.pdf', 'sm_name': 'Oracle Financial Services Software Limited', 'sm_isin': 'INE881D01027', 'an_dt': '17-Dec-2025 10:40:23', 'sort_date': '2025-12-17 10:40:23', 'seq_id': '106470117', 'smIndustry': 'Computers - Software', 'orgid': None, 'attchmntText': ""Oracle Financial Services Software Limited has informed the Exchange regarding 'Allotment of 5,669  equity shares pursuant to the OFSS Stock Plan, 2014.'."", 'bflag': None, 'old_new': None, 'csvName': None, 'exchdisstime': '17-Dec-2025 10:40:24', 'difference': '00:00:01', 'fileSize': '119.62 KB', 'attFileSize': '119.62 KB', 'hasXbrl': True}",0.0
PNBHOUSING,NSE_CORP_ANN,Analysts/Institutional Investor Meet/Con. Call Updates,PNB Housing Finance Limited has informed the Exchange about Citi India Financial Tour 2025 Conference - Outcome,,,"{'symbol': 'PNBHOUSING', 'desc': 'Analysts/Institutional Investor Meet/Con. Call Updates', 'dt': '19122025211248', 'attchmntFile': 'https://nsearchives.nseindia.com/corporate/PNBHOUSING_19122025211214_CitiOutcomeDec192025.pdf', 'sm_name': 'PNB Housing Finance Limited', 'sm_isin': 'INE572E01012', 'an_dt': '19-Dec-2025 21:12:48', 'sort_date': '2025-12-19 21:12:48', 'seq_id': '106472752', 'smIndustry': None, 'orgid': None, 'attchmntText': 'PNB Housing Finance Limited has informed the Exchange about Citi India Financial Tour 2025 Conference - Outcome', 'bflag': None, 'old_new': None, 'csvName': None, 'exchdisstime': '19-Dec-2025 21:12:49', 'difference': '00:00:01', 'fileSize': '237.79 KB', 'attFileSize': '237.79 KB', 'hasXbrl': True}",0.0
PNBHOUSING,NSE_CORP_ANN,Press Release,"PNB Housing Finance Limited has informed the Exchange regarding a press release dated December 18, 2025, titled ""Mr. Ajai Kumar Shukla assumes Charge as new MD & CEO of the Company "".",,,"{'symbol': 'PNBHOUSING', 'desc': 'Press Release', 'dt': '18122025123720', 'attchmntFile': 'https://nsearchives.nseindia.com/corporate/PNBHOUSING_18122025123611_SEPressReleaseAppointmentOfKMPs18122025.pdf', 'sm_name': 'PNB Housing Finance Limited', 'sm_isin': 'INE572E01012', 'an_dt': '18-Dec-2025 12:37:20', 'sort_date': '2025-12-18 12:37:20', 'seq_id': '106471283', 'smIndustry': None, 'orgid': None, 'attchmntText': 'PNB Housing Finance Limited has informed the Exchange regarding a press release dated December 18, 2025, titled ""Mr. Ajai Kumar Shukla assumes Charge as new MD & CEO of the Company "".', 'bflag': None, 'old_new': None, 'csvName': None, 'exchdisstime': '18-Dec-2025 12:37:21', 'difference': '00:00:01', 'fileSize': '353.25 KB', 'attFileSize': '353.25 KB', 'hasXbrl': True}",0.0
PERSISTENT,NSE_CORP_ANN,Analysts/Institutional Investor Meet/Con. Call Updates,Persistent Systems Limited has informed the Exchange about Presentation,,,"{'symbol': 'PERSISTENT', 'desc': 'Analysts/Institutional Investor Meet/Con. Call Updates', 'dt': '19122025180913', 'attchmntFile': 'https://nsearchives.nseindia.com/corporate/PERSISTENTUSER1_19122025180855_PSLOutcomeDecember192025.pdf', 'sm_name': 'Persistent Systems Limited', 'sm_isin': 'INE262H01013', 'an_dt': '19-Dec-2025 18:09:13', 'sort_date': '2025-12-19 18:09:13', 'seq_id': '106472593', 'smIndustry': 'Computers - Software', 'orgid': None, 'attchmntText': 'Persistent Systems Limited has informed the Exchange about Presentation', 'bflag': None, 'old_new': None, 'csvName': None, 'exchdisstime': '19-Dec-2025 18:09:13', 'difference': '00:00:00', 'fileSize': '471.71 KB', 'attFileSize': '471.71 KB', 'hasXbrl': True}",0.0
PERSISTENT,NSE_CORP_ANN,Press Release,"Persistent Systems Limited has informed the Exchange regarding a press release dated December 16, 2025, titled ""Persistent and DigitalOcean Announce Strategic Partnership to     Advance Accessible, Scalable and Secure AI"".",,,"{'symbol': 'PERSISTENT', 'desc': 'Press Release', 'dt': '16122025133935', 'attchmntFile': 'https://nsearchives.nseindia.com/corporate/PERSISTENTUSER1_16122025133919_PSLPressReleaseDec162025signed.pdf', 'sm_name': 'Persistent Systems Limited', 'sm_isin': 'INE262H01013', 'an_dt': '16-Dec-2025 13:39:35', 'sort_date': '2025-12-16 13:39:35', 'seq_id': '106469293', 'smIndustry': 'Computers - Software', 'orgid': None, 'attchmntText': 'Persistent Systems Limited has informed the Exchange regarding a press release dated December 16, 2025, titled ""Persistent and DigitalOcean Announce Strategic Partnership to     Advance Accessible, Scalable and Secure AI"".', 'bflag': None, 'old_new': None, 'csvName': None, 'exchdisstime': '16-Dec-2025 13:39:36', 'difference': '00:00:01', 'fileSize': '485.00 KB', 'attFileSize': '485.00 KB', 'hasXbrl': True}",0.0
PIDILITIND,NSE_CORP_ANN,Trading Window,"Pidilite Industries Limited has informed the Exchange regarding the Trading Window closure pursuant to SEBI (Prohibition of Insider Trading) Regulations, 2015",,,"{'symbol': 'PIDILITIND', 'desc': 'Trading Window', 'dt': '22122025165638', 'attchmntFile': 'https://nsearchives.nseindia.com/corporate/Nisha_22122025165534_SE_Intimationwindowclosure.pdf', 'sm_name': 'Pidilite Industries Limited', 'sm_isin': 'INE318A01026', 'an_dt': '22-Dec-2025 16:56:38', 'sort_date': '2025-12-22 16:56:38', 'seq_id': '106473982', 'smIndustry': 'Chemicals - Speciality', 'orgid': None, 'attchmntText': 'Pidilite Industries Limited has informed the Exchange regarding the Trading Window closure pursuant to SEBI (Prohibition of Insider Trading) Regulations, 2015', 'bflag': None, 'old_new': None, 'csvName': None, 'exchdisstime': '22-Dec-2025 16:56:39', 'difference': '00:00:01', 'fileSize': '189.73 KB', 'attFileSize': '189.73 KB', 'hasXbrl': True}",0.0
PPLPHARMA,NSE_CORP_ANN,Copy of Newspaper Publication,Piramal Pharma Limited has informed the Exchange about newspaper advertisement confirming dispatch of the Notice of Postal Ballot,,,"{'symbol': 'PPLPHARMA', 'desc': 'Copy of Newspaper Publication', 'dt': '18122025143144', 'attchmntFile': 'https://nsearchives.nseindia.com/corporate/pratibhamishra_18122025143128_NewspaperSEIntimation.pdf', 'sm_name': 'Piramal Pharma Limited', 'sm_isin': 'INE0DK501011', 'an_dt': '18-Dec-2025 14:31:44', 'sort_date': '2025-12-18 14:31:44', 'seq_id': '106471341', 'smIndustry': None, 'orgid': None, 'attchmntText': 'Piramal Pharma Limited has informed the Exchange about newspaper advertisement confirming dispatch of the Notice of Postal Ballot', 'bflag': None, 'old_new': None, 'csvName': None, 'exchdisstime': '18-Dec-2025 14:31:45', 'difference': '00:00:01', 'fileSize': '9.34 MB', 'attFileSize': '9.34 MB', 'hasXbrl': True}",0.0
PPLPHARMA,NSE_CORP_ANN,Shareholders meeting,Piramal Pharma Limited has informed the Exchange regarding Notice of Postal Ballot,,,"{'symbol': 'PPLPHARMA', 'desc': 'Shareholders meeting', 'dt': '17122025151408', 'attchmntFile': 'https://nsearchives.nseindia.com/corporate/Priyankamehta_17122025151352_SEIntimation_Dispatch_of_Postal_Ballot_Notice.pdf', 'sm_name': 'Piramal Pharma Limited', 'sm_isin': 'INE0DK501011', 'an_dt': '17-Dec-2025 15:14:08', 'sort_date': '2025-12-17 15:14:08', 'seq_id': '106470360', 'smIndustry': None, 'orgid': None, 'attchmntText': 'Piramal Pharma Limited has informed the Exchange regarding Notice of Postal Ballot', 'bflag': None, 'old_new': None, 'csvName': None, 'exchdisstime': '17-Dec-2025 15:14:09', 'difference': '00:00:01', 'fileSize': '402.64 KB', 'attFileSize': '402.64 KB', 'hasXbrl': True}",0.0
POWERGRID,NSE_CORP_ANN,General Updates,"Power Grid Corporation of India Limited has informed the Exchange about Disclosure under Regulation 30 of SEBI (Listing Obligations and Disclosure Requirements) Regulations, 2015.",,,"{'symbol': 'POWERGRID', 'desc': 'General Updates', 'dt': '20122025204217', 'attchmntFile': 'https://nsearchives.nseindia.com/corporate/POWERGRID1_20122025204210_BSENSEReg30dt20122025Merger.pdf', 'sm_name': 'Power Grid Corporation of India Limited', 'sm_isin': 'INE752E01010', 'an_dt': '20-Dec-2025 20:42:17', 'sort_date': '2025-12-20 20:42:17', 'seq_id': '106473240', 'smIndustry': 'Power', 'orgid': None, 'attchmntText': 'Power Grid Corporation of India Limited has informed the Exchange about Disclosure under Regulation 30 of SEBI (Listing Obligations and Disclosure Requirements) Regulations, 2015.', 'bflag': None, 'old_new': None, 'csvName': None, 'exchdisstime': '20-Dec-2025 20:42:18', 'difference': '00:00:01', 'fileSize': '812.55 KB', 'attFileSize': '812.55 KB', 'hasXbrl': True}",0.0
RBLBANK,NSE_CORP_ANN,Trading Window,"RBL Bank Limited has informed the Exchange regarding the Trading Window closure pursuant to SEBI (Prohibition of Insider Trading) Regulations, 2015",,,"{'symbol': 'RBLBANK', 'desc': 'Trading Window', 'dt': '23122025112935', 'attchmntFile': 'https://nsearchives.nseindia.com/corporate/RBLBANK_23122025112838_IntimationofTWclosureQ3FY2025_26Signed.pdf', 'sm_name': 'RBL Bank Limited', 'sm_isin': 'INE976G01028', 'an_dt': '23-Dec-2025 11:29:35', 'sort_date': '2025-12-23 11:29:35', 'seq_id': '106474786', 'smIndustry': None, 'orgid': None, 'attchmntText': 'RBL Bank Limited has informed the Exchange regarding the Trading Window closure pursuant to SEBI (Prohibition of Insider Trading) Regulations, 2015', 'bflag': None, 'old_new': None, 'csvName': None, 'exchdisstime': '23-Dec-2025 11:29:36', 'difference': '00:00:01', 'fileSize': '302.04 KB', 'attFileSize': '302.04 KB', 'hasXbrl': True}",0.0
RBLBANK,NSE_CORP_ANN,Updates,RBL Bank Limited has informed the Exchange regarding 'Allotment of Securities under ESOP'.,,,"{'symbol': 'RBLBANK', 'desc': 'Updates', 'dt': '22122025145535', 'attchmntFile': 'https://nsearchives.nseindia.com/corporate/RBLBANK_22122025145313_IntimationofESOPAllotment_22122025_Signed.pdf', 'sm_name': 'RBL Bank Limited', 'sm_isin': 'INE976G01028', 'an_dt': '22-Dec-2025 14:55:35', 'sort_date': '2025-12-22 14:55:35', 'seq_id': '106473817', 'smIndustry': None, 'orgid': None, 'attchmntText': ""RBL Bank Limited has informed the Exchange regarding 'Allotment of Securities under ESOP'."", 'bflag': None, 'old_new': None, 'csvName': None, 'exchdisstime': '22-Dec-2025 14:55:36', 'difference': '00:00:01', 'fileSize': '195.24 KB', 'attFileSize': '195.24 KB', 'hasXbrl': True}",0.0
RBLBANK,NSE_CORP_ANN,Analysts/Institutional Investor Meet/Con. Call Updates,RBL Bank Limited has informed the Exchange about Schedule of meet,,,"{'symbol': 'RBLBANK', 'desc': 'Analysts/Institutional Investor Meet/Con. Call Updates', 'dt': '18122025184531', 'attchmntFile': 'https://nsearchives.nseindia.com/corporate/RBLBANK_18122025184436_IntimationofInvestorMeetDec182025Signed.pdf', 'sm_name': 'RBL Bank Limited', 'sm_isin': 'INE976G01028', 'an_dt': '18-Dec-2025 18:45:31', 'sort_date': '2025-12-18 18:45:31', 'seq_id': '106471617', 'smIndustry': None, 'orgid': None, 'attchmntText': 'RBL Bank Limited has informed the Exchange about Schedule of meet', 'bflag': None, 'old_new': None, 'csvName': None, 'exchdisstime': '18-Dec-2025 18:45:32', 'difference': '00:00:01', 'fileSize': '220.52 KB', 'attFileSize': '220.52 KB', 'hasXbrl': True}",0.0
RBLBANK,NSE_CORP_ANN,Credit Rating,RBL Bank Limited has informed the Exchange about Credit Rating,,,"{'symbol': 'RBLBANK', 'desc': 'Credit Rating', 'dt': '17122025165045', 'attchmntFile': 'https://nsearchives.nseindia.com/corporate/RBLBANK_17122025164955_CreditRatingIntimationDecember172025Signed.pdf', 'sm_name': 'RBL Bank Limited', 'sm_isin': 'INE976G01028', 'an_dt': '17-Dec-2025 16:50:45', 'sort_date': '2025-12-17 16:50:45', 'seq_id': '106470426', 'smIndustry': None, 'orgid': None, 'attchmntText': 'RBL Bank Limited has informed the Exchange about Credit Rating', 'bflag': None, 'old_new': None, 'csvName': None, 'exchdisstime': '17-Dec-2025 16:50:46', 'difference': '00:00:01', 'fileSize': '736.08 KB', 'attFileSize': '736.08 KB', 'hasXbrl': True}",0.0
RECLTD,NSE_CORP_ANN,General Updates,Intimation of incorporation of subsidiary company.,,,"{'symbol': 'RECLTD', 'desc': 'General Updates', 'dt': '20122025164238', 'attchmntFile': 'https://nsearchives.nseindia.com/corporate/RECLTD_20122025164109_Signed_Intimation_201225_Incorporation_Musalgaon.pdf', 'sm_name': 'REC Limited', 'sm_isin': 'INE020B01018', 'an_dt': '20-Dec-2025 16:42:38', 'sort_date': '2025-12-20 16:42:38', 'seq_id': '106473144', 'smIndustry': 'Financial Institution', 'orgid': None, 'attchmntText': 'Intimation of incorporation of subsidiary company.', 'bflag': None, 'old_new': None, 'csvName': None, 'exchdisstime': '20-Dec-2025 16:42:39', 'difference': '00:00:01', 'fileSize': '936.59 KB', 'attFileSize': '936.59 KB', 'hasXbrl': True}",0.0
RECLTD,NSE_CORP_ANN,Analysts/Institutional Investor Meet/Con. Call Updates,REC Limited has informed the Exchange about Schedule of Analysts/ Institutional Investors meet.,,,"{'symbol': 'RECLTD', 'desc': 'Analysts/Institutional Investor Meet/Con. Call Updates', 'dt': '16122025170846', 'attchmntFile': 'https://nsearchives.nseindia.com/corporate/RECLTD_16122025170635_Signed_Intimation_of_InvestorMeet161225.pdf', 'sm_name': 'REC Limited', 'sm_isin': 'INE020B01018', 'an_dt': '16-Dec-2025 17:08:46', 'sort_date': '2025-12-16 17:08:46', 'seq_id': '106469479', 'smIndustry': 'Financial Institution', 'orgid': None, 'attchmntText': 'REC Limited has informed the Exchange about Schedule of Analysts/ Institutional Investors meet.', 'bflag': None, 'old_new': None, 'csvName': None, 'exchdisstime': '16-Dec-2025 17:08:47', 'difference': '00:00:01', 'fileSize': '703.36 KB', 'attFileSize': '703.36 KB', 'hasXbrl': True}",0.0
RVNL,NSE_CORP_ANN,Action(s) taken or orders passed,"Demand Notice received from the Office of the Deputy Commissioner DGSTO-1, Bengaluru,Karnataka",,,"{'symbol': 'RVNL', 'desc': 'Action(s) taken or orders passed', 'dt': '23122025113133', 'attchmntFile': 'https://nsearchives.nseindia.com/corporate/RVNL_23122025113125_Coveringletter23122025.pdf', 'sm_name': 'Rail Vikas Nigam Limited', 'sm_isin': 'INE415G01027', 'an_dt': '23-Dec-2025 11:31:33', 'sort_date': '2025-12-23 11:31:33', 'seq_id': '106474788', 'smIndustry': None, 'orgid': None, 'attchmntText': 'Demand Notice received from the Office of the Deputy Commissioner DGSTO-1, Bengaluru,Karnataka', 'bflag': None, 'old_new': None, 'csvName': None, 'exchdisstime': '23-Dec-2025 11:31:35', 'difference': '00:00:02', 'fileSize': '612.54 KB', 'attFileSize': '612.54 KB', 'hasXbrl': True}",0.0
RVNL,NSE_CORP_ANN,Bagging/Receiving of orders/contracts,"Disclosure under Regulation 30 of SEBI (LODR) Regulations, 2015- Receipt of Letter of Award (LOA) from North Eastern Railway",,,"{'symbol': 'RVNL', 'desc': 'Bagging/Receiving of orders/contracts', 'dt': '16122025223210', 'attchmntFile': 'https://nsearchives.nseindia.com/corporate/RVNL_16122025223155_Coveringletter16122025.pdf', 'sm_name': 'Rail Vikas Nigam Limited', 'sm_isin': 'INE415G01027', 'an_dt': '16-Dec-2025 22:32:10', 'sort_date': '2025-12-16 22:32:10', 'seq_id': '106469713', 'smIndustry': None, 'orgid': None, 'attchmntText': 'Disclosure under Regulation 30 of SEBI (LODR) Regulations, 2015- Receipt of Letter of Award (LOA) from North Eastern Railway', 'bflag': None, 'old_new': None, 'csvName': None, 'exchdisstime': '16-Dec-2025 22:32:11', 'difference': '00:00:01', 'fileSize': '1.59 MB', 'attFileSize': '1.59 MB', 'hasXbrl': True}",0.0
RELIANCE,NSE_CORP_ANN,Other Restructuring,Cessation of Abraham & Thakore Private Limited as subsidiary of the Company,,,"{'symbol': 'RELIANCE', 'desc': 'Other Restructuring', 'dt': '19122025233757', 'attchmntFile': 'https://nsearchives.nseindia.com/corporate/kavinavora_19122025233709_SE19122025.pdf', 'sm_name': 'Reliance Industries Limited', 'sm_isin': 'INE002A01018', 'an_dt': '19-Dec-2025 23:37:57', 'sort_date': '2025-12-19 23:37:57', 'seq_id': '106472909', 'smIndustry': 'Refineries', 'orgid': None, 'attchmntText': 'Cessation of Abraham & Thakore Private Limited as subsidiary of the Company', 'bflag': None, 'old_new': None, 'csvName': None, 'exchdisstime': '19-Dec-2025 23:37:58', 'difference': '00:00:01', 'fileSize': '258.38 KB', 'attFileSize': '258.38 KB', 'hasXbrl': True}",0.0
RELIANCE,NSE_CORP_ANN,Updates,"Please find attached a media release by Reliance Consumer Products Limited, asubsidiary of the Company, titled  RELIANCE CONSUMER PRODUCTS ACQUIRESTAMIL NADU S HERITAGE NUTRITION BRAND  UDHAIYAM .",,,"{'symbol': 'RELIANCE', 'desc': 'Updates', 'dt': '18122025155908', 'attchmntFile': 'https://nsearchives.nseindia.com/corporate/kavinavora_18122025155851_SE__18122025.pdf', 'sm_name': 'Reliance Industries Limited', 'sm_isin': 'INE002A01018', 'an_dt': '18-Dec-2025 15:59:08', 'sort_date': '2025-12-18 15:59:08', 'seq_id': '106471411', 'smIndustry': 'Refineries', 'orgid': None, 'attchmntText': 'Please find attached a media release by Reliance Consumer Products Limited, asubsidiary of the Company, titled  RELIANCE CONSUMER PRODUCTS ACQUIRESTAMIL NADU S HERITAGE NUTRITION BRAND  UDHAIYAM .', 'bflag': None, 'old_new': None, 'csvName': None, 'exchdisstime': '18-Dec-2025 15:59:09', 'difference': '00:00:01', 'fileSize': '324.66 KB', 'attFileSize': '324.66 KB', 'hasXbrl': True}",0.0
SBICARD,NSE_CORP_ANN,ESOP/ESOS/ESPS,SBI Cards and Payment Services Limited has informed the Exchange regarding Allotment of 29896  Shares.,,,"{'symbol': 'SBICARD', 'desc': 'ESOP/ESOS/ESPS', 'dt': '22122025180529', 'attchmntFile': 'https://nsearchives.nseindia.com/corporate/SBICARDS_22122025180315_SEFilingESOPAllotmentDecember2025.pdf', 'sm_name': 'SBI Cards and Payment Services Limited', 'sm_isin': 'INE018E01016', 'an_dt': '22-Dec-2025 18:05:29', 'sort_date': '2025-12-22 18:05:29', 'seq_id': '106474106', 'smIndustry': None, 'orgid': None, 'attchmntText': 'SBI Cards and Payment Services Limited has informed the Exchange regarding Allotment of 29896  Shares.', 'bflag': None, 'old_new': None, 'csvName': None, 'exchdisstime': '22-Dec-2025 18:05:30', 'difference': '00:00:01', 'fileSize': '1.20 MB', 'attFileSize': '1.20 MB', 'hasXbrl': True}",0.0
SBICARD,NSE_CORP_ANN,Analysts/Institutional Investor Meet/Con. Call Updates,SBI Cards and Payment Services Limited has informed the Exchange about Schedule of meet,,,"{'symbol': 'SBICARD', 'desc': 'Analysts/Institutional Investor Meet/Con. Call Updates', 'dt': '19122025180410', 'attchmntFile': 'https://nsearchives.nseindia.com/corporate/SBICPSL_19122025180121_SEFilingInvestormeet.pdf', 'sm_name': 'SBI Cards and Payment Services Limited', 'sm_isin': 'INE018E01016', 'an_dt': '19-Dec-2025 18:04:10', 'sort_date': '2025-12-19 18:04:10', 'seq_id': '106472583', 'smIndustry': None, 'orgid': None, 'attchmntText': 'SBI Cards and Payment Services Limited has informed the Exchange about Schedule of meet', 'bflag': None, 'old_new': None, 'csvName': None, 'exchdisstime': '19-Dec-2025 18:04:11', 'difference': '00:00:01', 'fileSize': '1.53 MB', 'attFileSize': '1.53 MB', 'hasXbrl': True}",0.0
SBILIFE,NSE_CORP_ANN,General Updates,"Intimation under Regulation 30 read with Para A of Part A of Schedule III of the Securities and Exchange Board of India (Listing Obligations and Disclosure Requirements) Regulations, 2015.",,,"{'symbol': 'SBILIFE', 'desc': 'General Updates', 'dt': '22122025221710', 'attchmntFile': 'https://nsearchives.nseindia.com/corporate/SBILIFE_22122025221617_Intimation22122025.pdf', 'sm_name': 'SBI Life Insurance Company Limited', 'sm_isin': 'INE123W01016', 'an_dt': '22-Dec-2025 22:17:10', 'sort_date': '2025-12-22 22:17:10', 'seq_id': '106474275', 'smIndustry': None, 'orgid': None, 'attchmntText': 'Intimation under Regulation 30 read with Para A of Part A of Schedule III of the Securities and Exchange Board of India (Listing Obligations and Disclosure Requirements) Regulations, 2015.', 'bflag': None, 'old_new': None, 'csvName': None, 'exchdisstime': '22-Dec-2025 22:17:11', 'difference': '00:00:01', 'fileSize': '2.94 MB', 'attFileSize': '2.94 MB', 'hasXbrl': True}",0.0
SBILIFE,NSE_CORP_ANN,ESOP/ESOS/ESPS,"SBI Life Insurance Company Limited has informed the Exchange regarding Allotment of 124645 Equity Shares pursuant to ESOP through circular resolution of the Board Stakeholders' Relationship and Sustainability Committee passed on December 16, 2025.",,,"{'symbol': 'SBILIFE', 'desc': 'ESOP/ESOS/ESPS', 'dt': '16122025200424', 'attchmntFile': 'https://nsearchives.nseindia.com/corporate/Thanos_16122025200305_SE_16122025_signed.pdf', 'sm_name': 'SBI Life Insurance Company Limited', 'sm_isin': 'INE123W01016', 'an_dt': '16-Dec-2025 20:04:24', 'sort_date': '2025-12-16 20:04:24', 'seq_id': '106469663', 'smIndustry': None, 'orgid': None, 'attchmntText': ""SBI Life Insurance Company Limited has informed the Exchange regarding Allotment of 124645 Equity Shares pursuant to ESOP through circular resolution of the Board Stakeholders' Relationship and Sustainability Committee passed on December 16, 2025."", 'bflag': None, 'old_new': None, 'csvName': None, 'exchdisstime': '16-Dec-2025 20:04:25', 'difference': '00:00:01', 'fileSize': '153.75 KB', 'attFileSize': '153.75 KB', 'hasXbrl': True}",0.0
SHREECEM,NSE_CORP_ANN,Trading Window,"SHREE CEMENT LIMITED has informed the Exchange regarding the Trading Window closure pursuant to SEBI (Prohibition of Insider Trading) Regulations, 2015",,,"{'symbol': 'SHREECEM', 'desc': 'Trading Window', 'dt': '22122025174114', 'attchmntFile': 'https://nsearchives.nseindia.com/corporate/SHREECEM_22122025174034_NSE_BSE_Trading_Window_221225.pdf', 'sm_name': 'SHREE CEMENT LIMITED', 'sm_isin': 'INE070A01015', 'an_dt': '22-Dec-2025 17:41:14', 'sort_date': '2025-12-22 17:41:14', 'seq_id': '106474067', 'smIndustry': 'Cement And Cement Products', 'orgid': None, 'attchmntText': 'SHREE CEMENT LIMITED has informed the Exchange regarding the Trading Window closure pursuant to SEBI (Prohibition of Insider Trading) Regulations, 2015', 'bflag': None, 'old_new': None, 'csvName': None, 'exchdisstime': '22-Dec-2025 17:41:15', 'difference': '00:00:01', 'fileSize': '516.52 KB', 'attFileSize': '516.52 KB', 'hasXbrl': True}",0.0
SHREECEM,NSE_CORP_ANN,Updates,SHREE CEMENT LIMITED has informed the Exchange regarding 'Order passed by GST Authority'.,,,"{'symbol': 'SHREECEM', 'desc': 'Updates', 'dt': '19122025174303', 'attchmntFile': 'https://nsearchives.nseindia.com/corporate/SHREECEM_19122025174157_NSE_BSE_GST_191225.pdf', 'sm_name': 'SHREE CEMENT LIMITED', 'sm_isin': 'INE070A01015', 'an_dt': '19-Dec-2025 17:43:03', 'sort_date': '2025-12-19 17:43:03', 'seq_id': '106472534', 'smIndustry': 'Cement And Cement Products', 'orgid': None, 'attchmntText': ""SHREE CEMENT LIMITED has informed the Exchange regarding 'Order passed by GST Authority'."", 'bflag': None, 'old_new': None, 'csvName': None, 'exchdisstime': '19-Dec-2025 17:43:04', 'difference': '00:00:01', 'fileSize': '222.71 KB', 'attFileSize': '222.71 KB', 'hasXbrl': True}",0.0
SHREECEM,NSE_CORP_ANN,Strikes/Lockouts/Disturbances,SHREE CEMENT LIMITED has informed the Exchange about strikes/lockouts/disturbances,,,"{'symbol': 'SHREECEM', 'desc': 'Strikes/Lockouts/Disturbances', 'dt': '19122025081147', 'attchmntFile': 'https://nsearchives.nseindia.com/corporate/SHREECEM_19122025081128_NSE_BSE_Lockout_191225.pdf', 'sm_name': 'SHREE CEMENT LIMITED', 'sm_isin': 'INE070A01015', 'an_dt': '19-Dec-2025 08:11:47', 'sort_date': '2025-12-19 08:11:47', 'seq_id': '106471958', 'smIndustry': 'Cement And Cement Products', 'orgid': None, 'attchmntText': 'SHREE CEMENT LIMITED has informed the Exchange about strikes/lockouts/disturbances', 'bflag': None, 'old_new': None, 'csvName': None, 'exchdisstime': '19-Dec-2025 08:11:48', 'difference': '00:00:01', 'fileSize': '212.86 KB', 'attFileSize': '212.86 KB', 'hasXbrl': True}",0.0
SRF,NSE_CORP_ANN,Pendency of Litigation(s)/dispute(s) or the outcome impacting the Company,SRF Limited has informed the Exchange about Pendency of Litigation(s)/dispute(s) or the outcome impacting the Company,,,"{'symbol': 'SRF', 'desc': 'Pendency of Litigation(s)/dispute(s) or the outcome impacting the Company', 'dt': '16122025130516', 'attchmntFile': 'https://nsearchives.nseindia.com/corporate/ekta_maheshwari_16122025130348_SRFIntimation1612025.pdf', 'sm_name': 'SRF Limited', 'sm_isin': 'INE647A01010', 'an_dt': '16-Dec-2025 13:05:16', 'sort_date': '2025-12-16 13:05:16', 'seq_id': '106469269', 'smIndustry': 'Textiles - Synthetic', 'orgid': None, 'attchmntText': 'SRF Limited has informed the Exchange about Pendency of Litigation(s)/dispute(s) or the outcome impacting the Company', 'bflag': None, 'old_new': None, 'csvName': None, 'exchdisstime': '16-Dec-2025 13:05:18', 'difference': '00:00:02', 'fileSize': '299.25 KB', 'attFileSize': '299.25 KB', 'hasXbrl': True}",0.0
SAMMAANCAP,NSE_CORP_ANN,Updates,"Sammaan Capital Limited has informed the Exchange regarding 'Pursuant to Regulations 30 and 57 of Securities and Exchange Board of India (Listing Obligations and Disclosure Requirements) Regulations, 2015, we hereby certify that our Company has made timely payment of interest amount in respect of the following Secured Redeemable Non-convertible Debentures issued by our Company, through Public Issue, and listed on the Stock Exchange. For details, refer attachment.'.",,,"{'symbol': 'SAMMAANCAP', 'desc': 'Updates', 'dt': '22122025184440', 'attchmntFile': 'https://nsearchives.nseindia.com/corporate/IHFL_22122025184432_SCL_Exchange_Retail_intimation_57_22122025_NV8.pdf', 'sm_name': 'Sammaan Capital Limited', 'sm_isin': 'INE148I01020', 'an_dt': '22-Dec-2025 18:44:40', 'sort_date': '2025-12-22 18:44:40', 'seq_id': '106474174', 'smIndustry': None, 'orgid': None, 'attchmntText': ""Sammaan Capital Limited has informed the Exchange regarding 'Pursuant to Regulations 30 and 57 of Securities and Exchange Board of India (Listing Obligations and Disclosure Requirements) Regulations, 2015, we hereby certify that our Company has made timely payment of interest amount in respect of the following Secured Redeemable Non-convertible Debentures issued by our Company, through Public Issue, and listed on the Stock Exchange. For details, refer attachment.'."", 'bflag': None, 'old_new': None, 'csvName': None, 'exchdisstime': '22-Dec-2025 18:44:41', 'difference': '00:00:01', 'fileSize': '651.54 KB', 'attFileSize': '651.54 KB', 'hasXbrl': True}",0.0
SAMMAANCAP,NSE_CORP_ANN,News Verification,The Exchange has sought clarification from Sammaan Capital Limited with respect to recent news item captioned Sammaan Capital falls 5% from day's high as Delhi Police files fresh FIR in probe against ex-promoters..  The response from the Company is attached.,,,"{'symbol': 'SAMMAANCAP', 'desc': 'News Verification', 'dt': '18122025145920', 'attchmntFile': 'https://nsearchives.nseindia.com/corporate/IHFL_18122025145859_SCL_NSE_BSE_Query_reply_18122025.pdf', 'sm_name': 'Sammaan Capital Limited', 'sm_isin': 'INE148I01020', 'an_dt': '18-Dec-2025 14:59:20', 'sort_date': '2025-12-18 14:59:20', 'seq_id': '106471355', 'smIndustry': None, 'orgid': None, 'attchmntText': ""The Exchange has sought clarification from Sammaan Capital Limited with respect to recent news item captioned Sammaan Capital falls 5% from day's high as Delhi Police files fresh FIR in probe against ex-promoters..  The response from the Company is attached."", 'bflag': None, 'old_new': None, 'csvName': None, 'exchdisstime': '18-Dec-2025 14:59:22', 'difference': '00:00:02', 'fileSize': '236.26 KB', 'attFileSize': '236.26 KB', 'hasXbrl': True}",0.0
MOTHERSON,NSE_CORP_ANN,Shareholders meeting,Samvardhana Motherson International Limited has submitted with Stock Exchange a copy of voting results and scrutinizer report to the postal ballot.,,,"{'symbol': 'MOTHERSON', 'desc': 'Shareholders meeting', 'dt': '22122025194049', 'attchmntFile': 'https://nsearchives.nseindia.com/corporate/MOTHERSON_22122025193353_SE_Disclosure_Postal_Ballot_22122025.pdf', 'sm_name': 'Samvardhana Motherson International Limited', 'sm_isin': 'INE775A01035', 'an_dt': '22-Dec-2025 19:40:49', 'sort_date': '2025-12-22 19:40:49', 'seq_id': '106474219', 'smIndustry': None, 'orgid': None, 'attchmntText': 'Samvardhana Motherson International Limited has submitted with Stock Exchange a copy of voting results and scrutinizer report to the postal ballot.', 'bflag': None, 'old_new': None, 'csvName': None, 'exchdisstime': '22-Dec-2025 19:40:51', 'difference': '00:00:02', 'fileSize': '860.32 KB', 'attFileSize': '860.32 KB', 'hasXbrl': True}",0.0
MOTHERSON,NSE_CORP_ANN,General Updates,"Samvardhana Motherson International Limited has submitted with the Stock Exchange Investors Presentation with respect to acquisition disclosure dated December 22, 2025.",,,"{'symbol': 'MOTHERSON', 'desc': 'General Updates', 'dt': '22122025145416', 'attchmntFile': 'https://nsearchives.nseindia.com/corporate/MOTHERSON_22122025145406_SE_Disclosure.pdf', 'sm_name': 'Samvardhana Motherson International Limited', 'sm_isin': 'INE775A01035', 'an_dt': '22-Dec-2025 14:54:16', 'sort_date': '2025-12-22 14:54:16', 'seq_id': '106473816', 'smIndustry': None, 'orgid': None, 'attchmntText': 'Samvardhana Motherson International Limited has submitted with the Stock Exchange Investors Presentation with respect to acquisition disclosure dated December 22, 2025.', 'bflag': None, 'old_new': None, 'csvName': None, 'exchdisstime': '22-Dec-2025 14:54:16', 'difference': '00:00:00', 'fileSize': '2.42 MB', 'attFileSize': '2.42 MB', 'hasXbrl': True}",0.0
MOTHERSON,NSE_CORP_ANN,Press Release,"Samvardhana Motherson International Limited has informed the Exchange regarding a press release dated December 22, 2025, titled ""Press Release "".",,,"{'symbol': 'MOTHERSON', 'desc': 'Press Release', 'dt': '22122025144705', 'attchmntFile': 'https://nsearchives.nseindia.com/corporate/MOTHERSON_22122025144652_SE_Disclosure.pdf', 'sm_name': 'Samvardhana Motherson International Limited', 'sm_isin': 'INE775A01035', 'an_dt': '22-Dec-2025 14:47:05', 'sort_date': '2025-12-22 14:47:05', 'seq_id': '106473810', 'smIndustry': None, 'orgid': None, 'attchmntText': 'Samvardhana Motherson International Limited has informed the Exchange regarding a press release dated December 22, 2025, titled ""Press Release "".', 'bflag': None, 'old_new': None, 'csvName': None, 'exchdisstime': '22-Dec-2025 14:47:06', 'difference': '00:00:01', 'fileSize': '2.42 MB', 'attFileSize': '2.42 MB', 'hasXbrl': True}",0.0
MOTHERSON,NSE_CORP_ANN,Trading Window,"Samvardhana Motherson International Limited has informed the Exchange regarding the Trading Window closure pursuant to SEBI (Prohibition of Insider Trading) Regulations, 2015",,,"{'symbol': 'MOTHERSON', 'desc': 'Trading Window', 'dt': '17122025171245', 'attchmntFile': 'https://nsearchives.nseindia.com/corporate/MOTHERSON_17122025171230_Stock_Exchange_Disclosure.pdf', 'sm_name': 'Samvardhana Motherson International Limited', 'sm_isin': 'INE775A01035', 'an_dt': '17-Dec-2025 17:12:45', 'sort_date': '2025-12-17 17:12:45', 'seq_id': '106470465', 'smIndustry': None, 'orgid': None, 'attchmntText': 'Samvardhana Motherson International Limited has informed the Exchange regarding the Trading Window closure pursuant to SEBI (Prohibition of Insider Trading) Regulations, 2015', 'bflag': None, 'old_new': None, 'csvName': None, 'exchdisstime': '17-Dec-2025 17:12:46', 'difference': '00:00:01', 'fileSize': '613.86 KB', 'attFileSize': '613.86 KB', 'hasXbrl': True}",0.0
SHRIRAMFIN,NSE_CORP_ANN,Copy of Newspaper Publication,Shriram Finance Limited has informed the Exchange about Copy of Newspaper Publication for EGM information,,,"{'symbol': 'SHRIRAMFIN', 'desc': 'Copy of Newspaper Publication', 'dt': '22122025153044', 'attchmntFile': 'https://nsearchives.nseindia.com/corporate/Mathew_22122025153026_BSENSEnewspaper.pdf', 'sm_name': 'Shriram Finance Limited', 'sm_isin': 'INE721A01013', 'an_dt': '22-Dec-2025 15:30:44', 'sort_date': '2025-12-22 15:30:44', 'seq_id': '106473866', 'smIndustry': None, 'orgid': None, 'attchmntText': 'Shriram Finance Limited has informed the Exchange about Copy of Newspaper Publication for EGM information', 'bflag': None, 'old_new': None, 'csvName': None, 'exchdisstime': '22-Dec-2025 15:30:45', 'difference': '00:00:01', 'fileSize': '2.23 MB', 'attFileSize': '2.23 MB', 'hasXbrl': True}",0.0
SHRIRAMFIN,NSE_CORP_ANN,Press Release,"Shriram Finance Limited has informed the Exchange regarding a press release dated December 19, 2025, titled ""Press Release - MUFG Bank to Invest INR 39,618 crore in Shriram Finance through Preferential Issuance of equity shares"".",,,"{'symbol': 'SHRIRAMFIN', 'desc': 'Press Release', 'dt': '19122025122749', 'attchmntFile': 'https://nsearchives.nseindia.com/corporate/Mathew_19122025122735_NSEBSEPressRelease.pdf', 'sm_name': 'Shriram Finance Limited', 'sm_isin': 'INE721A01013', 'an_dt': '19-Dec-2025 12:27:49', 'sort_date': '2025-12-19 12:27:49', 'seq_id': '106472249', 'smIndustry': None, 'orgid': None, 'attchmntText': 'Shriram Finance Limited has informed the Exchange regarding a press release dated December 19, 2025, titled ""Press Release - MUFG Bank to Invest INR 39,618 crore in Shriram Finance through Preferential Issuance of equity shares"".', 'bflag': None, 'old_new': None, 'csvName': None, 'exchdisstime': '19-Dec-2025 12:27:49', 'difference': '00:00:00', 'fileSize': '440.24 KB', 'attFileSize': '440.24 KB', 'hasXbrl': True}",0.0
SHRIRAMFIN,NSE_CORP_ANN,Outcome of Board Meeting,"Shriram Finance Limited has informed the Exchange regarding  Board meeting held on December 19, 2025.",,,"{'symbol': 'SHRIRAMFIN', 'desc': 'Outcome of Board Meeting', 'dt': '19122025121334', 'attchmntFile': 'https://nsearchives.nseindia.com/corporate/Mathew_19122025121323_NSEBSEOutcomeofBM.pdf', 'sm_name': 'Shriram Finance Limited', 'sm_isin': 'INE721A01013', 'an_dt': '19-Dec-2025 12:13:34', 'sort_date': '2025-12-19 12:13:34', 'seq_id': '106472242', 'smIndustry': None, 'orgid': None, 'attchmntText': 'Shriram Finance Limited has informed the Exchange regarding  Board meeting held on December 19, 2025.', 'bflag': None, 'old_new': None, 'csvName': None, 'exchdisstime': '19-Dec-2025 12:13:35', 'difference': '00:00:01', 'fileSize': '1.63 MB', 'attFileSize': '1.63 MB', 'hasXbrl': True}",0.0
SHRIRAMFIN,NSE_CORP_ANN,Rumour Verification - Regulation 30(11),Shriram Finance Limited has informed the Exchange about Rumour Verification - Regulation 30(11),,,"{'symbol': 'SHRIRAMFIN', 'desc': 'Rumour Verification - Regulation 30(11)', 'dt': '18122025104920', 'attchmntFile': 'https://nsearchives.nseindia.com/corporate/Mathew_18122025104822_NSERumourVerificationDec2025.pdf', 'sm_name': 'Shriram Finance Limited', 'sm_isin': 'INE721A01013', 'an_dt': '18-Dec-2025 10:49:20', 'sort_date': '2025-12-18 10:49:20', 'seq_id': '106471153', 'smIndustry': None, 'orgid': None, 'attchmntText': 'Shriram Finance Limited has informed the Exchange about Rumour Verification - Regulation 30(11)', 'bflag': None, 'old_new': None, 'csvName': None, 'exchdisstime': '18-Dec-2025 10:49:21', 'difference': '00:00:01', 'fileSize': '284.91 KB', 'attFileSize': '284.91 KB', 'hasXbrl': True}",0.0
SHRIRAMFIN,NSE_CORP_ANN,News Verification,The Exchange has sought clarification from Shriram Finance Limited with respect to recent news item captioned Japan's MUFG to invest up to $5 billion in Shriram Finance for 20% stake in major India bet Company Business News.  The response from the Company is attached.,,,"{'symbol': 'SHRIRAMFIN', 'desc': 'News Verification', 'dt': '18122025103925', 'attchmntFile': 'https://nsearchives.nseindia.com/corporate/Mathew_18122025103749_NSERumourVerificationDec2025.pdf', 'sm_name': 'Shriram Finance Limited', 'sm_isin': 'INE721A01013', 'an_dt': '18-Dec-2025 10:39:25', 'sort_date': '2025-12-18 10:39:25', 'seq_id': '106471143', 'smIndustry': None, 'orgid': None, 'attchmntText': ""The Exchange has sought clarification from Shriram Finance Limited with respect to recent news item captioned Japan's MUFG to invest up to $5 billion in Shriram Finance for 20% stake in major India bet Company Business News.  The response from the Company is attached."", 'bflag': None, 'old_new': None, 'csvName': None, 'exchdisstime': '18-Dec-2025 10:39:26', 'difference': '00:00:01', 'fileSize': '297.43 KB', 'attFileSize': '297.43 KB', 'hasXbrl': True}",0.0
SHRIRAMFIN,NSE_CORP_ANN,Action(s) taken or orders passed,Shriram Finance Limited has informed the Exchange about Action(s) taken or orders passed,,,"{'symbol': 'SHRIRAMFIN', 'desc': 'Action(s) taken or orders passed', 'dt': '17122025195011', 'attchmntFile': 'https://nsearchives.nseindia.com/corporate/Mathew_17122025194826_NSEBSEReg30PenaltyDec172025.pdf', 'sm_name': 'Shriram Finance Limited', 'sm_isin': 'INE721A01013', 'an_dt': '17-Dec-2025 19:50:11', 'sort_date': '2025-12-17 19:50:11', 'seq_id': '106470678', 'smIndustry': None, 'orgid': None, 'attchmntText': 'Shriram Finance Limited has informed the Exchange about Action(s) taken or orders passed', 'bflag': None, 'old_new': None, 'csvName': None, 'exchdisstime': '17-Dec-2025 19:50:12', 'difference': '00:00:01', 'fileSize': '278.06 KB', 'attFileSize': '278.06 KB', 'hasXbrl': True}",0.0
SHRIRAMFIN,NSE_CORP_ANN,Updates,"Shriram Finance Limited has informed the Exchange regarding 'Report on Special Window for re-lodgement of transfer requests of physical shares of the Company from Integrated Registry Management Services Private Limited, Registrar and Share Transfer Agent of the Company, for the month ended November  30, 2025'.",,,"{'symbol': 'SHRIRAMFIN', 'desc': 'Updates', 'dt': '17122025181004', 'attchmntFile': 'https://nsearchives.nseindia.com/corporate/Mathew_17122025180858_BSENSE_Upload.pdf', 'sm_name': 'Shriram Finance Limited', 'sm_isin': 'INE721A01013', 'an_dt': '17-Dec-2025 18:10:04', 'sort_date': '2025-12-17 18:10:04', 'seq_id': '106470549', 'smIndustry': None, 'orgid': None, 'attchmntText': ""Shriram Finance Limited has informed the Exchange regarding 'Report on Special Window for re-lodgement of transfer requests of physical shares of the Company from Integrated Registry Management Services Private Limited, Registrar and Share Transfer Agent of the Company, for the month ended November  30, 2025'."", 'bflag': None, 'old_new': None, 'csvName': None, 'exchdisstime': '17-Dec-2025 18:10:05', 'difference': '00:00:01', 'fileSize': '966.48 KB', 'attFileSize': '966.48 KB', 'hasXbrl': True}",0.0
SIEMENS,NSE_CORP_ANN,Disclosure under SEBI Takeover Regulations,"Siemens International Holding B.V. has submitted to the Exchange a copy of Disclosures under Regulation 10(6)-Report to stock Exchange in respect of any acquisition made in reliance upon exemption provided for in regulation 10 of SEBI (SAST) Regulations, 2011.",,,"{'symbol': 'SIEMENS', 'desc': 'Disclosure under SEBI Takeover Regulations', 'dt': '18122025124325', 'attchmntFile': 'https://nsearchives.nseindia.com/corporate/team_sandeshc_18122025095259_SIH_Disclosure.pdf', 'sm_name': 'Siemens Limited', 'sm_isin': 'INE003A01024', 'an_dt': '18-Dec-2025 12:43:25', 'sort_date': '2025-12-18 12:43:25', 'seq_id': '106471063', 'smIndustry': 'Electrical Equipment', 'orgid': None, 'attchmntText': 'Siemens International Holding B.V. has submitted to the Exchange a copy of Disclosures under Regulation 10(6)-Report to stock Exchange in respect of any acquisition made in reliance upon exemption provided for in regulation 10 of SEBI (SAST) Regulations, 2011.', 'bflag': None, 'old_new': None, 'csvName': None, 'exchdisstime': '18-Dec-2025 12:43:26', 'difference': '00:00:01', 'fileSize': '792.71 KB', 'attFileSize': '792.71 KB', 'hasXbrl': True}",0.0
SIEMENS,NSE_CORP_ANN,Analysts/Institutional Investor Meet/Con. Call Updates,Siemens Limited has informed the Exchange about Transcript,,,"{'symbol': 'SIEMENS', 'desc': 'Analysts/Institutional Investor Meet/Con. Call Updates', 'dt': '18122025112152', 'attchmntFile': 'https://nsearchives.nseindia.com/corporate/SIEMENS57_18122025111958_TranscriptIntimation.pdf', 'sm_name': 'Siemens Limited', 'sm_isin': 'INE003A01024', 'an_dt': '18-Dec-2025 11:21:52', 'sort_date': '2025-12-18 11:21:52', 'seq_id': '106471212', 'smIndustry': 'Electrical Equipment', 'orgid': None, 'attchmntText': 'Siemens Limited has informed the Exchange about Transcript', 'bflag': None, 'old_new': None, 'csvName': None, 'exchdisstime': '18-Dec-2025 11:21:53', 'difference': '00:00:01', 'fileSize': '511.18 KB', 'attFileSize': '511.18 KB', 'hasXbrl': True}",0.0
SOLARINDS,NSE_CORP_ANN,Shareholders meeting,Solar Industries India Limited has informed the Exchange about Submission of the Voting Results and Scrutiniser''s Report of Postal Ballot.,,,"{'symbol': 'SOLARINDS', 'desc': 'Shareholders meeting', 'dt': '18122025131033', 'attchmntFile': 'https://nsearchives.nseindia.com/corporate/SOLARINDS_18122025130815_PB_Voting_Result_Scrutinizer_report.pdf', 'sm_name': 'Solar Industries India Limited', 'sm_isin': 'INE343H01011', 'an_dt': '18-Dec-2025 13:10:33', 'sort_date': '2025-12-18 13:10:33', 'seq_id': '106471308', 'smIndustry': 'Chemicals - Speciality', 'orgid': None, 'attchmntText': ""Solar Industries India Limited has informed the Exchange about Submission of the Voting Results and Scrutiniser''s Report of Postal Ballot."", 'bflag': None, 'old_new': None, 'csvName': None, 'exchdisstime': '18-Dec-2025 13:10:34', 'difference': '00:00:01', 'fileSize': '7.09 MB', 'attFileSize': '7.09 MB', 'hasXbrl': True}",0.0
SONACOMS,NSE_CORP_ANN,Shareholders meeting,Sona Blw Precision Forgings Limited has submitted the Exchange a copy Srutinizers report of  Postal Ballot,,,"{'symbol': 'SONACOMS', 'desc': 'Shareholders meeting', 'dt': '20122025101340', 'attchmntFile': 'https://nsearchives.nseindia.com/corporate/SONACOMS_20122025101221_ScrutinizerReportfinal.pdf', 'sm_name': 'Sona BLW Precision Forgings Limited', 'sm_isin': 'INE073K01018', 'an_dt': '20-Dec-2025 10:13:40', 'sort_date': '2025-12-20 10:13:40', 'seq_id': '106472997', 'smIndustry': None, 'orgid': None, 'attchmntText': 'Sona Blw Precision Forgings Limited has submitted the Exchange a copy Srutinizers report of  Postal Ballot', 'bflag': None, 'old_new': None, 'csvName': None, 'exchdisstime': '20-Dec-2025 10:13:42', 'difference': '00:00:02', 'fileSize': '1.09 MB', 'attFileSize': '1.09 MB', 'hasXbrl': True}",0.0
SBIN,NSE_CORP_ANN,Change in Director(s),State Bank Of India has informed the Exchange regarding Change in Director(s) of the company.,,,"{'symbol': 'SBIN', 'desc': 'Change in Director(s)', 'dt': '17122025121626', 'attchmntFile': 'https://nsearchives.nseindia.com/corporate/SBIN1_17122025121459_SE_disclosuredsc.pdf', 'sm_name': 'State Bank of India', 'sm_isin': 'INE062A01012', 'an_dt': '17-Dec-2025 12:16:26', 'sort_date': '2025-12-17 12:16:26', 'seq_id': '106470238', 'smIndustry': 'Banks', 'orgid': None, 'attchmntText': 'State Bank Of India has informed the Exchange regarding Change in Director(s) of the company.', 'bflag': None, 'old_new': None, 'csvName': None, 'exchdisstime': '17-Dec-2025 12:16:27', 'difference': '00:00:01', 'fileSize': '230.92 KB', 'attFileSize': '230.92 KB', 'hasXbrl': True}",0.0
SBIN,NSE_CORP_ANN,Analysts/Institutional Investor Meet/Con. Call Updates,State Bank Of India has informed the Exchange about,,,"{'symbol': 'SBIN', 'desc': 'Analysts/Institutional Investor Meet/Con. Call Updates', 'dt': '16122025184922', 'attchmntFile': 'https://nsearchives.nseindia.com/corporate/SBIN1_16122025184909_BSE_NSE_Investor_Outcome16122025dsc.pdf', 'sm_name': 'State Bank of India', 'sm_isin': 'INE062A01012', 'an_dt': '16-Dec-2025 18:49:22', 'sort_date': '2025-12-16 18:49:22', 'seq_id': '106469600', 'smIndustry': 'Banks', 'orgid': None, 'attchmntText': 'State Bank Of India has informed the Exchange about', 'bflag': None, 'old_new': None, 'csvName': None, 'exchdisstime': '16-Dec-2025 18:49:23', 'difference': '00:00:01', 'fileSize': '196.31 KB', 'attFileSize': '196.31 KB', 'hasXbrl': True}",0.0
SBIN,NSE_CORP_ANN,Copy of Newspaper Publication,State Bank Of India has informed the Exchange about Copy of Newspaper Publication,,,"{'symbol': 'SBIN', 'desc': 'Copy of Newspaper Publication', 'dt': '16122025124030', 'attchmntFile': 'https://nsearchives.nseindia.com/corporate/SBIN1_16122025124019_SE_disdsc.pdf', 'sm_name': 'State Bank of India', 'sm_isin': 'INE062A01012', 'an_dt': '16-Dec-2025 12:40:30', 'sort_date': '2025-12-16 12:40:30', 'seq_id': '106469249', 'smIndustry': 'Banks', 'orgid': None, 'attchmntText': 'State Bank Of India has informed the Exchange about Copy of Newspaper Publication', 'bflag': None, 'old_new': None, 'csvName': None, 'exchdisstime': '16-Dec-2025 12:40:31', 'difference': '00:00:01', 'fileSize': '4.03 MB', 'attFileSize': '4.03 MB', 'hasXbrl': True}",0.0
SUNPHARMA,NSE_CORP_ANN,General Updates,"Intimation under Regulation 30 of SEBI (Listing Obligations and Disclosure Requirements) Regulations, 2015   US FDA determines Baska facility inspection classification as OAI",,,"{'symbol': 'SUNPHARMA', 'desc': 'General Updates', 'dt': '18122025082732', 'attchmntFile': 'https://nsearchives.nseindia.com/corporate/SUNSEC_18122025082632_SEIntimationforOAIstatus.pdf', 'sm_name': 'Sun Pharmaceutical Industries Limited', 'sm_isin': 'INE044A01028', 'an_dt': '18-Dec-2025 08:27:32', 'sort_date': '2025-12-18 08:27:32', 'seq_id': '106470963', 'smIndustry': 'Pharmaceuticals', 'orgid': None, 'attchmntText': 'Intimation under Regulation 30 of SEBI (Listing Obligations and Disclosure Requirements) Regulations, 2015   US FDA determines Baska facility inspection classification as OAI', 'bflag': None, 'old_new': None, 'csvName': None, 'exchdisstime': '18-Dec-2025 08:27:34', 'difference': '00:00:02', 'fileSize': '209.81 KB', 'attFileSize': '209.81 KB', 'hasXbrl': True}",0.0
SUZLON,NSE_CORP_ANN,Press Release,"Suzlon Energy Limited has informed the Exchange regarding a press release dated December 17, 2025, titled ""Suzlon and Yanara extend partnership with 306 MW Wind Turbine Orders in Rajasthan"".",,,"{'symbol': 'SUZLON', 'desc': 'Press Release', 'dt': '17122025090004', 'attchmntFile': 'https://nsearchives.nseindia.com/corporate/SUZLON1_17122025085937_Suzlon17122025.pdf', 'sm_name': 'Suzlon Energy Limited', 'sm_isin': 'INE040H01021', 'an_dt': '17-Dec-2025 09:00:04', 'sort_date': '2025-12-17 09:00:04', 'seq_id': '106469944', 'smIndustry': 'Electrical Equipment', 'orgid': None, 'attchmntText': 'Suzlon Energy Limited has informed the Exchange regarding a press release dated December 17, 2025, titled ""Suzlon and Yanara extend partnership with 306 MW Wind Turbine Orders in Rajasthan"".', 'bflag': None, 'old_new': None, 'csvName': None, 'exchdisstime': '17-Dec-2025 09:00:05', 'difference': '00:00:01', 'fileSize': '427.89 KB', 'attFileSize': '427.89 KB', 'hasXbrl': True}",0.0
SYNGENE,NSE_CORP_ANN,Investor Presentation,Syngene International Limited has informed the Exchange about Investor Presentation,,,"{'symbol': 'SYNGENE', 'desc': 'Investor Presentation', 'dt': '17122025125752', 'attchmntFile': 'https://nsearchives.nseindia.com/corporate/SYNGENE2_17122025125609_IP17122025.pdf', 'sm_name': 'Syngene International Limited', 'sm_isin': 'INE398R01022', 'an_dt': '17-Dec-2025 12:57:52', 'sort_date': '2025-12-17 12:57:52', 'seq_id': '106470282', 'smIndustry': None, 'orgid': None, 'attchmntText': 'Syngene International Limited has informed the Exchange about Investor Presentation', 'bflag': None, 'old_new': None, 'csvName': None, 'exchdisstime': '17-Dec-2025 12:57:53', 'difference': '00:00:01', 'fileSize': '1.77 MB', 'attFileSize': '1.77 MB', 'hasXbrl': True}",0.0
TATACONSUM,NSE_CORP_ANN,ESOP/ESOS/ESPS,TATA CONSUMER PRODUCTS LIMITED has informed the Exchange regarding Allotment of 1736  Shares.,,,"{'symbol': 'TATACONSUM', 'desc': 'ESOP/ESOS/ESPS', 'dt': '22122025150131', 'attchmntFile': 'https://nsearchives.nseindia.com/corporate/Sukhvinder_22122025150038_SE_ESOP_Intimation.pdf', 'sm_name': 'TATA CONSUMER PRODUCTS LIMITED', 'sm_isin': 'INE192A01025', 'an_dt': '22-Dec-2025 15:01:31', 'sort_date': '2025-12-22 15:01:31', 'seq_id': '106473826', 'smIndustry': None, 'orgid': None, 'attchmntText': 'TATA CONSUMER PRODUCTS LIMITED has informed the Exchange regarding Allotment of 1736  Shares.', 'bflag': None, 'old_new': None, 'csvName': None, 'exchdisstime': '22-Dec-2025 15:01:32', 'difference': '00:00:01', 'fileSize': '2.95 MB', 'attFileSize': '2.95 MB', 'hasXbrl': True}",0.0
TATACONSUM,NSE_CORP_ANN,Trading Window,"TATA CONSUMER PRODUCTS LIMITED has informed the Exchange regarding the Trading Window closure pursuant to SEBI (Prohibition of Insider Trading) Regulations, 2015",,,"{'symbol': 'TATACONSUM', 'desc': 'Trading Window', 'dt': '22122025114941', 'attchmntFile': 'https://nsearchives.nseindia.com/corporate/Sukhvinder_22122025114915_SEIntimation_TradingWindowClosure.pdf', 'sm_name': 'TATA CONSUMER PRODUCTS LIMITED', 'sm_isin': 'INE192A01025', 'an_dt': '22-Dec-2025 11:49:41', 'sort_date': '2025-12-22 11:49:41', 'seq_id': '106473651', 'smIndustry': None, 'orgid': None, 'attchmntText': 'TATA CONSUMER PRODUCTS LIMITED has informed the Exchange regarding the Trading Window closure pursuant to SEBI (Prohibition of Insider Trading) Regulations, 2015', 'bflag': None, 'old_new': None, 'csvName': None, 'exchdisstime': '22-Dec-2025 11:49:41', 'difference': '00:00:00', 'fileSize': '256.50 KB', 'attFileSize': '256.50 KB', 'hasXbrl': True}",0.0
TITAGARH,NSE_CORP_ANN,Press Release,"TITAGARH RAIL SYSTEMS LIMITED has informed the Exchange regarding a press release dated December 20, 2025, titled ""Titagarh Rolls Out the 1st Trainset of Ahmedabad Metro - Hon ble Chief Minister of Gujarat, Shri Bhupendrabhai Patel visited the plant of Titagarh in Kolkata to receive the train"".",,,"{'symbol': 'TITAGARH', 'desc': 'Press Release', 'dt': '20122025200504', 'attchmntFile': 'https://nsearchives.nseindia.com/corporate/TWL_20122025200450_PressRelease20122025.pdf', 'sm_name': 'TITAGARH RAIL SYSTEMS LIMITED', 'sm_isin': 'INE615H01020', 'an_dt': '20-Dec-2025 20:05:04', 'sort_date': '2025-12-20 20:05:04', 'seq_id': '106473197', 'smIndustry': None, 'orgid': None, 'attchmntText': 'TITAGARH RAIL SYSTEMS LIMITED has informed the Exchange regarding a press release dated December 20, 2025, titled ""Titagarh Rolls Out the 1st Trainset of Ahmedabad Metro - Hon ble Chief Minister of Gujarat, Shri Bhupendrabhai Patel visited the plant of Titagarh in Kolkata to receive the train"".', 'bflag': None, 'old_new': None, 'csvName': None, 'exchdisstime': '20-Dec-2025 20:05:05', 'difference': '00:00:01', 'fileSize': '1.20 MB', 'attFileSize': '1.20 MB', 'hasXbrl': True}",0.0
TITAGARH,NSE_CORP_ANN,Bagging/Receiving of orders/contracts,TITAGARH RAIL SYSTEMS LIMITED has informed the Exchange about Bagging/Receiving of orders/contracts,,,"{'symbol': 'TITAGARH', 'desc': 'Bagging/Receiving of orders/contracts', 'dt': '17122025190030', 'attchmntFile': 'https://nsearchives.nseindia.com/corporate/TWL_17122025185935_DisclosuretoSELOA17122025.pdf', 'sm_name': 'TITAGARH RAIL SYSTEMS LIMITED', 'sm_isin': 'INE615H01020', 'an_dt': '17-Dec-2025 19:00:30', 'sort_date': '2025-12-17 19:00:30', 'seq_id': '106470625', 'smIndustry': None, 'orgid': None, 'attchmntText': 'TITAGARH RAIL SYSTEMS LIMITED has informed the Exchange about Bagging/Receiving of orders/contracts', 'bflag': None, 'old_new': None, 'csvName': None, 'exchdisstime': '17-Dec-2025 19:00:31', 'difference': '00:00:01', 'fileSize': '249.53 KB', 'attFileSize': '249.53 KB', 'hasXbrl': True}",0.0
TCS,NSE_CORP_ANN,Updates,Tata Consultancy Services Limited has informed the Exchange regarding 'Press Release - TCS BaNCS Gets AI Upgrade: New Core Tool to Supercharge Innovation'.,,,"{'symbol': 'TCS', 'desc': 'Updates', 'dt': '19122025114119', 'attchmntFile': 'https://nsearchives.nseindia.com/corporate/TCS_CORPCS_19122025114100_Ltr_19Dec25signed.pdf', 'sm_name': 'Tata Consultancy Services Limited', 'sm_isin': 'INE467B01029', 'an_dt': '19-Dec-2025 11:41:19', 'sort_date': '2025-12-19 11:41:19', 'seq_id': '106472207', 'smIndustry': 'Computers - Software', 'orgid': None, 'attchmntText': ""Tata Consultancy Services Limited has informed the Exchange regarding 'Press Release - TCS BaNCS Gets AI Upgrade: New Core Tool to Supercharge Innovation'."", 'bflag': None, 'old_new': None, 'csvName': None, 'exchdisstime': '19-Dec-2025 11:41:20', 'difference': '00:00:01', 'fileSize': '474.68 KB', 'attFileSize': '474.68 KB', 'hasXbrl': True}",0.0
TCS,NSE_CORP_ANN,Incorporation,Tata Consultancy Services Limited has informed the Exchange about Incorporation,,,"{'symbol': 'TCS', 'desc': 'Incorporation', 'dt': '18122025193635', 'attchmntFile': 'https://nsearchives.nseindia.com/corporate/TCS_CORPCS_18122025193553_Signed_Final_SE_Intimation.pdf', 'sm_name': 'Tata Consultancy Services Limited', 'sm_isin': 'INE467B01029', 'an_dt': '18-Dec-2025 19:36:35', 'sort_date': '2025-12-18 19:36:35', 'seq_id': '106471655', 'smIndustry': 'Computers - Software', 'orgid': None, 'attchmntText': 'Tata Consultancy Services Limited has informed the Exchange about Incorporation', 'bflag': None, 'old_new': None, 'csvName': None, 'exchdisstime': '18-Dec-2025 19:36:36', 'difference': '00:00:01', 'fileSize': '275.65 KB', 'attFileSize': '275.65 KB', 'hasXbrl': True}",0.0
TCS,NSE_CORP_ANN,Analysts/Institutional Investor Meet/Con. Call Updates,Tata Consultancy Services Limited has informed the Exchange about Presentation,,,"{'symbol': 'TCS', 'desc': 'Analysts/Institutional Investor Meet/Con. Call Updates', 'dt': '17122025155224', 'attchmntFile': 'https://nsearchives.nseindia.com/corporate/TCS_CORPCS_17122025155131_Signed_SE_Int.pdf', 'sm_name': 'Tata Consultancy Services Limited', 'sm_isin': 'INE467B01029', 'an_dt': '17-Dec-2025 15:52:24', 'sort_date': '2025-12-17 15:52:24', 'seq_id': '106470386', 'smIndustry': 'Computers - Software', 'orgid': None, 'attchmntText': 'Tata Consultancy Services Limited has informed the Exchange about Presentation', 'bflag': None, 'old_new': None, 'csvName': None, 'exchdisstime': '17-Dec-2025 15:52:25', 'difference': '00:00:01', 'fileSize': '13.08 MB', 'attFileSize': '13.08 MB', 'hasXbrl': True}",0.0
TATAELXSI,NSE_CORP_ANN,Spurt in Volume,"Significant increase in volume has been observed in Tata Elxsi Limited. The Exchange, in order to ensure that investors have latest relevant information about the company and to inform the market place so that the interest of the investors is safeguarded, had written to the company. Tata Elxsi Limited has submitted their response.",,,"{'symbol': 'TATAELXSI', 'desc': 'Spurt in Volume', 'dt': '19122025204408', 'attchmntFile': 'https://nsearchives.nseindia.com/corporate/TELNSE_19122025204214_NSEResponseSpurtinVolume.pdf', 'sm_name': 'Tata Elxsi Limited', 'sm_isin': 'INE670A01012', 'an_dt': '19-Dec-2025 20:44:08', 'sort_date': '2025-12-19 20:44:08', 'seq_id': '106472736', 'smIndustry': 'Computers - Software', 'orgid': None, 'attchmntText': 'Significant increase in volume has been observed in Tata Elxsi Limited. The Exchange, in order to ensure that investors have latest relevant information about the company and to inform the market place so that the interest of the investors is safeguarded, had written to the company. Tata Elxsi Limited has submitted their response.', 'bflag': None, 'old_new': None, 'csvName': None, 'exchdisstime': '19-Dec-2025 20:44:08', 'difference': '00:00:00', 'fileSize': '213.22 KB', 'attFileSize': '213.22 KB', 'hasXbrl': True}",0.0
TATAPOWER,NSE_CORP_ANN,Press Release,"Tata Power Company Limited has informed the Exchange regarding a press release dated December 19, 2025, titled as  Tata Power, London School of Economics and Political Science (LSE) and International Growth Centre (IGC) launches Energy Insights and innovation lab to accelerate India s clean energy transition.""",,,"{'symbol': 'TATAPOWER', 'desc': 'Press Release', 'dt': '19122025152811', 'attchmntFile': 'https://nsearchives.nseindia.com/corporate/VPTPCL_19122025152759_PR-19-12-2025.pdf', 'sm_name': 'Tata Power Company Limited', 'sm_isin': 'INE245A01013', 'an_dt': '19-Dec-2025 15:28:11', 'sort_date': '2025-12-19 15:28:11', 'seq_id': '106472368', 'smIndustry': 'Power', 'orgid': None, 'attchmntText': 'Tata Power Company Limited has informed the Exchange regarding a press release dated December 19, 2025, titled as  Tata Power, London School of Economics and Political Science (LSE) and International Growth Centre (IGC) launches Energy Insights and innovation lab to accelerate India s clean energy transition.""', 'bflag': None, 'old_new': None, 'csvName': None, 'exchdisstime': '19-Dec-2025 15:28:12', 'difference': '00:00:01', 'fileSize': '467.46 KB', 'attFileSize': '467.46 KB', 'hasXbrl': True}",0.0
TATAPOWER,NSE_CORP_ANN,Allotment of Securities,Tata Power Company Limited has informed the Exchange regarding allotment of 200000 securities pursuant to Non Convertible Securities.,,,"{'symbol': 'TATAPOWER', 'desc': 'Allotment of Securities', 'dt': '19122025130612', 'attchmntFile': 'https://nsearchives.nseindia.com/corporate/VPTPCL_19122025130504_Reg_30_-_Allotment_of_NCD.pdf', 'sm_name': 'Tata Power Company Limited', 'sm_isin': 'INE245A01013', 'an_dt': '19-Dec-2025 13:06:12', 'sort_date': '2025-12-19 13:06:12', 'seq_id': '106472293', 'smIndustry': 'Power', 'orgid': None, 'attchmntText': 'Tata Power Company Limited has informed the Exchange regarding allotment of 200000 securities pursuant to Non Convertible Securities.', 'bflag': None, 'old_new': None, 'csvName': None, 'exchdisstime': '19-Dec-2025 13:06:13', 'difference': '00:00:01', 'fileSize': '250.70 KB', 'attFileSize': '250.70 KB', 'hasXbrl': True}",0.0
TATAPOWER,NSE_CORP_ANN,General Updates,Tata Power Company Limited has informed the Exchange about Update on Acquisition,,,"{'symbol': 'TATAPOWER', 'desc': 'General Updates', 'dt': '18122025202622', 'attchmntFile': 'https://nsearchives.nseindia.com/corporate/VPTPCL_18122025202614_KHPL-Third_tranche_updated.pdf', 'sm_name': 'Tata Power Company Limited', 'sm_isin': 'INE245A01013', 'an_dt': '18-Dec-2025 20:26:22', 'sort_date': '2025-12-18 20:26:22', 'seq_id': '106471687', 'smIndustry': 'Power', 'orgid': None, 'attchmntText': 'Tata Power Company Limited has informed the Exchange about Update on Acquisition', 'bflag': None, 'old_new': None, 'csvName': None, 'exchdisstime': '18-Dec-2025 20:26:23', 'difference': '00:00:01', 'fileSize': '257.29 KB', 'attFileSize': '257.29 KB', 'hasXbrl': True}",0.0
TATASTEEL,NSE_CORP_ANN,Pendency of Litigation(s)/dispute(s) or the outcome impacting the Company,Tata Steel Limited has informed the Exchange about Pendency of Litigation(s)/dispute(s) or the outcome impacting the Company,,,"{'symbol': 'TATASTEEL', 'desc': 'Pendency of Litigation(s)/dispute(s) or the outcome impacting the Company', 'dt': '22122025233421', 'attchmntFile': 'https://nsearchives.nseindia.com/corporate/SWATISHETH_22122025233326_BSENSE.pdf', 'sm_name': 'Tata Steel Limited', 'sm_isin': 'INE081A01012', 'an_dt': '22-Dec-2025 23:34:21', 'sort_date': '2025-12-22 23:34:21', 'seq_id': '106474446', 'smIndustry': 'Steel And Steel Products', 'orgid': None, 'attchmntText': 'Tata Steel Limited has informed the Exchange about Pendency of Litigation(s)/dispute(s) or the outcome impacting the Company', 'bflag': None, 'old_new': None, 'csvName': None, 'exchdisstime': '22-Dec-2025 23:34:22', 'difference': '00:00:01', 'fileSize': '362.08 KB', 'attFileSize': '362.08 KB', 'hasXbrl': True}",0.0
TATASTEEL,NSE_CORP_ANN,Acquisition,Tata Steel Limited has informed the Exchange about Acquisition of equity stake in T Steel Holdings Pte. Ltd,,,"{'symbol': 'TATASTEEL', 'desc': 'Acquisition', 'dt': '19122025175514', 'attchmntFile': 'https://nsearchives.nseindia.com/corporate/SWATISHETH_19122025175016_BSENSE.pdf', 'sm_name': 'Tata Steel Limited', 'sm_isin': 'INE081A01012', 'an_dt': '19-Dec-2025 17:55:14', 'sort_date': '2025-12-19 17:55:14', 'seq_id': '106472561', 'smIndustry': 'Steel And Steel Products', 'orgid': None, 'attchmntText': 'Tata Steel Limited has informed the Exchange about Acquisition of equity stake in T Steel Holdings Pte. Ltd', 'bflag': None, 'old_new': None, 'csvName': None, 'exchdisstime': '19-Dec-2025 17:55:15', 'difference': '00:00:01', 'fileSize': '324.18 KB', 'attFileSize': '324.18 KB', 'hasXbrl': True}",0.0
TECHM,NSE_CORP_ANN,Incorporation,Tech Mahindra Limited has informed the Exchange about Incorporation,,,"{'symbol': 'TECHM', 'desc': 'Incorporation', 'dt': '22122025234855', 'attchmntFile': 'https://nsearchives.nseindia.com/corporate/Apekshakhemka_22122025234832_IncorporationIntimation-YabxUganda_Signed.pdf', 'sm_name': 'Tech Mahindra Limited', 'sm_isin': 'INE669C01028', 'an_dt': '22-Dec-2025 23:48:55', 'sort_date': '2025-12-22 23:48:55', 'seq_id': '106474462', 'smIndustry': 'Computers - Software', 'orgid': None, 'attchmntText': 'Tech Mahindra Limited has informed the Exchange about Incorporation', 'bflag': None, 'old_new': None, 'csvName': None, 'exchdisstime': '22-Dec-2025 23:48:56', 'difference': '00:00:01', 'fileSize': '258.12 KB', 'attFileSize': '258.12 KB', 'hasXbrl': True}",0.0
TECHM,NSE_CORP_ANN,General Updates,Tech Mahindra Limited has informed the Exchange about ESG rating,,,"{'symbol': 'TECHM', 'desc': 'General Updates', 'dt': '22122025181319', 'attchmntFile': 'https://nsearchives.nseindia.com/corporate/Apekshakhemka_22122025181300_SEintimationESGratingESGRiskai.pdf', 'sm_name': 'Tech Mahindra Limited', 'sm_isin': 'INE669C01028', 'an_dt': '22-Dec-2025 18:13:19', 'sort_date': '2025-12-22 18:13:19', 'seq_id': '106474133', 'smIndustry': 'Computers - Software', 'orgid': None, 'attchmntText': 'Tech Mahindra Limited has informed the Exchange about ESG rating', 'bflag': None, 'old_new': None, 'csvName': None, 'exchdisstime': '22-Dec-2025 18:13:20', 'difference': '00:00:01', 'fileSize': '197.67 KB', 'attFileSize': '197.67 KB', 'hasXbrl': True}",0.0
FEDERALBNK,NSE_CORP_ANN,General Updates,The Federal Bank  Limited has informed the Exchange about  Allotment of Equity Shares on exercise of Stock options pursuant to Employee Stock Option Scheme,,,"{'symbol': 'FEDERALBNK', 'desc': 'General Updates', 'dt': '22122025115411', 'attchmntFile': 'https://nsearchives.nseindia.com/corporate/FEDERALBNK_22122025115328_ESOS_211209_221225_SE_S.pdf', 'sm_name': 'The Federal Bank  Limited', 'sm_isin': 'INE171A01011', 'an_dt': '22-Dec-2025 11:54:11', 'sort_date': '2025-12-22 11:54:11', 'seq_id': '106473654', 'smIndustry': 'Banks', 'orgid': None, 'attchmntText': 'The Federal Bank  Limited has informed the Exchange about  Allotment of Equity Shares on exercise of Stock options pursuant to Employee Stock Option Scheme', 'bflag': None, 'old_new': None, 'csvName': None, 'exchdisstime': '22-Dec-2025 11:54:12', 'difference': '00:00:01', 'fileSize': '216.13 KB', 'attFileSize': '216.13 KB', 'hasXbrl': True}",0.0
FEDERALBNK,NSE_CORP_ANN,Analysts/Institutional Investor Meet/Con. Call Updates,The Federal Bank  Limited has informed the Exchange about Schedule of meet,,,"{'symbol': 'FEDERALBNK', 'desc': 'Analysts/Institutional Investor Meet/Con. Call Updates', 'dt': '18122025172352', 'attchmntFile': 'https://nsearchives.nseindia.com/corporate/FEDERALBNK_18122025172314_SE_Intimation_Investor_Meet_181225_S.pdf', 'sm_name': 'The Federal Bank  Limited', 'sm_isin': 'INE171A01011', 'an_dt': '18-Dec-2025 17:23:52', 'sort_date': '2025-12-18 17:23:52', 'seq_id': '106471508', 'smIndustry': 'Banks', 'orgid': None, 'attchmntText': 'The Federal Bank  Limited has informed the Exchange about Schedule of meet', 'bflag': None, 'old_new': None, 'csvName': None, 'exchdisstime': '18-Dec-2025 17:23:52', 'difference': '00:00:00', 'fileSize': '258.00 KB', 'attFileSize': '258.00 KB', 'hasXbrl': True}",0.0
INDHOTEL,NSE_CORP_ANN,Press Release,"The Indian Hotels Company Limited has informed the Exchange regarding a press release dated December 19, 2025, titled ""IHCL, GVK-BHUPAL FAMILY REDEFINE ALLIANCE; TRANSITIONS FROM JOINT VENTURE TO A LONG-TERM MANAGEMENT ARRANGEMENT"".",,,"{'symbol': 'INDHOTEL', 'desc': 'Press Release', 'dt': '19122025185916', 'attchmntFile': 'https://nsearchives.nseindia.com/corporate/INDHOTEL_19122025185855_Pressrelease.pdf', 'sm_name': 'The Indian Hotels Company Limited', 'sm_isin': 'INE053A01029', 'an_dt': '19-Dec-2025 18:59:16', 'sort_date': '2025-12-19 18:59:16', 'seq_id': '106472667', 'smIndustry': 'Hotels', 'orgid': None, 'attchmntText': 'The Indian Hotels Company Limited has informed the Exchange regarding a press release dated December 19, 2025, titled ""IHCL, GVK-BHUPAL FAMILY REDEFINE ALLIANCE; TRANSITIONS FROM JOINT VENTURE TO A LONG-TERM MANAGEMENT ARRANGEMENT"".', 'bflag': None, 'old_new': None, 'csvName': None, 'exchdisstime': '19-Dec-2025 18:59:17', 'difference': '00:00:01', 'fileSize': '476.70 KB', 'attFileSize': '476.70 KB', 'hasXbrl': True}",0.0
INDHOTEL,NSE_CORP_ANN,Sale or disposal,The Indian Hotels Company Limited has informed the Exchange about Sale or disposal,,,"{'symbol': 'INDHOTEL', 'desc': 'Sale or disposal', 'dt': '19122025184931', 'attchmntFile': 'https://nsearchives.nseindia.com/corporate/INDHOTEL_19122025184827_AGREEMENTTOSELL.pdf', 'sm_name': 'The Indian Hotels Company Limited', 'sm_isin': 'INE053A01029', 'an_dt': '19-Dec-2025 18:49:31', 'sort_date': '2025-12-19 18:49:31', 'seq_id': '106472648', 'smIndustry': 'Hotels', 'orgid': None, 'attchmntText': 'The Indian Hotels Company Limited has informed the Exchange about Sale or disposal', 'bflag': None, 'old_new': None, 'csvName': None, 'exchdisstime': '19-Dec-2025 18:49:32', 'difference': '00:00:01', 'fileSize': '404.84 KB', 'attFileSize': '404.84 KB', 'hasXbrl': True}",0.0
TITAN,NSE_CORP_ANN,Trading Window,"Titan Company Limited has informed the Exchange regarding the Trading Window closure pursuant to SEBI (Prohibition of Insider Trading) Regulations, 2015",,,"{'symbol': 'TITAN', 'desc': 'Trading Window', 'dt': '23122025110757', 'attchmntFile': 'https://nsearchives.nseindia.com/corporate/TITAN_23122025110740_SEintimation.pdf', 'sm_name': 'Titan Company Limited', 'sm_isin': 'INE280A01010', 'an_dt': '23-Dec-2025 11:07:57', 'sort_date': '2025-12-23 11:07:57', 'seq_id': '106474749', 'smIndustry': 'Gems Jewellery And Watches', 'orgid': None, 'attchmntText': 'Titan Company Limited has informed the Exchange regarding the Trading Window closure pursuant to SEBI (Prohibition of Insider Trading) Regulations, 2015', 'bflag': None, 'old_new': None, 'csvName': None, 'exchdisstime': '23-Dec-2025 11:07:58', 'difference': '00:00:01', 'fileSize': '207.26 KB', 'attFileSize': '207.26 KB', 'hasXbrl': True}",0.0
TORNTPHARM,NSE_CORP_ANN,Updates,Torrent Pharmaceuticals Limited has informed the Exchange regarding 'Redemption of Commercial Papers '.,,,"{'symbol': 'TORNTPHARM', 'desc': 'Updates', 'dt': '16122025175104', 'attchmntFile': 'https://nsearchives.nseindia.com/corporate/TORNTPHARM_16122025175040_CP_redemption_ur_30.pdf', 'sm_name': 'Torrent Pharmaceuticals Limited', 'sm_isin': 'INE685A01028', 'an_dt': '16-Dec-2025 17:51:04', 'sort_date': '2025-12-16 17:51:04', 'seq_id': '106469527', 'smIndustry': 'Pharmaceuticals', 'orgid': None, 'attchmntText': ""Torrent Pharmaceuticals Limited has informed the Exchange regarding 'Redemption of Commercial Papers '."", 'bflag': None, 'old_new': None, 'csvName': None, 'exchdisstime': '16-Dec-2025 17:51:05', 'difference': '00:00:01', 'fileSize': '684.68 KB', 'attFileSize': '684.68 KB', 'hasXbrl': True}",0.0
TRENT,NSE_CORP_ANN,Credit Rating- New,"Trent Limited has informed the Exchange about Intimation under Regulation 30 read with Schedule III of the SEBI (Listing Obligations and Disclosure Requirements) Regulations, 2015 ( SEBI Listing Regulations )",,,"{'symbol': 'TRENT', 'desc': 'Credit Rating- New', 'dt': '19122025180107', 'attchmntFile': 'https://nsearchives.nseindia.com/corporate/TRENT_19122025180042_ESGRatingIntimationMorningstar.pdf', 'sm_name': 'Trent Limited', 'sm_isin': 'INE849A01012', 'an_dt': '19-Dec-2025 18:01:07', 'sort_date': '2025-12-19 18:01:07', 'seq_id': '106472573', 'smIndustry': 'Miscellaneous', 'orgid': None, 'attchmntText': 'Trent Limited has informed the Exchange about Intimation under Regulation 30 read with Schedule III of the SEBI (Listing Obligations and Disclosure Requirements) Regulations, 2015 ( SEBI Listing Regulations )', 'bflag': None, 'old_new': None, 'csvName': None, 'exchdisstime': '19-Dec-2025 18:01:08', 'difference': '00:00:01', 'fileSize': '243.35 KB', 'attFileSize': '243.35 KB', 'hasXbrl': True}",0.0
TRENT,NSE_CORP_ANN,Trading Window,"Trent Limited has informed the Exchange regarding the Trading Window closure pursuant to SEBI (Prohibition of Insider Trading) Regulations, 2015",,,"{'symbol': 'TRENT', 'desc': 'Trading Window', 'dt': '19122025123353', 'attchmntFile': 'https://nsearchives.nseindia.com/corporate/TRENT_19122025123335_BSENSE31122025.pdf', 'sm_name': 'Trent Limited', 'sm_isin': 'INE849A01012', 'an_dt': '19-Dec-2025 12:33:53', 'sort_date': '2025-12-19 12:33:53', 'seq_id': '106472251', 'smIndustry': 'Miscellaneous', 'orgid': None, 'attchmntText': 'Trent Limited has informed the Exchange regarding the Trading Window closure pursuant to SEBI (Prohibition of Insider Trading) Regulations, 2015', 'bflag': None, 'old_new': None, 'csvName': None, 'exchdisstime': '19-Dec-2025 12:33:54', 'difference': '00:00:01', 'fileSize': '208.08 KB', 'attFileSize': '208.08 KB', 'hasXbrl': True}",0.0
TRENT,NSE_CORP_ANN,Analysts/Institutional Investor Meet/Con. Call Updates,Trent Limited has informed the Exchange about Intimation of schedule of Analyst / Institutional Investor Meeting,,,"{'symbol': 'TRENT', 'desc': 'Analysts/Institutional Investor Meet/Con. Call Updates', 'dt': '19122025111620', 'attchmntFile': 'https://nsearchives.nseindia.com/corporate/TRENT_19122025111433_InvestorAnalystMeeting19122025.pdf', 'sm_name': 'Trent Limited', 'sm_isin': 'INE849A01012', 'an_dt': '19-Dec-2025 11:16:20', 'sort_date': '2025-12-19 11:16:20', 'seq_id': '106472189', 'smIndustry': 'Miscellaneous', 'orgid': None, 'attchmntText': 'Trent Limited has informed the Exchange about Intimation of schedule of Analyst / Institutional Investor Meeting', 'bflag': None, 'old_new': None, 'csvName': None, 'exchdisstime': '19-Dec-2025 11:16:21', 'difference': '00:00:01', 'fileSize': '248.29 KB', 'attFileSize': '248.29 KB', 'hasXbrl': True}",0.0
TIINDIA,NSE_CORP_ANN,General Updates,Tube Investments of India Limited has informed the Exchange about General Updates,,,"{'symbol': 'TIINDIA', 'desc': 'General Updates', 'dt': '18122025164511', 'attchmntFile': 'https://nsearchives.nseindia.com/corporate/TIINDIA_18122025164157_Reg31A_ReclasificationofAGPL_TIItoBSENSE.pdf', 'sm_name': 'Tube Investments of India Limited', 'sm_isin': 'INE974X01010', 'an_dt': '18-Dec-2025 16:45:11', 'sort_date': '2025-12-18 16:45:11', 'seq_id': '106471453', 'smIndustry': None, 'orgid': None, 'attchmntText': 'Tube Investments of India Limited has informed the Exchange about General Updates', 'bflag': None, 'old_new': None, 'csvName': None, 'exchdisstime': '18-Dec-2025 16:45:12', 'difference': '00:00:01', 'fileSize': '148.52 KB', 'attFileSize': '148.52 KB', 'hasXbrl': True}",0.0
UNOMINDA,NSE_CORP_ANN,Trading Window,"UNO Minda Limited has informed the Exchange regarding the Trading Window closure pursuant to SEBI (Prohibition of Insider Trading) Regulations, 2015",,,"{'symbol': 'UNOMINDA', 'desc': 'Trading Window', 'dt': '20122025112823', 'attchmntFile': 'https://nsearchives.nseindia.com/corporate/MINDAIND1_20122025112804_Tradingwindowdec25.pdf', 'sm_name': 'UNO Minda Limited', 'sm_isin': 'INE405E01023', 'an_dt': '20-Dec-2025 11:28:23', 'sort_date': '2025-12-20 11:28:23', 'seq_id': '106473015', 'smIndustry': None, 'orgid': None, 'attchmntText': 'UNO Minda Limited has informed the Exchange regarding the Trading Window closure pursuant to SEBI (Prohibition of Insider Trading) Regulations, 2015', 'bflag': None, 'old_new': None, 'csvName': None, 'exchdisstime': '20-Dec-2025 11:28:23', 'difference': '00:00:00', 'fileSize': '414.90 KB', 'attFileSize': '414.90 KB', 'hasXbrl': True}",0.0
UNOMINDA,NSE_CORP_ANN,Updates,UNO Minda Limited has informed the Exchange regarding 'Redemption of Commercial Papers'.,,,"{'symbol': 'UNOMINDA', 'desc': 'Updates', 'dt': '16122025180547', 'attchmntFile': 'https://nsearchives.nseindia.com/corporate/MINDAIND1_16122025180536_CP_REDEMPTION.pdf', 'sm_name': 'UNO Minda Limited', 'sm_isin': 'INE405E01023', 'an_dt': '16-Dec-2025 18:05:47', 'sort_date': '2025-12-16 18:05:47', 'seq_id': '106469551', 'smIndustry': None, 'orgid': None, 'attchmntText': ""UNO Minda Limited has informed the Exchange regarding 'Redemption of Commercial Papers'."", 'bflag': None, 'old_new': None, 'csvName': None, 'exchdisstime': '16-Dec-2025 18:05:48', 'difference': '00:00:01', 'fileSize': '3.17 MB', 'attFileSize': '3.17 MB', 'hasXbrl': True}",0.0
UPL,NSE_CORP_ANN,General Updates,UPL Limited has informed the Exchange about Investment in Hybrid Seeds Vietnam Company Limited,,,"{'symbol': 'UPL', 'desc': 'General Updates', 'dt': '22122025161308', 'attchmntFile': 'https://nsearchives.nseindia.com/corporate/UPL_22122025161255_AdvantaVietnamintimation.pdf', 'sm_name': 'UPL Limited', 'sm_isin': 'INE628A01036', 'an_dt': '22-Dec-2025 16:13:08', 'sort_date': '2025-12-22 16:13:08', 'seq_id': '106473923', 'smIndustry': None, 'orgid': None, 'attchmntText': 'UPL Limited has informed the Exchange about Investment in Hybrid Seeds Vietnam Company Limited', 'bflag': None, 'old_new': None, 'csvName': None, 'exchdisstime': '22-Dec-2025 16:13:10', 'difference': '00:00:02', 'fileSize': '208.86 KB', 'attFileSize': '208.86 KB', 'hasXbrl': True}",0.0
ULTRACEMCO,NSE_CORP_ANN,Action(s) initiated or orders passed,UltraTech Cement Limited has informed the Exchange about Action(s) initiated or orders passed,,,"{'symbol': 'ULTRACEMCO', 'desc': 'Action(s) initiated or orders passed', 'dt': '20122025130707', 'attchmntFile': 'https://nsearchives.nseindia.com/corporate/ULTRACEMCO1_20122025130624_GSTOrder19122025.pdf', 'sm_name': 'UltraTech Cement Limited', 'sm_isin': 'INE481G01011', 'an_dt': '20-Dec-2025 13:07:07', 'sort_date': '2025-12-20 13:07:07', 'seq_id': '106473063', 'smIndustry': 'Cement And Cement Products', 'orgid': None, 'attchmntText': 'UltraTech Cement Limited has informed the Exchange about Action(s) initiated or orders passed', 'bflag': None, 'old_new': None, 'csvName': None, 'exchdisstime': '20-Dec-2025 13:07:07', 'difference': '00:00:00', 'fileSize': '242.60 KB', 'attFileSize': '242.60 KB', 'hasXbrl': True}",0.0
ULTRACEMCO,NSE_CORP_ANN,Action(s) taken or orders passed,"UltraTech Cement Limited has informed the Exchange about order received from Commissioner, Central Goods and Services Tax, Bolpur, West Bengal",,,"{'symbol': 'ULTRACEMCO', 'desc': 'Action(s) taken or orders passed', 'dt': '19122025160423', 'attchmntFile': 'https://nsearchives.nseindia.com/corporate/ULTRACEMCO1_19122025160358_GSTOrders.pdf', 'sm_name': 'UltraTech Cement Limited', 'sm_isin': 'INE481G01011', 'an_dt': '19-Dec-2025 16:04:23', 'sort_date': '2025-12-19 16:04:23', 'seq_id': '106472408', 'smIndustry': 'Cement And Cement Products', 'orgid': None, 'attchmntText': 'UltraTech Cement Limited has informed the Exchange about order received from Commissioner, Central Goods and Services Tax, Bolpur, West Bengal', 'bflag': None, 'old_new': None, 'csvName': None, 'exchdisstime': '19-Dec-2025 16:04:24', 'difference': '00:00:01', 'fileSize': '246.08 KB', 'attFileSize': '246.08 KB', 'hasXbrl': True}",0.0
UNIONBANK,NSE_CORP_ANN,General Updates,"Union Bank of India has informed the Exchange about Disclosure under Regulation 30 of the SEBI (Listing Obligations and Disclosure Requirements) Regulations, 2015",,,"{'symbol': 'UNIONBANK', 'desc': 'General Updates', 'dt': '19122025210912', 'attchmntFile': 'https://nsearchives.nseindia.com/corporate/UNIONBANK_19122025210450_19122025_Disclosure_under_Regulation_30.pdf', 'sm_name': 'Union Bank of India', 'sm_isin': 'INE692A01016', 'an_dt': '19-Dec-2025 21:09:12', 'sort_date': '2025-12-19 21:09:12', 'seq_id': '106472748', 'smIndustry': 'Banks', 'orgid': None, 'attchmntText': 'Union Bank of India has informed the Exchange about Disclosure under Regulation 30 of the SEBI (Listing Obligations and Disclosure Requirements) Regulations, 2015', 'bflag': None, 'old_new': None, 'csvName': None, 'exchdisstime': '19-Dec-2025 21:09:13', 'difference': '00:00:01', 'fileSize': '409.30 KB', 'attFileSize': '409.30 KB', 'hasXbrl': True}",0.0
UNITDSPR,NSE_CORP_ANN,Shareholders meeting,United Spirits Limited has submitted the Exchange a copy Srutinizers report of  Postal Ballot,,,"{'symbol': 'UNITDSPR', 'desc': 'Shareholders meeting', 'dt': '22122025160046', 'attchmntFile': 'https://nsearchives.nseindia.com/corporate/MCDOWELL_22122025160009_SE_PB_results_intimation.pdf', 'sm_name': 'United Spirits Limited', 'sm_isin': 'INE854D01024', 'an_dt': '22-Dec-2025 16:00:46', 'sort_date': '2025-12-22 16:00:46', 'seq_id': '106473904', 'smIndustry': None, 'orgid': None, 'attchmntText': 'United Spirits Limited has submitted the Exchange a copy Srutinizers report of  Postal Ballot', 'bflag': None, 'old_new': None, 'csvName': None, 'exchdisstime': '22-Dec-2025 16:00:51', 'difference': '00:00:05', 'fileSize': '2.15 MB', 'attFileSize': '2.15 MB', 'hasXbrl': True}",0.0
VBL,NSE_CORP_ANN,General Updates,Board Presentation on the proposed acquisition of 100% Share Capital of Twizza Proprietary Limited ( Twizza ) through our subsidiary company in South Africa i.e. The Beverages Company Proprietary Limited.,,,"{'symbol': 'VBL', 'desc': 'General Updates', 'dt': '21122025132550', 'attchmntFile': 'https://nsearchives.nseindia.com/corporate/VBL_21122025132530_Presentation.pdf', 'sm_name': 'Varun Beverages Limited', 'sm_isin': 'INE200M01013', 'an_dt': '21-Dec-2025 13:25:50', 'sort_date': '2025-12-21 13:25:50', 'seq_id': '106473266', 'smIndustry': None, 'orgid': None, 'attchmntText': 'Board Presentation on the proposed acquisition of 100% Share Capital of Twizza Proprietary Limited ( Twizza ) through our subsidiary company in South Africa i.e. The Beverages Company Proprietary Limited.', 'bflag': None, 'old_new': None, 'csvName': None, 'exchdisstime': '21-Dec-2025 13:25:51', 'difference': '00:00:01', 'fileSize': '632.63 KB', 'attFileSize': '632.63 KB', 'hasXbrl': True}",0.0
VBL,NSE_CORP_ANN,Outcome of Board Meeting,The Board of Directors at their meeting held today inter-alia considered and approved to acquire 100% Share Capital of Twizza Proprietary Limited as per details in the enclosed intimation.,,,"{'symbol': 'VBL', 'desc': 'Outcome of Board Meeting', 'dt': '21122025131916', 'attchmntFile': 'https://nsearchives.nseindia.com/corporate/VBL_21122025131850_Outcome_v2.pdf', 'sm_name': 'Varun Beverages Limited', 'sm_isin': 'INE200M01013', 'an_dt': '21-Dec-2025 13:19:16', 'sort_date': '2025-12-21 13:19:16', 'seq_id': '106473265', 'smIndustry': None, 'orgid': None, 'attchmntText': 'The Board of Directors at their meeting held today inter-alia considered and approved to acquire 100% Share Capital of Twizza Proprietary Limited as per details in the enclosed intimation.', 'bflag': None, 'old_new': None, 'csvName': None, 'exchdisstime': '21-Dec-2025 13:19:16', 'difference': '00:00:00', 'fileSize': '215.14 KB', 'attFileSize': '215.14 KB', 'hasXbrl': True}",0.0
VEDL,NSE_CORP_ANN,Action(s) taken or orders passed,Vedanta Limited has informed the Exchange about Action(s) taken or orders passed,,,"{'symbol': 'VEDL', 'desc': 'Action(s) taken or orders passed', 'dt': '17122025204846', 'attchmntFile': 'https://nsearchives.nseindia.com/corporate/VEDL_17122025204748_VEDLSEIntimationHZLPenalty-coversigned.pdf', 'sm_name': 'Vedanta Limited', 'sm_isin': 'INE205A01025', 'an_dt': '17-Dec-2025 20:48:46', 'sort_date': '2025-12-17 20:48:46', 'seq_id': '106470706', 'smIndustry': None, 'orgid': None, 'attchmntText': 'Vedanta Limited has informed the Exchange about Action(s) taken or orders passed', 'bflag': None, 'old_new': None, 'csvName': None, 'exchdisstime': '17-Dec-2025 20:48:46', 'difference': '00:00:00', 'fileSize': '960.75 KB', 'attFileSize': '960.75 KB', 'hasXbrl': True}",0.0
VEDL,NSE_CORP_ANN,Updates,Vedanta Limited has informed the Exchange regarding 'Update on Scheme of Arrangement for Demerger of Vedanta Limited'.,,,"{'symbol': 'VEDL', 'desc': 'Updates', 'dt': '16122025225807', 'attchmntFile': 'https://nsearchives.nseindia.com/corporate/VEDL_16122025225750_VEDLSEIntimationNCLTOrder16Dec_2025signed.pdf', 'sm_name': 'Vedanta Limited', 'sm_isin': 'INE205A01025', 'an_dt': '16-Dec-2025 22:58:07', 'sort_date': '2025-12-16 22:58:07', 'seq_id': '106469803', 'smIndustry': None, 'orgid': None, 'attchmntText': ""Vedanta Limited has informed the Exchange regarding 'Update on Scheme of Arrangement for Demerger of Vedanta Limited'."", 'bflag': None, 'old_new': None, 'csvName': None, 'exchdisstime': '16-Dec-2025 22:58:09', 'difference': '00:00:02', 'fileSize': '2.95 MB', 'attFileSize': '2.95 MB', 'hasXbrl': True}",0.0
VEDL,NSE_CORP_ANN,Credit Rating- Others,Vedanta Limited has informed the Exchange about Reaffirmation of Credit Ratings by India Ratings,,,"{'symbol': 'VEDL', 'desc': 'Credit Rating- Others', 'dt': '16122025182348', 'attchmntFile': 'https://nsearchives.nseindia.com/corporate/VEDL_16122025182341_VEDLSEIndiaRatings15122025signed.pdf', 'sm_name': 'Vedanta Limited', 'sm_isin': 'INE205A01025', 'an_dt': '16-Dec-2025 18:23:48', 'sort_date': '2025-12-16 18:23:48', 'seq_id': '106469571', 'smIndustry': None, 'orgid': None, 'attchmntText': 'Vedanta Limited has informed the Exchange about Reaffirmation of Credit Ratings by India Ratings', 'bflag': None, 'old_new': None, 'csvName': None, 'exchdisstime': '16-Dec-2025 18:23:48', 'difference': '00:00:00', 'fileSize': '243.29 KB', 'attFileSize': '243.29 KB', 'hasXbrl': True}",0.0
VEDL,NSE_CORP_ANN,News Verification,The Exchange has sought clarification from Vedanta Limited with respect to recent news item captioned Vedanta demerger decks cleared after Mumbai NCLT approves plan; Stock surges.  The response from the Company is attached.,,,"{'symbol': 'VEDL', 'desc': 'News Verification', 'dt': '16122025163430', 'attchmntFile': 'https://nsearchives.nseindia.com/corporate/VEDL_16122025163405_VEDLSEIntimationClarification16122025.pdf', 'sm_name': 'Vedanta Limited', 'sm_isin': 'INE205A01025', 'an_dt': '16-Dec-2025 16:34:30', 'sort_date': '2025-12-16 16:34:30', 'seq_id': '106469445', 'smIndustry': None, 'orgid': None, 'attchmntText': 'The Exchange has sought clarification from Vedanta Limited with respect to recent news item captioned Vedanta demerger decks cleared after Mumbai NCLT approves plan; Stock surges.  The response from the Company is attached.', 'bflag': None, 'old_new': None, 'csvName': None, 'exchdisstime': '16-Dec-2025 16:34:31', 'difference': '00:00:01', 'fileSize': '277.24 KB', 'attFileSize': '277.24 KB', 'hasXbrl': True}",0.0
IDEA,NSE_CORP_ANN,Action(s) taken or orders passed,"Vodafone Idea Limited has informed the Exchange about disclosure under Regulation 30 of SEBI (Listing Obligations and Disclosure Requirements) Regulations, 2015 regarding order passed under the Central Goods and Services Tax Act, 2017",,,"{'symbol': 'IDEA', 'desc': 'Action(s) taken or orders passed', 'dt': '22122025132635', 'attchmntFile': 'https://nsearchives.nseindia.com/corporate/IDEA_22122025132533_SEIntimationGSTPenalty22122025s.pdf', 'sm_name': 'Vodafone Idea Limited', 'sm_isin': 'INE669E01016', 'an_dt': '22-Dec-2025 13:26:35', 'sort_date': '2025-12-22 13:26:35', 'seq_id': '106473756', 'smIndustry': 'Telecommunication - Services', 'orgid': None, 'attchmntText': 'Vodafone Idea Limited has informed the Exchange about disclosure under Regulation 30 of SEBI (Listing Obligations and Disclosure Requirements) Regulations, 2015 regarding order passed under the Central Goods and Services Tax Act, 2017', 'bflag': None, 'old_new': None, 'csvName': None, 'exchdisstime': '22-Dec-2025 13:26:36', 'difference': '00:00:01', 'fileSize': '292.06 KB', 'attFileSize': '292.06 KB', 'hasXbrl': True}",0.0
IDEA,NSE_CORP_ANN,Press Release,"Vodafone Idea Limited has informed the Exchange regarding a press release dated December 18, 2025, titled ""Disclosure under Regulation 30 of SEBI (Listing Obligations and Disclosure Requirements) Regulations, 2015   Release to media - Issuance of Non-Convertible Debentures aggregating to Rs. 3,300 Crore by Vodafone Idea Telecom Infrastructure Limited ( VITIL ), wholly owned subsidiary of the Company"".",,,"{'symbol': 'IDEA', 'desc': 'Press Release', 'dt': '18122025175621', 'attchmntFile': 'https://nsearchives.nseindia.com/corporate/IDEA_18122025175536_SEIntimationPressRelease18122025.pdf', 'sm_name': 'Vodafone Idea Limited', 'sm_isin': 'INE669E01016', 'an_dt': '18-Dec-2025 17:56:21', 'sort_date': '2025-12-18 17:56:21', 'seq_id': '106471551', 'smIndustry': 'Telecommunication - Services', 'orgid': None, 'attchmntText': 'Vodafone Idea Limited has informed the Exchange regarding a press release dated December 18, 2025, titled ""Disclosure under Regulation 30 of SEBI (Listing Obligations and Disclosure Requirements) Regulations, 2015   Release to media - Issuance of Non-Convertible Debentures aggregating to Rs. 3,300 Crore by Vodafone Idea Telecom Infrastructure Limited ( VITIL ), wholly owned subsidiary of the Company"".', 'bflag': None, 'old_new': None, 'csvName': None, 'exchdisstime': '18-Dec-2025 17:56:22', 'difference': '00:00:01', 'fileSize': '450.46 KB', 'attFileSize': '450.46 KB', 'hasXbrl': True}",0.0
VOLTAS,NSE_CORP_ANN,Trading Window,"Voltas Limited has informed the Exchange regarding the Trading Window closure pursuant to SEBI (Prohibition of Insider Trading) Regulations, 2015",,,"{'symbol': 'VOLTAS', 'desc': 'Trading Window', 'dt': '22122025184319', 'attchmntFile': 'https://nsearchives.nseindia.com/corporate/VOLTAS_RB_22122025184259_SE_Intimation_22122025_Signed.pdf', 'sm_name': 'Voltas Limited', 'sm_isin': 'INE226A01021', 'an_dt': '22-Dec-2025 18:43:19', 'sort_date': '2025-12-22 18:43:19', 'seq_id': '106474173', 'smIndustry': 'Engineering', 'orgid': None, 'attchmntText': 'Voltas Limited has informed the Exchange regarding the Trading Window closure pursuant to SEBI (Prohibition of Insider Trading) Regulations, 2015', 'bflag': None, 'old_new': None, 'csvName': None, 'exchdisstime': '22-Dec-2025 18:43:19', 'difference': '00:00:00', 'fileSize': '559.84 KB', 'attFileSize': '559.84 KB', 'hasXbrl': True}",0.0
VOLTAS,NSE_CORP_ANN,Analysts/Institutional Investor Meet/Con. Call Updates,Voltas Limited has informed the Exchange about Schedule of meet,,,"{'symbol': 'VOLTAS', 'desc': 'Analysts/Institutional Investor Meet/Con. Call Updates', 'dt': '18122025171912', 'attchmntFile': 'https://nsearchives.nseindia.com/corporate/VOLTAS_RB_18122025171830_SEIntimation18122025_signed.pdf', 'sm_name': 'Voltas Limited', 'sm_isin': 'INE226A01021', 'an_dt': '18-Dec-2025 17:19:12', 'sort_date': '2025-12-18 17:19:12', 'seq_id': '106471502', 'smIndustry': 'Engineering', 'orgid': None, 'attchmntText': 'Voltas Limited has informed the Exchange about Schedule of meet', 'bflag': None, 'old_new': None, 'csvName': None, 'exchdisstime': '18-Dec-2025 17:19:14', 'difference': '00:00:02', 'fileSize': '556.46 KB', 'attFileSize': '556.46 KB', 'hasXbrl': True}",0.0
VOLTAS,NSE_CORP_ANN,General Updates,Voltas Limited has informed the Exchange about General Updates,,,"{'symbol': 'VOLTAS', 'desc': 'General Updates', 'dt': '18122025122136', 'attchmntFile': 'https://nsearchives.nseindia.com/corporate/VOLTAS_RB_18122025122104_stockexchange1812.pdf', 'sm_name': 'Voltas Limited', 'sm_isin': 'INE226A01021', 'an_dt': '18-Dec-2025 12:21:36', 'sort_date': '2025-12-18 12:21:36', 'seq_id': '106471269', 'smIndustry': 'Engineering', 'orgid': None, 'attchmntText': 'Voltas Limited has informed the Exchange about General Updates', 'bflag': None, 'old_new': None, 'csvName': None, 'exchdisstime': '18-Dec-2025 12:21:37', 'difference': '00:00:01', 'fileSize': '315.48 KB', 'attFileSize': '315.48 KB', 'hasXbrl': True}",0.0
WIPRO,NSE_CORP_ANN,Updates,"Wipro Limited has informed the Exchange regarding Allotment of 21,126 equity shares under ADS Restricted Stock Unit Plan 2004 and 73,687 equity shares under the Restricted Stock Unit Plan 2007 on December 22, 2025, pursuant to exercise of ESOPs.",,,"{'symbol': 'WIPRO', 'desc': 'Updates', 'dt': '22122025215419', 'attchmntFile': 'https://nsearchives.nseindia.com/corporate/Cslogin_22122025215246_SE.pdf', 'sm_name': 'Wipro Limited', 'sm_isin': 'INE075A01022', 'an_dt': '22-Dec-2025 21:54:19', 'sort_date': '2025-12-22 21:54:19', 'seq_id': '106474264', 'smIndustry': 'Computers - Software', 'orgid': None, 'attchmntText': 'Wipro Limited has informed the Exchange regarding Allotment of 21,126 equity shares under ADS Restricted Stock Unit Plan 2004 and 73,687 equity shares under the Restricted Stock Unit Plan 2007 on December 22, 2025, pursuant to exercise of ESOPs.', 'bflag': None, 'old_new': None, 'csvName': None, 'exchdisstime': '22-Dec-2025 21:54:20', 'difference': '00:00:01', 'fileSize': '234.97 KB', 'attFileSize': '234.97 KB', 'hasXbrl': True}",0.0
YESBANK,NSE_CORP_ANN,Analysts/Institutional Investor Meet/Con. Call Updates,"Disclosure under Regulation 30 read with clause 15 of Para A of Part A of Schedule III of the SEBI (Listing Obligations and Disclosure Requirements) Regulations, 2015 - Schedule of Analyst/ Institutional Investors Meet(s) / Call(s) / VC(s)   Advance Intimation - Kotak Flagship Conference: Chasing Growth 2026",,,"{'symbol': 'YESBANK', 'desc': 'Analysts/Institutional Investor Meet/Con. Call Updates', 'dt': '22122025194756', 'attchmntFile': 'https://nsearchives.nseindia.com/corporate/YESBANK_22122025194453_YBL_SE_Intimation_Analyst_Meet_Advance_Intimation_Kotak_Flagship_signed.pdf', 'sm_name': 'Yes Bank Limited', 'sm_isin': 'INE528G01019', 'an_dt': '22-Dec-2025 19:47:56', 'sort_date': '2025-12-22 19:47:56', 'seq_id': '106474221', 'smIndustry': 'Banks', 'orgid': None, 'attchmntText': 'Disclosure under Regulation 30 read with clause 15 of Para A of Part A of Schedule III of the SEBI (Listing Obligations and Disclosure Requirements) Regulations, 2015 - Schedule of Analyst/ Institutional Investors Meet(s) / Call(s) / VC(s)   Advance Intimation - Kotak Flagship Conference: Chasing Growth 2026', 'bflag': None, 'old_new': None, 'csvName': None, 'exchdisstime': '22-Dec-2025 19:47:57', 'difference': '00:00:01', 'fileSize': '207.14 KB', 'attFileSize': '207.14 KB', 'hasXbrl': True}",0.0
YESBANK,NSE_CORP_ANN,Allotment of Securities,Yes Bank Limited has informed the Exchange  regarding Intimation of allotment of equity shares pursuant to exercise of stock options under YBL ESOS 2020 Scheme and YBL RSU Plan 2024,,,"{'symbol': 'YESBANK', 'desc': 'Allotment of Securities', 'dt': '18122025211742', 'attchmntFile': 'https://nsearchives.nseindia.com/corporate/YESBANK_18122025211732_SE_INTIMATION_ESOP_18122025_SIGNED.pdf', 'sm_name': 'Yes Bank Limited', 'sm_isin': 'INE528G01019', 'an_dt': '18-Dec-2025 21:17:42', 'sort_date': '2025-12-18 21:17:42', 'seq_id': '106471711', 'smIndustry': 'Banks', 'orgid': None, 'attchmntText': 'Yes Bank Limited has informed the Exchange  regarding Intimation of allotment of equity shares pursuant to exercise of stock options under YBL ESOS 2020 Scheme and YBL RSU Plan 2024', 'bflag': None, 'old_new': None, 'csvName': None, 'exchdisstime': '18-Dec-2025 21:17:43', 'difference': '00:00:01', 'fileSize': '284.70 KB', 'attFileSize': '284.70 KB', 'hasXbrl': True}",0.0
YESBANK,NSE_CORP_ANN,General Updates,"Disclosure under Regulation 30 of the SEBI (Listing Obligations and Disclosure Requirements) Regulations, 2015 - ESG Rating",,,"{'symbol': 'YESBANK', 'desc': 'General Updates', 'dt': '16122025150024', 'attchmntFile': 'https://nsearchives.nseindia.com/corporate/YESBANK_16122025145956_SEIntimation_ESG_RATING_SUSTAINABILITY_2025_16122025_SIGNED.pdf', 'sm_name': 'Yes Bank Limited', 'sm_isin': 'INE528G01019', 'an_dt': '16-Dec-2025 15:00:24', 'sort_date': '2025-12-16 15:00:24', 'seq_id': '106469335', 'smIndustry': 'Banks', 'orgid': None, 'attchmntText': 'Disclosure under Regulation 30 of the SEBI (Listing Obligations and Disclosure Requirements) Regulations, 2015 - ESG Rating', 'bflag': None, 'old_new': None, 'csvName': None, 'exchdisstime': '16-Dec-2025 15:00:25', 'difference': '00:00:01', 'fileSize': '394.78 KB', 'attFileSize': '394.78 KB', 'hasXbrl': True}",0.0
ZYDUSLIFE,NSE_CORP_ANN,Press Release,"Zydus Lifesciences Limited has informed the Exchange regarding a press release dated December 19, 2025, titled ""Zydus Lifesciences Limited signs an exclusive agreement with Myriad Genetics of US to launch cancer-risk assessment diagnostic tests in India"".",,,"{'symbol': 'ZYDUSLIFE', 'desc': 'Press Release', 'dt': '19122025094914', 'attchmntFile': 'https://nsearchives.nseindia.com/corporate/Cadilahc_19122025094802_PR19122025.pdf', 'sm_name': 'Zydus Lifesciences Limited', 'sm_isin': 'INE010B01027', 'an_dt': '19-Dec-2025 09:49:14', 'sort_date': '2025-12-19 09:49:14', 'seq_id': '106472060', 'smIndustry': None, 'orgid': None, 'attchmntText': 'Zydus Lifesciences Limited has informed the Exchange regarding a press release dated December 19, 2025, titled ""Zydus Lifesciences Limited signs an exclusive agreement with Myriad Genetics of US to launch cancer-risk assessment diagnostic tests in India"".', 'bflag': None, 'old_new': None, 'csvName': None, 'exchdisstime': '19-Dec-2025 09:49:15', 'difference': '00:00:01', 'fileSize': '1.19 MB', 'attFileSize': '1.19 MB', 'hasXbrl': True}",0.0
ZYDUSLIFE,NSE_CORP_ANN,General Updates,Zydus Lifesciences Limited has informed the Exchange about General Updates,,,"{'symbol': 'ZYDUSLIFE', 'desc': 'General Updates', 'dt': '16122025171911', 'attchmntFile': 'https://nsearchives.nseindia.com/corporate/Cadilahc_16122025171648_SEIntimationESGRatingSES16122025.pdf', 'sm_name': 'Zydus Lifesciences Limited', 'sm_isin': 'INE010B01027', 'an_dt': '16-Dec-2025 17:19:11', 'sort_date': '2025-12-16 17:19:11', 'seq_id': '106469492', 'smIndustry': None, 'orgid': None, 'attchmntText': 'Zydus Lifesciences Limited has informed the Exchange about General Updates', 'bflag': None, 'old_new': None, 'csvName': None, 'exchdisstime': '16-Dec-2025 17:19:12', 'difference': '00:00:01', 'fileSize': '693.41 KB', 'attFileSize': '693.41 KB', 'hasXbrl': True}",0.0
ASIANPAINT,NSE_CORP_ANN,Copy of Newspaper Publication,"This is to inform that SEBI vide it Circular No. SEBI/HO/MIRSD-PoD/P/CIR/2025/97 dated 2nd July 2025, has decided to open a special window for a period of 6 months from 7th July 2025 to 6th January 2026 to facilitate re-lodgment of transfer requests of physical shares of the Company. Pursuant to said Circular, please find attached copies of notice given to the investors of the Company.",,,"{'symbol': 'ASIANPAINT', 'desc': 'Copy of Newspaper Publication', 'dt': '23122025202957', 'attchmntFile': 'https://nsearchives.nseindia.com/corporate/ASIANPAINT_23122025202814_SEIntimationSpecialWindowsigned.pdf', 'sm_name': 'Asian Paints Limited', 'sm_isin': 'INE021A01018', 'an_dt': '23-Dec-2025 20:29:57', 'sort_date': '2025-12-23 20:29:57', 'seq_id': '106475594', 'smIndustry': 'Paints', 'orgid': None, 'attchmntText': 'This is to inform that SEBI vide it Circular No. SEBI/HO/MIRSD-PoD/P/CIR/2025/97 dated 2nd July 2025, has decided to open a special window for a period of 6 months from 7th July 2025 to 6th January 2026 to facilitate re-lodgment of transfer requests of physical shares of the Company. Pursuant to said Circular, please find attached copies of notice given to the investors of the Company.', 'bflag': None, 'old_new': None, 'csvName': None, 'exchdisstime': '23-Dec-2025 20:29:58', 'difference': '00:00:01', 'fileSize': '8.45 MB', 'attFileSize': '8.45 MB', 'hasXbrl': True}",0.0
AUROPHARMA,NSE_CORP_ANN,Acquisition,"Aurobindo Pharma Limited has informed the Exchange about acquisition of additional 20% stake in Luoxin Aurovitas Pharma (Chengdu) Co. Ltd, China, a joint venture company",,,"{'symbol': 'AUROPHARMA', 'desc': 'Acquisition', 'dt': '23122025132803', 'attchmntFile': 'https://nsearchives.nseindia.com/corporate/AUROPHARMA_23122025132653_LtrToSEsAcquisitionLuoxin23122025.pdf', 'sm_name': 'Aurobindo Pharma Limited', 'sm_isin': 'INE406A01029', 'an_dt': '23-Dec-2025 13:28:03', 'sort_date': '2025-12-23 13:28:03', 'seq_id': '106474977', 'smIndustry': 'Pharmaceuticals', 'orgid': None, 'attchmntText': 'Aurobindo Pharma Limited has informed the Exchange about acquisition of additional 20% stake in Luoxin Aurovitas Pharma (Chengdu) Co. Ltd, China, a joint venture company', 'bflag': None, 'old_new': None, 'csvName': None, 'exchdisstime': '23-Dec-2025 13:28:04', 'difference': '00:00:01', 'fileSize': '258.76 KB', 'attFileSize': '258.76 KB', 'hasXbrl': True}",0.0
AXISBANK,NSE_CORP_ANN,Trading Window,"Axis Bank Limited has informed the Exchange regarding the Trading Window closure pursuant to SEBI (Prohibition of Insider Trading) Regulations, 2015",,,"{'symbol': 'AXISBANK', 'desc': 'Trading Window', 'dt': '23122025161016', 'attchmntFile': 'https://nsearchives.nseindia.com/corporate/AXISBANK1_23122025160738_SEIntimationTWCQ3Signed.pdf', 'sm_name': 'Axis Bank Limited', 'sm_isin': 'INE238A01026', 'an_dt': '23-Dec-2025 16:10:16', 'sort_date': '2025-12-23 16:10:16', 'seq_id': '106475173', 'smIndustry': 'Banks', 'orgid': None, 'attchmntText': 'Axis Bank Limited has informed the Exchange regarding the Trading Window closure pursuant to SEBI (Prohibition of Insider Trading) Regulations, 2015', 'bflag': None, 'old_new': None, 'csvName': None, 'exchdisstime': '23-Dec-2025 16:10:17', 'difference': '00:00:01', 'fileSize': '157.45 KB', 'attFileSize': '157.45 KB', 'hasXbrl': True}",0.0
CHOLAFIN,NSE_CORP_ANN,Analysts/Institutional Investor Meet/Con. Call Updates,Cholamandalam Investment and Finance Company Limited has informed the Exchange about Link of Recording,,,"{'symbol': 'CHOLAFIN', 'desc': 'Analysts/Institutional Investor Meet/Con. Call Updates', 'dt': '23122025162834', 'attchmntFile': 'https://nsearchives.nseindia.com/corporate/lakshmits_23122025160949_Intimation_AudioRecordingUpload_23Dec2025.pdf', 'sm_name': 'Cholamandalam Investment and Finance Company Limited', 'sm_isin': 'INE121A01016', 'an_dt': '23-Dec-2025 16:28:34', 'sort_date': '2025-12-23 16:28:34', 'seq_id': '106475221', 'smIndustry': 'Finance', 'orgid': None, 'attchmntText': 'Cholamandalam Investment and Finance Company Limited has informed the Exchange about Link of Recording', 'bflag': None, 'old_new': None, 'csvName': None, 'exchdisstime': '23-Dec-2025 16:28:35', 'difference': '00:00:01', 'fileSize': '280.72 KB', 'attFileSize': '280.72 KB', 'hasXbrl': True}",0.0
CHOLAFIN,NSE_CORP_ANN,Rumour Verification - Regulation 30(11),Cholamandalam Investment and Finance Company Limited has informed the Exchange about Rumour Verification - Regulation 30(11),,,"{'symbol': 'CHOLAFIN', 'desc': 'Rumour Verification - Regulation 30(11)', 'dt': '23122025100142', 'attchmntFile': 'https://nsearchives.nseindia.com/corporate/lakshmits_23122025100127_SEletterfordsc.pdf', 'sm_name': 'Cholamandalam Investment and Finance Company Limited', 'sm_isin': 'INE121A01016', 'an_dt': '23-Dec-2025 10:01:42', 'sort_date': '2025-12-23 10:01:42', 'seq_id': '106474646', 'smIndustry': 'Finance', 'orgid': None, 'attchmntText': 'Cholamandalam Investment and Finance Company Limited has informed the Exchange about Rumour Verification - Regulation 30(11)', 'bflag': None, 'old_new': None, 'csvName': None, 'exchdisstime': '23-Dec-2025 10:01:44', 'difference': '00:00:02', 'fileSize': '3.02 MB', 'attFileSize': '3.02 MB', 'hasXbrl': True}",0.0
CHOLAFIN,NSE_CORP_ANN,Updates,"Cholamandalam Investment and Finance Company Limited has informed the Exchange regarding 'Intimation under Regulation 31(A)(8) of SEBI Listing Regulations, 2015'.",,,"{'symbol': 'CHOLAFIN', 'desc': 'Updates', 'dt': '18122025193808', 'attchmntFile': 'https://nsearchives.nseindia.com/corporate/lakshmits_18122025193537_Intimation_Reclassification_AGPL_18Dec2025.pdf', 'sm_name': 'Cholamandalam Investment and Finance Company Limited', 'sm_isin': 'INE121A01016', 'an_dt': '18-Dec-2025 19:38:08', 'sort_date': '2025-12-18 19:38:08', 'seq_id': '106471656', 'smIndustry': 'Finance', 'orgid': None, 'attchmntText': ""Cholamandalam Investment and Finance Company Limited has informed the Exchange regarding 'Intimation under Regulation 31(A)(8) of SEBI Listing Regulations, 2015'."", 'bflag': None, 'old_new': None, 'csvName': None, 'exchdisstime': '18-Dec-2025 19:38:09', 'difference': '00:00:01', 'fileSize': '1.11 MB', 'attFileSize': '1.11 MB', 'hasXbrl': True}",0.0
CHOLAFIN,NSE_CORP_ANN,ESOP/ESOS/ESPS,Cholamandalam Investment and Finance Company Limited has informed the Exchange regarding Allotment of 98980  Shares.,,,"{'symbol': 'CHOLAFIN', 'desc': 'ESOP/ESOS/ESPS', 'dt': '18122025071825', 'attchmntFile': 'https://nsearchives.nseindia.com/corporate/lakshmits_18122025071707_Allotment_of_98980shs_Dec2025.pdf', 'sm_name': 'Cholamandalam Investment and Finance Company Limited', 'sm_isin': 'INE121A01016', 'an_dt': '18-Dec-2025 07:18:25', 'sort_date': '2025-12-18 07:18:25', 'seq_id': '106470960', 'smIndustry': 'Finance', 'orgid': None, 'attchmntText': 'Cholamandalam Investment and Finance Company Limited has informed the Exchange regarding Allotment of 98980  Shares.', 'bflag': None, 'old_new': None, 'csvName': None, 'exchdisstime': '18-Dec-2025 07:18:26', 'difference': '00:00:01', 'fileSize': '258.96 KB', 'attFileSize': '258.96 KB', 'hasXbrl': True}",0.0
COALINDIA,NSE_CORP_ANN,Rumour Verification - Regulation 30(11),"Coal India Limited has informed the Exchange about Rumour Verification - Regulation 30(11)-Intimation under Regulation 30(11) of SEBI (Listing Obligations &Disclosure Requirements) Regulations, 2015",,,"{'symbol': 'COALINDIA', 'desc': 'Rumour Verification - Regulation 30(11)', 'dt': '23122025160542', 'attchmntFile': 'https://nsearchives.nseindia.com/corporate/COALINDIA_23122025160527_signedMPM.pdf', 'sm_name': 'Coal India Limited', 'sm_isin': 'INE522F01014', 'an_dt': '23-Dec-2025 16:05:42', 'sort_date': '2025-12-23 16:05:42', 'seq_id': '106475164', 'smIndustry': 'Mining', 'orgid': None, 'attchmntText': 'Coal India Limited has informed the Exchange about Rumour Verification - Regulation 30(11)-Intimation under Regulation 30(11) of SEBI (Listing Obligations &Disclosure Requirements) Regulations, 2015', 'bflag': None, 'old_new': None, 'csvName': None, 'exchdisstime': '23-Dec-2025 16:05:43', 'difference': '00:00:01', 'fileSize': '649.09 KB', 'attFileSize': '649.09 KB', 'hasXbrl': True}",0.0
DALBHARAT,NSE_CORP_ANN,Updates,Dalmia Bharat Limited has informed the Exchange regarding 'Allotment of equity shares upon exercise of stock options'.,,,"{'symbol': 'DALBHARAT', 'desc': 'Updates', 'dt': '23122025184049', 'attchmntFile': 'https://nsearchives.nseindia.com/corporate/DALBHARAT_23122025183708_DBL_ESOP_Allotment_Intimation_23122025.pdf', 'sm_name': 'Dalmia Bharat Limited', 'sm_isin': 'INE00R701025', 'an_dt': '23-Dec-2025 18:40:49', 'sort_date': '2025-12-23 18:40:49', 'seq_id': '106475499', 'smIndustry': None, 'orgid': None, 'attchmntText': ""Dalmia Bharat Limited has informed the Exchange regarding 'Allotment of equity shares upon exercise of stock options'."", 'bflag': None, 'old_new': None, 'csvName': None, 'exchdisstime': '23-Dec-2025 18:40:50', 'difference': '00:00:01', 'fileSize': '835.28 KB', 'attFileSize': '835.28 KB', 'hasXbrl': True}",0.0
DIXON,NSE_CORP_ANN,Change in Director(s),Dixon Technologies (India) Limited has informed the Exchange regarding Change in Director(s) of the company.,,,"{'symbol': 'DIXON', 'desc': 'Change in Director(s)', 'dt': '23122025173303', 'attchmntFile': 'https://nsearchives.nseindia.com/corporate/DIXON_23122025173234_Regulation30DisclosureAppointment23122025.pdf', 'sm_name': 'Dixon Technologies (India) Limited', 'sm_isin': 'INE935N01012', 'an_dt': '23-Dec-2025 17:33:03', 'sort_date': '2025-12-23 17:33:03', 'seq_id': '106475369', 'smIndustry': None, 'orgid': None, 'attchmntText': 'Dixon Technologies (India) Limited has informed the Exchange regarding Change in Director(s) of the company.', 'bflag': None, 'old_new': None, 'csvName': None, 'exchdisstime': '23-Dec-2025 17:33:04', 'difference': '00:00:01', 'fileSize': '580.45 KB', 'attFileSize': '580.45 KB', 'hasXbrl': True}",0.0
DIXON,NSE_CORP_ANN,Shareholders meeting,Dixon Technologies (India) Limited has informed the Exchange regarding Proceedings of Postal Ballot,,,"{'symbol': 'DIXON', 'desc': 'Shareholders meeting', 'dt': '23122025172439', 'attchmntFile': 'https://nsearchives.nseindia.com/corporate/DIXON_23122025172333_ProceedigsofPostalBallot23122025.pdf', 'sm_name': 'Dixon Technologies (India) Limited', 'sm_isin': 'INE935N01012', 'an_dt': '23-Dec-2025 17:24:39', 'sort_date': '2025-12-23 17:24:39', 'seq_id': '106475360', 'smIndustry': None, 'orgid': None, 'attchmntText': 'Dixon Technologies (India) Limited has informed the Exchange regarding Proceedings of Postal Ballot', 'bflag': None, 'old_new': None, 'csvName': None, 'exchdisstime': '23-Dec-2025 17:24:40', 'difference': '00:00:01', 'fileSize': '385.97 KB', 'attFileSize': '385.97 KB', 'hasXbrl': True}",0.0
DRREDDY,NSE_CORP_ANN,Trading Window,"Dr. Reddy's Laboratories Limited has informed the Exchange regarding the Trading Window closure pursuant to SEBI (Prohibition of Insider Trading) Regulations, 2015",,,"{'symbol': 'DRREDDY', 'desc': 'Trading Window', 'dt': '23122025162959', 'attchmntFile': 'https://nsearchives.nseindia.com/corporate/DRREDDY_23122025162950_DRLSEintimation_Tradingwindowclosure_23122025.pdf', 'sm_name': ""Dr. Reddy's Laboratories Limited"", 'sm_isin': 'INE089A01023', 'an_dt': '23-Dec-2025 16:29:59', 'sort_date': '2025-12-23 16:29:59', 'seq_id': '106475225', 'smIndustry': 'Pharmaceuticals', 'orgid': None, 'attchmntText': ""Dr. Reddy's Laboratories Limited has informed the Exchange regarding the Trading Window closure pursuant to SEBI (Prohibition of Insider Trading) Regulations, 2015"", 'bflag': None, 'old_new': None, 'csvName': None, 'exchdisstime': '23-Dec-2025 16:29:59', 'difference': '00:00:00', 'fileSize': '392.34 KB', 'attFileSize': '392.34 KB', 'hasXbrl': True}",0.0
EICHERMOT,NSE_CORP_ANN,Trading Window,"Eicher Motors Limited has informed the Exchange regarding the Trading Window closure pursuant to SEBI (Prohibition of Insider Trading) Regulations, 2015",,,"{'symbol': 'EICHERMOT', 'desc': 'Trading Window', 'dt': '23122025115950', 'attchmntFile': 'https://nsearchives.nseindia.com/corporate/EICHERMOT_23122025115928_EMLTradingWindowClosureDecember232025Signed.pdf', 'sm_name': 'Eicher Motors Limited', 'sm_isin': 'INE066A01013', 'an_dt': '23-Dec-2025 11:59:50', 'sort_date': '2025-12-23 11:59:50', 'seq_id': '106474867', 'smIndustry': 'Automobiles - 4 Wheelers', 'orgid': None, 'attchmntText': 'Eicher Motors Limited has informed the Exchange regarding the Trading Window closure pursuant to SEBI (Prohibition of Insider Trading) Regulations, 2015', 'bflag': None, 'old_new': None, 'csvName': None, 'exchdisstime': '23-Dec-2025 11:59:50', 'difference': '00:00:00', 'fileSize': '667.46 KB', 'attFileSize': '667.46 KB', 'hasXbrl': True}",0.0
FORTIS,NSE_CORP_ANN,Shareholders meeting,Fortis Healthcare Limited has informed the Exchange regarding Notice of Postal Ballot,,,"{'symbol': 'FORTIS', 'desc': 'Shareholders meeting', 'dt': '23122025201403', 'attchmntFile': 'https://nsearchives.nseindia.com/corporate/FORTIS_23122025201340_intimationPB.pdf', 'sm_name': 'Fortis Healthcare Limited', 'sm_isin': 'INE061F01013', 'an_dt': '23-Dec-2025 20:14:03', 'sort_date': '2025-12-23 20:14:03', 'seq_id': '106475588', 'smIndustry': 'Miscellaneous', 'orgid': None, 'attchmntText': 'Fortis Healthcare Limited has informed the Exchange regarding Notice of Postal Ballot', 'bflag': None, 'old_new': None, 'csvName': None, 'exchdisstime': '23-Dec-2025 20:14:04', 'difference': '00:00:01', 'fileSize': '1.32 MB', 'attFileSize': '1.32 MB', 'hasXbrl': True}",0.0
GAIL,NSE_CORP_ANN,Press Release,"GAIL (India) Limited has informed the Exchange regarding a press release dated December 23, 2025, titled ""GAIL signs MoU with Government of Chhattisgarh to develop a gas-based fertilizer project in Chhattisgarh"".",,,"{'symbol': 'GAIL', 'desc': 'Press Release', 'dt': '23122025153626', 'attchmntFile': 'https://nsearchives.nseindia.com/corporate/Himanshugail_23122025153609_Pressrelease23122025.pdf', 'sm_name': 'GAIL (India) Limited', 'sm_isin': 'INE129A01019', 'an_dt': '23-Dec-2025 15:36:26', 'sort_date': '2025-12-23 15:36:26', 'seq_id': '106475114', 'smIndustry': 'Gas', 'orgid': None, 'attchmntText': 'GAIL (India) Limited has informed the Exchange regarding a press release dated December 23, 2025, titled ""GAIL signs MoU with Government of Chhattisgarh to develop a gas-based fertilizer project in Chhattisgarh"".', 'bflag': None, 'old_new': None, 'csvName': None, 'exchdisstime': '23-Dec-2025 15:36:27', 'difference': '00:00:01', 'fileSize': '258.29 KB', 'attFileSize': '258.29 KB', 'hasXbrl': True}",0.0
HUDCO,NSE_CORP_ANN,Trading Window,"Housing & Urban Development Corporation Limited has informed the Exchange regarding the Trading Window closure pursuant to SEBI (Prohibition of Insider Trading) Regulations, 2015",,,"{'symbol': 'HUDCO', 'desc': 'Trading Window', 'dt': '23122025162641', 'attchmntFile': 'https://nsearchives.nseindia.com/corporate/HUDCO_23122025162529_SE_CTW.pdf', 'sm_name': 'Housing & Urban Development Corporation Limited', 'sm_isin': 'INE031A07873', 'an_dt': '23-Dec-2025 16:26:41', 'sort_date': '2025-12-23 16:26:41', 'seq_id': '106475217', 'smIndustry': None, 'orgid': None, 'attchmntText': 'Housing & Urban Development Corporation Limited has informed the Exchange regarding the Trading Window closure pursuant to SEBI (Prohibition of Insider Trading) Regulations, 2015', 'bflag': None, 'old_new': None, 'csvName': None, 'exchdisstime': '23-Dec-2025 16:26:42', 'difference': '00:00:01', 'fileSize': '287.94 KB', 'attFileSize': '287.94 KB', 'hasXbrl': True}",0.0
HUDCO,NSE_CORP_ANN,Updates,Housing & Urban Development Corporation Limited has informed the Exchange regarding 'Report on Re-lodgement of transfer request for physical shares'.,,,"{'symbol': 'HUDCO', 'desc': 'Updates', 'dt': '23122025161950', 'attchmntFile': 'https://nsearchives.nseindia.com/corporate/HUDCO_23122025161815_SE_Disclosure_Report_RTA.pdf', 'sm_name': 'Housing & Urban Development Corporation Limited', 'sm_isin': 'INE031A07873', 'an_dt': '23-Dec-2025 16:19:50', 'sort_date': '2025-12-23 16:19:50', 'seq_id': '106475194', 'smIndustry': None, 'orgid': None, 'attchmntText': ""Housing & Urban Development Corporation Limited has informed the Exchange regarding 'Report on Re-lodgement of transfer request for physical shares'."", 'bflag': None, 'old_new': None, 'csvName': None, 'exchdisstime': '23-Dec-2025 16:19:50', 'difference': '00:00:00', 'fileSize': '725.50 KB', 'attFileSize': '725.50 KB', 'hasXbrl': True}",0.0
ICICIBANK,NSE_CORP_ANN,Updates,ICICI Bank Limited has informed the Exchange regarding 'Filing of Semi- Annual Report with Director of Kanto Local Finance Bureau'.,,,"{'symbol': 'ICICIBANK', 'desc': 'Updates', 'dt': '23122025213314', 'attchmntFile': 'https://nsearchives.nseindia.com/corporate/ICICI2022_23122025213256_NSEBSE_23122025.pdf', 'sm_name': 'ICICI Bank Limited', 'sm_isin': 'INE090A01013', 'an_dt': '23-Dec-2025 21:33:14', 'sort_date': '2025-12-23 21:33:14', 'seq_id': '106475619', 'smIndustry': 'Banks', 'orgid': None, 'attchmntText': ""ICICI Bank Limited has informed the Exchange regarding 'Filing of Semi- Annual Report with Director of Kanto Local Finance Bureau'."", 'bflag': None, 'old_new': None, 'csvName': None, 'exchdisstime': '23-Dec-2025 21:33:15', 'difference': '00:00:01', 'fileSize': '1.91 MB', 'attFileSize': '1.91 MB', 'hasXbrl': True}",0.0
ICICIGI,NSE_CORP_ANN,Trading Window,"ICICI Lombard General Insurance Company Limited has informed the Exchange regarding the Trading Window closure pursuant to SEBI (Prohibition of Insider Trading) Regulations, 2015",,,"{'symbol': 'ICICIGI', 'desc': 'Trading Window', 'dt': '23122025170037', 'attchmntFile': 'https://nsearchives.nseindia.com/corporate/ICICIGI_23122025170016_BM_intimation_Dec_2025.pdf', 'sm_name': 'ICICI Lombard General Insurance Company Limited', 'sm_isin': 'INE765G01017', 'an_dt': '23-Dec-2025 17:00:37', 'sort_date': '2025-12-23 17:00:37', 'seq_id': '106475302', 'smIndustry': None, 'orgid': None, 'attchmntText': 'ICICI Lombard General Insurance Company Limited has informed the Exchange regarding the Trading Window closure pursuant to SEBI (Prohibition of Insider Trading) Regulations, 2015', 'bflag': None, 'old_new': None, 'csvName': None, 'exchdisstime': '23-Dec-2025 17:00:39', 'difference': '00:00:02', 'fileSize': '2.93 MB', 'attFileSize': '2.93 MB', 'hasXbrl': True}",0.0
INDIANB,NSE_CORP_ANN,Trading Window,"Indian Bank has informed the Exchange regarding the Trading Window closure pursuant to SEBI (Prohibition of Insider Trading) Regulations, 2015",,,"{'symbol': 'INDIANB', 'desc': 'Trading Window', 'dt': '23122025190726', 'attchmntFile': 'https://nsearchives.nseindia.com/corporate/INDIANB_23122025190551_SE_Trading_Window_Closure.pdf', 'sm_name': 'Indian Bank', 'sm_isin': 'INE562A01011', 'an_dt': '23-Dec-2025 19:07:26', 'sort_date': '2025-12-23 19:07:26', 'seq_id': '106475534', 'smIndustry': 'Banks', 'orgid': None, 'attchmntText': 'Indian Bank has informed the Exchange regarding the Trading Window closure pursuant to SEBI (Prohibition of Insider Trading) Regulations, 2015', 'bflag': None, 'old_new': None, 'csvName': None, 'exchdisstime': '23-Dec-2025 19:07:28', 'difference': '00:00:02', 'fileSize': '230.81 KB', 'attFileSize': '230.81 KB', 'hasXbrl': True}",0.0
NAUKRI,NSE_CORP_ANN,Acquisition,"Info Edge (India) Limited has informed the Exchange about disclosure under Regulation 30 of the Securities and Exchange Board of India (Listing Obligations and Disclosure Requirements) Regulations, 2015",,,"{'symbol': 'NAUKRI', 'desc': 'Acquisition', 'dt': '23122025162110', 'attchmntFile': 'https://nsearchives.nseindia.com/corporate/NAUKRI2_23122025161812_SEIntimationRedstarttoUnbox_2.pdf', 'sm_name': 'Info Edge (India) Limited', 'sm_isin': 'INE663F01024', 'an_dt': '23-Dec-2025 16:21:10', 'sort_date': '2025-12-23 16:21:10', 'seq_id': '106475197', 'smIndustry': 'Computers - Software', 'orgid': None, 'attchmntText': 'Info Edge (India) Limited has informed the Exchange about disclosure under Regulation 30 of the Securities and Exchange Board of India (Listing Obligations and Disclosure Requirements) Regulations, 2015', 'bflag': None, 'old_new': None, 'csvName': None, 'exchdisstime': '23-Dec-2025 16:21:11', 'difference': '00:00:01', 'fileSize': '416.05 KB', 'attFileSize': '416.05 KB', 'hasXbrl': True}",0.0
JIOFIN,NSE_CORP_ANN,Acquisition,"Investment in Jio Leasing Services Limited, wholly owned subsidiary of the Company",,,"{'symbol': 'JIOFIN', 'desc': 'Acquisition', 'dt': '23122025175622', 'attchmntFile': 'https://nsearchives.nseindia.com/corporate/JIOFINANCIAL_23122025175519_JLSL_disclosure.pdf', 'sm_name': 'Jio Financial Services Limited', 'sm_isin': 'INE758E01017', 'an_dt': '23-Dec-2025 17:56:22', 'sort_date': '2025-12-23 17:56:22', 'seq_id': '106475416', 'smIndustry': None, 'orgid': None, 'attchmntText': 'Investment in Jio Leasing Services Limited, wholly owned subsidiary of the Company', 'bflag': None, 'old_new': None, 'csvName': None, 'exchdisstime': '23-Dec-2025 17:56:23', 'difference': '00:00:01', 'fileSize': '352.54 KB', 'attFileSize': '352.54 KB', 'hasXbrl': True}",0.0
KEI,NSE_CORP_ANN,Updates,KEI Industries Limited has informed the Exchange regarding 'Report on Transfer Requests of Physical Shares re-lodged under the special window'.,,,"{'symbol': 'KEI', 'desc': 'Updates', 'dt': '23122025154921', 'attchmntFile': 'https://nsearchives.nseindia.com/corporate/KEI_23122025154906_Special_Window.pdf', 'sm_name': 'KEI Industries Limited', 'sm_isin': 'INE878B01027', 'an_dt': '23-Dec-2025 15:49:21', 'sort_date': '2025-12-23 15:49:21', 'seq_id': '106475137', 'smIndustry': 'Miscellaneous', 'orgid': None, 'attchmntText': ""KEI Industries Limited has informed the Exchange regarding 'Report on Transfer Requests of Physical Shares re-lodged under the special window'."", 'bflag': None, 'old_new': None, 'csvName': None, 'exchdisstime': '23-Dec-2025 15:49:22', 'difference': '00:00:01', 'fileSize': '635.76 KB', 'attFileSize': '635.76 KB', 'hasXbrl': True}",0.0
KPITTECH,NSE_CORP_ANN,Trading Window,"KPIT Technologies Limited has informed the Exchange regarding the Trading Window closure pursuant to SEBI (Prohibition of Insider Trading) Regulations, 2015",,,"{'symbol': 'KPITTECH', 'desc': 'Trading Window', 'dt': '23122025162244', 'attchmntFile': 'https://nsearchives.nseindia.com/corporate/KPITTECH_23122025162008_TWCDEC31_Signed.pdf', 'sm_name': 'KPIT Technologies Limited', 'sm_isin': 'INE04I401011', 'an_dt': '23-Dec-2025 16:22:44', 'sort_date': '2025-12-23 16:22:44', 'seq_id': '106475199', 'smIndustry': None, 'orgid': None, 'attchmntText': 'KPIT Technologies Limited has informed the Exchange regarding the Trading Window closure pursuant to SEBI (Prohibition of Insider Trading) Regulations, 2015', 'bflag': None, 'old_new': None, 'csvName': None, 'exchdisstime': '23-Dec-2025 16:22:44', 'difference': '00:00:00', 'fileSize': '414.48 KB', 'attFileSize': '414.48 KB', 'hasXbrl': True}",0.0
KAYNES,NSE_CORP_ANN,Trading Window,"Kaynes Technology India Limited has informed the Exchange regarding the Trading Window closure pursuant to SEBI (Prohibition of Insider Trading) Regulations, 2015",,,"{'symbol': 'KAYNES', 'desc': 'Trading Window', 'dt': '23122025155138', 'attchmntFile': 'https://nsearchives.nseindia.com/corporate/KAYNESTECH_23122025155117_TradingwindowQ3Signed.pdf', 'sm_name': 'Kaynes Technology India Limited', 'sm_isin': 'INE918Z01012', 'an_dt': '23-Dec-2025 15:51:38', 'sort_date': '2025-12-23 15:51:38', 'seq_id': '106475139', 'smIndustry': None, 'orgid': None, 'attchmntText': 'Kaynes Technology India Limited has informed the Exchange regarding the Trading Window closure pursuant to SEBI (Prohibition of Insider Trading) Regulations, 2015', 'bflag': None, 'old_new': None, 'csvName': None, 'exchdisstime': '23-Dec-2025 15:51:39', 'difference': '00:00:01', 'fileSize': '262.52 KB', 'attFileSize': '262.52 KB', 'hasXbrl': True}",0.0
LAURUSLABS,NSE_CORP_ANN,General Updates,Laurus Labs Limited has informed the Exchange about Update on Acquisition,,,"{'symbol': 'LAURUSLABS', 'desc': 'General Updates', 'dt': '23122025173726', 'attchmntFile': 'https://nsearchives.nseindia.com/corporate/LAURUSLABS_23122025173626_UpdateonInvIinBio23122025.pdf', 'sm_name': 'Laurus Labs Limited', 'sm_isin': 'INE947Q01010', 'an_dt': '23-Dec-2025 17:37:26', 'sort_date': '2025-12-23 17:37:26', 'seq_id': '106475377', 'smIndustry': None, 'orgid': None, 'attchmntText': 'Laurus Labs Limited has informed the Exchange about Update on Acquisition', 'bflag': None, 'old_new': None, 'csvName': None, 'exchdisstime': '23-Dec-2025 17:37:26', 'difference': '00:00:00', 'fileSize': '414.72 KB', 'attFileSize': '414.72 KB', 'hasXbrl': True}",0.0
M&M,NSE_CORP_ANN,Updates,Mahindra & Mahindra Limited has informed the Exchange regarding 'Transfer of Equity Shares by Mahindra & Mahindra Employees  Stock Option Trust to the Stock Option Grantees'.,,,"{'symbol': 'M&M', 'desc': 'Updates', 'dt': '23122025190638', 'attchmntFile': 'https://nsearchives.nseindia.com/corporate/Shaibya_23122025190631_Employeeslist23122025.pdf', 'sm_name': 'Mahindra & Mahindra Limited', 'sm_isin': 'INE101A01026', 'an_dt': '23-Dec-2025 19:06:38', 'sort_date': '2025-12-23 19:06:38', 'seq_id': '106475532', 'smIndustry': 'Automobiles - 4 Wheelers', 'orgid': None, 'attchmntText': ""Mahindra & Mahindra Limited has informed the Exchange regarding 'Transfer of Equity Shares by Mahindra & Mahindra Employees  Stock Option Trust to the Stock Option Grantees'."", 'bflag': None, 'old_new': None, 'csvName': None, 'exchdisstime': '23-Dec-2025 19:06:38', 'difference': '00:00:00', 'fileSize': '747.63 KB', 'attFileSize': '747.63 KB', 'hasXbrl': True}",0.0
NBCC,NSE_CORP_ANN,Change in Director(s),NBCC (India) Limited has informed the Exchange regarding Change in Director(s) of the company.,,,"{'symbol': 'NBCC', 'desc': 'Change in Director(s)', 'dt': '23122025191137', 'attchmntFile': 'https://nsearchives.nseindia.com/corporate/NBCC_23122025190914_Change_in_Management_Shri_Saleem_Ahmad.pdf', 'sm_name': 'NBCC (India) Limited', 'sm_isin': 'INE095N01015', 'an_dt': '23-Dec-2025 19:11:37', 'sort_date': '2025-12-23 19:11:37', 'seq_id': '106475536', 'smIndustry': 'Construction', 'orgid': None, 'attchmntText': 'NBCC (India) Limited has informed the Exchange regarding Change in Director(s) of the company.', 'bflag': None, 'old_new': None, 'csvName': None, 'exchdisstime': '23-Dec-2025 19:11:37', 'difference': '00:00:00', 'fileSize': '611.71 KB', 'attFileSize': '611.71 KB', 'hasXbrl': True}",0.0
PNBHOUSING,NSE_CORP_ANN,Pendency of Litigation(s)/dispute(s) or the outcome impacting the Company,PNB Housing Finance Limited has informed the Exchange about Pendency of Litigation(s)/dispute(s),,,"{'symbol': 'PNBHOUSING', 'desc': 'Pendency of Litigation(s)/dispute(s) or the outcome impacting the Company', 'dt': '23122025215920', 'attchmntFile': 'https://nsearchives.nseindia.com/corporate/PNBHOUSING_23122025215732_SE_Intimation_R30_CS.pdf', 'sm_name': 'PNB Housing Finance Limited', 'sm_isin': 'INE572E01012', 'an_dt': '23-Dec-2025 21:59:20', 'sort_date': '2025-12-23 21:59:20', 'seq_id': '106475624', 'smIndustry': None, 'orgid': None, 'attchmntText': 'PNB Housing Finance Limited has informed the Exchange about Pendency of Litigation(s)/dispute(s)', 'bflag': None, 'old_new': None, 'csvName': None, 'exchdisstime': '23-Dec-2025 21:59:21', 'difference': '00:00:01', 'fileSize': '533.14 KB', 'attFileSize': '533.14 KB', 'hasXbrl': True}",0.0
PRESTIGE,NSE_CORP_ANN,Press Release,"Prestige Estates Projects Limited has informed the Exchange regarding a press release dated December 22, 2025, titled  Prestige Group Strengthens Chennai Portfolio with 25-Acre Acquisition in Medavakkam "".",,,"{'symbol': 'PRESTIGE', 'desc': 'Press Release', 'dt': '22122025203152', 'attchmntFile': 'https://nsearchives.nseindia.com/corporate/PRESTIGE_22122025203029_PEPLIntimation221225.pdf', 'sm_name': 'Prestige Estates Projects Limited', 'sm_isin': 'INE811K01011', 'an_dt': '22-Dec-2025 20:31:52', 'sort_date': '2025-12-22 20:31:52', 'seq_id': '106474232', 'smIndustry': 'Construction', 'orgid': None, 'attchmntText': 'Prestige Estates Projects Limited has informed the Exchange regarding a press release dated December 22, 2025, titled  Prestige Group Strengthens Chennai Portfolio with 25-Acre Acquisition in Medavakkam "".', 'bflag': None, 'old_new': None, 'csvName': None, 'exchdisstime': '22-Dec-2025 20:31:52', 'difference': '00:00:00', 'fileSize': '224.54 KB', 'attFileSize': '224.54 KB', 'hasXbrl': True}",0.0
RVNL,NSE_CORP_ANN,Appointment,Rail Vikas Nigam Limited has informed the Exchange regarding Appointment of Mr. Saleem Ahmad as Chairman & Managing Director of the company w.e.f. 23.12.2025 (A/N).,,,"{'symbol': 'RVNL', 'desc': 'Appointment', 'dt': '23122025191806', 'attchmntFile': 'https://nsearchives.nseindia.com/corporate/RVNL_23122025191755_ChangeinMgt23122025.pdf', 'sm_name': 'Rail Vikas Nigam Limited', 'sm_isin': 'INE415G01027', 'an_dt': '23-Dec-2025 19:18:06', 'sort_date': '2025-12-23 19:18:06', 'seq_id': '106475546', 'smIndustry': None, 'orgid': None, 'attchmntText': 'Rail Vikas Nigam Limited has informed the Exchange regarding Appointment of Mr. Saleem Ahmad as Chairman & Managing Director of the company w.e.f. 23.12.2025 (A/N).', 'bflag': None, 'old_new': None, 'csvName': None, 'exchdisstime': '23-Dec-2025 19:18:07', 'difference': '00:00:01', 'fileSize': '513.76 KB', 'attFileSize': '513.76 KB', 'hasXbrl': True}",0.0
RVNL,NSE_CORP_ANN,Cessation,Rail Vikas Nigam Limited has informed the Exchange regarding Cessation of Mr. Sukhmal Chand Jain as Chairman & Managing Director of the company w.e.f. 23.12.2025 (A/N).,,,"{'symbol': 'RVNL', 'desc': 'Cessation', 'dt': '23122025191557', 'attchmntFile': 'https://nsearchives.nseindia.com/corporate/RVNL_23122025191548_ChangeinMgt23122025.pdf', 'sm_name': 'Rail Vikas Nigam Limited', 'sm_isin': 'INE415G01027', 'an_dt': '23-Dec-2025 19:15:57', 'sort_date': '2025-12-23 19:15:57', 'seq_id': '106475543', 'smIndustry': None, 'orgid': None, 'attchmntText': 'Rail Vikas Nigam Limited has informed the Exchange regarding Cessation of Mr. Sukhmal Chand Jain as Chairman & Managing Director of the company w.e.f. 23.12.2025 (A/N).', 'bflag': None, 'old_new': None, 'csvName': None, 'exchdisstime': '23-Dec-2025 19:15:58', 'difference': '00:00:01', 'fileSize': '513.76 KB', 'attFileSize': '513.76 KB', 'hasXbrl': True}",0.0
RELIANCE,NSE_CORP_ANN,Credit Rating,Reliance Industries Limited has informed the Exchange about Credit Rating,,,"{'symbol': 'RELIANCE', 'desc': 'Credit Rating', 'dt': '23122025200219', 'attchmntFile': 'https://nsearchives.nseindia.com/corporate/NIYER_23122025200055_SE_IndiaRating.pdf', 'sm_name': 'Reliance Industries Limited', 'sm_isin': 'INE002A01018', 'an_dt': '23-Dec-2025 20:02:19', 'sort_date': '2025-12-23 20:02:19', 'seq_id': '106475585', 'smIndustry': 'Refineries', 'orgid': None, 'attchmntText': 'Reliance Industries Limited has informed the Exchange about Credit Rating', 'bflag': None, 'old_new': None, 'csvName': None, 'exchdisstime': '23-Dec-2025 20:02:20', 'difference': '00:00:01', 'fileSize': '173.67 KB', 'attFileSize': '173.67 KB', 'hasXbrl': True}",0.0
SHRIRAMFIN,NSE_CORP_ANN,"Certificate under SEBI (Depositories and Participants) Regulations, 2018","Shriram Finance Limited has informed the Exchange about Certificate under SEBI (Depositories and Participants) Regulations, 2018",,,"{'symbol': 'SHRIRAMFIN', 'desc': 'Certificate under SEBI (Depositories and Participants) Regulations, 2018', 'dt': '23122025184358', 'attchmntFile': 'https://nsearchives.nseindia.com/corporate/Mathew_23122025184346_BSENSE_23122025.pdf', 'sm_name': 'Shriram Finance Limited', 'sm_isin': 'INE721A01013', 'an_dt': '23-Dec-2025 18:43:58', 'sort_date': '2025-12-23 18:43:58', 'seq_id': '106475502', 'smIndustry': None, 'orgid': None, 'attchmntText': 'Shriram Finance Limited has informed the Exchange about Certificate under SEBI (Depositories and Participants) Regulations, 2018', 'bflag': None, 'old_new': None, 'csvName': None, 'exchdisstime': '23-Dec-2025 18:43:59', 'difference': '00:00:01', 'fileSize': '1.24 MB', 'attFileSize': '1.24 MB', 'hasXbrl': True}",0.0
SHRIRAMFIN,NSE_CORP_ANN,Shareholders meeting,"Shriram Finance Limited has informed the Exchange regarding Notice of Extraordinary General Meeting to be held on January 14, 2026",,,"{'symbol': 'SHRIRAMFIN', 'desc': 'Shareholders meeting', 'dt': '23122025171502', 'attchmntFile': 'https://nsearchives.nseindia.com/corporate/Mathew_23122025171449_NSEBSENoticeofEGM.pdf', 'sm_name': 'Shriram Finance Limited', 'sm_isin': 'INE721A01013', 'an_dt': '23-Dec-2025 17:15:02', 'sort_date': '2025-12-23 17:15:02', 'seq_id': '106475330', 'smIndustry': None, 'orgid': None, 'attchmntText': 'Shriram Finance Limited has informed the Exchange regarding Notice of Extraordinary General Meeting to be held on January 14, 2026', 'bflag': None, 'old_new': None, 'csvName': None, 'exchdisstime': '23-Dec-2025 17:15:03', 'difference': '00:00:01', 'fileSize': '667.89 KB', 'attFileSize': '667.89 KB', 'hasXbrl': True}",0.0
SOLARINDS,NSE_CORP_ANN,Issue of Securities,Solar Industries India Limited has informed the Exchange about issue of Securities,,,"{'symbol': 'SOLARINDS', 'desc': 'Issue of Securities', 'dt': '23122025182950', 'attchmntFile': 'https://nsearchives.nseindia.com/corporate/SOLARINDS_23122025182854_CP_disc_december.pdf', 'sm_name': 'Solar Industries India Limited', 'sm_isin': 'INE343H01011', 'an_dt': '23-Dec-2025 18:29:50', 'sort_date': '2025-12-23 18:29:50', 'seq_id': '106475482', 'smIndustry': 'Chemicals - Speciality', 'orgid': None, 'attchmntText': 'Solar Industries India Limited has informed the Exchange about issue of Securities', 'bflag': None, 'old_new': None, 'csvName': None, 'exchdisstime': '23-Dec-2025 18:29:52', 'difference': '00:00:02', 'fileSize': '3.07 MB', 'attFileSize': '3.07 MB', 'hasXbrl': True}",0.0
SUNPHARMA,NSE_CORP_ANN,Copy of Newspaper Publication,Sun Pharmaceutical Industries Limited has informed the Exchange about Newspaper Advertisement,,,"{'symbol': 'SUNPHARMA', 'desc': 'Copy of Newspaper Publication', 'dt': '23122025131507', 'attchmntFile': 'https://nsearchives.nseindia.com/corporate/SUNSEC_23122025131453_SEIntimationforSpecialWindow.pdf', 'sm_name': 'Sun Pharmaceutical Industries Limited', 'sm_isin': 'INE044A01028', 'an_dt': '23-Dec-2025 13:15:07', 'sort_date': '2025-12-23 13:15:07', 'seq_id': '106474967', 'smIndustry': 'Pharmaceuticals', 'orgid': None, 'attchmntText': 'Sun Pharmaceutical Industries Limited has informed the Exchange about Newspaper Advertisement', 'bflag': None, 'old_new': None, 'csvName': None, 'exchdisstime': '23-Dec-2025 13:15:08', 'difference': '00:00:01', 'fileSize': '2.77 MB', 'attFileSize': '2.77 MB', 'hasXbrl': True}",0.0
SYNGENE,NSE_CORP_ANN,Acquisition,Syngene International Limited has informed the Exchange about Acquisition,,,"{'symbol': 'SYNGENE', 'desc': 'Acquisition', 'dt': '23122025211856', 'attchmntFile': 'https://nsearchives.nseindia.com/corporate/SYNGENE2_23122025211722_IntimationofInvestment.pdf', 'sm_name': 'Syngene International Limited', 'sm_isin': 'INE398R01022', 'an_dt': '23-Dec-2025 21:18:56', 'sort_date': '2025-12-23 21:18:56', 'seq_id': '106475612', 'smIndustry': None, 'orgid': None, 'attchmntText': 'Syngene International Limited has informed the Exchange about Acquisition', 'bflag': None, 'old_new': None, 'csvName': None, 'exchdisstime': '23-Dec-2025 21:18:57', 'difference': '00:00:01', 'fileSize': '253.17 KB', 'attFileSize': '253.17 KB', 'hasXbrl': True}",0.0
TVSMOTOR,NSE_CORP_ANN,Shareholders meeting,TVS Motor Company Limited has informed the Exchange regarding Notice of Postal Ballot,,,"{'symbol': 'TVSMOTOR', 'desc': 'Shareholders meeting', 'dt': '23122025130945', 'attchmntFile': 'https://nsearchives.nseindia.com/corporate/TVSMOTOR_23122025130930_NSEBSEIntimation_sd.pdf', 'sm_name': 'TVS Motor Company Limited', 'sm_isin': 'INE494B01015', 'an_dt': '23-Dec-2025 13:09:45', 'sort_date': '2025-12-23 13:09:45', 'seq_id': '106474963', 'smIndustry': 'Automobiles - 2 And 3 Wheelers', 'orgid': None, 'attchmntText': 'TVS Motor Company Limited has informed the Exchange regarding Notice of Postal Ballot', 'bflag': None, 'old_new': None, 'csvName': None, 'exchdisstime': '23-Dec-2025 13:09:46', 'difference': '00:00:01', 'fileSize': '488.22 KB', 'attFileSize': '488.22 KB', 'hasXbrl': True}",0.0
TCS,NSE_CORP_ANN,Record Date,Tata Consultancy Services Limited has informed the Exchange that Record date for the purpose of Dividend  is 17-Jan-2026.,,,"{'symbol': 'TCS', 'desc': 'Record Date', 'dt': '23122025191851', 'attchmntFile': 'https://nsearchives.nseindia.com/corporate/TCS_CORPCS_23122025191627_PreBMSEIntsigned.pdf', 'sm_name': 'Tata Consultancy Services Limited', 'sm_isin': 'INE467B01029', 'an_dt': '23-Dec-2025 19:18:51', 'sort_date': '2025-12-23 19:18:51', 'seq_id': '106475548', 'smIndustry': 'Computers - Software', 'orgid': None, 'attchmntText': 'Tata Consultancy Services Limited has informed the Exchange that Record date for the purpose of Dividend  is 17-Jan-2026.', 'bflag': None, 'old_new': None, 'csvName': None, 'exchdisstime': '23-Dec-2025 19:18:52', 'difference': '00:00:01', 'fileSize': '291.07 KB', 'attFileSize': '291.07 KB', 'hasXbrl': True}",0.0
TATAELXSI,NSE_CORP_ANN,Trading Window,"Tata Elxsi Limited has informed the Exchange regarding the Trading Window closure pursuant to SEBI (Prohibition of Insider Trading) Regulations, 2015",,,"{'symbol': 'TATAELXSI', 'desc': 'Trading Window', 'dt': '23122025155220', 'attchmntFile': 'https://nsearchives.nseindia.com/corporate/TELNSE_23122025155108_SEIntimationTradingWindowClosure.pdf', 'sm_name': 'Tata Elxsi Limited', 'sm_isin': 'INE670A01012', 'an_dt': '23-Dec-2025 15:52:20', 'sort_date': '2025-12-23 15:52:20', 'seq_id': '106475141', 'smIndustry': 'Computers - Software', 'orgid': None, 'attchmntText': 'Tata Elxsi Limited has informed the Exchange regarding the Trading Window closure pursuant to SEBI (Prohibition of Insider Trading) Regulations, 2015', 'bflag': None, 'old_new': None, 'csvName': None, 'exchdisstime': '23-Dec-2025 15:52:20', 'difference': '00:00:00', 'fileSize': '225.90 KB', 'attFileSize': '225.90 KB', 'hasXbrl': True}",0.0
TATASTEEL,NSE_CORP_ANN,Trading Window,"Tata Steel Limited has informed the Exchange regarding the Trading Window closure pursuant to SEBI (Prohibition of Insider Trading) Regulations, 2015",,,"{'symbol': 'TATASTEEL', 'desc': 'Trading Window', 'dt': '23122025192048', 'attchmntFile': 'https://nsearchives.nseindia.com/corporate/SWATISHETH_23122025191800_BSENSETWC.pdf', 'sm_name': 'Tata Steel Limited', 'sm_isin': 'INE081A01012', 'an_dt': '23-Dec-2025 19:20:48', 'sort_date': '2025-12-23 19:20:48', 'seq_id': '106475551', 'smIndustry': 'Steel And Steel Products', 'orgid': None, 'attchmntText': 'Tata Steel Limited has informed the Exchange regarding the Trading Window closure pursuant to SEBI (Prohibition of Insider Trading) Regulations, 2015', 'bflag': None, 'old_new': None, 'csvName': None, 'exchdisstime': '23-Dec-2025 19:20:49', 'difference': '00:00:01', 'fileSize': '240.96 KB', 'attFileSize': '240.96 KB', 'hasXbrl': True}",0.0
TATATECH,NSE_CORP_ANN,Trading Window,"Tata Technologies Limited has informed the Exchange regarding the Trading Window closure pursuant to SEBI (Prohibition of Insider Trading) Regulations, 2015",,,"{'symbol': 'TATATECH', 'desc': 'Trading Window', 'dt': '23122025162056', 'attchmntFile': 'https://nsearchives.nseindia.com/corporate/TTLNSE_23122025162038_Tradingwindowclosure24122025_S.pdf', 'sm_name': 'Tata Technologies Limited', 'sm_isin': 'INE142M01025', 'an_dt': '23-Dec-2025 16:20:56', 'sort_date': '2025-12-23 16:20:56', 'seq_id': '106475195', 'smIndustry': None, 'orgid': None, 'attchmntText': 'Tata Technologies Limited has informed the Exchange regarding the Trading Window closure pursuant to SEBI (Prohibition of Insider Trading) Regulations, 2015', 'bflag': None, 'old_new': None, 'csvName': None, 'exchdisstime': '23-Dec-2025 16:20:58', 'difference': '00:00:02', 'fileSize': '455.50 KB', 'attFileSize': '455.50 KB', 'hasXbrl': True}",0.0
UNOMINDA,NSE_CORP_ANN,Agreements,UNO Minda Limited has informed the Exchange about execution of restated Joint Venture Agreement,,,"{'symbol': 'UNOMINDA', 'desc': 'Agreements', 'dt': '23122025182130', 'attchmntFile': 'https://nsearchives.nseindia.com/corporate/MINDAIND1_23122025182118_JVAExecution.pdf', 'sm_name': 'UNO Minda Limited', 'sm_isin': 'INE405E01023', 'an_dt': '23-Dec-2025 18:21:30', 'sort_date': '2025-12-23 18:21:30', 'seq_id': '106475455', 'smIndustry': None, 'orgid': None, 'attchmntText': 'UNO Minda Limited has informed the Exchange about execution of restated Joint Venture Agreement', 'bflag': None, 'old_new': None, 'csvName': None, 'exchdisstime': '23-Dec-2025 18:21:31', 'difference': '00:00:01', 'fileSize': '3.80 MB', 'attFileSize': '3.80 MB', 'hasXbrl': True}",0.0
ULTRACEMCO,NSE_CORP_ANN,Copy of Newspaper Publication,UltraTech Cement Limited has informed the Exchange about Copy of Newspaper Publication,,,"{'symbol': 'ULTRACEMCO', 'desc': 'Copy of Newspaper Publication', 'dt': '23122025155536', 'attchmntFile': 'https://nsearchives.nseindia.com/corporate/ULTRACEMCO1_23122025155256_CoveringLetter.pdf', 'sm_name': 'UltraTech Cement Limited', 'sm_isin': 'INE481G01011', 'an_dt': '23-Dec-2025 15:55:36', 'sort_date': '2025-12-23 15:55:36', 'seq_id': '106475148', 'smIndustry': 'Cement And Cement Products', 'orgid': None, 'attchmntText': 'UltraTech Cement Limited has informed the Exchange about Copy of Newspaper Publication', 'bflag': None, 'old_new': None, 'csvName': None, 'exchdisstime': '23-Dec-2025 15:55:36', 'difference': '00:00:00', 'fileSize': '1.60 MB', 'attFileSize': '1.60 MB', 'hasXbrl': True}",0.0
