symbol,source,published_at,headline,summary,clean_text,event_type,is_routine,is_potentially_negative,impact_direction,severity_score,confidence_score,flag_reason,parser_version,human_label,human_comment,raw_id
360ONE,NSE_CORP_ANN,,ESOP/ESOS/ESPS,360 ONE WAM LIMITED has informed the Exchange regarding Grant of 3527736  Employee Stock Options (ESOPs),ESOP/ESOS/ESPS 360 ONE WAM LIMITED has informed the Exchange regarding Grant of 3527736 Employee Stock Options (ESOPs),OTHER,True,False,NEUTRAL,0.0,0.5,,v3.0,,,
360ONE,NSE_CORP_ANN,,Acquisition,"360 ONE WAM LIMITED has informed the Exchange about incorporation of a wholly owned subsidiary of 360 ONE Asset Management Limited,  a wholly owned subsidiary of the Company for carrying out fund management business in Gujarat International Finance Tec-City GIFT City. We wish to inform you that the aforesaid step-down wholly owned subsidiary of the Company is now incorporated in the name of 360 ONE Global Asset Management (IFSC) Limited with a corporate identity number U66300GJ2025PLC171080 on December 23, 2025.","Acquisition 360 ONE WAM LIMITED has informed the Exchange about incorporation of a wholly owned subsidiary of 360 ONE Asset Management Limited, a wholly owned subsidiary of the Company for carrying out fund management business in Gujarat International Finance Tec-City GIFT City. We wish to inform you that the aforesaid step-down wholly owned subsidiary of the Company is now incorporated in the name of 360 ONE Global Asset Management (IFSC) Limited with a corporate identity number U66300GJ2025PLC171080 on December 23, 2025.",OTHER,True,False,NEUTRAL,0.0,0.5,,v3.0,,,
APLAPOLLO,NSE_CORP_ANN,,Updates,"APL Apollo Tubes Limited has informed the Exchange regarding 'Environmental, Social and Governance Report for Financial Year 2024-25'.","Updates APL Apollo Tubes Limited has informed the Exchange regarding 'Environmental, Social and Governance Report for Financial Year 2024-25'.",OTHER,False,False,NEUTRAL,0.0,0.5,,v3.0,,,
APLAPOLLO,NSE_CORP_ANN,,Trading Window,"APL Apollo Tubes Limited has informed the Exchange regarding the Trading Window closure pursuant to SEBI (Prohibition of Insider Trading) Regulations, 2015","Trading Window APL Apollo Tubes Limited has informed the Exchange regarding the Trading Window closure pursuant to SEBI (Prohibition of Insider Trading) Regulations, 2015",OTHER,True,False,NEUTRAL,0.0,0.5,,v3.0,,,
AUBANK,NSE_CORP_ANN,,Trading Window,"AU Small Finance Bank Limited has informed the Exchange regarding the Trading Window closure pursuant to SEBI (Prohibition of Insider Trading) Regulations, 2015","Trading Window AU Small Finance Bank Limited has informed the Exchange regarding the Trading Window closure pursuant to SEBI (Prohibition of Insider Trading) Regulations, 2015",OTHER,True,False,NEUTRAL,0.0,0.5,,v3.0,,,
AUBANK,NSE_CORP_ANN,,Shareholders meeting,"AU Small Finance Bank Limited has submitted the Exchange a copy Srutinizers report of  Postal Ballot. Further, the company has informed the Exchange regarding voting results.","Shareholders meeting AU Small Finance Bank Limited has submitted the Exchange a copy Srutinizers report of Postal Ballot. Further, the company has informed the Exchange regarding voting results.",OTHER,True,False,NEUTRAL,0.0,0.5,,v3.0,,,
ADANIENSOL,NSE_CORP_ANN,,Trading Window,"Adani Energy Solutions Limited has informed the Exchange regarding the Trading Window closure pursuant to SEBI (Prohibition of Insider Trading) Regulations, 2015","Trading Window Adani Energy Solutions Limited has informed the Exchange regarding the Trading Window closure pursuant to SEBI (Prohibition of Insider Trading) Regulations, 2015",OTHER,True,False,NEUTRAL,0.0,0.5,,v3.0,,,
ADANIENSOL,NSE_CORP_ANN,,General Updates,"Adani Energy Solutions Limited has informed the Exchange about Intimation for Incorporation of a step-down subsidiary, ATSOL Global IFSC Limited.","General Updates Adani Energy Solutions Limited has informed the Exchange about Intimation for Incorporation of a step-down subsidiary, ATSOL Global IFSC Limited.",OTHER,True,False,NEUTRAL,0.0,0.5,,v3.0,,,
ADANIENT,NSE_CORP_ANN,,Copy of Newspaper Publication,Adani Enterprises Limited has informed the Exchange about Copy of Newspaper Publication regarding First Call Notice.,Copy of Newspaper Publication Adani Enterprises Limited has informed the Exchange about Copy of Newspaper Publication regarding First Call Notice.,OTHER,True,False,NEUTRAL,0.0,0.5,,v3.0,,,
ADANIENT,NSE_CORP_ANN,,Updates,"Adani Enterprises Limited has informed the Exchange regarding 'Intimation Under The Securities And Exchange Board Of India (Listing Obligations And Disclosure Requirements) Regulations, 2015 As Amended ('SEBI Listing Regulations') In Relation To The Public Issue Of Non-Convertible Debentures'.","Updates Adani Enterprises Limited has informed the Exchange regarding 'Intimation Under The Securities And Exchange Board Of India (Listing Obligations And Disclosure Requirements) Regulations, 2015 As Amended ('SEBI Listing Regulations') In Relation To The Public Issue Of Non-Convertible Debentures'.",OTHER,False,False,NEUTRAL,0.0,0.5,,v3.0,,,
ADANIENT,NSE_CORP_ANN,,Credit Rating,Adani Enterprises Limited has informed the Exchange about Credit Rating,Credit Rating Adani Enterprises Limited has informed the Exchange about Credit Rating,OTHER,False,False,NEUTRAL,0.0,0.5,,v3.0,,,
ADANIGREEN,NSE_CORP_ANN,,General Updates,Adani Green Energy Limited has informed the Exchange about Incorporation of step-down subsidiary company,General Updates Adani Green Energy Limited has informed the Exchange about Incorporation of step-down subsidiary company,OTHER,True,False,NEUTRAL,0.0,0.5,,v3.0,,,
ADANIGREEN,NSE_CORP_ANN,,Trading Window,"Adani Green Energy Limited has informed the Exchange regarding the Trading Window closure pursuant to SEBI (Prohibition of Insider Trading) Regulations, 2015","Trading Window Adani Green Energy Limited has informed the Exchange regarding the Trading Window closure pursuant to SEBI (Prohibition of Insider Trading) Regulations, 2015",OTHER,True,False,NEUTRAL,0.0,0.5,,v3.0,,,
ADANIGREEN,NSE_CORP_ANN,,General Updates,Adani Green Energy Limited has informed the Exchange about Compliance Certificate of RG II entities,General Updates Adani Green Energy Limited has informed the Exchange about Compliance Certificate of RG II entities,OTHER,True,False,NEUTRAL,0.0,0.5,,v3.0,,,
ADANIGREEN,NSE_CORP_ANN,,General Updates,Adani Green Energy Limited has informed the Exchange about Compliance Certificate of RG I entities,General Updates Adani Green Energy Limited has informed the Exchange about Compliance Certificate of RG I entities,OTHER,True,False,NEUTRAL,0.0,0.5,,v3.0,,,
ADANIPORTS,NSE_CORP_ANN,,General Updates,Adani Ports and Special Economic Zone Limited has informed the Exchange about General Updates,General Updates Adani Ports and Special Economic Zone Limited has informed the Exchange about General Updates,OTHER,False,False,NEUTRAL,0.0,0.5,,v3.0,,,
ABCAPITAL,NSE_CORP_ANN,,Allotment of Securities,Aditya Birla Capital Limited has informed the Exchange regarding allotment of Non- Convertible Debentures.,Allotment of Securities Aditya Birla Capital Limited has informed the Exchange regarding allotment of Non- Convertible Debentures.,OTHER,True,False,NEUTRAL,0.0,0.5,,v3.0,,,
ABCAPITAL,NSE_CORP_ANN,,Trading Window,"Aditya Birla Capital Limited has informed the Exchange regarding the Trading Window closure pursuant to SEBI (Prohibition of Insider Trading) Regulations, 2015","Trading Window Aditya Birla Capital Limited has informed the Exchange regarding the Trading Window closure pursuant to SEBI (Prohibition of Insider Trading) Regulations, 2015",OTHER,True,False,NEUTRAL,0.0,0.5,,v3.0,,,
ABCAPITAL,NSE_CORP_ANN,,ESOP/ESOS/ESPS,Aditya Birla Capital Limited has informed the Exchange regarding Allotment of 120054  Shares.,ESOP/ESOS/ESPS Aditya Birla Capital Limited has informed the Exchange regarding Allotment of 120054 Shares.,OTHER,True,False,NEUTRAL,0.0,0.5,,v3.0,,,
ALKEM,NSE_CORP_ANN,,General Updates,Alkem Laboratories Limited has informed the Exchange about Disclosure under Regulation 30 of SEBI LODR Regulations.,General Updates Alkem Laboratories Limited has informed the Exchange about Disclosure under Regulation 30 of SEBI LODR Regulations.,OTHER,False,False,NEUTRAL,0.0,0.5,,v3.0,,,
ALKEM,NSE_CORP_ANN,,Action(s) initiated or orders passed,Alkem Laboratories Limited has informed the Exchange about Action(s) initiated or orders passed,Action(s) initiated or orders passed Alkem Laboratories Limited has informed the Exchange about Action(s) initiated or orders passed,OTHER,False,False,NEUTRAL,0.0,0.5,,v3.0,,,
ALKEM,NSE_CORP_ANN,,Trading Window,"Alkem Laboratories Limited has informed the Exchange regarding the Trading Window closure pursuant to SEBI (Prohibition of Insider Trading) Regulations, 2015","Trading Window Alkem Laboratories Limited has informed the Exchange regarding the Trading Window closure pursuant to SEBI (Prohibition of Insider Trading) Regulations, 2015",OTHER,True,False,NEUTRAL,0.0,0.5,,v3.0,,,
ALKEM,NSE_CORP_ANN,,Analysts/Institutional Investor Meet/Con. Call Updates,Alkem Laboratories Limited has informed the Exchange about Schedule of meet,Analysts/Institutional Investor Meet/Con. Call Updates Alkem Laboratories Limited has informed the Exchange about Schedule of meet,OTHER,True,False,NEUTRAL,0.0,0.5,,v3.0,,,
AMBUJACEM,NSE_CORP_ANN,,Trading Window,"Ambuja Cements Limited has informed the Exchange regarding the Trading Window closure pursuant to SEBI (Prohibition of Insider Trading) Regulations, 2015","Trading Window Ambuja Cements Limited has informed the Exchange regarding the Trading Window closure pursuant to SEBI (Prohibition of Insider Trading) Regulations, 2015",OTHER,True,False,NEUTRAL,0.0,0.5,,v3.0,,,
AMBUJACEM,NSE_CORP_ANN,,General Updates,Ambuja Cements Limited has informed the Exchange about Capital Market Q&A on - Amalgamation of ACC Limited and Orient Cement Limited with Ambuja Cements Limited,General Updates Ambuja Cements Limited has informed the Exchange about Capital Market Q&A on - Amalgamation of ACC Limited and Orient Cement Limited with Ambuja Cements Limited,OTHER,False,False,NEUTRAL,0.0,0.5,,v3.0,,,
AMBUJACEM,NSE_CORP_ANN,,Press Release,Approval of Scheme of Amalgamation of ACC Limited with Ambuja Cements Limited and Orient Cement Limited with Ambuja Cements Limited,Press Release Approval of Scheme of Amalgamation of ACC Limited with Ambuja Cements Limited and Orient Cement Limited with Ambuja Cements Limited,OTHER,False,False,NEUTRAL,0.0,0.5,,v3.0,,,
AMBUJACEM,NSE_CORP_ANN,,Amalgamation/Merger,Approval of Scheme of Amalgamation of ACC Limited with Ambuja Cements Limited and Orient Cement Limited with Ambuja Cements Limited,Amalgamation/Merger Approval of Scheme of Amalgamation of ACC Limited with Ambuja Cements Limited and Orient Cement Limited with Ambuja Cements Limited,OTHER,False,False,NEUTRAL,0.0,0.5,,v3.0,,,
ANGELONE,NSE_CORP_ANN,,Updates,"Angel One Limited has informed the Exchange regarding ' AngelOne Limited has been awarded ISO 22301:2019 Certification for its Business ContinuityManagement System (BCMS) by Intertek Certification Limited on December 22, 2025'.","Updates Angel One Limited has informed the Exchange regarding ' AngelOne Limited has been awarded ISO 22301:2019 Certification for its Business ContinuityManagement System (BCMS) by Intertek Certification Limited on December 22, 2025'.",OTHER,False,False,NEUTRAL,0.0,0.5,,v3.0,,,
APOLLOHOSP,NSE_CORP_ANN,,Trading Window,"Apollo Hospitals Enterprise Limited has informed the Exchange regarding the Trading Window closure pursuant to SEBI (Prohibition of Insider Trading) Regulations, 2015","Trading Window Apollo Hospitals Enterprise Limited has informed the Exchange regarding the Trading Window closure pursuant to SEBI (Prohibition of Insider Trading) Regulations, 2015",OTHER,True,False,NEUTRAL,0.0,0.5,,v3.0,,,
APOLLOHOSP,NSE_CORP_ANN,,General Updates,Apollo Hospitals Enterprise Limited has informed the Exchange about General Updates,General Updates Apollo Hospitals Enterprise Limited has informed the Exchange about General Updates,OTHER,False,False,NEUTRAL,0.0,0.5,,v3.0,,,
APOLLOHOSP,NSE_CORP_ANN,,General Updates,Apollo Hospitals Enterprise Limited has informed the Exchange about General Updates,General Updates Apollo Hospitals Enterprise Limited has informed the Exchange about General Updates,OTHER,False,False,NEUTRAL,0.0,0.5,,v3.0,,,
ASHOKLEY,NSE_CORP_ANN,,Trading Window,"Ashok Leyland Limited has informed the Exchange regarding the Trading Window closure pursuant to SEBI (Prohibition of Insider Trading) Regulations, 2015","Trading Window Ashok Leyland Limited has informed the Exchange regarding the Trading Window closure pursuant to SEBI (Prohibition of Insider Trading) Regulations, 2015",OTHER,True,False,NEUTRAL,0.0,0.5,,v3.0,,,
ASIANPAINT,NSE_CORP_ANN,,Copy of Newspaper Publication,"This is to inform that SEBI vide it Circular No. SEBI/HO/MIRSD-PoD/P/CIR/2025/97 dated 2nd July 2025, has decided to open a special window for a period of 6 months from 7th July 2025 to 6th January 2026 to facilitate re-lodgment of transfer requests of physical shares of the Company. Pursuant to said Circular, please find attached copies of notice given to the investors of the Company.","Copy of Newspaper Publication This is to inform that SEBI vide it Circular No. SEBI/HO/MIRSD-PoD/P/CIR/2025/97 dated 2nd July 2025, has decided to open a special window for a period of 6 months from 7th July 2025 to 6th January 2026 to facilitate re-lodgment of transfer requests of physical shares of the Company. Pursuant to said Circular, please find attached copies of notice given to the investors of the Company.",OTHER,True,False,NEUTRAL,0.0,0.5,,v3.0,,,
ASTRAL,NSE_CORP_ANN,,Trading Window,"Astral Limited has informed the Exchange regarding the Trading Window closure pursuant to SEBI (Prohibition of Insider Trading) Regulations, 2015","Trading Window Astral Limited has informed the Exchange regarding the Trading Window closure pursuant to SEBI (Prohibition of Insider Trading) Regulations, 2015",OTHER,True,False,NEUTRAL,0.0,0.5,,v3.0,,,
AUROPHARMA,NSE_CORP_ANN,,General Updates,Aurobindo Pharma Limited has informed the Exchange about General Updates,General Updates Aurobindo Pharma Limited has informed the Exchange about General Updates,OTHER,False,False,NEUTRAL,0.0,0.5,,v3.0,,,
AUROPHARMA,NSE_CORP_ANN,,Trading Window,"Aurobindo Pharma Limited has informed the Exchange regarding the Trading Window closure pursuant to SEBI (Prohibition of Insider Trading) Regulations, 2015","Trading Window Aurobindo Pharma Limited has informed the Exchange regarding the Trading Window closure pursuant to SEBI (Prohibition of Insider Trading) Regulations, 2015",OTHER,True,False,NEUTRAL,0.0,0.5,,v3.0,,,
AUROPHARMA,NSE_CORP_ANN,,Acquisition,"Aurobindo Pharma Limited has informed the Exchange about acquisition of additional 20% stake in Luoxin Aurovitas Pharma (Chengdu) Co. Ltd, China, a joint venture company","Acquisition Aurobindo Pharma Limited has informed the Exchange about acquisition of additional 20% stake in Luoxin Aurovitas Pharma (Chengdu) Co. Ltd, China, a joint venture company",OTHER,False,False,NEUTRAL,0.0,0.5,,v3.0,,,
DMART,NSE_CORP_ANN,,Updates,Avenue Supermarts Limited has informed the Exchange regarding allotment of Commercial Paper of Rs. 200 crores,Updates Avenue Supermarts Limited has informed the Exchange regarding allotment of Commercial Paper of Rs. 200 crores,OTHER,True,False,NEUTRAL,0.0,0.5,,v3.0,,,
DMART,NSE_CORP_ANN,,General Updates,Avenue Supermarts Limited has informed the Exchange about Redemption of Commercial Paper (CP),General Updates Avenue Supermarts Limited has informed the Exchange about Redemption of Commercial Paper (CP),OTHER,False,False,NEUTRAL,0.0,0.5,,v3.0,,,
AXISBANK,NSE_CORP_ANN,,Updates,Axis Bank Limited has informed the Exchange regarding 'Update to the Global Medium Term Notes Programme of the Bank'.,Updates Axis Bank Limited has informed the Exchange regarding 'Update to the Global Medium Term Notes Programme of the Bank'.,OTHER,False,False,NEUTRAL,0.0,0.5,,v3.0,,,
AXISBANK,NSE_CORP_ANN,,ESOP/ESOS/ESPS,Axis Bank Limited has informed the Exchange regarding Allotment of 502455  Shares.,ESOP/ESOS/ESPS Axis Bank Limited has informed the Exchange regarding Allotment of 502455 Shares.,OTHER,True,False,NEUTRAL,0.0,0.5,,v3.0,,,
AXISBANK,NSE_CORP_ANN,,Trading Window,"Axis Bank Limited has informed the Exchange regarding the Trading Window closure pursuant to SEBI (Prohibition of Insider Trading) Regulations, 2015","Trading Window Axis Bank Limited has informed the Exchange regarding the Trading Window closure pursuant to SEBI (Prohibition of Insider Trading) Regulations, 2015",OTHER,True,False,NEUTRAL,0.0,0.5,,v3.0,,,
BSE,NSE_CORP_ANN,,News Verification,The Exchange has sought clarification from BSE Limited with respect to recent news item captioned BSE shares rise 3.5% as report says stock exchange plans to launch more monthly index option products.  The response from the Company is attached.,News Verification The Exchange has sought clarification from BSE Limited with respect to recent news item captioned BSE shares rise 3.5% as report says stock exchange plans to launch more monthly index option products. The response from the Company is attached.,OTHER,False,False,NEUTRAL,0.0,0.5,,v3.0,,,
BSE,NSE_CORP_ANN,,News Verification,The Exchange has sought clarification from BSE Limited with respect to recent news item captioned BSE shares rise 3.5% as report says stock exchange plans to launch more monthly index option products.  The response from the Company is awaited.,News Verification The Exchange has sought clarification from BSE Limited with respect to recent news item captioned BSE shares rise 3.5% as report says stock exchange plans to launch more monthly index option products. The response from the Company is awaited.,OTHER,False,False,NEUTRAL,0.0,0.5,,v3.0,,,
BAJAJ-AUTO,NSE_CORP_ANN,,Action(s) taken or orders passed,Bajaj Auto Limited has informed the Exchange about Action(s) taken or orders passed,Action(s) taken or orders passed Bajaj Auto Limited has informed the Exchange about Action(s) taken or orders passed,OTHER,False,False,NEUTRAL,0.0,0.5,,v3.0,,,
BANDHANBNK,NSE_CORP_ANN,,General Updates,Bandhan Bank Limited has informed the Exchange about Approval of the RBI for re-appointment of Executive Director.,General Updates Bandhan Bank Limited has informed the Exchange about Approval of the RBI for re-appointment of Executive Director.,OTHER,False,False,NEUTRAL,0.0,0.5,,v3.0,,,
BANDHANBNK,NSE_CORP_ANN,,Action(s) initiated or orders passed,Bandhan Bank Limited has informed the Exchange about Disclosure under Regulation 30 of the SEBI LODR.,Action(s) initiated or orders passed Bandhan Bank Limited has informed the Exchange about Disclosure under Regulation 30 of the SEBI LODR.,OTHER,False,False,NEUTRAL,0.0,0.5,,v3.0,,,
BANDHANBNK,NSE_CORP_ANN,,Trading Window,"Bandhan Bank Limited has informed the Exchange regarding the Trading Window closure pursuant to SEBI (Prohibition of Insider Trading) Regulations, 2015","Trading Window Bandhan Bank Limited has informed the Exchange regarding the Trading Window closure pursuant to SEBI (Prohibition of Insider Trading) Regulations, 2015",OTHER,True,False,NEUTRAL,0.0,0.5,,v3.0,,,
BANKBARODA,NSE_CORP_ANN,,Trading Window,"Bank Of Baroda has informed the Exchange regarding the Trading Window closure pursuant to SEBI (Prohibition of Insider Trading) Regulations, 2015","Trading Window Bank Of Baroda has informed the Exchange regarding the Trading Window closure pursuant to SEBI (Prohibition of Insider Trading) Regulations, 2015",OTHER,True,False,NEUTRAL,0.0,0.5,,v3.0,,,
BANKINDIA,NSE_CORP_ANN,,General Updates,"Bank Of India has informed the Exchange regarding allotment of Long Term Infra Bonds of Rs. 10,000 Crore.","General Updates Bank Of India has informed the Exchange regarding allotment of Long Term Infra Bonds of Rs. 10,000 Crore.",OTHER,True,False,NEUTRAL,0.0,0.5,,v3.0,,,
BANKINDIA,NSE_CORP_ANN,,Analysts/Institutional Investor Meet/Con. Call Updates,Bank Of India has informed the Exchange about Investor/Analyst Meet,Analysts/Institutional Investor Meet/Con. Call Updates Bank Of India has informed the Exchange about Investor/Analyst Meet,OTHER,True,False,NEUTRAL,0.0,0.5,,v3.0,,,
BANKINDIA,NSE_CORP_ANN,,Updates,"Bank Of India has informed the Exchange regarding 'Bank Of India has informed the Exchange regarding Fund raising through issue of Long Term Infra Bonds of Rs.10,000 Crores.'.","Updates Bank Of India has informed the Exchange regarding 'Bank Of India has informed the Exchange regarding Fund raising through issue of Long Term Infra Bonds of Rs.10,000 Crores.'.",OTHER,False,False,NEUTRAL,0.0,0.5,,v3.0,,,
BANKINDIA,NSE_CORP_ANN,,Trading Window,"Bank Of India has informed the Exchange regarding the Trading Window closure pursuant to SEBI (Prohibition of Insider Trading) Regulations, 2015","Trading Window Bank Of India has informed the Exchange regarding the Trading Window closure pursuant to SEBI (Prohibition of Insider Trading) Regulations, 2015",OTHER,True,False,NEUTRAL,0.0,0.5,,v3.0,,,
BANKINDIA,NSE_CORP_ANN,,Updates,Bank Of India has informed the Exchange regarding ' Bank Of India has informed the Exchange regarding 'Notice for Excercise of Call Option in respect of 9.04% Additional Tier I Bonds Series VI (ISIN NO.INE084A08136) Fixation of Record Date'.'.,Updates Bank Of India has informed the Exchange regarding ' Bank Of India has informed the Exchange regarding 'Notice for Excercise of Call Option in respect of 9.04% Additional Tier I Bonds Series VI (ISIN NO.INE084A08136) Fixation of Record Date'.'.,OTHER,True,False,NEUTRAL,0.0,0.5,,v3.0,,,
BDL,NSE_CORP_ANN,,Trading Window,"Bharat Dynamics Limited has informed the Exchange regarding the Trading Window closure pursuant to SEBI (Prohibition of Insider Trading) Regulations, 2015","Trading Window Bharat Dynamics Limited has informed the Exchange regarding the Trading Window closure pursuant to SEBI (Prohibition of Insider Trading) Regulations, 2015",OTHER,True,False,NEUTRAL,0.0,0.5,,v3.0,,,
BHARATFORG,NSE_CORP_ANN,,Trading Window,"Bharat Forge Limited has informed the Exchange regarding the Trading Window closure pursuant to SEBI (Prohibition of Insider Trading) Regulations, 2015","Trading Window Bharat Forge Limited has informed the Exchange regarding the Trading Window closure pursuant to SEBI (Prohibition of Insider Trading) Regulations, 2015",OTHER,True,False,NEUTRAL,0.0,0.5,,v3.0,,,
BHEL,NSE_CORP_ANN,,Change in Management,Bharat Heavy Electricals Limited has informed the Exchange about change in Management,Change in Management Bharat Heavy Electricals Limited has informed the Exchange about change in Management,OTHER,False,False,NEUTRAL,0.0,0.5,,v3.0,,,
BHEL,NSE_CORP_ANN,,Action(s) initiated or orders passed,Bharat Heavy Electricals Limited has informed the Exchange about Action(s) initiated or orders passed,Action(s) initiated or orders passed Bharat Heavy Electricals Limited has informed the Exchange about Action(s) initiated or orders passed,OTHER,False,False,NEUTRAL,0.0,0.5,,v3.0,,,
BPCL,NSE_CORP_ANN,,Trading Window,"Bharat Petroleum Corporation Limited has informed the Exchange regarding the Trading Window closure pursuant to SEBI (Prohibition of Insider Trading) Regulations, 2015","Trading Window Bharat Petroleum Corporation Limited has informed the Exchange regarding the Trading Window closure pursuant to SEBI (Prohibition of Insider Trading) Regulations, 2015",OTHER,True,False,NEUTRAL,0.0,0.5,,v3.0,,,
BHARTIARTL,NSE_CORP_ANN,,Trading Window,"Bharti Airtel Limited has informed the Exchange regarding the Trading Window closure pursuant to SEBI (Prohibition of Insider Trading) Regulations, 2015","Trading Window Bharti Airtel Limited has informed the Exchange regarding the Trading Window closure pursuant to SEBI (Prohibition of Insider Trading) Regulations, 2015",OTHER,True,False,NEUTRAL,0.0,0.5,,v3.0,,,
BHARTIARTL,NSE_CORP_ANN,,Action(s) taken or orders passed,Bharti Airtel Limited has informed the Exchange about Action(s) taken or orders passed,Action(s) taken or orders passed Bharti Airtel Limited has informed the Exchange about Action(s) taken or orders passed,OTHER,False,False,NEUTRAL,0.0,0.5,,v3.0,,,
BHARTIARTL,NSE_CORP_ANN,,Action(s) taken or orders passed,Bharti Airtel Limited has informed the Exchange about Action(s) taken or orders passed,Action(s) taken or orders passed Bharti Airtel Limited has informed the Exchange about Action(s) taken or orders passed,OTHER,False,False,NEUTRAL,0.0,0.5,,v3.0,,,
BIOCON,NSE_CORP_ANN,,Trading Window,"Biocon Limited has informed the Exchange regarding the Trading Window closure pursuant to SEBI (Prohibition of Insider Trading) Regulations, 2015","Trading Window Biocon Limited has informed the Exchange regarding the Trading Window closure pursuant to SEBI (Prohibition of Insider Trading) Regulations, 2015",OTHER,True,False,NEUTRAL,0.0,0.5,,v3.0,,,
BIOCON,NSE_CORP_ANN,,General Updates,Biocon Limited has informed the Exchange about Intimation of Record Date for Commercial Paper,General Updates Biocon Limited has informed the Exchange about Intimation of Record Date for Commercial Paper,OTHER,True,False,NEUTRAL,0.0,0.5,,v3.0,,,
BIOCON,NSE_CORP_ANN,,Press Release,"Biocon Limited has informed the Exchange regarding a press release dated December 23, 2025, titled ""Biocon Limited signs out-licensing agreement with Ajanta to market Semaglutide in 26 countries"".","Press Release Biocon Limited has informed the Exchange regarding a press release dated December 23, 2025, titled ""Biocon Limited signs out-licensing agreement with Ajanta to market Semaglutide in 26 countries"".",OTHER,False,False,NEUTRAL,0.0,0.5,,v3.0,,,
BIOCON,NSE_CORP_ANN,,Press Release,"Biocon Limited has informed the Exchange regarding a press release dated December 23, 2025, titled ""Biocon Biologics Secures Full Global Rights to Biosimilar Adalimumab through Expanded FKB In-Licensing Agreement"".","Press Release Biocon Limited has informed the Exchange regarding a press release dated December 23, 2025, titled ""Biocon Biologics Secures Full Global Rights to Biosimilar Adalimumab through Expanded FKB In-Licensing Agreement"".",OTHER,False,False,NEUTRAL,0.0,0.5,,v3.0,,,
BIOCON,NSE_CORP_ANN,,General Updates,Biocon Limited has informed the Exchange about Issue of Commercial Papers,General Updates Biocon Limited has informed the Exchange about Issue of Commercial Papers,OTHER,False,False,NEUTRAL,0.0,0.5,,v3.0,,,
BLUESTARCO,NSE_CORP_ANN,,Trading Window,"Blue Star Limited has informed the Exchange regarding the Trading Window closure pursuant to SEBI (Prohibition of Insider Trading) Regulations, 2015","Trading Window Blue Star Limited has informed the Exchange regarding the Trading Window closure pursuant to SEBI (Prohibition of Insider Trading) Regulations, 2015",OTHER,True,False,NEUTRAL,0.0,0.5,,v3.0,,,
BOSCHLTD,NSE_CORP_ANN,,Action(s) taken or orders passed,Bosch Limited has informed the Exchange about Action(s) taken or orders passed,Action(s) taken or orders passed Bosch Limited has informed the Exchange about Action(s) taken or orders passed,OTHER,False,False,NEUTRAL,0.0,0.5,,v3.0,,,
BRITANNIA,NSE_CORP_ANN,,Trading Window,"Britannia Industries Limited has informed the Exchange regarding the Trading Window closure pursuant to SEBI (Prohibition of Insider Trading) Regulations, 2015","Trading Window Britannia Industries Limited has informed the Exchange regarding the Trading Window closure pursuant to SEBI (Prohibition of Insider Trading) Regulations, 2015",OTHER,True,False,NEUTRAL,0.0,0.5,,v3.0,,,
CGPOWER,NSE_CORP_ANN,,Trading Window,"CG Power and Industrial Solutions Limited has informed the Exchange regarding the Trading Window closure pursuant to SEBI (Prohibition of Insider Trading) Regulations, 2015","Trading Window CG Power and Industrial Solutions Limited has informed the Exchange regarding the Trading Window closure pursuant to SEBI (Prohibition of Insider Trading) Regulations, 2015",OTHER,True,False,NEUTRAL,0.0,0.5,,v3.0,,,
CGPOWER,NSE_CORP_ANN,,Allotment of Securities,"CG Power and Industrial Solutions Limited has informed the Exchange regarding allotment of 5000 securities pursuant to ESOP/ESPS at its meeting held on December 23, 2025","Allotment of Securities CG Power and Industrial Solutions Limited has informed the Exchange regarding allotment of 5000 securities pursuant to ESOP/ESPS at its meeting held on December 23, 2025",OTHER,True,False,NEUTRAL,0.0,0.5,,v3.0,,,
CGPOWER,NSE_CORP_ANN,,Analysts/Institutional Investor Meet/Con. Call Updates,CG Power and Industrial Solutions Limited has informed the Exchange about Schedule of meet,Analysts/Institutional Investor Meet/Con. Call Updates CG Power and Industrial Solutions Limited has informed the Exchange about Schedule of meet,OTHER,True,False,NEUTRAL,0.0,0.5,,v3.0,,,
CANBK,NSE_CORP_ANN,,Updates,Canara Bank has informed the Exchange regarding Credit Confirmation of Annual Interest Payment.,Updates Canara Bank has informed the Exchange regarding Credit Confirmation of Annual Interest Payment.,OTHER,False,False,NEUTRAL,0.0,0.5,,v3.0,,,
CANBK,NSE_CORP_ANN,,Trading Window,"Canara Bank has informed the Exchange regarding the Trading Window closure pursuant to SEBI (Prohibition of Insider Trading) Regulations, 2015","Trading Window Canara Bank has informed the Exchange regarding the Trading Window closure pursuant to SEBI (Prohibition of Insider Trading) Regulations, 2015",OTHER,True,False,NEUTRAL,0.0,0.5,,v3.0,,,
CDSL,NSE_CORP_ANN,,Pendency of Litigation(s)/dispute(s) or the outcome impacting the Company,CDSL has informed the Exchange about Pendency of Litigation(s)/dispute(s) or the outcome impacting the Company.,Pendency of Litigation(s)/dispute(s) or the outcome impacting the Company CDSL has informed the Exchange about Pendency of Litigation(s)/dispute(s) or the outcome impacting the Company.,OTHER,False,True,WATCH,7.5,0.95,PATTERN_MATCH_pendency.*litigation,v3.0,,,
CDSL,NSE_CORP_ANN,,Analysts/Institutional Investor Meet/Con. Call Updates,"CDSL has informed the Exchange about the schedule of the Analyst Meet to be held on Friday, December 26, 2025.","Analysts/Institutional Investor Meet/Con. Call Updates CDSL has informed the Exchange about the schedule of the Analyst Meet to be held on Friday, December 26, 2025.",OTHER,True,False,NEUTRAL,0.0,0.5,,v3.0,,,
CHOLAFIN,NSE_CORP_ANN,,Allotment of Securities,"Cholamandalam Investment and Finance Company Limited has informed the Exchange regarding allotment of 100100 securities pursuant to Non Convertible Securities at its meeting held on December 24, 2025","Allotment of Securities Cholamandalam Investment and Finance Company Limited has informed the Exchange regarding allotment of 100100 securities pursuant to Non Convertible Securities at its meeting held on December 24, 2025",OTHER,True,False,NEUTRAL,0.0,0.5,,v3.0,,,
CHOLAFIN,NSE_CORP_ANN,,Analysts/Institutional Investor Meet/Con. Call Updates,Cholamandalam Investment and Finance Company Limited has informed the Exchange about Link of Recording,Analysts/Institutional Investor Meet/Con. Call Updates Cholamandalam Investment and Finance Company Limited has informed the Exchange about Link of Recording,OTHER,True,False,NEUTRAL,0.0,0.5,,v3.0,,,
CHOLAFIN,NSE_CORP_ANN,,Analysts/Institutional Investor Meet/Con. Call Updates,Cholamandalam Investment and Finance Company Limited has informed the Exchange about Schedule of meet,Analysts/Institutional Investor Meet/Con. Call Updates Cholamandalam Investment and Finance Company Limited has informed the Exchange about Schedule of meet,OTHER,True,False,NEUTRAL,0.0,0.5,,v3.0,,,
CHOLAFIN,NSE_CORP_ANN,,Rumour Verification - Regulation 30(11),Cholamandalam Investment and Finance Company Limited has informed the Exchange about Rumour Verification - Regulation 30(11),Rumour Verification - Regulation 30(11) Cholamandalam Investment and Finance Company Limited has informed the Exchange about Rumour Verification - Regulation 30(11),OTHER,False,False,NEUTRAL,0.0,0.5,,v3.0,,,
CHOLAFIN,NSE_CORP_ANN,,Analysts/Institutional Investor Meet/Con. Call Updates,Cholamandalam Investment and Finance Company Limited has informed the Exchange about Schedule of meet,Analysts/Institutional Investor Meet/Con. Call Updates Cholamandalam Investment and Finance Company Limited has informed the Exchange about Schedule of meet,OTHER,True,False,NEUTRAL,0.0,0.5,,v3.0,,,
CHOLAFIN,NSE_CORP_ANN,,Rumour Verification - Regulation 30(11),Cholamandalam Investment and Finance Company Limited has informed the Exchange about Rumour Verification - Regulation 30(11),Rumour Verification - Regulation 30(11) Cholamandalam Investment and Finance Company Limited has informed the Exchange about Rumour Verification - Regulation 30(11),OTHER,False,False,NEUTRAL,0.0,0.5,,v3.0,,,
CIPLA,NSE_CORP_ANN,,General Updates,Cipla Limited has informed the Exchange about General Updates,General Updates Cipla Limited has informed the Exchange about General Updates,OTHER,False,False,NEUTRAL,0.0,0.5,,v3.0,,,
COALINDIA,NSE_CORP_ANN,,Updates,Coal India Limited has informed the Exchange regarding ''.,Updates Coal India Limited has informed the Exchange regarding ''.,OTHER,False,False,NEUTRAL,0.0,0.5,,v3.0,,,
COALINDIA,NSE_CORP_ANN,,Appointment,"Coal India Limited has informed the Exchange regarding Appointment of Mr B.Sairam as Chief Executive Officer of the company w.e.f. December 26, 2025.","Appointment Coal India Limited has informed the Exchange regarding Appointment of Mr B.Sairam as Chief Executive Officer of the company w.e.f. December 26, 2025.",OTHER,False,False,NEUTRAL,0.0,0.5,,v3.0,,,
COALINDIA,NSE_CORP_ANN,,General Updates,"Coal India Limited has informed the Exchange about General Updates-In-principle approval of Listing of South Eastern Coalfields Limited (SECL), a Wholly owned subsidiary of Coal India Limited.","General Updates Coal India Limited has informed the Exchange about General Updates-In-principle approval of Listing of South Eastern Coalfields Limited (SECL), a Wholly owned subsidiary of Coal India Limited.",OTHER,False,False,NEUTRAL,0.0,0.5,,v3.0,,,
COALINDIA,NSE_CORP_ANN,,General Updates,Coal India Limited has informed the Exchange about General Updates-In-principle approval of Listing of Mahanadi Coalfields Limited (MCL) a Wholly owned subsidiary of Coal India Limited.,General Updates Coal India Limited has informed the Exchange about General Updates-In-principle approval of Listing of Mahanadi Coalfields Limited (MCL) a Wholly owned subsidiary of Coal India Limited.,OTHER,False,False,NEUTRAL,0.0,0.5,,v3.0,,,
COALINDIA,NSE_CORP_ANN,,Rumour Verification - Regulation 30(11),"Coal India Limited has informed the Exchange about Rumour Verification - Regulation 30(11)-Intimation under Regulation 30(11) of SEBI (Listing Obligations &Disclosure Requirements) Regulations, 2015","Rumour Verification - Regulation 30(11) Coal India Limited has informed the Exchange about Rumour Verification - Regulation 30(11)-Intimation under Regulation 30(11) of SEBI (Listing Obligations &Disclosure Requirements) Regulations, 2015",OTHER,False,False,NEUTRAL,0.0,0.5,,v3.0,,,
COFORGE,NSE_CORP_ANN,,Investor Presentation,Coforge Limited has informed the Exchange about Investor Presentation,Investor Presentation Coforge Limited has informed the Exchange about Investor Presentation,OTHER,False,False,NEUTRAL,0.0,0.5,,v3.0,,,
COFORGE,NSE_CORP_ANN,,Copy of Newspaper Publication,Coforge Limited has informed the Exchange about Dispatch completion of Notice of Postal Ballot including the details of remote e-voting facility offered to the Members,Copy of Newspaper Publication Coforge Limited has informed the Exchange about Dispatch completion of Notice of Postal Ballot including the details of remote e-voting facility offered to the Members,OTHER,True,False,NEUTRAL,0.0,0.5,,v3.0,,,
COFORGE,NSE_CORP_ANN,,General Updates,Coforge Limited has informed the Exchange about General Updates,General Updates Coforge Limited has informed the Exchange about General Updates,OTHER,False,False,NEUTRAL,0.0,0.5,,v3.0,,,
COFORGE,NSE_CORP_ANN,,Analysts/Institutional Investor Meet/Con. Call Updates,Coforge Limited has informed the Exchange about Link of Recording,Analysts/Institutional Investor Meet/Con. Call Updates Coforge Limited has informed the Exchange about Link of Recording,OTHER,True,False,NEUTRAL,0.0,0.5,,v3.0,,,
COFORGE,NSE_CORP_ANN,,Preferential issue,Coforge Limited has informed the Exchange about Preferential issue,Preferential issue Coforge Limited has informed the Exchange about Preferential issue,OTHER,False,False,NEUTRAL,0.0,0.5,,v3.0,,,
COFORGE,NSE_CORP_ANN,,Shareholders meeting,Coforge Limited has informed the Exchange regarding Notice of Postal Ballot,Shareholders meeting Coforge Limited has informed the Exchange regarding Notice of Postal Ballot,OTHER,False,False,NEUTRAL,0.0,0.5,,v3.0,,,
COFORGE,NSE_CORP_ANN,,Increase in Authorised Capital,Coforge Limited has informed the Exchange about Increase in Authorised Share Capital and consequent Alteration to the Capital Clause of the Memorandum of Association,Increase in Authorised Capital Coforge Limited has informed the Exchange about Increase in Authorised Share Capital and consequent Alteration to the Capital Clause of the Memorandum of Association,OTHER,False,False,NEUTRAL,0.0,0.5,,v3.0,,,
COFORGE,NSE_CORP_ANN,,Amendment to AOA/MOA,Coforge Limited has informed the Exchange regarding the Amendment to AOA/MOA of the company.,Amendment to AOA/MOA Coforge Limited has informed the Exchange regarding the Amendment to AOA/MOA of the company.,OTHER,True,False,NEUTRAL,0.0,0.5,,v3.0,,,
COFORGE,NSE_CORP_ANN,,Acquisition,"Coforge Limited has informed the Exchange about ""Authorization for execution of Share Subscription and Share Purchase Agreement and Acquisition of Equity Shares of Encora US Holdco, Inc. and Encora Holdings Ltd. (Cayman)","Acquisition Coforge Limited has informed the Exchange about ""Authorization for execution of Share Subscription and Share Purchase Agreement and Acquisition of Equity Shares of Encora US Holdco, Inc. and Encora Holdings Ltd. (Cayman)",OTHER,False,False,NEUTRAL,0.0,0.5,,v3.0,,,
COFORGE,NSE_CORP_ANN,,Qualified Institutional Placement,"Coforge Limited has informed the Exchange about ""Authorization to raise capital by way of a Qualified Institutions Placement or any permitted means to eligible investors through an issuance of Equity Shares and/or other eligible Securities""","Qualified Institutional Placement Coforge Limited has informed the Exchange about ""Authorization to raise capital by way of a Qualified Institutions Placement or any permitted means to eligible investors through an issuance of Equity Shares and/or other eligible Securities""",OTHER,False,False,NEUTRAL,0.0,0.5,,v3.0,,,
COFORGE,NSE_CORP_ANN,,Preferential issue,Coforge Limited has informed the Exchange about Issuance of Equity Shares of the Company on a Preferential Basis pursuant to a Share Swap Arrangement,Preferential issue Coforge Limited has informed the Exchange about Issuance of Equity Shares of the Company on a Preferential Basis pursuant to a Share Swap Arrangement,OTHER,False,False,NEUTRAL,0.0,0.5,,v3.0,,,
COFORGE,NSE_CORP_ANN,,General Updates,"Coforge to Acquire to Encora - the AI Imperative, An Overview of Encora,  Acquisition Rationale and Transaction Structure","General Updates Coforge to Acquire to Encora - the AI Imperative, An Overview of Encora, Acquisition Rationale and Transaction Structure",OTHER,False,False,NEUTRAL,0.0,0.5,,v3.0,,,
COFORGE,NSE_CORP_ANN,,Press Release,"Coforge Limited has informed the Exchange regarding a press release dated December 26, 2025, titled ""Coforge to acquire Encora. Reaffirms intent to be the leading AI&#8209;driven engineering firm for the new era."".","Press Release Coforge Limited has informed the Exchange regarding a press release dated December 26, 2025, titled ""Coforge to acquire Encora. Reaffirms intent to be the leading AI&#8209;driven engineering firm for the new era."".",OTHER,False,False,NEUTRAL,0.0,0.5,,v3.0,,,
COFORGE,NSE_CORP_ANN,,Outcome of Board Meeting,"Coforge Limited has informed the Exchange regarding Outcome of Board Meeting held on December 26, 2025.","Outcome of Board Meeting Coforge Limited has informed the Exchange regarding Outcome of Board Meeting held on December 26, 2025.",OTHER,True,False,NEUTRAL,0.0,0.5,,v3.0,,,
COFORGE,NSE_CORP_ANN,,News Verification,"The Exchange has sought clarification from Coforge Limited with respect to recent news item captioned Coforge shares slip in early trade as $1-billion Encora deal talk, fundraising plans weigh.  The response from the Company is awaited.","News Verification The Exchange has sought clarification from Coforge Limited with respect to recent news item captioned Coforge shares slip in early trade as $1-billion Encora deal talk, fundraising plans weigh. The response from the Company is awaited.",OTHER,False,False,NEUTRAL,0.0,0.5,,v3.0,,,
COFORGE,NSE_CORP_ANN,,Press Release,"Coforge Limited has informed the Exchange regarding a press release dated December 24, 2025, titled ""Coforge Launches EvolveOps.AI: Agentic AI-Powered IT Operations Platform for Enhanced Business Resiliency from Edge to Cloud"".","Press Release Coforge Limited has informed the Exchange regarding a press release dated December 24, 2025, titled ""Coforge Launches EvolveOps.AI: Agentic AI-Powered IT Operations Platform for Enhanced Business Resiliency from Edge to Cloud"".",OTHER,False,False,NEUTRAL,0.0,0.5,,v3.0,,,
COFORGE,NSE_CORP_ANN,,Trading Window,"Coforge Limited has informed the Exchange regarding the Trading Window closure pursuant to SEBI (Prohibition of Insider Trading) Regulations, 2015","Trading Window Coforge Limited has informed the Exchange regarding the Trading Window closure pursuant to SEBI (Prohibition of Insider Trading) Regulations, 2015",OTHER,True,False,NEUTRAL,0.0,0.5,,v3.0,,,
COFORGE,NSE_CORP_ANN,,Analysts/Institutional Investor Meet/Con. Call Updates,Coforge Limited has informed the Exchange about Schedule of meet,Analysts/Institutional Investor Meet/Con. Call Updates Coforge Limited has informed the Exchange about Schedule of meet,OTHER,True,False,NEUTRAL,0.0,0.5,,v3.0,,,
COFORGE,NSE_CORP_ANN,,Analysts/Institutional Investor Meet/Con. Call Updates,Coforge Limited has informed the Exchange about Schedule of meet,Analysts/Institutional Investor Meet/Con. Call Updates Coforge Limited has informed the Exchange about Schedule of meet,OTHER,True,False,NEUTRAL,0.0,0.5,,v3.0,,,
COFORGE,NSE_CORP_ANN,,Analysts/Institutional Investor Meet/Con. Call Updates,Coforge Limited has informed the Exchange about Schedule of meet,Analysts/Institutional Investor Meet/Con. Call Updates Coforge Limited has informed the Exchange about Schedule of meet,OTHER,True,False,NEUTRAL,0.0,0.5,,v3.0,,,
COLPAL,NSE_CORP_ANN,,Trading Window,"Colgate Palmolive (India) Limited has informed the Exchange regarding the Trading Window closure pursuant to SEBI (Prohibition of Insider Trading) Regulations, 2015","Trading Window Colgate Palmolive (India) Limited has informed the Exchange regarding the Trading Window closure pursuant to SEBI (Prohibition of Insider Trading) Regulations, 2015",OTHER,True,False,NEUTRAL,0.0,0.5,,v3.0,,,
COLPAL,NSE_CORP_ANN,,Pendency of Litigation(s)/dispute(s) or the outcome impacting the Company,Colgate Palmolive (India) Limited has informed the Exchange about Pendency of Litigation(s)/dispute(s) or the outcome impacting the Company,Pendency of Litigation(s)/dispute(s) or the outcome impacting the Company Colgate Palmolive (India) Limited has informed the Exchange about Pendency of Litigation(s)/dispute(s) or the outcome impacting the Company,OTHER,False,True,WATCH,7.5,0.95,PATTERN_MATCH_pendency.*litigation,v3.0,,,
CAMS,NSE_CORP_ANN,,Analysts/Institutional Investor Meet/Con. Call Updates,Computer Age Management Services Limited has informed the Exchange about Schedule of meet,Analysts/Institutional Investor Meet/Con. Call Updates Computer Age Management Services Limited has informed the Exchange about Schedule of meet,OTHER,True,False,NEUTRAL,0.0,0.5,,v3.0,,,
CAMS,NSE_CORP_ANN,,Trading Window,"Computer Age Management Services Limited has informed the Exchange regarding the Trading Window closure pursuant to SEBI (Prohibition of Insider Trading) Regulations, 2015","Trading Window Computer Age Management Services Limited has informed the Exchange regarding the Trading Window closure pursuant to SEBI (Prohibition of Insider Trading) Regulations, 2015",OTHER,True,False,NEUTRAL,0.0,0.5,,v3.0,,,
CAMS,NSE_CORP_ANN,,Change in Director(s),Computer Age Management Services Limited has informed the Exchange regarding Change in Director(s) of the company.,Change in Director(s) Computer Age Management Services Limited has informed the Exchange regarding Change in Director(s) of the company.,OTHER,False,False,NEUTRAL,0.0,0.5,,v3.0,,,
CAMS,NSE_CORP_ANN,,Outcome of Board Meeting,"Computer Age Management Services Limited has informed the Exchange regarding  Board meeting held on December 22, 2025.","Outcome of Board Meeting Computer Age Management Services Limited has informed the Exchange regarding Board meeting held on December 22, 2025.",OTHER,True,False,NEUTRAL,0.0,0.5,,v3.0,,,
CONCOR,NSE_CORP_ANN,,General Updates,Disclosure under Regulation 30 of SEBI (LODR) Regulations 2015,General Updates Disclosure under Regulation 30 of SEBI (LODR) Regulations 2015,OTHER,False,False,NEUTRAL,0.0,0.5,,v3.0,,,
CROMPTON,NSE_CORP_ANN,,Change in Management,Crompton Greaves Consumer Electricals Limited has informed the Exchange about change in Management,Change in Management Crompton Greaves Consumer Electricals Limited has informed the Exchange about change in Management,OTHER,False,False,NEUTRAL,0.0,0.5,,v3.0,,,
CROMPTON,NSE_CORP_ANN,,Action(s) taken or orders passed,Crompton Greaves Consumer Electricals Limited has informed the Exchange about Action(s) taken or orders passed,Action(s) taken or orders passed Crompton Greaves Consumer Electricals Limited has informed the Exchange about Action(s) taken or orders passed,OTHER,False,False,NEUTRAL,0.0,0.5,,v3.0,,,
CROMPTON,NSE_CORP_ANN,,Bagging/Receiving of orders/contracts,Crompton Greaves Consumer Electricals Limited has informed the Exchange about Bagging/Receiving of orders/contracts,Bagging/Receiving of orders/contracts Crompton Greaves Consumer Electricals Limited has informed the Exchange about Bagging/Receiving of orders/contracts,OTHER,False,False,NEUTRAL,0.0,0.5,,v3.0,,,
CROMPTON,NSE_CORP_ANN,,Action(s) taken or orders passed,Crompton Greaves Consumer Electricals Limited has informed the Exchange about Action(s) taken or orders passed,Action(s) taken or orders passed Crompton Greaves Consumer Electricals Limited has informed the Exchange about Action(s) taken or orders passed,OTHER,False,False,NEUTRAL,0.0,0.5,,v3.0,,,
CUMMINSIND,NSE_CORP_ANN,,Action(s) taken or orders passed,"Cummins India Limited has informed the Exchange about Action(s) taken or orders passed - Order imposing penalty passed by the Assessment Unit, Income Tax Department","Action(s) taken or orders passed Cummins India Limited has informed the Exchange about Action(s) taken or orders passed - Order imposing penalty passed by the Assessment Unit, Income Tax Department",OTHER,False,True,WATCH,7.0,0.95,PATTERN_MATCH_penalty,v3.0,,,
CYIENT,NSE_CORP_ANN,,Analysts/Institutional Investor Meet/Con. Call Updates,Cyient Limited has informed the Exchange about Transcript,Analysts/Institutional Investor Meet/Con. Call Updates Cyient Limited has informed the Exchange about Transcript,OTHER,True,False,NEUTRAL,0.0,0.5,,v3.0,,,
DABUR,NSE_CORP_ANN,,General Updates,"Dabur India Limited has informed the Exchange about disclosure under Regulation 30 of SEBI (LODR) Regulations, 2025 (""SEBI Listing Regulations"") - ESG Rating assigned by SES ESG Research Private Limited","General Updates Dabur India Limited has informed the Exchange about disclosure under Regulation 30 of SEBI (LODR) Regulations, 2025 (""SEBI Listing Regulations"") - ESG Rating assigned by SES ESG Research Private Limited",OTHER,False,False,NEUTRAL,0.0,0.5,,v3.0,,,
DALBHARAT,NSE_CORP_ANN,,General Updates,Dalmia Bharat Limited has informed the Exchange about General Updates,General Updates Dalmia Bharat Limited has informed the Exchange about General Updates,OTHER,False,False,NEUTRAL,0.0,0.5,,v3.0,,,
DALBHARAT,NSE_CORP_ANN,,Trading Window,"Dalmia Bharat Limited has informed the Exchange regarding the Trading Window closure pursuant to SEBI (Prohibition of Insider Trading) Regulations, 2015","Trading Window Dalmia Bharat Limited has informed the Exchange regarding the Trading Window closure pursuant to SEBI (Prohibition of Insider Trading) Regulations, 2015",OTHER,True,False,NEUTRAL,0.0,0.5,,v3.0,,,
DALBHARAT,NSE_CORP_ANN,,Updates,Dalmia Bharat Limited has informed the Exchange regarding 'Allotment of equity shares upon exercise of stock options'.,Updates Dalmia Bharat Limited has informed the Exchange regarding 'Allotment of equity shares upon exercise of stock options'.,OTHER,True,False,NEUTRAL,0.0,0.5,,v3.0,,,
DIXON,NSE_CORP_ANN,,Analysts/Institutional Investor Meet/Con. Call Updates,Dixon Technologies (India) Limited has informed the Exchange about Investor Meet Outcome,Analysts/Institutional Investor Meet/Con. Call Updates Dixon Technologies (India) Limited has informed the Exchange about Investor Meet Outcome,OTHER,True,False,NEUTRAL,0.0,0.5,,v3.0,,,
DIXON,NSE_CORP_ANN,,Analysts/Institutional Investor Meet/Con. Call Updates,Dixon Technologies (India) Limited has informed the Exchange about Investor Meet Outcome,Analysts/Institutional Investor Meet/Con. Call Updates Dixon Technologies (India) Limited has informed the Exchange about Investor Meet Outcome,OTHER,True,False,NEUTRAL,0.0,0.5,,v3.0,,,
DIXON,NSE_CORP_ANN,,Analysts/Institutional Investor Meet/Con. Call Updates,Dixon Technologies (India) Limited has informed the Exchange about Investor Meet Outcome,Analysts/Institutional Investor Meet/Con. Call Updates Dixon Technologies (India) Limited has informed the Exchange about Investor Meet Outcome,OTHER,True,False,NEUTRAL,0.0,0.5,,v3.0,,,
DIXON,NSE_CORP_ANN,,Change in Director(s),Dixon Technologies (India) Limited has informed the Exchange regarding Change in Director(s) of the company.,Change in Director(s) Dixon Technologies (India) Limited has informed the Exchange regarding Change in Director(s) of the company.,OTHER,False,False,NEUTRAL,0.0,0.5,,v3.0,,,
DIXON,NSE_CORP_ANN,,Shareholders meeting,Dixon Technologies (India) Limited has informed the Exchange regarding Proceedings of Postal Ballot,Shareholders meeting Dixon Technologies (India) Limited has informed the Exchange regarding Proceedings of Postal Ballot,OTHER,False,False,NEUTRAL,0.0,0.5,,v3.0,,,
DIXON,NSE_CORP_ANN,,Shareholders meeting,"Dixon Technologies (India) Limited has submitted the Exchange a copy Srutinizers report of  Postal Ballot. Further, the company has informed the Exchange regarding voting results.","Shareholders meeting Dixon Technologies (India) Limited has submitted the Exchange a copy Srutinizers report of Postal Ballot. Further, the company has informed the Exchange regarding voting results.",OTHER,True,False,NEUTRAL,0.0,0.5,,v3.0,,,
DIXON,NSE_CORP_ANN,,Analysts/Institutional Investor Meet/Con. Call Updates,Dixon Technologies (India) Limited has informed the Exchange about Investor Meet Outcome,Analysts/Institutional Investor Meet/Con. Call Updates Dixon Technologies (India) Limited has informed the Exchange about Investor Meet Outcome,OTHER,True,False,NEUTRAL,0.0,0.5,,v3.0,,,
DRREDDY,NSE_CORP_ANN,,Trading Window,"Dr. Reddy's Laboratories Limited has informed the Exchange regarding the Trading Window closure pursuant to SEBI (Prohibition of Insider Trading) Regulations, 2015","Trading Window Dr. Reddy's Laboratories Limited has informed the Exchange regarding the Trading Window closure pursuant to SEBI (Prohibition of Insider Trading) Regulations, 2015",OTHER,True,False,NEUTRAL,0.0,0.5,,v3.0,,,
EICHERMOT,NSE_CORP_ANN,,Trading Window,"Eicher Motors Limited has informed the Exchange regarding the Trading Window closure pursuant to SEBI (Prohibition of Insider Trading) Regulations, 2015","Trading Window Eicher Motors Limited has informed the Exchange regarding the Trading Window closure pursuant to SEBI (Prohibition of Insider Trading) Regulations, 2015",OTHER,True,False,NEUTRAL,0.0,0.5,,v3.0,,,
EXIDEIND,NSE_CORP_ANN,,General Updates,"Exide Industries Limited has informed the Exchange about further investment in Exide Energy Solutions Limited, wholly owned subsidiary of the Company.","General Updates Exide Industries Limited has informed the Exchange about further investment in Exide Energy Solutions Limited, wholly owned subsidiary of the Company.",OTHER,False,False,NEUTRAL,0.0,0.5,,v3.0,,,
EXIDEIND,NSE_CORP_ANN,,Updates,"Exide Industries Limited has informed the Exchange regarding change in KMP of Exide Energy Solutions Limited, Wholly owned subsidiary of the Company.","Updates Exide Industries Limited has informed the Exchange regarding change in KMP of Exide Energy Solutions Limited, Wholly owned subsidiary of the Company.",OTHER,False,False,NEUTRAL,0.0,0.5,,v3.0,,,
NYKAA,NSE_CORP_ANN,,Shareholders meeting,"FSN E Commerce Ventures Limited has submitted the Exchange a copy Srutinizers report of  Postal Ballot. Further, the company has informed the Exchange regarding voting results.","Shareholders meeting FSN E Commerce Ventures Limited has submitted the Exchange a copy Srutinizers report of Postal Ballot. Further, the company has informed the Exchange regarding voting results.",OTHER,True,False,NEUTRAL,0.0,0.5,,v3.0,,,
NYKAA,NSE_CORP_ANN,,Trading Window,"FSN E Commerce Ventures Limited has informed the Exchange regarding the Trading Window closure pursuant to SEBI (Prohibition of Insider Trading) Regulations, 2015","Trading Window FSN E Commerce Ventures Limited has informed the Exchange regarding the Trading Window closure pursuant to SEBI (Prohibition of Insider Trading) Regulations, 2015",OTHER,True,False,NEUTRAL,0.0,0.5,,v3.0,,,
FORTIS,NSE_CORP_ANN,,Copy of Newspaper Publication,Fortis Healthcare Limited has informed the Exchange about Copy of Newspaper Publication,Copy of Newspaper Publication Fortis Healthcare Limited has informed the Exchange about Copy of Newspaper Publication,OTHER,True,False,NEUTRAL,0.0,0.5,,v3.0,,,
FORTIS,NSE_CORP_ANN,,General Updates,Notice of Postal Ballot,General Updates Notice of Postal Ballot,OTHER,False,False,NEUTRAL,0.0,0.5,,v3.0,,,
FORTIS,NSE_CORP_ANN,,Shareholders meeting,Fortis Healthcare Limited has informed the Exchange regarding Notice of Postal Ballot,Shareholders meeting Fortis Healthcare Limited has informed the Exchange regarding Notice of Postal Ballot,OTHER,False,False,NEUTRAL,0.0,0.5,,v3.0,,,
FORTIS,NSE_CORP_ANN,,General Updates,Fortis Healthcare Limited has informed the Exchange about Civil Suit filed by the Company against the third party and others inter alia challenging their locus and seeking permanent injunction against their action has been decided by the Hon ble High Court of Delhi vide its order dated 19.12.2025 in favour of the Company,General Updates Fortis Healthcare Limited has informed the Exchange about Civil Suit filed by the Company against the third party and others inter alia challenging their locus and seeking permanent injunction against their action has been decided by the Hon ble High Court of Delhi vide its order dated 19.12.2025 in favour of the Company,OTHER,False,False,NEUTRAL,0.0,0.5,,v3.0,,,
FORTIS,NSE_CORP_ANN,,Updates,Fortis Healthcare Limited has informed the Exchange regarding 'Certificate of payment of interest to debenture holders'.,Updates Fortis Healthcare Limited has informed the Exchange regarding 'Certificate of payment of interest to debenture holders'.,OTHER,False,False,NEUTRAL,0.0,0.5,,v3.0,,,
FORTIS,NSE_CORP_ANN,,Trading Window,"Fortis Healthcare Limited has informed the Exchange regarding the Trading Window closure pursuant to SEBI (Prohibition of Insider Trading) Regulations, 2015","Trading Window Fortis Healthcare Limited has informed the Exchange regarding the Trading Window closure pursuant to SEBI (Prohibition of Insider Trading) Regulations, 2015",OTHER,True,False,NEUTRAL,0.0,0.5,,v3.0,,,
GAIL,NSE_CORP_ANN,,Press Release,"GAIL (India) Limited has informed the Exchange regarding a press release dated December 23, 2025, titled ""GAIL signs MoU with Government of Chhattisgarh to develop a gas-based fertilizer project in Chhattisgarh"".","Press Release GAIL (India) Limited has informed the Exchange regarding a press release dated December 23, 2025, titled ""GAIL signs MoU with Government of Chhattisgarh to develop a gas-based fertilizer project in Chhattisgarh"".",OTHER,False,False,NEUTRAL,0.0,0.5,,v3.0,,,
GLENMARK,NSE_CORP_ANN,,Press Release,"Glenmark Pharmaceuticals Limited has informed the Exchange regarding a press release dated December 23, 2025, titled ""Glenmark Pharmaceuticals Inc., USA launches Epinephrine Injection USP,30 mg/30 mL (1 mg/mL) Multiple-Dose Vial"".","Press Release Glenmark Pharmaceuticals Limited has informed the Exchange regarding a press release dated December 23, 2025, titled ""Glenmark Pharmaceuticals Inc., USA launches Epinephrine Injection USP,30 mg/30 mL (1 mg/mL) Multiple-Dose Vial"".",OTHER,False,False,NEUTRAL,0.0,0.5,,v3.0,,,
GRASIM,NSE_CORP_ANN,,Trading Window,"Grasim Industries Limited has informed the Exchange regarding the Trading Window closure pursuant to SEBI (Prohibition of Insider Trading) Regulations, 2015","Trading Window Grasim Industries Limited has informed the Exchange regarding the Trading Window closure pursuant to SEBI (Prohibition of Insider Trading) Regulations, 2015",OTHER,True,False,NEUTRAL,0.0,0.5,,v3.0,,,
GRASIM,NSE_CORP_ANN,,General Updates,"Disclosure under Regulation 30 of the SEBI (LODR) Regulations, 2015","General Updates Disclosure under Regulation 30 of the SEBI (LODR) Regulations, 2015",OTHER,False,False,NEUTRAL,0.0,0.5,,v3.0,,,
GRASIM,NSE_CORP_ANN,,Action(s) taken or orders passed,"Disclosure under Regulation 30 of SEBI (LODR) Regulations, 2015","Action(s) taken or orders passed Disclosure under Regulation 30 of SEBI (LODR) Regulations, 2015",OTHER,False,False,NEUTRAL,0.0,0.5,,v3.0,,,
HCLTECH,NSE_CORP_ANN,,Updates,HCL Technologies Limited has informed the Exchange regarding 'Release    HCLTech joins Microsoft Discovery Platform to accelerate research innovation '.,Updates HCL Technologies Limited has informed the Exchange regarding 'Release HCLTech joins Microsoft Discovery Platform to accelerate research innovation '.,OTHER,False,False,NEUTRAL,0.0,0.5,,v3.0,,,
HCLTECH,NSE_CORP_ANN,,Press Release,"HCL Technologies Limited has informed the Exchange regarding a press release dated December 22, 2025, titled ""Release    HCLSoftware to Acquire Jaspersoft from Cloud Software Group. "".","Press Release HCL Technologies Limited has informed the Exchange regarding a press release dated December 22, 2025, titled ""Release HCLSoftware to Acquire Jaspersoft from Cloud Software Group. "".",OTHER,False,False,NEUTRAL,0.0,0.5,,v3.0,,,
HCLTECH,NSE_CORP_ANN,,Acquisition,HCL Technologies Limited has informed the Exchange about Acquisition,Acquisition HCL Technologies Limited has informed the Exchange about Acquisition,OTHER,False,False,NEUTRAL,0.0,0.5,,v3.0,,,
HCLTECH,NSE_CORP_ANN,,Press Release,"HCL Technologies Limited has informed the Exchange regarding a press release dated December 22, 2025, titled ""Release    HCLSoftware to Acquire AI Data Analyst Agents Startup Wobby. "".","Press Release HCL Technologies Limited has informed the Exchange regarding a press release dated December 22, 2025, titled ""Release HCLSoftware to Acquire AI Data Analyst Agents Startup Wobby. "".",OTHER,False,False,NEUTRAL,0.0,0.5,,v3.0,,,
HCLTECH,NSE_CORP_ANN,,Acquisition,HCL Technologies Limited has informed the Exchange about Acquisition,Acquisition HCL Technologies Limited has informed the Exchange about Acquisition,OTHER,False,False,NEUTRAL,0.0,0.5,,v3.0,,,
HDFCAMC,NSE_CORP_ANN,,Copy of Newspaper Publication,HDFC Asset Management Company Limited has informed the Exchange about Copy of Newspaper Publication,Copy of Newspaper Publication HDFC Asset Management Company Limited has informed the Exchange about Copy of Newspaper Publication,OTHER,True,False,NEUTRAL,0.0,0.5,,v3.0,,,
HDFCLIFE,NSE_CORP_ANN,,General Updates,HDFC Life Insurance Company Limited has informed the Exchange about Newspaper Advertisement- Transfer of Dividend/Equity Shares to IEPF account,General Updates HDFC Life Insurance Company Limited has informed the Exchange about Newspaper Advertisement- Transfer of Dividend/Equity Shares to IEPF account,OTHER,True,False,NEUTRAL,0.0,0.5,,v3.0,,,
HFCL,NSE_CORP_ANN,,General Updates,HFCL Limited has informed the Exchange about Allotment of Securities,General Updates HFCL Limited has informed the Exchange about Allotment of Securities,OTHER,True,False,NEUTRAL,0.0,0.5,,v3.0,,,
HFCL,NSE_CORP_ANN,,Updates,HFCL Limited has informed the Exchange regarding 'Outcome of FRC Committee  of Directors dated 24.12.2025'.,Updates HFCL Limited has informed the Exchange regarding 'Outcome of FRC Committee of Directors dated 24.12.2025'.,OTHER,False,False,NEUTRAL,0.0,0.5,,v3.0,,,
HFCL,NSE_CORP_ANN,,Trading Window,"HFCL Limited has informed the Exchange regarding the Trading Window closure pursuant to SEBI (Prohibition of Insider Trading) Regulations, 2015","Trading Window HFCL Limited has informed the Exchange regarding the Trading Window closure pursuant to SEBI (Prohibition of Insider Trading) Regulations, 2015",OTHER,True,False,NEUTRAL,0.0,0.5,,v3.0,,,
HFCL,NSE_CORP_ANN,,Updates,"HFCL Limited has informed the Exchange regarding 'Outcome of Fund Raising Committee Meeting of Directors held on today i.e. December 22, 2025'.","Updates HFCL Limited has informed the Exchange regarding 'Outcome of Fund Raising Committee Meeting of Directors held on today i.e. December 22, 2025'.",OTHER,False,False,NEUTRAL,0.0,0.5,,v3.0,,,
HFCL,NSE_CORP_ANN,,Updates,"HFCL Limited has informed the Exchange regarding 'Outcome of the Meeting of Fund Raising Committee of Directors held today i.e. December 22, 2025'.","Updates HFCL Limited has informed the Exchange regarding 'Outcome of the Meeting of Fund Raising Committee of Directors held today i.e. December 22, 2025'.",OTHER,False,False,NEUTRAL,0.0,0.5,,v3.0,,,
HAVELLS,NSE_CORP_ANN,,Trading Window,"Havells India Limited has informed the Exchange regarding the Trading Window closure pursuant to SEBI (Prohibition of Insider Trading) Regulations, 2015","Trading Window Havells India Limited has informed the Exchange regarding the Trading Window closure pursuant to SEBI (Prohibition of Insider Trading) Regulations, 2015",OTHER,True,False,NEUTRAL,0.0,0.5,,v3.0,,,
HEROMOTOCO,NSE_CORP_ANN,,Trading Window,"Hero MotoCorp Limited has informed the Exchange regarding the Trading Window closure pursuant to SEBI (Prohibition of Insider Trading) Regulations, 2015","Trading Window Hero MotoCorp Limited has informed the Exchange regarding the Trading Window closure pursuant to SEBI (Prohibition of Insider Trading) Regulations, 2015",OTHER,True,False,NEUTRAL,0.0,0.5,,v3.0,,,
HINDPETRO,NSE_CORP_ANN,,Trading Window,"Hindustan Petroleum Corporation Limited has informed the Exchange regarding the Trading Window closure pursuant to SEBI (Prohibition of Insider Trading) Regulations, 2015","Trading Window Hindustan Petroleum Corporation Limited has informed the Exchange regarding the Trading Window closure pursuant to SEBI (Prohibition of Insider Trading) Regulations, 2015",OTHER,True,False,NEUTRAL,0.0,0.5,,v3.0,,,
HINDZINC,NSE_CORP_ANN,,Action(s) taken or orders passed,Hindustan Zinc Limited has informed the Exchange about Action(s) taken or orders passed,Action(s) taken or orders passed Hindustan Zinc Limited has informed the Exchange about Action(s) taken or orders passed,OTHER,False,False,NEUTRAL,0.0,0.5,,v3.0,,,
HINDZINC,NSE_CORP_ANN,,General Updates,"Hindustan Zinc Limited has informed the Exchange about Intimation under the Securities and Exchange Board of India (Listing Obligations and Disclosure Requirements) Regulations, 2015 ( Listing Regulations )   ESG Rating(s)","General Updates Hindustan Zinc Limited has informed the Exchange about Intimation under the Securities and Exchange Board of India (Listing Obligations and Disclosure Requirements) Regulations, 2015 ( Listing Regulations ) ESG Rating(s)",OTHER,False,False,NEUTRAL,0.0,0.5,,v3.0,,,
HINDZINC,NSE_CORP_ANN,,Shareholders meeting,"Hindustan Zinc Limited has submitted the Exchange a copy Srutinizers report of  Postal Ballot. Further, the company has informed the Exchange regarding voting results.","Shareholders meeting Hindustan Zinc Limited has submitted the Exchange a copy Srutinizers report of Postal Ballot. Further, the company has informed the Exchange regarding voting results.",OTHER,True,False,NEUTRAL,0.0,0.5,,v3.0,,,
HUDCO,NSE_CORP_ANN,,Trading Window,"Housing & Urban Development Corporation Limited has informed the Exchange regarding the Trading Window closure pursuant to SEBI (Prohibition of Insider Trading) Regulations, 2015","Trading Window Housing & Urban Development Corporation Limited has informed the Exchange regarding the Trading Window closure pursuant to SEBI (Prohibition of Insider Trading) Regulations, 2015",OTHER,True,False,NEUTRAL,0.0,0.5,,v3.0,,,
HUDCO,NSE_CORP_ANN,,Updates,Housing & Urban Development Corporation Limited has informed the Exchange regarding 'Report on Re-lodgement of transfer request for physical shares'.,Updates Housing & Urban Development Corporation Limited has informed the Exchange regarding 'Report on Re-lodgement of transfer request for physical shares'.,OTHER,False,False,NEUTRAL,0.0,0.5,,v3.0,,,
ICICIBANK,NSE_CORP_ANN,,Updates,ICICI Bank Limited has informed the Exchange regarding 'Filing of Semi- Annual Report with Director of Kanto Local Finance Bureau'.,Updates ICICI Bank Limited has informed the Exchange regarding 'Filing of Semi- Annual Report with Director of Kanto Local Finance Bureau'.,OTHER,False,False,NEUTRAL,0.0,0.5,,v3.0,,,
ICICIBANK,NSE_CORP_ANN,,ESOP/ESOS/ESPS,ICICI Bank Limited has informed the Exchange regarding Allotment of 480952  Shares.,ESOP/ESOS/ESPS ICICI Bank Limited has informed the Exchange regarding Allotment of 480952 Shares.,OTHER,True,False,NEUTRAL,0.0,0.5,,v3.0,,,
ICICIBANK,NSE_CORP_ANN,,Trading Window,"ICICI Bank Limited has informed the Exchange regarding the Trading Window closure pursuant to SEBI (Prohibition of Insider Trading) Regulations, 2015","Trading Window ICICI Bank Limited has informed the Exchange regarding the Trading Window closure pursuant to SEBI (Prohibition of Insider Trading) Regulations, 2015",OTHER,True,False,NEUTRAL,0.0,0.5,,v3.0,,,
ICICIGI,NSE_CORP_ANN,,Action(s) taken or orders passed,ICICI Lombard General Insurance Company Limited has informed the Exchange about Action(s) taken or orders passed,Action(s) taken or orders passed ICICI Lombard General Insurance Company Limited has informed the Exchange about Action(s) taken or orders passed,OTHER,False,False,NEUTRAL,0.0,0.5,,v3.0,,,
ICICIGI,NSE_CORP_ANN,,Action(s) taken or orders passed,ICICI Lombard General Insurance Company Limited has informed the Exchange about Action(s) taken or orders passed,Action(s) taken or orders passed ICICI Lombard General Insurance Company Limited has informed the Exchange about Action(s) taken or orders passed,OTHER,False,False,NEUTRAL,0.0,0.5,,v3.0,,,
ICICIGI,NSE_CORP_ANN,,Trading Window,"ICICI Lombard General Insurance Company Limited has informed the Exchange regarding the Trading Window closure pursuant to SEBI (Prohibition of Insider Trading) Regulations, 2015","Trading Window ICICI Lombard General Insurance Company Limited has informed the Exchange regarding the Trading Window closure pursuant to SEBI (Prohibition of Insider Trading) Regulations, 2015",OTHER,True,False,NEUTRAL,0.0,0.5,,v3.0,,,
ICICIGI,NSE_CORP_ANN,,ESOP/ESOS/ESPS,ICICI Lombard General Insurance Company Limited has informed the Exchange regarding  allotment of 40020 equity shares.,ESOP/ESOS/ESPS ICICI Lombard General Insurance Company Limited has informed the Exchange regarding allotment of 40020 equity shares.,OTHER,True,False,NEUTRAL,0.0,0.5,,v3.0,,,
ICICIPRULI,NSE_CORP_ANN,,Action(s) taken or orders passed,ICICI Prudential Life Insurance Company Limited has informed the Exchange about Action(s) taken or orders passed,Action(s) taken or orders passed ICICI Prudential Life Insurance Company Limited has informed the Exchange about Action(s) taken or orders passed,OTHER,False,False,NEUTRAL,0.0,0.5,,v3.0,,,
ICICIPRULI,NSE_CORP_ANN,,Action(s) taken or orders passed,ICICI Prudential Life Insurance Company Limited has informed the Exchange about Action(s) taken or orders passed,Action(s) taken or orders passed ICICI Prudential Life Insurance Company Limited has informed the Exchange about Action(s) taken or orders passed,OTHER,False,False,NEUTRAL,0.0,0.5,,v3.0,,,
ICICIPRULI,NSE_CORP_ANN,,Trading Window,"ICICI Prudential Life Insurance Company Limited has informed the Exchange regarding the Trading Window closure pursuant to SEBI (Prohibition of Insider Trading) Regulations, 2015","Trading Window ICICI Prudential Life Insurance Company Limited has informed the Exchange regarding the Trading Window closure pursuant to SEBI (Prohibition of Insider Trading) Regulations, 2015",OTHER,True,False,NEUTRAL,0.0,0.5,,v3.0,,,
ICICIPRULI,NSE_CORP_ANN,,Action(s) taken or orders passed,ICICI Prudential Life Insurance Company Limited has informed the Exchange about Action(s) taken or orders passed,Action(s) taken or orders passed ICICI Prudential Life Insurance Company Limited has informed the Exchange about Action(s) taken or orders passed,OTHER,False,False,NEUTRAL,0.0,0.5,,v3.0,,,
ICICIPRULI,NSE_CORP_ANN,,Action(s) taken or orders passed,ICICI Prudential Life Insurance Company Limited has informed the Exchange about Action(s) taken or orders passed,Action(s) taken or orders passed ICICI Prudential Life Insurance Company Limited has informed the Exchange about Action(s) taken or orders passed,OTHER,False,False,NEUTRAL,0.0,0.5,,v3.0,,,
ICICIPRULI,NSE_CORP_ANN,,ESOP/ESOS/ESPS,ICICI Prudential Life Insurance Company Limited has informed the Exchange regarding allotment of 161107 shares.,ESOP/ESOS/ESPS ICICI Prudential Life Insurance Company Limited has informed the Exchange regarding allotment of 161107 shares.,OTHER,True,False,NEUTRAL,0.0,0.5,,v3.0,,,
IDFCFIRSTB,NSE_CORP_ANN,,Trading Window,"IDFC First Bank Limited has informed the Exchange regarding the Trading Window closure pursuant to SEBI (Prohibition of Insider Trading) Regulations, 2015","Trading Window IDFC First Bank Limited has informed the Exchange regarding the Trading Window closure pursuant to SEBI (Prohibition of Insider Trading) Regulations, 2015",OTHER,True,False,NEUTRAL,0.0,0.5,,v3.0,,,
IDFCFIRSTB,NSE_CORP_ANN,,ESOP/ESOS/ESPS,IDFC First Bank Limited has informed the Exchange regarding Allotment of 796222  Shares.,ESOP/ESOS/ESPS IDFC First Bank Limited has informed the Exchange regarding Allotment of 796222 Shares.,OTHER,True,False,NEUTRAL,0.0,0.5,,v3.0,,,
IIFL,NSE_CORP_ANN,,Trading Window,"IIFL Finance Limited has informed the Exchange regarding the Trading Window closure pursuant to SEBI (Prohibition of Insider Trading) Regulations, 2015","Trading Window IIFL Finance Limited has informed the Exchange regarding the Trading Window closure pursuant to SEBI (Prohibition of Insider Trading) Regulations, 2015",OTHER,True,False,NEUTRAL,0.0,0.5,,v3.0,,,
IIFL,NSE_CORP_ANN,,Credit Rating,IIFL Finance Limited has informed the Exchange about Credit Rating,Credit Rating IIFL Finance Limited has informed the Exchange about Credit Rating,OTHER,False,False,NEUTRAL,0.0,0.5,,v3.0,,,
IIFL,NSE_CORP_ANN,,Outcome of Board Meeting,"IIFL Finance Limited has informed the Exchange regarding Outcome of Finance Committee meeting held on December 22, 2025.","Outcome of Board Meeting IIFL Finance Limited has informed the Exchange regarding Outcome of Finance Committee meeting held on December 22, 2025.",OTHER,True,False,NEUTRAL,0.0,0.5,,v3.0,,,
IIFL,NSE_CORP_ANN,,Outcome of Board Meeting,"IIFL Finance Limited has informed the Exchange regarding Outcome of Finance Committee Meeting held on December 22, 2025.","Outcome of Board Meeting IIFL Finance Limited has informed the Exchange regarding Outcome of Finance Committee Meeting held on December 22, 2025.",OTHER,True,False,NEUTRAL,0.0,0.5,,v3.0,,,
IIFL,NSE_CORP_ANN,,Credit Rating,IIFL Finance Limited has informed the Exchange about Credit Rating,Credit Rating IIFL Finance Limited has informed the Exchange about Credit Rating,OTHER,False,False,NEUTRAL,0.0,0.5,,v3.0,,,
ITC,NSE_CORP_ANN,,Trading Window,"ITC Limited has informed the Exchange regarding the Trading Window closure pursuant to SEBI (Prohibition of Insider Trading) Regulations, 2015","Trading Window ITC Limited has informed the Exchange regarding the Trading Window closure pursuant to SEBI (Prohibition of Insider Trading) Regulations, 2015",OTHER,True,False,NEUTRAL,0.0,0.5,,v3.0,,,
INDIANB,NSE_CORP_ANN,,Trading Window,"Indian Bank has informed the Exchange regarding the Trading Window closure pursuant to SEBI (Prohibition of Insider Trading) Regulations, 2015","Trading Window Indian Bank has informed the Exchange regarding the Trading Window closure pursuant to SEBI (Prohibition of Insider Trading) Regulations, 2015",OTHER,True,False,NEUTRAL,0.0,0.5,,v3.0,,,
IEX,NSE_CORP_ANN,,Trading Window,"Indian Energy Exchange Limited has informed the Exchange regarding the Trading Window closure pursuant to SEBI (Prohibition of Insider Trading) Regulations, 2015","Trading Window Indian Energy Exchange Limited has informed the Exchange regarding the Trading Window closure pursuant to SEBI (Prohibition of Insider Trading) Regulations, 2015",OTHER,True,False,NEUTRAL,0.0,0.5,,v3.0,,,
IEX,NSE_CORP_ANN,,Analysts/Institutional Investor Meet/Con. Call Updates,Indian Energy Exchange Limited has informed the Exchange about Schedule of meet,Analysts/Institutional Investor Meet/Con. Call Updates Indian Energy Exchange Limited has informed the Exchange about Schedule of meet,OTHER,True,False,NEUTRAL,0.0,0.5,,v3.0,,,
IOC,NSE_CORP_ANN,,Trading Window,"Indian Oil Corporation Limited has informed the Exchange regarding the Trading Window closure pursuant to SEBI (Prohibition of Insider Trading) Regulations, 2015","Trading Window Indian Oil Corporation Limited has informed the Exchange regarding the Trading Window closure pursuant to SEBI (Prohibition of Insider Trading) Regulations, 2015",OTHER,True,False,NEUTRAL,0.0,0.5,,v3.0,,,
IRCTC,NSE_CORP_ANN,,Change in Management,Indian Railway Catering And Tourism Corporation Limited has informed the Exchange about change in Senior Management-Cessation.,Change in Management Indian Railway Catering And Tourism Corporation Limited has informed the Exchange about change in Senior Management-Cessation.,OTHER,False,False,NEUTRAL,0.0,0.5,,v3.0,,,
IRCTC,NSE_CORP_ANN,,Trading Window,"Indian Railway Catering And Tourism Corporation Limited has informed the Exchange regarding the Trading Window closure pursuant to SEBI (Prohibition of Insider Trading) Regulations, 2015","Trading Window Indian Railway Catering And Tourism Corporation Limited has informed the Exchange regarding the Trading Window closure pursuant to SEBI (Prohibition of Insider Trading) Regulations, 2015",OTHER,True,False,NEUTRAL,0.0,0.5,,v3.0,,,
IRFC,NSE_CORP_ANN,,Trading Window,"Indian Railway Finance Corporation Limited has informed the Exchange regarding the Trading Window closure pursuant to SEBI (Prohibition of Insider Trading) Regulations, 2015","Trading Window Indian Railway Finance Corporation Limited has informed the Exchange regarding the Trading Window closure pursuant to SEBI (Prohibition of Insider Trading) Regulations, 2015",OTHER,True,False,NEUTRAL,0.0,0.5,,v3.0,,,
IRFC,NSE_CORP_ANN,,Press Release,"Indian Railway Finance Corporation Limited has informed the Exchange regarding a press release dated December 24, 2025, titled ""IRFC Executes Landmark Refinancing of World Bank Loan for Dedicated Freight Corridor Project"".","Press Release Indian Railway Finance Corporation Limited has informed the Exchange regarding a press release dated December 24, 2025, titled ""IRFC Executes Landmark Refinancing of World Bank Loan for Dedicated Freight Corridor Project"".",OTHER,False,False,NEUTRAL,0.0,0.5,,v3.0,,,
IREDA,NSE_CORP_ANN,,Trading Window,"Indian Renewable Energy Development Agency Limited has informed the Exchange regarding the Trading Window closure pursuant to SEBI (Prohibition of Insider Trading) Regulations, 2015","Trading Window Indian Renewable Energy Development Agency Limited has informed the Exchange regarding the Trading Window closure pursuant to SEBI (Prohibition of Insider Trading) Regulations, 2015",OTHER,True,False,NEUTRAL,0.0,0.5,,v3.0,,,
INDUSTOWER,NSE_CORP_ANN,,Trading Window,"Indus Towers Limited has informed the Exchange regarding the Trading Window closure pursuant to SEBI (Prohibition of Insider Trading) Regulations, 2015","Trading Window Indus Towers Limited has informed the Exchange regarding the Trading Window closure pursuant to SEBI (Prohibition of Insider Trading) Regulations, 2015",OTHER,True,False,NEUTRAL,0.0,0.5,,v3.0,,,
INDUSTOWER,NSE_CORP_ANN,,General Updates,Indus Towers Limited has informed the Exchange regarding ESG Rating,General Updates Indus Towers Limited has informed the Exchange regarding ESG Rating,OTHER,False,False,NEUTRAL,0.0,0.5,,v3.0,,,
INDUSINDBK,NSE_CORP_ANN,,General Updates,"Indusind Bank Limited has informed the Exchange about intimation under Regulation 30 of the SEBI (Listing Obligations and Disclosure Requirements) Regulations, 2015","General Updates Indusind Bank Limited has informed the Exchange about intimation under Regulation 30 of the SEBI (Listing Obligations and Disclosure Requirements) Regulations, 2015",OTHER,False,False,NEUTRAL,0.0,0.5,,v3.0,,,
NAUKRI,NSE_CORP_ANN,,Acquisition,"Info Edge (India) Limited has informed the Exchange about disclosure under Regulation 30 of the Securities and Exchange Board of India (Listing Obligations and Disclosure Requirements) Regulations, 2015","Acquisition Info Edge (India) Limited has informed the Exchange about disclosure under Regulation 30 of the Securities and Exchange Board of India (Listing Obligations and Disclosure Requirements) Regulations, 2015",OTHER,False,False,NEUTRAL,0.0,0.5,,v3.0,,,
INFY,NSE_CORP_ANN,,General Updates,Infosys Limited has informed the Exchange about Update on McCamish Cyber Incident,General Updates Infosys Limited has informed the Exchange about Update on McCamish Cyber Incident,OTHER,False,False,NEUTRAL,0.0,0.5,,v3.0,,,
INDIGO,NSE_CORP_ANN,,Trading Window,"InterGlobe Aviation Limited has informed the Exchange regarding the Trading Window closure pursuant to SEBI (Prohibition of Insider Trading) Regulations, 2015","Trading Window InterGlobe Aviation Limited has informed the Exchange regarding the Trading Window closure pursuant to SEBI (Prohibition of Insider Trading) Regulations, 2015",OTHER,True,False,NEUTRAL,0.0,0.5,,v3.0,,,
INDIGO,NSE_CORP_ANN,,Action(s) taken or orders passed,InterGlobe Aviation Limited has informed the Exchange about Action(s) taken or orders passed,Action(s) taken or orders passed InterGlobe Aviation Limited has informed the Exchange about Action(s) taken or orders passed,OTHER,False,False,NEUTRAL,0.0,0.5,,v3.0,,,
INDIGO,NSE_CORP_ANN,,General Updates,InterGlobe Aviation Limited has informed the Exchange about General Updates,General Updates InterGlobe Aviation Limited has informed the Exchange about General Updates,OTHER,False,False,NEUTRAL,0.0,0.5,,v3.0,,,
JINDALSTEL,NSE_CORP_ANN,,General Updates,JINDAL STEEL LIMITED has informed the Exchange about General Updates,General Updates JINDAL STEEL LIMITED has informed the Exchange about General Updates,OTHER,False,False,NEUTRAL,0.0,0.5,,v3.0,,,
JSWENERGY,NSE_CORP_ANN,,Copy of Newspaper Publication,JSW Energy Limited has informed the Exchange about Copy of Newspaper Publication of Corrigendum to the Notice of Extraordinary General Meeting,Copy of Newspaper Publication JSW Energy Limited has informed the Exchange about Copy of Newspaper Publication of Corrigendum to the Notice of Extraordinary General Meeting,OTHER,True,False,NEUTRAL,0.0,0.5,,v3.0,,,
JSWENERGY,NSE_CORP_ANN,,Corrigendum,"JSW Energy Limited has informed the Exchange regarding Corrigendum to Notice of Extra Ordinary General Meeting to be held on January 03, 2026","Corrigendum JSW Energy Limited has informed the Exchange regarding Corrigendum to Notice of Extra Ordinary General Meeting to be held on January 03, 2026",OTHER,False,False,NEUTRAL,0.0,0.5,,v3.0,,,
JSWENERGY,NSE_CORP_ANN,,General Updates,"JSW Energy Limited has informed the Exchange about Update - Material litigation under Regulation 30(4) of the Securities Exchange Board of India (Listing Obligations and Disclosure Requirements) Regulations, 2015 ( Listing Regulations )","General Updates JSW Energy Limited has informed the Exchange about Update - Material litigation under Regulation 30(4) of the Securities Exchange Board of India (Listing Obligations and Disclosure Requirements) Regulations, 2015 ( Listing Regulations )",OTHER,False,True,WATCH,7.0,0.95,PATTERN_MATCH_litigation,v3.0,,,
JSWSTEEL,NSE_CORP_ANN,,Credit Rating- New,JSW Steel Limited has informed the Exchange about Credit Rating- New,Credit Rating- New JSW Steel Limited has informed the Exchange about Credit Rating- New,OTHER,False,False,NEUTRAL,0.0,0.5,,v3.0,,,
JSWSTEEL,NSE_CORP_ANN,,Credit Rating- New,JSW Steel Limited has informed the Exchange about Credit Rating- New,Credit Rating- New JSW Steel Limited has informed the Exchange about Credit Rating- New,OTHER,False,False,NEUTRAL,0.0,0.5,,v3.0,,,
JSWSTEEL,NSE_CORP_ANN,,Trading Window,"JSW Steel Limited has informed the Exchange regarding the Trading Window closure pursuant to SEBI (Prohibition of Insider Trading) Regulations, 2015","Trading Window JSW Steel Limited has informed the Exchange regarding the Trading Window closure pursuant to SEBI (Prohibition of Insider Trading) Regulations, 2015",OTHER,True,False,NEUTRAL,0.0,0.5,,v3.0,,,
JIOFIN,NSE_CORP_ANN,,Acquisition,"Investment in Jio Leasing Services Limited, wholly owned subsidiary of the Company","Acquisition Investment in Jio Leasing Services Limited, wholly owned subsidiary of the Company",OTHER,False,False,NEUTRAL,0.0,0.5,,v3.0,,,
JUBLFOOD,NSE_CORP_ANN,,Action(s) initiated or orders passed,"Jubilant FoodWorks Limited has informed the Exchange about Disclosure under Regulation 30 of the SEBI (Listing Obligations and Disclosure Requirements) Regulations, 2015","Action(s) initiated or orders passed Jubilant FoodWorks Limited has informed the Exchange about Disclosure under Regulation 30 of the SEBI (Listing Obligations and Disclosure Requirements) Regulations, 2015",OTHER,False,False,NEUTRAL,0.0,0.5,,v3.0,,,
JUBLFOOD,NSE_CORP_ANN,,Trading Window,"Jubilant Foodworks Limited has informed the Exchange regarding the Trading Window closure pursuant to SEBI (Prohibition of Insider Trading) Regulations, 2015","Trading Window Jubilant Foodworks Limited has informed the Exchange regarding the Trading Window closure pursuant to SEBI (Prohibition of Insider Trading) Regulations, 2015",OTHER,True,False,NEUTRAL,0.0,0.5,,v3.0,,,
KEI,NSE_CORP_ANN,,Trading Window,"KEI Industries Limited has informed the Exchange regarding the Trading Window closure pursuant to SEBI (Prohibition of Insider Trading) Regulations, 2015","Trading Window KEI Industries Limited has informed the Exchange regarding the Trading Window closure pursuant to SEBI (Prohibition of Insider Trading) Regulations, 2015",OTHER,True,False,NEUTRAL,0.0,0.5,,v3.0,,,
KEI,NSE_CORP_ANN,,Updates,KEI Industries Limited has informed the Exchange regarding 'Report on Transfer Requests of Physical Shares re-lodged under the special window'.,Updates KEI Industries Limited has informed the Exchange regarding 'Report on Transfer Requests of Physical Shares re-lodged under the special window'.,OTHER,False,False,NEUTRAL,0.0,0.5,,v3.0,,,
KPITTECH,NSE_CORP_ANN,,Trading Window,"KPIT Technologies Limited has informed the Exchange regarding the Trading Window closure pursuant to SEBI (Prohibition of Insider Trading) Regulations, 2015","Trading Window KPIT Technologies Limited has informed the Exchange regarding the Trading Window closure pursuant to SEBI (Prohibition of Insider Trading) Regulations, 2015",OTHER,True,False,NEUTRAL,0.0,0.5,,v3.0,,,
KALYANKJIL,NSE_CORP_ANN,,Trading Window,"Kalyan Jewellers India Limited has informed the Exchange regarding the Trading Window closure pursuant to SEBI (Prohibition of Insider Trading) Regulations, 2015","Trading Window Kalyan Jewellers India Limited has informed the Exchange regarding the Trading Window closure pursuant to SEBI (Prohibition of Insider Trading) Regulations, 2015",OTHER,True,False,NEUTRAL,0.0,0.5,,v3.0,,,
KAYNES,NSE_CORP_ANN,,Trading Window,"Kaynes Technology India Limited has informed the Exchange regarding the Trading Window closure pursuant to SEBI (Prohibition of Insider Trading) Regulations, 2015","Trading Window Kaynes Technology India Limited has informed the Exchange regarding the Trading Window closure pursuant to SEBI (Prohibition of Insider Trading) Regulations, 2015",OTHER,True,False,NEUTRAL,0.0,0.5,,v3.0,,,
KFINTECH,NSE_CORP_ANN,,Trading Window,"Kfin Technologies Limited has informed the Exchange regarding the Trading Window closure pursuant to SEBI (Prohibition of Insider Trading) Regulations, 2015","Trading Window Kfin Technologies Limited has informed the Exchange regarding the Trading Window closure pursuant to SEBI (Prohibition of Insider Trading) Regulations, 2015",OTHER,True,False,NEUTRAL,0.0,0.5,,v3.0,,,
KOTAKBANK,NSE_CORP_ANN,,Record Date,Kotak Mahindra Bank Limited has informed the Exchange that Record date for the purpose of Split/Subdivision  is 14-Jan-2026.,Record Date Kotak Mahindra Bank Limited has informed the Exchange that Record date for the purpose of Split/Subdivision is 14-Jan-2026.,OTHER,True,False,NEUTRAL,0.0,0.5,,v3.0,,,
KOTAKBANK,NSE_CORP_ANN,,Amendment to AOA/MOA,Kotak Mahindra Bank Limited has informed the Exchange regarding the Amendment to AOA/MOA of the company.,Amendment to AOA/MOA Kotak Mahindra Bank Limited has informed the Exchange regarding the Amendment to AOA/MOA of the company.,OTHER,True,False,NEUTRAL,0.0,0.5,,v3.0,,,
KOTAKBANK,NSE_CORP_ANN,,Shareholders meeting,Kotak Mahindra Bank Limited has submitted the Exchange a copy of Srutinizers report of  Postal Ballot .,Shareholders meeting Kotak Mahindra Bank Limited has submitted the Exchange a copy of Srutinizers report of Postal Ballot .,OTHER,False,False,NEUTRAL,0.0,0.5,,v3.0,,,
KOTAKBANK,NSE_CORP_ANN,,Copy of Newspaper Publication,Kotak Mahindra Bank Limited has informed the Exchange about Copy of Newspaper Clipping - Special Window for Re-lodgement of Transfer  Requests of Physical Shares of the Bank,Copy of Newspaper Publication Kotak Mahindra Bank Limited has informed the Exchange about Copy of Newspaper Clipping - Special Window for Re-lodgement of Transfer Requests of Physical Shares of the Bank,OTHER,True,False,NEUTRAL,0.0,0.5,,v3.0,,,
KOTAKBANK,NSE_CORP_ANN,,Action(s) taken or orders passed,"Intimation under Regulation 30 of the SEBI (Listing Obligations and Disclosure Requirements) Regulations, 2015","Action(s) taken or orders passed Intimation under Regulation 30 of the SEBI (Listing Obligations and Disclosure Requirements) Regulations, 2015",OTHER,False,False,NEUTRAL,0.0,0.5,,v3.0,,,
LICHSGFIN,NSE_CORP_ANN,,Trading Window,"LIC Housing Finance Limited has informed the Exchange regarding the Trading Window closure pursuant to SEBI (Prohibition of Insider Trading) Regulations, 2015","Trading Window LIC Housing Finance Limited has informed the Exchange regarding the Trading Window closure pursuant to SEBI (Prohibition of Insider Trading) Regulations, 2015",OTHER,True,False,NEUTRAL,0.0,0.5,,v3.0,,,
LT,NSE_CORP_ANN,,Trading Window,"Larsen & Toubro Limited has informed the Exchange regarding the Trading Window closure pursuant to SEBI (Prohibition of Insider Trading) Regulations, 2015","Trading Window Larsen & Toubro Limited has informed the Exchange regarding the Trading Window closure pursuant to SEBI (Prohibition of Insider Trading) Regulations, 2015",OTHER,True,False,NEUTRAL,0.0,0.5,,v3.0,,,
LT,NSE_CORP_ANN,,Bagging/Receiving of orders/contracts,Larsen & Toubro Limited has informed the Exchange about Bagging/Receiving of orders/contracts,Bagging/Receiving of orders/contracts Larsen & Toubro Limited has informed the Exchange about Bagging/Receiving of orders/contracts,OTHER,False,False,NEUTRAL,0.0,0.5,,v3.0,,,
LT,NSE_CORP_ANN,,Bagging/Receiving of orders/contracts,Larsen & Toubro Limited has informed the Exchange about Bagging/Receiving of orders/contracts,Bagging/Receiving of orders/contracts Larsen & Toubro Limited has informed the Exchange about Bagging/Receiving of orders/contracts,OTHER,False,False,NEUTRAL,0.0,0.5,,v3.0,,,
LAURUSLABS,NSE_CORP_ANN,,General Updates,Laurus Labs Limited has informed the Exchange about Update on Acquisition,General Updates Laurus Labs Limited has informed the Exchange about Update on Acquisition,OTHER,False,False,NEUTRAL,0.0,0.5,,v3.0,,,
LAURUSLABS,NSE_CORP_ANN,,General Updates,Laurus Labs Limited has informed the Exchange about Update on Acquisition,General Updates Laurus Labs Limited has informed the Exchange about Update on Acquisition,OTHER,False,False,NEUTRAL,0.0,0.5,,v3.0,,,
LICI,NSE_CORP_ANN,,Trading Window,"Life Insurance Corporation Of India has informed the Exchange regarding the Trading Window closure pursuant to SEBI (Prohibition of Insider Trading) Regulations, 2015","Trading Window Life Insurance Corporation Of India has informed the Exchange regarding the Trading Window closure pursuant to SEBI (Prohibition of Insider Trading) Regulations, 2015",OTHER,True,False,NEUTRAL,0.0,0.5,,v3.0,,,
LODHA,NSE_CORP_ANN,,Granting/withdrawal/surrender/cancellation/suspension of key licenses/ regulatory approvals,Lodha Developers Limited has informed the Exchange about Granting/withdrawal/surrender/cancellation/suspension of key licenses/ regulatory approvals,Granting/withdrawal/surrender/cancellation/suspension of key licenses/ regulatory approvals Lodha Developers Limited has informed the Exchange about Granting/withdrawal/surrender/cancellation/suspension of key licenses/ regulatory approvals,OTHER,False,False,NEUTRAL,0.0,0.5,,v3.0,,,
LODHA,NSE_CORP_ANN,,Allotment of Securities,"Lodha Developers Limited has informed the Exchange regarding allotment of 42630 securities pursuant to ESOP/ESPS at its meeting held on December 24, 2025","Allotment of Securities Lodha Developers Limited has informed the Exchange regarding allotment of 42630 securities pursuant to ESOP/ESPS at its meeting held on December 24, 2025",OTHER,True,False,NEUTRAL,0.0,0.5,,v3.0,,,
LODHA,NSE_CORP_ANN,,Trading Window,"Lodha Developers Limited has informed the Exchange regarding the Trading Window closure pursuant to SEBI (Prohibition of Insider Trading) Regulations, 2015","Trading Window Lodha Developers Limited has informed the Exchange regarding the Trading Window closure pursuant to SEBI (Prohibition of Insider Trading) Regulations, 2015",OTHER,True,False,NEUTRAL,0.0,0.5,,v3.0,,,
LUPIN,NSE_CORP_ANN,,Trading Window,"Lupin Limited has informed the Exchange regarding the Trading Window closure pursuant to SEBI (Prohibition of Insider Trading) Regulations, 2015","Trading Window Lupin Limited has informed the Exchange regarding the Trading Window closure pursuant to SEBI (Prohibition of Insider Trading) Regulations, 2015",OTHER,True,False,NEUTRAL,0.0,0.5,,v3.0,,,
M&M,NSE_CORP_ANN,,Trading Window,"Mahindra & Mahindra Limited has informed the Exchange regarding the Trading Window closure pursuant to SEBI (Prohibition of Insider Trading) Regulations, 2015","Trading Window Mahindra & Mahindra Limited has informed the Exchange regarding the Trading Window closure pursuant to SEBI (Prohibition of Insider Trading) Regulations, 2015",OTHER,True,False,NEUTRAL,0.0,0.5,,v3.0,,,
M&M,NSE_CORP_ANN,,Updates,Mahindra & Mahindra Limited has informed the Exchange regarding 'Transfer of Equity Shares by Mahindra & Mahindra Employees  Stock Option Trust to the Stock Option Grantees'.,Updates Mahindra & Mahindra Limited has informed the Exchange regarding 'Transfer of Equity Shares by Mahindra & Mahindra Employees Stock Option Trust to the Stock Option Grantees'.,OTHER,False,False,NEUTRAL,0.0,0.5,,v3.0,,,
MANAPPURAM,NSE_CORP_ANN,,Trading Window,"Manappuram Finance Limited has informed the Exchange regarding the Trading Window closure pursuant to SEBI (Prohibition of Insider Trading) Regulations, 2015","Trading Window Manappuram Finance Limited has informed the Exchange regarding the Trading Window closure pursuant to SEBI (Prohibition of Insider Trading) Regulations, 2015",OTHER,True,False,NEUTRAL,0.0,0.5,,v3.0,,,
MANAPPURAM,NSE_CORP_ANN,,Change in Management,Manappuram Finance Limited has informed the Exchange about change in Management,Change in Management Manappuram Finance Limited has informed the Exchange about change in Management,OTHER,False,False,NEUTRAL,0.0,0.5,,v3.0,,,
MANAPPURAM,NSE_CORP_ANN,,Outcome of Board Meeting,"Manappuram Finance Limited has informed the Exchange regarding Outcome of Board Meeting held on December 26, 2025.","Outcome of Board Meeting Manappuram Finance Limited has informed the Exchange regarding Outcome of Board Meeting held on December 26, 2025.",OTHER,True,False,NEUTRAL,0.0,0.5,,v3.0,,,
MANKIND,NSE_CORP_ANN,,Trading Window,"Mankind Pharma Limited has informed the Exchange regarding the Trading Window closure pursuant to SEBI (Prohibition of Insider Trading) Regulations, 2015","Trading Window Mankind Pharma Limited has informed the Exchange regarding the Trading Window closure pursuant to SEBI (Prohibition of Insider Trading) Regulations, 2015",OTHER,True,False,NEUTRAL,0.0,0.5,,v3.0,,,
MARUTI,NSE_CORP_ANN,,Trading Window,"Maruti Suzuki India Limited has informed the Exchange regarding the Trading Window closure pursuant to SEBI (Prohibition of Insider Trading) Regulations, 2015","Trading Window Maruti Suzuki India Limited has informed the Exchange regarding the Trading Window closure pursuant to SEBI (Prohibition of Insider Trading) Regulations, 2015",OTHER,True,False,NEUTRAL,0.0,0.5,,v3.0,,,
MARUTI,NSE_CORP_ANN,,General Updates,"Maruti Suzuki India Limited has informed the Exchange about Intimation under Regulation 30 of the SEBI (Listing Obligations and Disclosure Requirements) Regulations, 2015","General Updates Maruti Suzuki India Limited has informed the Exchange about Intimation under Regulation 30 of the SEBI (Listing Obligations and Disclosure Requirements) Regulations, 2015",OTHER,False,False,NEUTRAL,0.0,0.5,,v3.0,,,
MFSL,NSE_CORP_ANN,,Trading Window,"Max Financial Services Limited has informed the Exchange regarding the Trading Window closure pursuant to SEBI (Prohibition of Insider Trading) Regulations, 2015","Trading Window Max Financial Services Limited has informed the Exchange regarding the Trading Window closure pursuant to SEBI (Prohibition of Insider Trading) Regulations, 2015",OTHER,True,False,NEUTRAL,0.0,0.5,,v3.0,,,
MFSL,NSE_CORP_ANN,,Shareholders meeting,"Declaration of Postal Ballot Results with respect to Postal Ballot Notice dated November 11, 2025","Shareholders meeting Declaration of Postal Ballot Results with respect to Postal Ballot Notice dated November 11, 2025",OTHER,False,False,NEUTRAL,0.0,0.5,,v3.0,,,
MAZDOCK,NSE_CORP_ANN,,Trading Window,"Mazagon Dock Shipbuilders Limited has informed the Exchange regarding the Trading Window closure pursuant to SEBI (Prohibition of Insider Trading) Regulations, 2015","Trading Window Mazagon Dock Shipbuilders Limited has informed the Exchange regarding the Trading Window closure pursuant to SEBI (Prohibition of Insider Trading) Regulations, 2015",OTHER,True,False,NEUTRAL,0.0,0.5,,v3.0,,,
MPHASIS,NSE_CORP_ANN,,Action(s) taken or orders passed,MphasiS Limited has informed the Exchange about Action(s) taken or orders passed,Action(s) taken or orders passed MphasiS Limited has informed the Exchange about Action(s) taken or orders passed,OTHER,False,False,NEUTRAL,0.0,0.5,,v3.0,,,
MPHASIS,NSE_CORP_ANN,,Analysts/Institutional Investor Meet/Con. Call Updates,MphasiS Limited has informed the Exchange about Schedule of meet,Analysts/Institutional Investor Meet/Con. Call Updates MphasiS Limited has informed the Exchange about Schedule of meet,OTHER,True,False,NEUTRAL,0.0,0.5,,v3.0,,,
NBCC,NSE_CORP_ANN,,Updates,"NBCC (India) Limited has informed the Exchange regarding 'Settlement of land disputes between NBCC (India) Limited and the Government, NCT of Delhi (GNCTD)'.","Updates NBCC (India) Limited has informed the Exchange regarding 'Settlement of land disputes between NBCC (India) Limited and the Government, NCT of Delhi (GNCTD)'.",OTHER,False,True,WATCH,6.5,0.925,PATTERN_MATCH_dispute,v3.0,,,
NBCC,NSE_CORP_ANN,,Trading Window,"NBCC (India) Limited has informed the Exchange regarding the Trading Window closure pursuant to SEBI (Prohibition of Insider Trading) Regulations, 2015","Trading Window NBCC (India) Limited has informed the Exchange regarding the Trading Window closure pursuant to SEBI (Prohibition of Insider Trading) Regulations, 2015",OTHER,True,False,NEUTRAL,0.0,0.5,,v3.0,,,
NBCC,NSE_CORP_ANN,,Updates,NBCC (India) Limited has informed the Exchange regarding 'Intimation of Memorandum of Understanding (MoU) between NBCC (India) Limited and the Board of Mumbai Port Authority'.,Updates NBCC (India) Limited has informed the Exchange regarding 'Intimation of Memorandum of Understanding (MoU) between NBCC (India) Limited and the Board of Mumbai Port Authority'.,OTHER,False,False,NEUTRAL,0.0,0.5,,v3.0,,,
NBCC,NSE_CORP_ANN,,Updates,NBCC (India) Limited has informed the Exchange regarding 'Intimation of purchase of land parcel in Dubai (UAE) '.,Updates NBCC (India) Limited has informed the Exchange regarding 'Intimation of purchase of land parcel in Dubai (UAE) '.,OTHER,False,False,NEUTRAL,0.0,0.5,,v3.0,,,
NBCC,NSE_CORP_ANN,,Change in Director(s),NBCC (India) Limited has informed the Exchange regarding Change in Director(s) of the company.,Change in Director(s) NBCC (India) Limited has informed the Exchange regarding Change in Director(s) of the company.,OTHER,False,False,NEUTRAL,0.0,0.5,,v3.0,,,
NCC,NSE_CORP_ANN,,Copy of Newspaper Publication,NCC Limited has informed the Exchange about Copy of Newspaper Publication,Copy of Newspaper Publication NCC Limited has informed the Exchange about Copy of Newspaper Publication,OTHER,True,False,NEUTRAL,0.0,0.5,,v3.0,,,
NCC,NSE_CORP_ANN,,Shareholders meeting,NCC Limited has informed the Exchange about Shareholders meeting,Shareholders meeting NCC Limited has informed the Exchange about Shareholders meeting,OTHER,False,False,NEUTRAL,0.0,0.5,,v3.0,,,
NCC,NSE_CORP_ANN,,Trading Window,"NCC Limited has informed the Exchange regarding the Trading Window closure pursuant to SEBI (Prohibition of Insider Trading) Regulations, 2015","Trading Window NCC Limited has informed the Exchange regarding the Trading Window closure pursuant to SEBI (Prohibition of Insider Trading) Regulations, 2015",OTHER,True,False,NEUTRAL,0.0,0.5,,v3.0,,,
NHPC,NSE_CORP_ANN,,General Updates,NHPC Limited has informed the Exchange about General Update on commissioning of Subansiri Lower HE Project (2000 MW) of NHPC Limited,General Updates NHPC Limited has informed the Exchange about General Update on commissioning of Subansiri Lower HE Project (2000 MW) of NHPC Limited,OTHER,False,False,NEUTRAL,0.0,0.5,,v3.0,,,
NMDC,NSE_CORP_ANN,,General Updates,NMDC Limited has informed the Exchange about General Updates - MoU with the Colorado School of Mines for Academic & Research Collaboration,General Updates NMDC Limited has informed the Exchange about General Updates - MoU with the Colorado School of Mines for Academic & Research Collaboration,OTHER,False,False,NEUTRAL,0.0,0.5,,v3.0,,,
NTPC,NSE_CORP_ANN,,General Updates,NTPC Limited has informed the Exchange about Declaration of Commercial Operation of Second & Last Part Capacity of 13 MW out of 23 MW of Solapur Solar PV Project at NTPC Solapur,General Updates NTPC Limited has informed the Exchange about Declaration of Commercial Operation of Second & Last Part Capacity of 13 MW out of 23 MW of Solapur Solar PV Project at NTPC Solapur,OTHER,False,False,NEUTRAL,0.0,0.5,,v3.0,,,
NTPC,NSE_CORP_ANN,,General Updates,NTPC Limited has informed the Exchange about declaration of COD of eighth part capacity of 69.04 MW out of 1255 MW Khavda-I Solar PV Project under CPSU scheme Phase-II Tranche-III  in Gujarat of NTPC Renewable Energy Limited,General Updates NTPC Limited has informed the Exchange about declaration of COD of eighth part capacity of 69.04 MW out of 1255 MW Khavda-I Solar PV Project under CPSU scheme Phase-II Tranche-III in Gujarat of NTPC Renewable Energy Limited,OTHER,False,False,NEUTRAL,0.0,0.5,,v3.0,,,
NTPC,NSE_CORP_ANN,,Trading Window,"NTPC Limited has informed the Exchange regarding the Trading Window closure pursuant to SEBI (Prohibition of Insider Trading) Regulations, 2015","Trading Window NTPC Limited has informed the Exchange regarding the Trading Window closure pursuant to SEBI (Prohibition of Insider Trading) Regulations, 2015",OTHER,True,False,NEUTRAL,0.0,0.5,,v3.0,,,
NTPC,NSE_CORP_ANN,,General Updates,NTPC Limited has informed the Exchange about formation of joint venture company with EDF Power Solutions of India Private Limited and formation of a wholly owned subsidiary in Mauritius,General Updates NTPC Limited has informed the Exchange about formation of joint venture company with EDF Power Solutions of India Private Limited and formation of a wholly owned subsidiary in Mauritius,OTHER,False,False,NEUTRAL,0.0,0.5,,v3.0,,,
NATIONALUM,NSE_CORP_ANN,,Trading Window,"National Aluminium Company Limited has informed the Exchange regarding the Trading Window closure pursuant to SEBI (Prohibition of Insider Trading) Regulations, 2015","Trading Window National Aluminium Company Limited has informed the Exchange regarding the Trading Window closure pursuant to SEBI (Prohibition of Insider Trading) Regulations, 2015",OTHER,True,False,NEUTRAL,0.0,0.5,,v3.0,,,
OBEROIRLTY,NSE_CORP_ANN,,Resignation,"Oberoi Realty Limited has informed the Exchange regarding Resignation of Mr Sameep Pathak as a senior management personnel of the company w.e.f. December 26, 2025.","Resignation Oberoi Realty Limited has informed the Exchange regarding Resignation of Mr Sameep Pathak as a senior management personnel of the company w.e.f. December 26, 2025.",OTHER,False,False,NEUTRAL,0.0,0.5,,v3.0,,,
OBEROIRLTY,NSE_CORP_ANN,,Reply to Clarification- Financial results,"The Exchange had sought clarification from Oberoi Realty Limited for the quarter ended 30-Sep-2025 with respect to Regulation 33 of the SEBI (Listing Obligations and Disclosure Requirements) Regulations, 2015. On basis of above the Company was required to clarify the following:  -1.Financial results submitted in XBRL with discrepancies   The response of the Company is enclosed.","Reply to Clarification- Financial results The Exchange had sought clarification from Oberoi Realty Limited for the quarter ended 30-Sep-2025 with respect to Regulation 33 of the SEBI (Listing Obligations and Disclosure Requirements) Regulations, 2015. On basis of above the Company was required to clarify the following: -1.Financial results submitted in XBRL with discrepancies The response of the Company is enclosed.",OTHER,False,False,NEUTRAL,0.0,0.5,,v3.0,,,
OIL,NSE_CORP_ANN,,Trading Window,"Oil India Limited has informed the Exchange regarding the Trading Window closure pursuant to SEBI (Prohibition of Insider Trading) Regulations, 2015","Trading Window Oil India Limited has informed the Exchange regarding the Trading Window closure pursuant to SEBI (Prohibition of Insider Trading) Regulations, 2015",OTHER,True,False,NEUTRAL,0.0,0.5,,v3.0,,,
PAYTM,NSE_CORP_ANN,,Sale or disposal,One 97 Communications Limited has informed the Exchange about Change in Status - From Wholly Owned Step Down Subsidiary to Step Down Subsidiary of the Company,Sale or disposal One 97 Communications Limited has informed the Exchange about Change in Status - From Wholly Owned Step Down Subsidiary to Step Down Subsidiary of the Company,OTHER,False,False,NEUTRAL,0.0,0.5,,v3.0,,,
PAYTM,NSE_CORP_ANN,,Incorporation,"One 97 Communications Limited has informed the Exchange about Incorporation of 2 (Two) overseas Step Down Wholly Owned Subsidiaries of the Company through Paytm Cloud Technologies Limited, a Wholly Owned Subsidiary of the Company","Incorporation One 97 Communications Limited has informed the Exchange about Incorporation of 2 (Two) overseas Step Down Wholly Owned Subsidiaries of the Company through Paytm Cloud Technologies Limited, a Wholly Owned Subsidiary of the Company",OTHER,True,False,NEUTRAL,0.0,0.5,,v3.0,,,
PGEL,NSE_CORP_ANN,,Trading Window,"PG Electroplast Limited has informed the Exchange regarding the Trading Window closure pursuant to SEBI (Prohibition of Insider Trading) Regulations, 2015","Trading Window PG Electroplast Limited has informed the Exchange regarding the Trading Window closure pursuant to SEBI (Prohibition of Insider Trading) Regulations, 2015",OTHER,True,False,NEUTRAL,0.0,0.5,,v3.0,,,
PIIND,NSE_CORP_ANN,,Trading Window,"PI Industries Limited has informed the Exchange regarding the Trading Window closure pursuant to SEBI (Prohibition of Insider Trading) Regulations, 2015","Trading Window PI Industries Limited has informed the Exchange regarding the Trading Window closure pursuant to SEBI (Prohibition of Insider Trading) Regulations, 2015",OTHER,True,False,NEUTRAL,0.0,0.5,,v3.0,,,
PNBHOUSING,NSE_CORP_ANN,,Trading Window,"PNB Housing Finance Limited has informed the Exchange regarding the Trading Window closure pursuant to SEBI (Prohibition of Insider Trading) Regulations, 2015","Trading Window PNB Housing Finance Limited has informed the Exchange regarding the Trading Window closure pursuant to SEBI (Prohibition of Insider Trading) Regulations, 2015",OTHER,True,False,NEUTRAL,0.0,0.5,,v3.0,,,
PNBHOUSING,NSE_CORP_ANN,,ESOP/ESOS/ESPS,"PNB Housing Finance Limited has informed the Exchange regarding Grant of 200,000 ESOPs and 32,508 RSUs.","ESOP/ESOS/ESPS PNB Housing Finance Limited has informed the Exchange regarding Grant of 200,000 ESOPs and 32,508 RSUs.",OTHER,True,False,NEUTRAL,0.0,0.5,,v3.0,,,
PNBHOUSING,NSE_CORP_ANN,,Pendency of Litigation(s)/dispute(s) or the outcome impacting the Company,PNB Housing Finance Limited has informed the Exchange about Pendency of Litigation(s)/dispute(s),Pendency of Litigation(s)/dispute(s) or the outcome impacting the Company PNB Housing Finance Limited has informed the Exchange about Pendency of Litigation(s)/dispute(s),OTHER,False,True,WATCH,7.5,0.95,PATTERN_MATCH_pendency.*litigation,v3.0,,,
PAGEIND,NSE_CORP_ANN,,Trading Window,"Page Industries Limited has informed the Exchange regarding the Trading Window closure pursuant to SEBI (Prohibition of Insider Trading) Regulations, 2015","Trading Window Page Industries Limited has informed the Exchange regarding the Trading Window closure pursuant to SEBI (Prohibition of Insider Trading) Regulations, 2015",OTHER,True,False,NEUTRAL,0.0,0.5,,v3.0,,,
PATANJALI,NSE_CORP_ANN,,Trading Window,"Patanjali Foods Limited has informed the Exchange regarding the Trading Window closure pursuant to SEBI (Prohibition of Insider Trading) Regulations, 2015","Trading Window Patanjali Foods Limited has informed the Exchange regarding the Trading Window closure pursuant to SEBI (Prohibition of Insider Trading) Regulations, 2015",OTHER,True,False,NEUTRAL,0.0,0.5,,v3.0,,,
PERSISTENT,NSE_CORP_ANN,,Other Restructuring,Persistent Systems Limited has informed the Exchange about Other Restructuring,Other Restructuring Persistent Systems Limited has informed the Exchange about Other Restructuring,OTHER,False,False,NEUTRAL,0.0,0.5,,v3.0,,,
PERSISTENT,NSE_CORP_ANN,,Trading Window,"Persistent Systems Limited has informed the Exchange regarding the Trading Window closure pursuant to SEBI (Prohibition of Insider Trading) Regulations, 2015","Trading Window Persistent Systems Limited has informed the Exchange regarding the Trading Window closure pursuant to SEBI (Prohibition of Insider Trading) Regulations, 2015",OTHER,True,False,NEUTRAL,0.0,0.5,,v3.0,,,
PERSISTENT,NSE_CORP_ANN,,Analysts/Institutional Investor Meet/Con. Call Updates,Persistent Systems Limited has informed the Exchange about Presentation,Analysts/Institutional Investor Meet/Con. Call Updates Persistent Systems Limited has informed the Exchange about Presentation,OTHER,True,False,NEUTRAL,0.0,0.5,,v3.0,,,
PERSISTENT,NSE_CORP_ANN,,General Updates,Persistent Systems Limited has informed the Exchange about General Updates,General Updates Persistent Systems Limited has informed the Exchange about General Updates,OTHER,False,False,NEUTRAL,0.0,0.5,,v3.0,,,
PIDILITIND,NSE_CORP_ANN,,Trading Window,"Pidilite Industries Limited has informed the Exchange regarding the Trading Window closure pursuant to SEBI (Prohibition of Insider Trading) Regulations, 2015","Trading Window Pidilite Industries Limited has informed the Exchange regarding the Trading Window closure pursuant to SEBI (Prohibition of Insider Trading) Regulations, 2015",OTHER,True,False,NEUTRAL,0.0,0.5,,v3.0,,,
POWERGRID,NSE_CORP_ANN,,Trading Window,"Power Grid Corporation of India Limited has informed the Exchange regarding the Trading Window closure pursuant to SEBI (Prohibition of Insider Trading) Regulations, 2015","Trading Window Power Grid Corporation of India Limited has informed the Exchange regarding the Trading Window closure pursuant to SEBI (Prohibition of Insider Trading) Regulations, 2015",OTHER,True,False,NEUTRAL,0.0,0.5,,v3.0,,,
PRESTIGE,NSE_CORP_ANN,,Press Release,"Prestige Estates Projects Limited has informed the Exchange regarding a press release dated December 22, 2025, titled  Prestige Group Strengthens Chennai Portfolio with 25-Acre Acquisition in Medavakkam "".","Press Release Prestige Estates Projects Limited has informed the Exchange regarding a press release dated December 22, 2025, titled Prestige Group Strengthens Chennai Portfolio with 25-Acre Acquisition in Medavakkam "".",OTHER,False,False,NEUTRAL,0.0,0.5,,v3.0,,,
PNB,NSE_CORP_ANN,,General Updates,Punjab National Bank has informed the Exchange about General Updates,General Updates Punjab National Bank has informed the Exchange about General Updates,OTHER,False,False,NEUTRAL,0.0,0.5,,v3.0,,,
RBLBANK,NSE_CORP_ANN,,Analysts/Institutional Investor Meet/Con. Call Updates,RBL Bank Limited has informed the Exchange about Schedule of meet,Analysts/Institutional Investor Meet/Con. Call Updates RBL Bank Limited has informed the Exchange about Schedule of meet,OTHER,True,False,NEUTRAL,0.0,0.5,,v3.0,,,
RBLBANK,NSE_CORP_ANN,,Trading Window,"RBL Bank Limited has informed the Exchange regarding the Trading Window closure pursuant to SEBI (Prohibition of Insider Trading) Regulations, 2015","Trading Window RBL Bank Limited has informed the Exchange regarding the Trading Window closure pursuant to SEBI (Prohibition of Insider Trading) Regulations, 2015",OTHER,True,False,NEUTRAL,0.0,0.5,,v3.0,,,
RBLBANK,NSE_CORP_ANN,,Updates,RBL Bank Limited has informed the Exchange regarding 'Allotment of Securities under ESOP'.,Updates RBL Bank Limited has informed the Exchange regarding 'Allotment of Securities under ESOP'.,OTHER,True,False,NEUTRAL,0.0,0.5,,v3.0,,,
RECLTD,NSE_CORP_ANN,,General Updates,Intimation of incorporation of subsidiary companies.,General Updates Intimation of incorporation of subsidiary companies.,OTHER,True,False,NEUTRAL,0.0,0.5,,v3.0,,,
RECLTD,NSE_CORP_ANN,,Trading Window,"REC Limited has informed the Exchange regarding the Trading Window closure pursuant to SEBI (Prohibition of Insider Trading) Regulations, 2015","Trading Window REC Limited has informed the Exchange regarding the Trading Window closure pursuant to SEBI (Prohibition of Insider Trading) Regulations, 2015",OTHER,True,False,NEUTRAL,0.0,0.5,,v3.0,,,
RECLTD,NSE_CORP_ANN,,General Updates,Intimation of incorporation of subsidiary company.,General Updates Intimation of incorporation of subsidiary company.,OTHER,True,False,NEUTRAL,0.0,0.5,,v3.0,,,
RVNL,NSE_CORP_ANN,,Action(s) taken or orders passed,"Demand Notice received from the Office of the Deputy Commissioner Jurisdiction: BEGUMPETSTU3, Telangana State, Hyderabad","Action(s) taken or orders passed Demand Notice received from the Office of the Deputy Commissioner Jurisdiction: BEGUMPETSTU3, Telangana State, Hyderabad",OTHER,False,True,WATCH,7.5,0.95,PATTERN_MATCH_demand notice,v3.0,,,
RVNL,NSE_CORP_ANN,,Trading Window,"Rail Vikas Nigam Limited has informed the Exchange regarding the Trading Window closure pursuant to SEBI (Prohibition of Insider Trading) Regulations, 2015","Trading Window Rail Vikas Nigam Limited has informed the Exchange regarding the Trading Window closure pursuant to SEBI (Prohibition of Insider Trading) Regulations, 2015",OTHER,True,False,NEUTRAL,0.0,0.5,,v3.0,,,
RVNL,NSE_CORP_ANN,,Action(s) taken or orders passed,"Demand Notice received from the Office of the Assistant Commissioner Range-2, Division-1, Ahmedabad, Gujarat state","Action(s) taken or orders passed Demand Notice received from the Office of the Assistant Commissioner Range-2, Division-1, Ahmedabad, Gujarat state",OTHER,False,True,WATCH,7.5,0.95,PATTERN_MATCH_demand notice,v3.0,,,
RVNL,NSE_CORP_ANN,,Appointment,Rail Vikas Nigam Limited has informed the Exchange regarding Appointment of Mr. Saleem Ahmad as Chairman & Managing Director of the company w.e.f. 23.12.2025 (A/N).,Appointment Rail Vikas Nigam Limited has informed the Exchange regarding Appointment of Mr. Saleem Ahmad as Chairman & Managing Director of the company w.e.f. 23.12.2025 (A/N).,OTHER,False,False,NEUTRAL,0.0,0.5,,v3.0,,,
RVNL,NSE_CORP_ANN,,Cessation,Rail Vikas Nigam Limited has informed the Exchange regarding Cessation of Mr. Sukhmal Chand Jain as Chairman & Managing Director of the company w.e.f. 23.12.2025 (A/N).,Cessation Rail Vikas Nigam Limited has informed the Exchange regarding Cessation of Mr. Sukhmal Chand Jain as Chairman & Managing Director of the company w.e.f. 23.12.2025 (A/N).,OTHER,False,False,NEUTRAL,0.0,0.5,,v3.0,,,
RVNL,NSE_CORP_ANN,,Action(s) taken or orders passed,"Demand Notice received from the Office of the Deputy Commissioner DGSTO-1, Bengaluru,Karnataka","Action(s) taken or orders passed Demand Notice received from the Office of the Deputy Commissioner DGSTO-1, Bengaluru,Karnataka",OTHER,False,True,WATCH,7.5,0.95,PATTERN_MATCH_demand notice,v3.0,,,
RVNL,NSE_CORP_ANN,,Action(s) taken or orders passed,"Demand Notice received from the Office of the Assistant Commissioner (ST), Alwarpet, South-I, Chennai South, Tamil Nadu","Action(s) taken or orders passed Demand Notice received from the Office of the Assistant Commissioner (ST), Alwarpet, South-I, Chennai South, Tamil Nadu",OTHER,False,True,WATCH,7.5,0.95,PATTERN_MATCH_demand notice,v3.0,,,
RELIANCE,NSE_CORP_ANN,,Action(s) taken or orders passed,"Disclosure under Regulation 30 of the Securities and Exchange Board of India (Listing Obligations and Disclosure Requirements) Regulations, 2015 is attached.","Action(s) taken or orders passed Disclosure under Regulation 30 of the Securities and Exchange Board of India (Listing Obligations and Disclosure Requirements) Regulations, 2015 is attached.",OTHER,False,False,NEUTRAL,0.0,0.5,,v3.0,,,
RELIANCE,NSE_CORP_ANN,,Credit Rating,Reliance Industries Limited has informed the Exchange about Credit Rating,Credit Rating Reliance Industries Limited has informed the Exchange about Credit Rating,OTHER,False,False,NEUTRAL,0.0,0.5,,v3.0,,,
SBICARD,NSE_CORP_ANN,,Trading Window,"Sbi Cards And Payment Services Limited has informed the Exchange regarding the Trading Window closure pursuant to SEBI (Prohibition of Insider Trading) Regulations, 2015","Trading Window Sbi Cards And Payment Services Limited has informed the Exchange regarding the Trading Window closure pursuant to SEBI (Prohibition of Insider Trading) Regulations, 2015",OTHER,True,False,NEUTRAL,0.0,0.5,,v3.0,,,
SBICARD,NSE_CORP_ANN,,ESOP/ESOS/ESPS,SBI Cards and Payment Services Limited has informed the Exchange regarding Allotment of 29896  Shares.,ESOP/ESOS/ESPS SBI Cards and Payment Services Limited has informed the Exchange regarding Allotment of 29896 Shares.,OTHER,True,False,NEUTRAL,0.0,0.5,,v3.0,,,
SBILIFE,NSE_CORP_ANN,,General Updates,SBI Life Insurance Company Limited has informed the Exchange about General Updates,General Updates SBI Life Insurance Company Limited has informed the Exchange about General Updates,OTHER,False,False,NEUTRAL,0.0,0.5,,v3.0,,,
SBILIFE,NSE_CORP_ANN,,Trading Window,"SBI Life Insurance Company Limited has informed the Exchange regarding the Trading Window closure pursuant to SEBI (Prohibition of Insider Trading) Regulations, 2015","Trading Window SBI Life Insurance Company Limited has informed the Exchange regarding the Trading Window closure pursuant to SEBI (Prohibition of Insider Trading) Regulations, 2015",OTHER,True,False,NEUTRAL,0.0,0.5,,v3.0,,,
SBILIFE,NSE_CORP_ANN,,General Updates,"Intimation under Regulation 30 read with Para A of Part A of Schedule III of the Securities and Exchange Board of India (Listing Obligations and Disclosure Requirements) Regulations, 2015.","General Updates Intimation under Regulation 30 read with Para A of Part A of Schedule III of the Securities and Exchange Board of India (Listing Obligations and Disclosure Requirements) Regulations, 2015.",OTHER,False,False,NEUTRAL,0.0,0.5,,v3.0,,,
SHREECEM,NSE_CORP_ANN,,General Updates,"SHREE CEMENT LIMITED has informed the Exchange about receipt of GST Demand order from Deputy Commissioner, State Tax, Special Circle, Patna, Bihar","General Updates SHREE CEMENT LIMITED has informed the Exchange about receipt of GST Demand order from Deputy Commissioner, State Tax, Special Circle, Patna, Bihar",OTHER,False,True,WATCH,7.0,0.95,PATTERN_MATCH_gst.*order,v3.0,,,
SHREECEM,NSE_CORP_ANN,,Strikes/Lockouts/Disturbances,SHREE CEMENT LIMITED has informed the Exchange about strikes/lockouts/disturbances,Strikes/Lockouts/Disturbances SHREE CEMENT LIMITED has informed the Exchange about strikes/lockouts/disturbances,OTHER,False,False,NEUTRAL,0.0,0.5,,v3.0,,,
SHREECEM,NSE_CORP_ANN,,Trading Window,"SHREE CEMENT LIMITED has informed the Exchange regarding the Trading Window closure pursuant to SEBI (Prohibition of Insider Trading) Regulations, 2015","Trading Window SHREE CEMENT LIMITED has informed the Exchange regarding the Trading Window closure pursuant to SEBI (Prohibition of Insider Trading) Regulations, 2015",OTHER,True,False,NEUTRAL,0.0,0.5,,v3.0,,,
SAMMAANCAP,NSE_CORP_ANN,,Updates,"Sammaan Capital Limited has informed the Exchange regarding 'Pursuant to Regulation 57 of Securities and Exchange Board of India (Listing Obligations and Disclosure Requirements) Regulations, 2015, we hereby certify that our Company has made timely payment of interest amount in respect of the following Secured Redeemable Non-convertible Debentures, issued by our Company, through Public Issue, and listed on the Stock Exchange'. For details,refer attachment.","Updates Sammaan Capital Limited has informed the Exchange regarding 'Pursuant to Regulation 57 of Securities and Exchange Board of India (Listing Obligations and Disclosure Requirements) Regulations, 2015, we hereby certify that our Company has made timely payment of interest amount in respect of the following Secured Redeemable Non-convertible Debentures, issued by our Company, through Public Issue, and listed on the Stock Exchange'. For details,refer attachment.",OTHER,False,False,NEUTRAL,0.0,0.5,,v3.0,,,
SAMMAANCAP,NSE_CORP_ANN,,Updates,"Sammaan Capital Limited has informed the Exchange regarding 'Pursuant to Regulation 57 of Securities and Exchange Board of India (Listing Obligations and Disclosure Requirements) Regulations, 2015, we hereby certify that our Company has made timely payment of interest amount in respect of the Secured Redeemable Non-convertible Debentures issued by our Company, through Public Issue, and listed on the Stock Exchange'.","Updates Sammaan Capital Limited has informed the Exchange regarding 'Pursuant to Regulation 57 of Securities and Exchange Board of India (Listing Obligations and Disclosure Requirements) Regulations, 2015, we hereby certify that our Company has made timely payment of interest amount in respect of the Secured Redeemable Non-convertible Debentures issued by our Company, through Public Issue, and listed on the Stock Exchange'.",OTHER,False,False,NEUTRAL,0.0,0.5,,v3.0,,,
SAMMAANCAP,NSE_CORP_ANN,,Updates,"Sammaan Capital Limited has informed the Exchange regarding 'Pursuant to Regulation 57 of Securities and Exchange Board of India (Listing Obligations and Disclosure Requirements) Regulations, 2015, we hereby certify that our Company has made timely payment of interest amount in respect of the Secured Redeemable Non-convertible Debentures, issued by our Company, through Public Issue, and listed on the Stock Exchange'.","Updates Sammaan Capital Limited has informed the Exchange regarding 'Pursuant to Regulation 57 of Securities and Exchange Board of India (Listing Obligations and Disclosure Requirements) Regulations, 2015, we hereby certify that our Company has made timely payment of interest amount in respect of the Secured Redeemable Non-convertible Debentures, issued by our Company, through Public Issue, and listed on the Stock Exchange'.",OTHER,False,False,NEUTRAL,0.0,0.5,,v3.0,,,
SAMMAANCAP,NSE_CORP_ANN,,Updates,"Sammaan Capital Limited has informed the Exchange regarding 'Pursuant to Regulation 57 of Securities and Exchange Board of India (Listing Obligations and Disclosure Requirements) Regulations, 2015, we hereby certify that our Company has made timely payment of interest amount in respect of the Secured Redeemable Non-convertible Debentures, issued by our Company, through Public Issue, and listed on the Stock Exchange'.","Updates Sammaan Capital Limited has informed the Exchange regarding 'Pursuant to Regulation 57 of Securities and Exchange Board of India (Listing Obligations and Disclosure Requirements) Regulations, 2015, we hereby certify that our Company has made timely payment of interest amount in respect of the Secured Redeemable Non-convertible Debentures, issued by our Company, through Public Issue, and listed on the Stock Exchange'.",OTHER,False,False,NEUTRAL,0.0,0.5,,v3.0,,,
SAMMAANCAP,NSE_CORP_ANN,,Updates,"Sammaan Capital Limited has informed the Exchange regarding 'Pursuant to Regulation 57 of Securities and Exchange Board of India (Listing Obligations and Disclosure Requirements) Regulations, 2015, we hereby certify that our Company has made timely payment of schedule principal and interest amount in respect of the following Secured Redeemable Non-convertible Debentures, issued by our Company, through Public Issue, and listed on the Stock Exchange. For details, refer attachment.'.","Updates Sammaan Capital Limited has informed the Exchange regarding 'Pursuant to Regulation 57 of Securities and Exchange Board of India (Listing Obligations and Disclosure Requirements) Regulations, 2015, we hereby certify that our Company has made timely payment of schedule principal and interest amount in respect of the following Secured Redeemable Non-convertible Debentures, issued by our Company, through Public Issue, and listed on the Stock Exchange. For details, refer attachment.'.",OTHER,False,False,NEUTRAL,0.0,0.5,,v3.0,,,
SAMMAANCAP,NSE_CORP_ANN,,Updates,"Sammaan Capital Limited has informed the Exchange regarding 'Pursuant to Regulation 57 of Securities and Exchange Board of India (Listing Obligations and Disclosure Requirements) Regulations, 2015, we hereby certify that our Company has made timely payment of Scheduled principal and interest amount in respect of the following Secured Redeemable Non-convertible Debentures, issued by our Company, through Public Issue, and listed on the Stock Exchange:. For details, refer attachment.'.","Updates Sammaan Capital Limited has informed the Exchange regarding 'Pursuant to Regulation 57 of Securities and Exchange Board of India (Listing Obligations and Disclosure Requirements) Regulations, 2015, we hereby certify that our Company has made timely payment of Scheduled principal and interest amount in respect of the following Secured Redeemable Non-convertible Debentures, issued by our Company, through Public Issue, and listed on the Stock Exchange:. For details, refer attachment.'.",OTHER,False,False,NEUTRAL,0.0,0.5,,v3.0,,,
SAMMAANCAP,NSE_CORP_ANN,,Updates,"Sammaan Capital Limited has informed the Exchange regarding 'Pursuant to Regulation 57 of Securities and Exchange Board of India (Listing Obligations and Disclosure Requirements) Regulations, 2015, we hereby certify that our Company has made timely payment of interest amount in respect of the following Secured Redeemable Non-Convertible Debentures, issued by our Company, through Public Issue, and listed on the Stock Exchange. For details, refer attachment.'.","Updates Sammaan Capital Limited has informed the Exchange regarding 'Pursuant to Regulation 57 of Securities and Exchange Board of India (Listing Obligations and Disclosure Requirements) Regulations, 2015, we hereby certify that our Company has made timely payment of interest amount in respect of the following Secured Redeemable Non-Convertible Debentures, issued by our Company, through Public Issue, and listed on the Stock Exchange. For details, refer attachment.'.",OTHER,False,False,NEUTRAL,0.0,0.5,,v3.0,,,
SAMMAANCAP,NSE_CORP_ANN,,Updates,"Sammaan Capital Limited has informed the Exchange regarding 'Pursuant to Regulation 57 of Securities and Exchange Board of India (Listing Obligations and Disclosure Requirements) Regulations, 2015, we hereby certify that our Company has made timely payment of interest amount in respect of the following Secured Redeemable Non-convertible Debentures issued by our Company, through Public Issue, and listed on the Stock Exchange. For details, refer attachment.'.","Updates Sammaan Capital Limited has informed the Exchange regarding 'Pursuant to Regulation 57 of Securities and Exchange Board of India (Listing Obligations and Disclosure Requirements) Regulations, 2015, we hereby certify that our Company has made timely payment of interest amount in respect of the following Secured Redeemable Non-convertible Debentures issued by our Company, through Public Issue, and listed on the Stock Exchange. For details, refer attachment.'.",OTHER,False,False,NEUTRAL,0.0,0.5,,v3.0,,,
SAMMAANCAP,NSE_CORP_ANN,,Updates,"Sammaan Capital Limited has informed the Exchange regarding 'Pursuant to Regulation 57 of Securities and Exchange Board of India (Listing Obligations and Disclosure Requirements) Regulations, 2015, we hereby certify that our Company has made timely payment of interest amount in respect of the following Secured Redeemable Non-Convertible Debentures and Unsecured Redeemable Non-Convertible Debentures, issued by our Company, through Public Issue, and listed on the Stock Exchange. For details, refer attachment.'.","Updates Sammaan Capital Limited has informed the Exchange regarding 'Pursuant to Regulation 57 of Securities and Exchange Board of India (Listing Obligations and Disclosure Requirements) Regulations, 2015, we hereby certify that our Company has made timely payment of interest amount in respect of the following Secured Redeemable Non-Convertible Debentures and Unsecured Redeemable Non-Convertible Debentures, issued by our Company, through Public Issue, and listed on the Stock Exchange. For details, refer attachment.'.",OTHER,False,False,NEUTRAL,0.0,0.5,,v3.0,,,
SAMMAANCAP,NSE_CORP_ANN,,Allotment of Securities,"Sammaan Capital Limited has informed the Exchange Pursuant to the applicable provisions of Securities and Exchange Board of India (Listing Obligations and Disclosure Requirements) Regulations, 2015, we wish to inform that Nomination & Remuneration Committee of the Board of Directors of the Company vide its resolution passed through Circulation today i.e. on December 25, 2025, has issued and allotted 3,00,617 (Three Lacs Six Hundred and Seventeen) fully paid-up Equity shares of face value INR 2/- each, to eligible employees, upon exercise of equivalent number of options vested in their favour under  Indiabulls Housing Finance Limited Employees Stock Option Scheme   2013  ( ESOP 2013 ).For details refer attach PDF.","Allotment of Securities Sammaan Capital Limited has informed the Exchange Pursuant to the applicable provisions of Securities and Exchange Board of India (Listing Obligations and Disclosure Requirements) Regulations, 2015, we wish to inform that Nomination & Remuneration Committee of the Board of Directors of the Company vide its resolution passed through Circulation today i.e. on December 25, 2025, has issued and allotted 3,00,617 (Three Lacs Six Hundred and Seventeen) fully paid-up Equity shares of face value INR 2/- each, to eligible employees, upon exercise of equivalent number of options vested in their favour under Indiabulls Housing Finance Limited Employees Stock Option Scheme 2013 ( ESOP 2013 ).For details refer attach PDF.",OTHER,True,False,NEUTRAL,0.0,0.5,,v3.0,,,
SAMMAANCAP,NSE_CORP_ANN,,Updates,"Sammaan Capital Limited has informed the Exchange regarding 'Pursuant to Regulations 30 and 57 of Securities and Exchange Board of India (Listing Obligations and Disclosure Requirements) Regulations, 2015, we hereby certify that our Company has made timely payment of interest amount in respect of the Secured Redeemable Non-convertible Debentures, issued by our Company, through Public Issue, and listed on the Stock Exchange'.","Updates Sammaan Capital Limited has informed the Exchange regarding 'Pursuant to Regulations 30 and 57 of Securities and Exchange Board of India (Listing Obligations and Disclosure Requirements) Regulations, 2015, we hereby certify that our Company has made timely payment of interest amount in respect of the Secured Redeemable Non-convertible Debentures, issued by our Company, through Public Issue, and listed on the Stock Exchange'.",OTHER,False,False,NEUTRAL,0.0,0.5,,v3.0,,,
SAMMAANCAP,NSE_CORP_ANN,,Updates,"Sammaan Capital Limited has informed the Exchange regarding 'Pursuant to Regulations 30 and 57 of Securities and Exchange Board of India (Listing Obligations and Disclosure Requirements) Regulations, 2015, we hereby certify that our Company has made timely payment of interest amount in respect of the Secured Redeemable Non-convertible Debentures and Unsecured Redeemable Non-Convertible Debentures issued by our Company, through Public Issue, and listed on the Stock Exchange'.","Updates Sammaan Capital Limited has informed the Exchange regarding 'Pursuant to Regulations 30 and 57 of Securities and Exchange Board of India (Listing Obligations and Disclosure Requirements) Regulations, 2015, we hereby certify that our Company has made timely payment of interest amount in respect of the Secured Redeemable Non-convertible Debentures and Unsecured Redeemable Non-Convertible Debentures issued by our Company, through Public Issue, and listed on the Stock Exchange'.",OTHER,False,False,NEUTRAL,0.0,0.5,,v3.0,,,
SAMMAANCAP,NSE_CORP_ANN,,Updates,"Sammaan Capital Limited has informed the Exchange regarding 'Pursuant to Regulations 30 and 57 of Securities and Exchange Board of India (Listing Obligations and Disclosure Requirements) Regulations, 2015, we hereby certify that our Company has made timely payment of interest amount in respect of the following Secured Redeemable Non-convertible Debentures issued by our Company, through Public Issue, and listed on the Stock Exchange. For details, refer attachment.'.","Updates Sammaan Capital Limited has informed the Exchange regarding 'Pursuant to Regulations 30 and 57 of Securities and Exchange Board of India (Listing Obligations and Disclosure Requirements) Regulations, 2015, we hereby certify that our Company has made timely payment of interest amount in respect of the following Secured Redeemable Non-convertible Debentures issued by our Company, through Public Issue, and listed on the Stock Exchange. For details, refer attachment.'.",OTHER,False,False,NEUTRAL,0.0,0.5,,v3.0,,,
MOTHERSON,NSE_CORP_ANN,,General Updates,Samvardhana Motherson International Limited has informed the exchange regarding update on acquisition.,General Updates Samvardhana Motherson International Limited has informed the exchange regarding update on acquisition.,OTHER,False,False,NEUTRAL,0.0,0.5,,v3.0,,,
MOTHERSON,NSE_CORP_ANN,,General Updates,"Samvardhana Motherson International Limited has submitted with the Stock Exchange intimation under Regulation 30 of SEBI (Listing Obligations and Disclosure Requirements), Regulation, 2015.","General Updates Samvardhana Motherson International Limited has submitted with the Stock Exchange intimation under Regulation 30 of SEBI (Listing Obligations and Disclosure Requirements), Regulation, 2015.",OTHER,False,False,NEUTRAL,0.0,0.5,,v3.0,,,
MOTHERSON,NSE_CORP_ANN,,General Updates,Samvardhana Motherson International Limited has informed the exchange regarding completion of acquisition of Onega Solar Private Limited through its wholly owned subsidiary namely Motherson New Energy Limited.,General Updates Samvardhana Motherson International Limited has informed the exchange regarding completion of acquisition of Onega Solar Private Limited through its wholly owned subsidiary namely Motherson New Energy Limited.,OTHER,False,False,NEUTRAL,0.0,0.5,,v3.0,,,
MOTHERSON,NSE_CORP_ANN,,Trading Window,"Samvardhana Motherson International Limited has informed the Exchange regarding the Trading Window closure pursuant to SEBI (Prohibition of Insider Trading) Regulations, 2015","Trading Window Samvardhana Motherson International Limited has informed the Exchange regarding the Trading Window closure pursuant to SEBI (Prohibition of Insider Trading) Regulations, 2015",OTHER,True,False,NEUTRAL,0.0,0.5,,v3.0,,,
MOTHERSON,NSE_CORP_ANN,,Shareholders meeting,Samvardhana Motherson International Limited has submitted with Stock Exchange a copy of voting results and scrutinizer report to the postal ballot.,Shareholders meeting Samvardhana Motherson International Limited has submitted with Stock Exchange a copy of voting results and scrutinizer report to the postal ballot.,OTHER,True,False,NEUTRAL,0.0,0.5,,v3.0,,,
MOTHERSON,NSE_CORP_ANN,,General Updates,"Samvardhana Motherson International Limited has submitted with the Stock Exchange Investors Presentation with respect to acquisition disclosure dated December 22, 2025.","General Updates Samvardhana Motherson International Limited has submitted with the Stock Exchange Investors Presentation with respect to acquisition disclosure dated December 22, 2025.",OTHER,False,False,NEUTRAL,0.0,0.5,,v3.0,,,
MOTHERSON,NSE_CORP_ANN,,General Updates,"Samvardhana Motherson International Limited has informed the Stock Exchange regarding acquisition by Motherson Global Investments B.V., indirect wholly owned subsidiary of the Company, of the business including assets and certain real estate of Nexans autoelectric GmbH and Elektrokontact GmbH and shares in the foreign subsidiaries of Nexans autoelectric GmbH and Elektrokontact GmbH.","General Updates Samvardhana Motherson International Limited has informed the Stock Exchange regarding acquisition by Motherson Global Investments B.V., indirect wholly owned subsidiary of the Company, of the business including assets and certain real estate of Nexans autoelectric GmbH and Elektrokontact GmbH and shares in the foreign subsidiaries of Nexans autoelectric GmbH and Elektrokontact GmbH.",OTHER,False,False,NEUTRAL,0.0,0.5,,v3.0,,,
MOTHERSON,NSE_CORP_ANN,,Press Release,"Samvardhana Motherson International Limited has informed the Exchange regarding a press release dated December 22, 2025, titled ""Press Release "".","Press Release Samvardhana Motherson International Limited has informed the Exchange regarding a press release dated December 22, 2025, titled ""Press Release "".",OTHER,False,False,NEUTRAL,0.0,0.5,,v3.0,,,
SHRIRAMFIN,NSE_CORP_ANN,,Analysts/Institutional Investor Meet/Con. Call Updates,Shriram Finance Limited has informed the Exchange about Intimation of Conference Call,Analysts/Institutional Investor Meet/Con. Call Updates Shriram Finance Limited has informed the Exchange about Intimation of Conference Call,OTHER,True,False,NEUTRAL,0.0,0.5,,v3.0,,,
SHRIRAMFIN,NSE_CORP_ANN,,Copy of Newspaper Publication,Shriram Finance Limited has informed the Exchange about Copy of Newspaper Publication with respect to dispatch of EGM notice,Copy of Newspaper Publication Shriram Finance Limited has informed the Exchange about Copy of Newspaper Publication with respect to dispatch of EGM notice,OTHER,True,False,NEUTRAL,0.0,0.5,,v3.0,,,
SHRIRAMFIN,NSE_CORP_ANN,,"Certificate under SEBI (Depositories and Participants) Regulations, 2018","Shriram Finance Limited has informed the Exchange about Certificate under SEBI (Depositories and Participants) Regulations, 2018","Certificate under SEBI (Depositories and Participants) Regulations, 2018 Shriram Finance Limited has informed the Exchange about Certificate under SEBI (Depositories and Participants) Regulations, 2018",OTHER,False,False,NEUTRAL,0.0,0.5,,v3.0,,,
SHRIRAMFIN,NSE_CORP_ANN,,Shareholders meeting,"Shriram Finance Limited has informed the Exchange regarding Notice of Extraordinary General Meeting to be held on January 14, 2026","Shareholders meeting Shriram Finance Limited has informed the Exchange regarding Notice of Extraordinary General Meeting to be held on January 14, 2026",OTHER,False,False,NEUTRAL,0.0,0.5,,v3.0,,,
SHRIRAMFIN,NSE_CORP_ANN,,Copy of Newspaper Publication,Shriram Finance Limited has informed the Exchange about Copy of Newspaper Publication for EGM information,Copy of Newspaper Publication Shriram Finance Limited has informed the Exchange about Copy of Newspaper Publication for EGM information,OTHER,True,False,NEUTRAL,0.0,0.5,,v3.0,,,
SIEMENS,NSE_CORP_ANN,,Updates,"Siemens Limited has informed the Exchange regarding 'Information pursuant to Regulation 30(5) of the SEBI (Listing Obligations and Disclosure Requirements) Regulations, 2015'.","Updates Siemens Limited has informed the Exchange regarding 'Information pursuant to Regulation 30(5) of the SEBI (Listing Obligations and Disclosure Requirements) Regulations, 2015'.",OTHER,False,False,NEUTRAL,0.0,0.5,,v3.0,,,
SIEMENS,NSE_CORP_ANN,,Copy of Newspaper Publication,Siemens Limited has informed the Exchange about Copy of Newspaper Publication,Copy of Newspaper Publication Siemens Limited has informed the Exchange about Copy of Newspaper Publication,OTHER,True,False,NEUTRAL,0.0,0.5,,v3.0,,,
SOLARINDS,NSE_CORP_ANN,,Trading Window,"Solar Industries India Limited has informed the Exchange regarding the Trading Window closure pursuant to SEBI (Prohibition of Insider Trading) Regulations, 2015","Trading Window Solar Industries India Limited has informed the Exchange regarding the Trading Window closure pursuant to SEBI (Prohibition of Insider Trading) Regulations, 2015",OTHER,True,False,NEUTRAL,0.0,0.5,,v3.0,,,
SOLARINDS,NSE_CORP_ANN,,Issue of Securities,Solar Industries India Limited has informed the Exchange about issue of Securities,Issue of Securities Solar Industries India Limited has informed the Exchange about issue of Securities,OTHER,False,False,NEUTRAL,0.0,0.5,,v3.0,,,
SAIL,NSE_CORP_ANN,,Trading Window,"Steel Authority of India Limited has informed the Exchange regarding the Trading Window closure pursuant to SEBI (Prohibition of Insider Trading) Regulations, 2015","Trading Window Steel Authority of India Limited has informed the Exchange regarding the Trading Window closure pursuant to SEBI (Prohibition of Insider Trading) Regulations, 2015",OTHER,True,False,NEUTRAL,0.0,0.5,,v3.0,,,
SAIL,NSE_CORP_ANN,,Appointment,"Steel Authority of India Limited has informed the Exchange regarding Appointment of Mr Priya Ranjan as Executive Director of the company w.e.f. December 24, 2025.","Appointment Steel Authority of India Limited has informed the Exchange regarding Appointment of Mr Priya Ranjan as Executive Director of the company w.e.f. December 24, 2025.",OTHER,False,False,NEUTRAL,0.0,0.5,,v3.0,,,
SUNPHARMA,NSE_CORP_ANN,,Investor Presentation,Sun Pharmaceutical Industries Limited has informed the Exchange about Investor Presentation,Investor Presentation Sun Pharmaceutical Industries Limited has informed the Exchange about Investor Presentation,OTHER,False,False,NEUTRAL,0.0,0.5,,v3.0,,,
SUNPHARMA,NSE_CORP_ANN,,Copy of Newspaper Publication,Sun Pharmaceutical Industries Limited has informed the Exchange about Newspaper Advertisement,Copy of Newspaper Publication Sun Pharmaceutical Industries Limited has informed the Exchange about Newspaper Advertisement,OTHER,True,False,NEUTRAL,0.0,0.5,,v3.0,,,
SUPREMEIND,NSE_CORP_ANN,,Trading Window,"Supreme Industries Limited has informed the Exchange regarding the Trading Window closure pursuant to SEBI (Prohibition of Insider Trading) Regulations, 2015","Trading Window Supreme Industries Limited has informed the Exchange regarding the Trading Window closure pursuant to SEBI (Prohibition of Insider Trading) Regulations, 2015",OTHER,True,False,NEUTRAL,0.0,0.5,,v3.0,,,
SUPREMEIND,NSE_CORP_ANN,,Credit Rating,Supreme Industries Limited has informed the Exchange about Credit Rating,Credit Rating Supreme Industries Limited has informed the Exchange about Credit Rating,OTHER,False,False,NEUTRAL,0.0,0.5,,v3.0,,,
SUPREMEIND,NSE_CORP_ANN,,Bagging/Receiving of orders/contracts,Letter of Acceptance (LOA) received from Bharat Petroleum Corporation Ltd (BPCL) for Repeat Order for supply of 10 KG Composite LPG Cylinders,Bagging/Receiving of orders/contracts Letter of Acceptance (LOA) received from Bharat Petroleum Corporation Ltd (BPCL) for Repeat Order for supply of 10 KG Composite LPG Cylinders,OTHER,False,False,NEUTRAL,0.0,0.5,,v3.0,,,
SUZLON,NSE_CORP_ANN,,Resignation,"Suzlon Energy Limited has informed the Exchange regarding Resignation of Mr Vivek Srivastava as Other of the company w.e.f. December 26, 2025.","Resignation Suzlon Energy Limited has informed the Exchange regarding Resignation of Mr Vivek Srivastava as Other of the company w.e.f. December 26, 2025.",OTHER,False,False,NEUTRAL,0.0,0.5,,v3.0,,,
SUZLON,NSE_CORP_ANN,,Trading Window,"Suzlon Energy Limited has informed the Exchange regarding the Trading Window closure pursuant to SEBI (Prohibition of Insider Trading) Regulations, 2015","Trading Window Suzlon Energy Limited has informed the Exchange regarding the Trading Window closure pursuant to SEBI (Prohibition of Insider Trading) Regulations, 2015",OTHER,True,False,NEUTRAL,0.0,0.5,,v3.0,,,
SYNGENE,NSE_CORP_ANN,,Trading Window,"Syngene International Limited has informed the Exchange regarding the Trading Window closure pursuant to SEBI (Prohibition of Insider Trading) Regulations, 2015","Trading Window Syngene International Limited has informed the Exchange regarding the Trading Window closure pursuant to SEBI (Prohibition of Insider Trading) Regulations, 2015",OTHER,True,False,NEUTRAL,0.0,0.5,,v3.0,,,
SYNGENE,NSE_CORP_ANN,,Acquisition,Syngene International Limited has informed the Exchange about Acquisition,Acquisition Syngene International Limited has informed the Exchange about Acquisition,OTHER,False,False,NEUTRAL,0.0,0.5,,v3.0,,,
TATACONSUM,NSE_CORP_ANN,,ESOP/ESOS/ESPS,TATA CONSUMER PRODUCTS LIMITED has informed the Exchange regarding Allotment of 1736  Shares.,ESOP/ESOS/ESPS TATA CONSUMER PRODUCTS LIMITED has informed the Exchange regarding Allotment of 1736 Shares.,OTHER,True,False,NEUTRAL,0.0,0.5,,v3.0,,,
TATACONSUM,NSE_CORP_ANN,,Trading Window,"TATA CONSUMER PRODUCTS LIMITED has informed the Exchange regarding the Trading Window closure pursuant to SEBI (Prohibition of Insider Trading) Regulations, 2015","Trading Window TATA CONSUMER PRODUCTS LIMITED has informed the Exchange regarding the Trading Window closure pursuant to SEBI (Prohibition of Insider Trading) Regulations, 2015",OTHER,True,False,NEUTRAL,0.0,0.5,,v3.0,,,
TITAGARH,NSE_CORP_ANN,,Trading Window,"TITAGARH RAIL SYSTEMS LIMITED has informed the Exchange regarding the Trading Window closure pursuant to SEBI (Prohibition of Insider Trading) Regulations, 2015","Trading Window TITAGARH RAIL SYSTEMS LIMITED has informed the Exchange regarding the Trading Window closure pursuant to SEBI (Prohibition of Insider Trading) Regulations, 2015",OTHER,True,False,NEUTRAL,0.0,0.5,,v3.0,,,
TVSMOTOR,NSE_CORP_ANN,,Shareholders meeting,TVS Motor Company Limited has informed the Exchange regarding Notice of Postal Ballot,Shareholders meeting TVS Motor Company Limited has informed the Exchange regarding Notice of Postal Ballot,OTHER,False,False,NEUTRAL,0.0,0.5,,v3.0,,,
TCS,NSE_CORP_ANN,,Analysts/Institutional Investor Meet/Con. Call Updates,Tata Consultancy Services Limited has informed the Exchange about Transcript,Analysts/Institutional Investor Meet/Con. Call Updates Tata Consultancy Services Limited has informed the Exchange about Transcript,OTHER,True,False,NEUTRAL,0.0,0.5,,v3.0,,,
TCS,NSE_CORP_ANN,,Record Date,Tata Consultancy Services Limited has informed the Exchange that Record date for the purpose of Dividend  is 17-Jan-2026.,Record Date Tata Consultancy Services Limited has informed the Exchange that Record date for the purpose of Dividend is 17-Jan-2026.,OTHER,True,False,NEUTRAL,0.0,0.5,,v3.0,,,
TATAELXSI,NSE_CORP_ANN,,Trading Window,"Tata Elxsi Limited has informed the Exchange regarding the Trading Window closure pursuant to SEBI (Prohibition of Insider Trading) Regulations, 2015","Trading Window Tata Elxsi Limited has informed the Exchange regarding the Trading Window closure pursuant to SEBI (Prohibition of Insider Trading) Regulations, 2015",OTHER,True,False,NEUTRAL,0.0,0.5,,v3.0,,,
TMPV,NSE_CORP_ANN,,Trading Window,"Tata Motors Passenger Vehicles Limited has informed the Exchange regarding the Trading Window closure pursuant to SEBI (Prohibition of Insider Trading) Regulations, 2015","Trading Window Tata Motors Passenger Vehicles Limited has informed the Exchange regarding the Trading Window closure pursuant to SEBI (Prohibition of Insider Trading) Regulations, 2015",OTHER,True,False,NEUTRAL,0.0,0.5,,v3.0,,,
TATASTEEL,NSE_CORP_ANN,,Pendency of Litigation(s)/dispute(s) or the outcome impacting the Company,Tata Steel Limited has informed the Exchange about Pendency of Litigation(s)/dispute(s) or the outcome impacting the Company,Pendency of Litigation(s)/dispute(s) or the outcome impacting the Company Tata Steel Limited has informed the Exchange about Pendency of Litigation(s)/dispute(s) or the outcome impacting the Company,OTHER,False,True,WATCH,7.5,0.95,PATTERN_MATCH_pendency.*litigation,v3.0,,,
TATASTEEL,NSE_CORP_ANN,,Credit Rating,Tata Steel Limited has informed the Exchange about Credit Rating,Credit Rating Tata Steel Limited has informed the Exchange about Credit Rating,OTHER,False,False,NEUTRAL,0.0,0.5,,v3.0,,,
TATASTEEL,NSE_CORP_ANN,,Trading Window,"Tata Steel Limited has informed the Exchange regarding the Trading Window closure pursuant to SEBI (Prohibition of Insider Trading) Regulations, 2015","Trading Window Tata Steel Limited has informed the Exchange regarding the Trading Window closure pursuant to SEBI (Prohibition of Insider Trading) Regulations, 2015",OTHER,True,False,NEUTRAL,0.0,0.5,,v3.0,,,
TATASTEEL,NSE_CORP_ANN,,Pendency of Litigation(s)/dispute(s) or the outcome impacting the Company,Tata Steel Limited has informed the Exchange about Pendency of Litigation(s)/dispute(s) or the outcome impacting the Company,Pendency of Litigation(s)/dispute(s) or the outcome impacting the Company Tata Steel Limited has informed the Exchange about Pendency of Litigation(s)/dispute(s) or the outcome impacting the Company,OTHER,False,True,WATCH,7.5,0.95,PATTERN_MATCH_pendency.*litigation,v3.0,,,
TATASTEEL,NSE_CORP_ANN,,Pendency of Litigation(s)/dispute(s) or the outcome impacting the Company,Tata Steel Limited has informed the Exchange about Pendency of Litigation(s)/dispute(s) or the outcome impacting the Company,Pendency of Litigation(s)/dispute(s) or the outcome impacting the Company Tata Steel Limited has informed the Exchange about Pendency of Litigation(s)/dispute(s) or the outcome impacting the Company,OTHER,False,True,WATCH,7.5,0.95,PATTERN_MATCH_pendency.*litigation,v3.0,,,
TATATECH,NSE_CORP_ANN,,Trading Window,"Tata Technologies Limited has informed the Exchange regarding the Trading Window closure pursuant to SEBI (Prohibition of Insider Trading) Regulations, 2015","Trading Window Tata Technologies Limited has informed the Exchange regarding the Trading Window closure pursuant to SEBI (Prohibition of Insider Trading) Regulations, 2015",OTHER,True,False,NEUTRAL,0.0,0.5,,v3.0,,,
TECHM,NSE_CORP_ANN,,Sale or disposal,Tech Mahindra Limited has informed the Exchange about Cessation of a wholly-owned subsidiary.,Sale or disposal Tech Mahindra Limited has informed the Exchange about Cessation of a wholly-owned subsidiary.,OTHER,False,False,NEUTRAL,0.0,0.5,,v3.0,,,
TECHM,NSE_CORP_ANN,,Incorporation,Tech Mahindra Limited has informed the Exchange about Incorporation,Incorporation Tech Mahindra Limited has informed the Exchange about Incorporation,OTHER,True,False,NEUTRAL,0.0,0.5,,v3.0,,,
TECHM,NSE_CORP_ANN,,General Updates,Tech Mahindra Limited has informed the Exchange about ESG rating,General Updates Tech Mahindra Limited has informed the Exchange about ESG rating,OTHER,False,False,NEUTRAL,0.0,0.5,,v3.0,,,
FEDERALBNK,NSE_CORP_ANN,,General Updates,The Federal Bank  Limited has informed the Exchange about  Allotment of Equity Shares on exercise of Stock options pursuant to Employee Stock Option Scheme,General Updates The Federal Bank Limited has informed the Exchange about Allotment of Equity Shares on exercise of Stock options pursuant to Employee Stock Option Scheme,OTHER,True,False,NEUTRAL,0.0,0.5,,v3.0,,,
TITAN,NSE_CORP_ANN,,Updates,Titan Company Limited has informed the Exchange regarding 'Intimation of launch of Titan s first Lab Grown Diamond store in Mumbai'.,Updates Titan Company Limited has informed the Exchange regarding 'Intimation of launch of Titan s first Lab Grown Diamond store in Mumbai'.,OTHER,False,False,NEUTRAL,0.0,0.5,,v3.0,,,
TITAN,NSE_CORP_ANN,,Trading Window,"Titan Company Limited has informed the Exchange regarding the Trading Window closure pursuant to SEBI (Prohibition of Insider Trading) Regulations, 2015","Trading Window Titan Company Limited has informed the Exchange regarding the Trading Window closure pursuant to SEBI (Prohibition of Insider Trading) Regulations, 2015",OTHER,True,False,NEUTRAL,0.0,0.5,,v3.0,,,
TORNTPHARM,NSE_CORP_ANN,,Trading Window,"Torrent Pharmaceuticals Limited has informed the Exchange regarding the Trading Window closure pursuant to SEBI (Prohibition of Insider Trading) Regulations, 2015","Trading Window Torrent Pharmaceuticals Limited has informed the Exchange regarding the Trading Window closure pursuant to SEBI (Prohibition of Insider Trading) Regulations, 2015",OTHER,True,False,NEUTRAL,0.0,0.5,,v3.0,,,
TORNTPHARM,NSE_CORP_ANN,,Updates,Torrent Pharmaceuticals Limited has informed the Exchange regarding 'Redemption of Commercial papers'.,Updates Torrent Pharmaceuticals Limited has informed the Exchange regarding 'Redemption of Commercial papers'.,OTHER,False,False,NEUTRAL,0.0,0.5,,v3.0,,,
TORNTPOWER,NSE_CORP_ANN,,Trading Window,"Torrent Power Limited has informed the Exchange regarding the Trading Window closure pursuant to SEBI (Prohibition of Insider Trading) Regulations, 2015","Trading Window Torrent Power Limited has informed the Exchange regarding the Trading Window closure pursuant to SEBI (Prohibition of Insider Trading) Regulations, 2015",OTHER,True,False,NEUTRAL,0.0,0.5,,v3.0,,,
TIINDIA,NSE_CORP_ANN,,General Updates,Tube Investments of India Limited has informed the Exchange about Allotment of shares under ESOP,General Updates Tube Investments of India Limited has informed the Exchange about Allotment of shares under ESOP,OTHER,True,False,NEUTRAL,0.0,0.5,,v3.0,,,
UNOMINDA,NSE_CORP_ANN,,Updates,UNO Minda Limited has informed the Exchange regarding 'Issuance of Commercial Paper'.,Updates UNO Minda Limited has informed the Exchange regarding 'Issuance of Commercial Paper'.,OTHER,False,False,NEUTRAL,0.0,0.5,,v3.0,,,
UNOMINDA,NSE_CORP_ANN,,Agreements,UNO Minda Limited has informed the Exchange about execution of restated Joint Venture Agreement,Agreements UNO Minda Limited has informed the Exchange about execution of restated Joint Venture Agreement,OTHER,False,False,NEUTRAL,0.0,0.5,,v3.0,,,
UPL,NSE_CORP_ANN,,General Updates,UPL Limited has informed the Exchange about Investment in Hybrid Seeds Vietnam Company Limited,General Updates UPL Limited has informed the Exchange about Investment in Hybrid Seeds Vietnam Company Limited,OTHER,False,False,NEUTRAL,0.0,0.5,,v3.0,,,
ULTRACEMCO,NSE_CORP_ANN,,Updates,UltraTech Cement Limited has informed the Exchange regarding 'Commissioning Of Cement Capacity at Dhule and Nathdwara'.,Updates UltraTech Cement Limited has informed the Exchange regarding 'Commissioning Of Cement Capacity at Dhule and Nathdwara'.,OTHER,False,False,NEUTRAL,0.0,0.5,,v3.0,,,
ULTRACEMCO,NSE_CORP_ANN,,Copy of Newspaper Publication,UltraTech Cement Limited has informed the Exchange about Copy of Newspaper Publication,Copy of Newspaper Publication UltraTech Cement Limited has informed the Exchange about Copy of Newspaper Publication,OTHER,True,False,NEUTRAL,0.0,0.5,,v3.0,,,
UNIONBANK,NSE_CORP_ANN,,Trading Window,"Union Bank of India has informed the Exchange regarding the Trading Window closure pursuant to SEBI (Prohibition of Insider Trading) Regulations, 2015","Trading Window Union Bank of India has informed the Exchange regarding the Trading Window closure pursuant to SEBI (Prohibition of Insider Trading) Regulations, 2015",OTHER,True,False,NEUTRAL,0.0,0.5,,v3.0,,,
UNITDSPR,NSE_CORP_ANN,,General Updates,United Spirits Limited has informed the Exchange about General Updates,General Updates United Spirits Limited has informed the Exchange about General Updates,OTHER,False,False,NEUTRAL,0.0,0.5,,v3.0,,,
UNITDSPR,NSE_CORP_ANN,,Shareholders meeting,United Spirits Limited has submitted the Exchange a copy Srutinizers report of  Postal Ballot,Shareholders meeting United Spirits Limited has submitted the Exchange a copy Srutinizers report of Postal Ballot,OTHER,False,False,NEUTRAL,0.0,0.5,,v3.0,,,
VBL,NSE_CORP_ANN,,Trading Window,"Varun Beverages Limited has informed the Exchange regarding the Trading Window closure pursuant to SEBI (Prohibition of Insider Trading) Regulations, 2015","Trading Window Varun Beverages Limited has informed the Exchange regarding the Trading Window closure pursuant to SEBI (Prohibition of Insider Trading) Regulations, 2015",OTHER,True,False,NEUTRAL,0.0,0.5,,v3.0,,,
VBL,NSE_CORP_ANN,,General Updates,Board Presentation on the proposed acquisition of 100% Share Capital of Twizza Proprietary Limited ( Twizza ) through our subsidiary company in South Africa i.e. The Beverages Company Proprietary Limited.,General Updates Board Presentation on the proposed acquisition of 100% Share Capital of Twizza Proprietary Limited ( Twizza ) through our subsidiary company in South Africa i.e. The Beverages Company Proprietary Limited.,OTHER,False,False,NEUTRAL,0.0,0.5,,v3.0,,,
VBL,NSE_CORP_ANN,,Outcome of Board Meeting,The Board of Directors at their meeting held today inter-alia considered and approved to acquire 100% Share Capital of Twizza Proprietary Limited as per details in the enclosed intimation.,Outcome of Board Meeting The Board of Directors at their meeting held today inter-alia considered and approved to acquire 100% Share Capital of Twizza Proprietary Limited as per details in the enclosed intimation.,OTHER,True,False,NEUTRAL,0.0,0.5,,v3.0,,,
VEDL,NSE_CORP_ANN,,Action(s) taken or orders passed,Vedanta Limited has informed the Exchange about Action(s) taken or orders passed,Action(s) taken or orders passed Vedanta Limited has informed the Exchange about Action(s) taken or orders passed,OTHER,False,False,NEUTRAL,0.0,0.5,,v3.0,,,
VEDL,NSE_CORP_ANN,,Updates,"Vedanta Limited has informed the Exchange regarding 'Disclosure under Regulation 30 of Securities and Exchange Board of India ( SEBI ) (Listing Obligations and Disclosure Requirements) Regulations, 2015 ( Listing Regulations ), as amended - Declaration of Successful Bidder for Depo Graphite   Vanadium Block under Critical Mineral Auctions Tranche IV conducted by the Ministry of Mines, Government of India'.","Updates Vedanta Limited has informed the Exchange regarding 'Disclosure under Regulation 30 of Securities and Exchange Board of India ( SEBI ) (Listing Obligations and Disclosure Requirements) Regulations, 2015 ( Listing Regulations ), as amended - Declaration of Successful Bidder for Depo Graphite Vanadium Block under Critical Mineral Auctions Tranche IV conducted by the Ministry of Mines, Government of India'.",OTHER,False,False,NEUTRAL,0.0,0.5,,v3.0,,,
VEDL,NSE_CORP_ANN,,Trading Window,"Vedanta Limited has informed the Exchange regarding the Trading Window closure pursuant to SEBI (Prohibition of Insider Trading) Regulations, 2015","Trading Window Vedanta Limited has informed the Exchange regarding the Trading Window closure pursuant to SEBI (Prohibition of Insider Trading) Regulations, 2015",OTHER,True,False,NEUTRAL,0.0,0.5,,v3.0,,,
VEDL,NSE_CORP_ANN,,Action(s) taken or orders passed,Vedanta Limited has informed the Exchange about Action(s) taken or orders passed,Action(s) taken or orders passed Vedanta Limited has informed the Exchange about Action(s) taken or orders passed,OTHER,False,False,NEUTRAL,0.0,0.5,,v3.0,,,
VEDL,NSE_CORP_ANN,,Updates,"Vedanta Limited has informed the Exchange regarding 'Disclosure under Regulation 30 of Securities and Exchange Board of India ( SEBI ) (Listing Obligations and Disclosure Requirements) Regulations, 2015 ( Listing Regulations ), as amended   ESG Ratings'.","Updates Vedanta Limited has informed the Exchange regarding 'Disclosure under Regulation 30 of Securities and Exchange Board of India ( SEBI ) (Listing Obligations and Disclosure Requirements) Regulations, 2015 ( Listing Regulations ), as amended ESG Ratings'.",OTHER,False,False,NEUTRAL,0.0,0.5,,v3.0,,,
VEDL,NSE_CORP_ANN,,Credit Rating,Vedanta Limited has informed the Exchange about Credit Rating,Credit Rating Vedanta Limited has informed the Exchange about Credit Rating,OTHER,False,False,NEUTRAL,0.0,0.5,,v3.0,,,
IDEA,NSE_CORP_ANN,,Action(s) taken or orders passed,"Vodafone Idea Limited has informed the Exchange about Disclosure under Regulation 30 of SEBI (Listing Obligations and Disclosures Requirements) Regulations, 2015 regarding orders passed under Central Goods and Services Tax Act, 2017","Action(s) taken or orders passed Vodafone Idea Limited has informed the Exchange about Disclosure under Regulation 30 of SEBI (Listing Obligations and Disclosures Requirements) Regulations, 2015 regarding orders passed under Central Goods and Services Tax Act, 2017",OTHER,False,True,WATCH,7.0,0.95,PATTERN_MATCH_tax.*order,v3.0,,,
IDEA,NSE_CORP_ANN,,Action(s) taken or orders passed,"Vodafone Idea Limited has informed the Exchange about Disclosure under Regulation 30 of SEBI (Listing Obligations and Disclosures Requirements) Regulations, 2015 regarding orders passed under Central Goods and Services Tax Act, 2017","Action(s) taken or orders passed Vodafone Idea Limited has informed the Exchange about Disclosure under Regulation 30 of SEBI (Listing Obligations and Disclosures Requirements) Regulations, 2015 regarding orders passed under Central Goods and Services Tax Act, 2017",OTHER,False,True,WATCH,7.0,0.95,PATTERN_MATCH_tax.*order,v3.0,,,
IDEA,NSE_CORP_ANN,,Action(s) taken or orders passed,"Vodafone Idea Limited has informed the Exchange about disclosure under Regulation 30 of SEBI (Listing Obligations and Disclosure Requirements) Regulations, 2015 regarding order passed under the Central Goods and Services Tax Act, 2017","Action(s) taken or orders passed Vodafone Idea Limited has informed the Exchange about disclosure under Regulation 30 of SEBI (Listing Obligations and Disclosure Requirements) Regulations, 2015 regarding order passed under the Central Goods and Services Tax Act, 2017",OTHER,False,True,WATCH,7.5,0.95,PATTERN_MATCH_order passed.*tax,v3.0,,,
VOLTAS,NSE_CORP_ANN,,Change in Management,Voltas Limited has informed the Exchange about change in Management,Change in Management Voltas Limited has informed the Exchange about change in Management,OTHER,False,False,NEUTRAL,0.0,0.5,,v3.0,,,
VOLTAS,NSE_CORP_ANN,,Trading Window,"Voltas Limited has informed the Exchange regarding the Trading Window closure pursuant to SEBI (Prohibition of Insider Trading) Regulations, 2015","Trading Window Voltas Limited has informed the Exchange regarding the Trading Window closure pursuant to SEBI (Prohibition of Insider Trading) Regulations, 2015",OTHER,True,False,NEUTRAL,0.0,0.5,,v3.0,,,
WIPRO,NSE_CORP_ANN,,Updates,"Wipro Limited has informed the Exchange regarding Allotment of 21,126 equity shares under ADS Restricted Stock Unit Plan 2004 and 73,687 equity shares under the Restricted Stock Unit Plan 2007 on December 22, 2025, pursuant to exercise of ESOPs.","Updates Wipro Limited has informed the Exchange regarding Allotment of 21,126 equity shares under ADS Restricted Stock Unit Plan 2004 and 73,687 equity shares under the Restricted Stock Unit Plan 2007 on December 22, 2025, pursuant to exercise of ESOPs.",OTHER,True,False,NEUTRAL,0.0,0.5,,v3.0,,,
YESBANK,NSE_CORP_ANN,,Trading Window,"Yes Bank Limited has informed the Exchange regarding the Trading Window closure pursuant to SEBI (Prohibition of Insider Trading) Regulations, 2015","Trading Window Yes Bank Limited has informed the Exchange regarding the Trading Window closure pursuant to SEBI (Prohibition of Insider Trading) Regulations, 2015",OTHER,True,False,NEUTRAL,0.0,0.5,,v3.0,,,
YESBANK,NSE_CORP_ANN,,Analysts/Institutional Investor Meet/Con. Call Updates,YES Bank Limited has informed the Exchange about Schedule of Analyst/ Institutional Investors Meet(s) / Call(s) / VC(s) - Advance Intimation - Deutsche Bank India Credit Connect - 2026,Analysts/Institutional Investor Meet/Con. Call Updates YES Bank Limited has informed the Exchange about Schedule of Analyst/ Institutional Investors Meet(s) / Call(s) / VC(s) - Advance Intimation - Deutsche Bank India Credit Connect - 2026,OTHER,True,False,NEUTRAL,0.0,0.5,,v3.0,,,
YESBANK,NSE_CORP_ANN,,Updates,"Yes Bank Limited has informed the Exchange regarding 'That the Bank has received an Order pertaining to FY 2021-22 from the Goods and Services Tax ( GST ) department, Uttar Pradesh on December 24, 2025 on certain issues levying a penalty of Rs. 3,30,55,942/- in addition to tax demand and applicable interest.'.","Updates Yes Bank Limited has informed the Exchange regarding 'That the Bank has received an Order pertaining to FY 2021-22 from the Goods and Services Tax ( GST ) department, Uttar Pradesh on December 24, 2025 on certain issues levying a penalty of Rs. 3,30,55,942/- in addition to tax demand and applicable interest.'.",OTHER,False,True,WATCH,7.5,0.95,PATTERN_MATCH_order.*received.*gst,v3.0,,,
YESBANK,NSE_CORP_ANN,,Analysts/Institutional Investor Meet/Con. Call Updates,"Disclosure under Regulation 30 read with clause 15 of Para A of Part A of Schedule III of the SEBI (Listing Obligations and Disclosure Requirements) Regulations, 2015 - Schedule of Analyst/ Institutional Investors Meet(s) / Call(s) / VC(s)   Advance Intimation - Kotak Flagship Conference: Chasing Growth 2026","Analysts/Institutional Investor Meet/Con. Call Updates Disclosure under Regulation 30 read with clause 15 of Para A of Part A of Schedule III of the SEBI (Listing Obligations and Disclosure Requirements) Regulations, 2015 - Schedule of Analyst/ Institutional Investors Meet(s) / Call(s) / VC(s) Advance Intimation - Kotak Flagship Conference: Chasing Growth 2026",OTHER,True,False,NEUTRAL,0.0,0.5,,v3.0,,,
YESBANK,NSE_CORP_ANN,,Analysts/Institutional Investor Meet/Con. Call Updates,"Disclosure under Regulation 30 read with clause 15 of Para A of Part A of Schedule IIIof the SEBI (Listing Obligations and Disclosure Requirements) Regulations, 2015 ( ListingRegulations ) Schedule of Analyst/ Institutional Investors Meet(s) / Call(s) / VC(s)   Advance Intimation - Nuvama India Investor Conference - India: Shoring up Self-Reliance","Analysts/Institutional Investor Meet/Con. Call Updates Disclosure under Regulation 30 read with clause 15 of Para A of Part A of Schedule IIIof the SEBI (Listing Obligations and Disclosure Requirements) Regulations, 2015 ( ListingRegulations ) Schedule of Analyst/ Institutional Investors Meet(s) / Call(s) / VC(s) Advance Intimation - Nuvama India Investor Conference - India: Shoring up Self-Reliance",OTHER,True,False,NEUTRAL,0.0,0.5,,v3.0,,,
ZYDUSLIFE,NSE_CORP_ANN,,Copy of Newspaper Publication,Zydus Lifesciences Limited has informed the Exchange about Copy of Newspaper Publication,Copy of Newspaper Publication Zydus Lifesciences Limited has informed the Exchange about Copy of Newspaper Publication,OTHER,True,False,NEUTRAL,0.0,0.5,,v3.0,,,
ZYDUSLIFE,NSE_CORP_ANN,,Updates,Zydus Lifesciences Limited has informed the Exchange regarding 'Intimation of ESG Rating'.,Updates Zydus Lifesciences Limited has informed the Exchange regarding 'Intimation of ESG Rating'.,OTHER,False,False,NEUTRAL,0.0,0.5,,v3.0,,,
ZYDUSLIFE,NSE_CORP_ANN,,Trading Window,"Zydus Lifesciences Limited has informed the Exchange regarding the Trading Window closure pursuant to SEBI (Prohibition of Insider Trading) Regulations, 2015","Trading Window Zydus Lifesciences Limited has informed the Exchange regarding the Trading Window closure pursuant to SEBI (Prohibition of Insider Trading) Regulations, 2015",OTHER,True,False,NEUTRAL,0.0,0.5,,v3.0,,,
ZYDUSLIFE,NSE_CORP_ANN,,Copy of Newspaper Publication,Zydus Lifesciences Limited has informed the Exchange about Copy of Newspaper Publication,Copy of Newspaper Publication Zydus Lifesciences Limited has informed the Exchange about Copy of Newspaper Publication,OTHER,True,False,NEUTRAL,0.0,0.5,,v3.0,,,
ZYDUSLIFE,NSE_CORP_ANN,,General Updates,Zydus Lifesciences Limited has informed the Exchange about General Updates,General Updates Zydus Lifesciences Limited has informed the Exchange about General Updates,OTHER,False,False,NEUTRAL,0.0,0.5,,v3.0,,,
ZYDUSLIFE,NSE_CORP_ANN,,Press Release,"Zydus Lifesciences Limited has informed the Exchange regarding a press release dated December 23, 2025, titled ""Zydus Partners with Bioeq for U.S. Commercialisation rights for NUFYMCO®, an Interchangeable Biosimilar to Lucentis®. NUFYMCO®. BLA has been approved by the USFDA"".","Press Release Zydus Lifesciences Limited has informed the Exchange regarding a press release dated December 23, 2025, titled ""Zydus Partners with Bioeq for U.S. Commercialisation rights for NUFYMCO®, an Interchangeable Biosimilar to Lucentis®. NUFYMCO®. BLA has been approved by the USFDA"".",OTHER,False,False,NEUTRAL,0.0,0.5,,v3.0,,,
360ONE,NSE_CORP_ANN,,ESOP/ESOS/ESPS,360 ONE WAM LIMITED has informed the Exchange regarding Grant of 3527736  Employee Stock Options (ESOPs),ESOP/ESOS/ESPS 360 ONE WAM LIMITED has informed the Exchange regarding Grant of 3527736 Employee Stock Options (ESOPs),OTHER,True,False,NEUTRAL,0.0,0.5,,v3.0,,,
360ONE,NSE_CORP_ANN,,Acquisition,"360 ONE WAM LIMITED has informed the Exchange about incorporation of a wholly owned subsidiary of 360 ONE Asset Management Limited,  a wholly owned subsidiary of the Company for carrying out fund management business in Gujarat International Finance Tec-City GIFT City. We wish to inform you that the aforesaid step-down wholly owned subsidiary of the Company is now incorporated in the name of 360 ONE Global Asset Management (IFSC) Limited with a corporate identity number U66300GJ2025PLC171080 on December 23, 2025.","Acquisition 360 ONE WAM LIMITED has informed the Exchange about incorporation of a wholly owned subsidiary of 360 ONE Asset Management Limited, a wholly owned subsidiary of the Company for carrying out fund management business in Gujarat International Finance Tec-City GIFT City. We wish to inform you that the aforesaid step-down wholly owned subsidiary of the Company is now incorporated in the name of 360 ONE Global Asset Management (IFSC) Limited with a corporate identity number U66300GJ2025PLC171080 on December 23, 2025.",OTHER,True,False,NEUTRAL,0.0,0.5,,v3.0,,,
APLAPOLLO,NSE_CORP_ANN,,Updates,"APL Apollo Tubes Limited has informed the Exchange regarding 'Environmental, Social and Governance Report for Financial Year 2024-25'.","Updates APL Apollo Tubes Limited has informed the Exchange regarding 'Environmental, Social and Governance Report for Financial Year 2024-25'.",OTHER,False,False,NEUTRAL,0.0,0.5,,v3.0,,,
APLAPOLLO,NSE_CORP_ANN,,Trading Window,"APL Apollo Tubes Limited has informed the Exchange regarding the Trading Window closure pursuant to SEBI (Prohibition of Insider Trading) Regulations, 2015","Trading Window APL Apollo Tubes Limited has informed the Exchange regarding the Trading Window closure pursuant to SEBI (Prohibition of Insider Trading) Regulations, 2015",OTHER,True,False,NEUTRAL,0.0,0.5,,v3.0,,,
AUBANK,NSE_CORP_ANN,,Trading Window,"AU Small Finance Bank Limited has informed the Exchange regarding the Trading Window closure pursuant to SEBI (Prohibition of Insider Trading) Regulations, 2015","Trading Window AU Small Finance Bank Limited has informed the Exchange regarding the Trading Window closure pursuant to SEBI (Prohibition of Insider Trading) Regulations, 2015",OTHER,True,False,NEUTRAL,0.0,0.5,,v3.0,,,
AUBANK,NSE_CORP_ANN,,Shareholders meeting,"AU Small Finance Bank Limited has submitted the Exchange a copy Srutinizers report of  Postal Ballot. Further, the company has informed the Exchange regarding voting results.","Shareholders meeting AU Small Finance Bank Limited has submitted the Exchange a copy Srutinizers report of Postal Ballot. Further, the company has informed the Exchange regarding voting results.",OTHER,True,False,NEUTRAL,0.0,0.5,,v3.0,,,
ADANIENSOL,NSE_CORP_ANN,,Trading Window,"Adani Energy Solutions Limited has informed the Exchange regarding the Trading Window closure pursuant to SEBI (Prohibition of Insider Trading) Regulations, 2015","Trading Window Adani Energy Solutions Limited has informed the Exchange regarding the Trading Window closure pursuant to SEBI (Prohibition of Insider Trading) Regulations, 2015",OTHER,True,False,NEUTRAL,0.0,0.5,,v3.0,,,
ADANIENSOL,NSE_CORP_ANN,,General Updates,"Adani Energy Solutions Limited has informed the Exchange about Intimation for Incorporation of a step-down subsidiary, ATSOL Global IFSC Limited.","General Updates Adani Energy Solutions Limited has informed the Exchange about Intimation for Incorporation of a step-down subsidiary, ATSOL Global IFSC Limited.",OTHER,True,False,NEUTRAL,0.0,0.5,,v3.0,,,
ADANIENT,NSE_CORP_ANN,,Copy of Newspaper Publication,Adani Enterprises Limited has informed the Exchange about Copy of Newspaper Publication regarding First Call Notice.,Copy of Newspaper Publication Adani Enterprises Limited has informed the Exchange about Copy of Newspaper Publication regarding First Call Notice.,OTHER,True,False,NEUTRAL,0.0,0.5,,v3.0,,,
ADANIENT,NSE_CORP_ANN,,Updates,"Adani Enterprises Limited has informed the Exchange regarding 'Intimation Under The Securities And Exchange Board Of India (Listing Obligations And Disclosure Requirements) Regulations, 2015 As Amended ('SEBI Listing Regulations') In Relation To The Public Issue Of Non-Convertible Debentures'.","Updates Adani Enterprises Limited has informed the Exchange regarding 'Intimation Under The Securities And Exchange Board Of India (Listing Obligations And Disclosure Requirements) Regulations, 2015 As Amended ('SEBI Listing Regulations') In Relation To The Public Issue Of Non-Convertible Debentures'.",OTHER,False,False,NEUTRAL,0.0,0.5,,v3.0,,,
ADANIENT,NSE_CORP_ANN,,Credit Rating,Adani Enterprises Limited has informed the Exchange about Credit Rating,Credit Rating Adani Enterprises Limited has informed the Exchange about Credit Rating,OTHER,False,False,NEUTRAL,0.0,0.5,,v3.0,,,
ADANIGREEN,NSE_CORP_ANN,,General Updates,Adani Green Energy Limited has informed the Exchange about Incorporation of step-down subsidiary company,General Updates Adani Green Energy Limited has informed the Exchange about Incorporation of step-down subsidiary company,OTHER,True,False,NEUTRAL,0.0,0.5,,v3.0,,,
ADANIGREEN,NSE_CORP_ANN,,Trading Window,"Adani Green Energy Limited has informed the Exchange regarding the Trading Window closure pursuant to SEBI (Prohibition of Insider Trading) Regulations, 2015","Trading Window Adani Green Energy Limited has informed the Exchange regarding the Trading Window closure pursuant to SEBI (Prohibition of Insider Trading) Regulations, 2015",OTHER,True,False,NEUTRAL,0.0,0.5,,v3.0,,,
ADANIGREEN,NSE_CORP_ANN,,General Updates,Adani Green Energy Limited has informed the Exchange about Compliance Certificate of RG II entities,General Updates Adani Green Energy Limited has informed the Exchange about Compliance Certificate of RG II entities,OTHER,True,False,NEUTRAL,0.0,0.5,,v3.0,,,
ADANIGREEN,NSE_CORP_ANN,,General Updates,Adani Green Energy Limited has informed the Exchange about Compliance Certificate of RG I entities,General Updates Adani Green Energy Limited has informed the Exchange about Compliance Certificate of RG I entities,OTHER,True,False,NEUTRAL,0.0,0.5,,v3.0,,,
ADANIPORTS,NSE_CORP_ANN,,General Updates,Adani Ports and Special Economic Zone Limited has informed the Exchange about General Updates,General Updates Adani Ports and Special Economic Zone Limited has informed the Exchange about General Updates,OTHER,False,False,NEUTRAL,0.0,0.5,,v3.0,,,
ABCAPITAL,NSE_CORP_ANN,,Allotment of Securities,Aditya Birla Capital Limited has informed the Exchange regarding allotment of Non- Convertible Debentures.,Allotment of Securities Aditya Birla Capital Limited has informed the Exchange regarding allotment of Non- Convertible Debentures.,OTHER,True,False,NEUTRAL,0.0,0.5,,v3.0,,,
ABCAPITAL,NSE_CORP_ANN,,Trading Window,"Aditya Birla Capital Limited has informed the Exchange regarding the Trading Window closure pursuant to SEBI (Prohibition of Insider Trading) Regulations, 2015","Trading Window Aditya Birla Capital Limited has informed the Exchange regarding the Trading Window closure pursuant to SEBI (Prohibition of Insider Trading) Regulations, 2015",OTHER,True,False,NEUTRAL,0.0,0.5,,v3.0,,,
ABCAPITAL,NSE_CORP_ANN,,ESOP/ESOS/ESPS,Aditya Birla Capital Limited has informed the Exchange regarding Allotment of 120054  Shares.,ESOP/ESOS/ESPS Aditya Birla Capital Limited has informed the Exchange regarding Allotment of 120054 Shares.,OTHER,True,False,NEUTRAL,0.0,0.5,,v3.0,,,
ALKEM,NSE_CORP_ANN,,General Updates,Alkem Laboratories Limited has informed the Exchange about Disclosure under Regulation 30 of SEBI LODR Regulations.,General Updates Alkem Laboratories Limited has informed the Exchange about Disclosure under Regulation 30 of SEBI LODR Regulations.,OTHER,False,False,NEUTRAL,0.0,0.5,,v3.0,,,
ALKEM,NSE_CORP_ANN,,Action(s) initiated or orders passed,Alkem Laboratories Limited has informed the Exchange about Action(s) initiated or orders passed,Action(s) initiated or orders passed Alkem Laboratories Limited has informed the Exchange about Action(s) initiated or orders passed,OTHER,False,False,NEUTRAL,0.0,0.5,,v3.0,,,
ALKEM,NSE_CORP_ANN,,Trading Window,"Alkem Laboratories Limited has informed the Exchange regarding the Trading Window closure pursuant to SEBI (Prohibition of Insider Trading) Regulations, 2015","Trading Window Alkem Laboratories Limited has informed the Exchange regarding the Trading Window closure pursuant to SEBI (Prohibition of Insider Trading) Regulations, 2015",OTHER,True,False,NEUTRAL,0.0,0.5,,v3.0,,,
ALKEM,NSE_CORP_ANN,,Analysts/Institutional Investor Meet/Con. Call Updates,Alkem Laboratories Limited has informed the Exchange about Schedule of meet,Analysts/Institutional Investor Meet/Con. Call Updates Alkem Laboratories Limited has informed the Exchange about Schedule of meet,OTHER,True,False,NEUTRAL,0.0,0.5,,v3.0,,,
AMBUJACEM,NSE_CORP_ANN,,Trading Window,"Ambuja Cements Limited has informed the Exchange regarding the Trading Window closure pursuant to SEBI (Prohibition of Insider Trading) Regulations, 2015","Trading Window Ambuja Cements Limited has informed the Exchange regarding the Trading Window closure pursuant to SEBI (Prohibition of Insider Trading) Regulations, 2015",OTHER,True,False,NEUTRAL,0.0,0.5,,v3.0,,,
AMBUJACEM,NSE_CORP_ANN,,General Updates,Ambuja Cements Limited has informed the Exchange about Capital Market Q&A on - Amalgamation of ACC Limited and Orient Cement Limited with Ambuja Cements Limited,General Updates Ambuja Cements Limited has informed the Exchange about Capital Market Q&A on - Amalgamation of ACC Limited and Orient Cement Limited with Ambuja Cements Limited,OTHER,False,False,NEUTRAL,0.0,0.5,,v3.0,,,
AMBUJACEM,NSE_CORP_ANN,,Press Release,Approval of Scheme of Amalgamation of ACC Limited with Ambuja Cements Limited and Orient Cement Limited with Ambuja Cements Limited,Press Release Approval of Scheme of Amalgamation of ACC Limited with Ambuja Cements Limited and Orient Cement Limited with Ambuja Cements Limited,OTHER,False,False,NEUTRAL,0.0,0.5,,v3.0,,,
AMBUJACEM,NSE_CORP_ANN,,Amalgamation/Merger,Approval of Scheme of Amalgamation of ACC Limited with Ambuja Cements Limited and Orient Cement Limited with Ambuja Cements Limited,Amalgamation/Merger Approval of Scheme of Amalgamation of ACC Limited with Ambuja Cements Limited and Orient Cement Limited with Ambuja Cements Limited,OTHER,False,False,NEUTRAL,0.0,0.5,,v3.0,,,
ANGELONE,NSE_CORP_ANN,,Updates,"Angel One Limited has informed the Exchange regarding ' AngelOne Limited has been awarded ISO 22301:2019 Certification for its Business ContinuityManagement System (BCMS) by Intertek Certification Limited on December 22, 2025'.","Updates Angel One Limited has informed the Exchange regarding ' AngelOne Limited has been awarded ISO 22301:2019 Certification for its Business ContinuityManagement System (BCMS) by Intertek Certification Limited on December 22, 2025'.",OTHER,False,False,NEUTRAL,0.0,0.5,,v3.0,,,
APOLLOHOSP,NSE_CORP_ANN,,Trading Window,"Apollo Hospitals Enterprise Limited has informed the Exchange regarding the Trading Window closure pursuant to SEBI (Prohibition of Insider Trading) Regulations, 2015","Trading Window Apollo Hospitals Enterprise Limited has informed the Exchange regarding the Trading Window closure pursuant to SEBI (Prohibition of Insider Trading) Regulations, 2015",OTHER,True,False,NEUTRAL,0.0,0.5,,v3.0,,,
APOLLOHOSP,NSE_CORP_ANN,,General Updates,Apollo Hospitals Enterprise Limited has informed the Exchange about General Updates,General Updates Apollo Hospitals Enterprise Limited has informed the Exchange about General Updates,OTHER,False,False,NEUTRAL,0.0,0.5,,v3.0,,,
APOLLOHOSP,NSE_CORP_ANN,,General Updates,Apollo Hospitals Enterprise Limited has informed the Exchange about General Updates,General Updates Apollo Hospitals Enterprise Limited has informed the Exchange about General Updates,OTHER,False,False,NEUTRAL,0.0,0.5,,v3.0,,,
ASHOKLEY,NSE_CORP_ANN,,Trading Window,"Ashok Leyland Limited has informed the Exchange regarding the Trading Window closure pursuant to SEBI (Prohibition of Insider Trading) Regulations, 2015","Trading Window Ashok Leyland Limited has informed the Exchange regarding the Trading Window closure pursuant to SEBI (Prohibition of Insider Trading) Regulations, 2015",OTHER,True,False,NEUTRAL,0.0,0.5,,v3.0,,,
ASIANPAINT,NSE_CORP_ANN,,Copy of Newspaper Publication,"This is to inform that SEBI vide it Circular No. SEBI/HO/MIRSD-PoD/P/CIR/2025/97 dated 2nd July 2025, has decided to open a special window for a period of 6 months from 7th July 2025 to 6th January 2026 to facilitate re-lodgment of transfer requests of physical shares of the Company. Pursuant to said Circular, please find attached copies of notice given to the investors of the Company.","Copy of Newspaper Publication This is to inform that SEBI vide it Circular No. SEBI/HO/MIRSD-PoD/P/CIR/2025/97 dated 2nd July 2025, has decided to open a special window for a period of 6 months from 7th July 2025 to 6th January 2026 to facilitate re-lodgment of transfer requests of physical shares of the Company. Pursuant to said Circular, please find attached copies of notice given to the investors of the Company.",OTHER,True,False,NEUTRAL,0.0,0.5,,v3.0,,,
ASTRAL,NSE_CORP_ANN,,Trading Window,"Astral Limited has informed the Exchange regarding the Trading Window closure pursuant to SEBI (Prohibition of Insider Trading) Regulations, 2015","Trading Window Astral Limited has informed the Exchange regarding the Trading Window closure pursuant to SEBI (Prohibition of Insider Trading) Regulations, 2015",OTHER,True,False,NEUTRAL,0.0,0.5,,v3.0,,,
AUROPHARMA,NSE_CORP_ANN,,General Updates,Aurobindo Pharma Limited has informed the Exchange about General Updates,General Updates Aurobindo Pharma Limited has informed the Exchange about General Updates,OTHER,False,False,NEUTRAL,0.0,0.5,,v3.0,,,
AUROPHARMA,NSE_CORP_ANN,,Trading Window,"Aurobindo Pharma Limited has informed the Exchange regarding the Trading Window closure pursuant to SEBI (Prohibition of Insider Trading) Regulations, 2015","Trading Window Aurobindo Pharma Limited has informed the Exchange regarding the Trading Window closure pursuant to SEBI (Prohibition of Insider Trading) Regulations, 2015",OTHER,True,False,NEUTRAL,0.0,0.5,,v3.0,,,
AUROPHARMA,NSE_CORP_ANN,,Acquisition,"Aurobindo Pharma Limited has informed the Exchange about acquisition of additional 20% stake in Luoxin Aurovitas Pharma (Chengdu) Co. Ltd, China, a joint venture company","Acquisition Aurobindo Pharma Limited has informed the Exchange about acquisition of additional 20% stake in Luoxin Aurovitas Pharma (Chengdu) Co. Ltd, China, a joint venture company",OTHER,False,False,NEUTRAL,0.0,0.5,,v3.0,,,
DMART,NSE_CORP_ANN,,Updates,Avenue Supermarts Limited has informed the Exchange regarding allotment of Commercial Paper of Rs. 200 crores,Updates Avenue Supermarts Limited has informed the Exchange regarding allotment of Commercial Paper of Rs. 200 crores,OTHER,True,False,NEUTRAL,0.0,0.5,,v3.0,,,
DMART,NSE_CORP_ANN,,General Updates,Avenue Supermarts Limited has informed the Exchange about Redemption of Commercial Paper (CP),General Updates Avenue Supermarts Limited has informed the Exchange about Redemption of Commercial Paper (CP),OTHER,False,False,NEUTRAL,0.0,0.5,,v3.0,,,
AXISBANK,NSE_CORP_ANN,,Updates,Axis Bank Limited has informed the Exchange regarding 'Update to the Global Medium Term Notes Programme of the Bank'.,Updates Axis Bank Limited has informed the Exchange regarding 'Update to the Global Medium Term Notes Programme of the Bank'.,OTHER,False,False,NEUTRAL,0.0,0.5,,v3.0,,,
AXISBANK,NSE_CORP_ANN,,ESOP/ESOS/ESPS,Axis Bank Limited has informed the Exchange regarding Allotment of 502455  Shares.,ESOP/ESOS/ESPS Axis Bank Limited has informed the Exchange regarding Allotment of 502455 Shares.,OTHER,True,False,NEUTRAL,0.0,0.5,,v3.0,,,
AXISBANK,NSE_CORP_ANN,,Trading Window,"Axis Bank Limited has informed the Exchange regarding the Trading Window closure pursuant to SEBI (Prohibition of Insider Trading) Regulations, 2015","Trading Window Axis Bank Limited has informed the Exchange regarding the Trading Window closure pursuant to SEBI (Prohibition of Insider Trading) Regulations, 2015",OTHER,True,False,NEUTRAL,0.0,0.5,,v3.0,,,
BSE,NSE_CORP_ANN,,News Verification,The Exchange has sought clarification from BSE Limited with respect to recent news item captioned BSE shares rise 3.5% as report says stock exchange plans to launch more monthly index option products.  The response from the Company is attached.,News Verification The Exchange has sought clarification from BSE Limited with respect to recent news item captioned BSE shares rise 3.5% as report says stock exchange plans to launch more monthly index option products. The response from the Company is attached.,OTHER,False,False,NEUTRAL,0.0,0.5,,v3.0,,,
BSE,NSE_CORP_ANN,,News Verification,The Exchange has sought clarification from BSE Limited with respect to recent news item captioned BSE shares rise 3.5% as report says stock exchange plans to launch more monthly index option products.  The response from the Company is awaited.,News Verification The Exchange has sought clarification from BSE Limited with respect to recent news item captioned BSE shares rise 3.5% as report says stock exchange plans to launch more monthly index option products. The response from the Company is awaited.,OTHER,False,False,NEUTRAL,0.0,0.5,,v3.0,,,
BAJAJ-AUTO,NSE_CORP_ANN,,Action(s) taken or orders passed,Bajaj Auto Limited has informed the Exchange about Action(s) taken or orders passed,Action(s) taken or orders passed Bajaj Auto Limited has informed the Exchange about Action(s) taken or orders passed,OTHER,False,False,NEUTRAL,0.0,0.5,,v3.0,,,
BANDHANBNK,NSE_CORP_ANN,,General Updates,Bandhan Bank Limited has informed the Exchange about Approval of the RBI for re-appointment of Executive Director.,General Updates Bandhan Bank Limited has informed the Exchange about Approval of the RBI for re-appointment of Executive Director.,OTHER,False,False,NEUTRAL,0.0,0.5,,v3.0,,,
BANDHANBNK,NSE_CORP_ANN,,Action(s) initiated or orders passed,Bandhan Bank Limited has informed the Exchange about Disclosure under Regulation 30 of the SEBI LODR.,Action(s) initiated or orders passed Bandhan Bank Limited has informed the Exchange about Disclosure under Regulation 30 of the SEBI LODR.,OTHER,False,False,NEUTRAL,0.0,0.5,,v3.0,,,
BANDHANBNK,NSE_CORP_ANN,,Trading Window,"Bandhan Bank Limited has informed the Exchange regarding the Trading Window closure pursuant to SEBI (Prohibition of Insider Trading) Regulations, 2015","Trading Window Bandhan Bank Limited has informed the Exchange regarding the Trading Window closure pursuant to SEBI (Prohibition of Insider Trading) Regulations, 2015",OTHER,True,False,NEUTRAL,0.0,0.5,,v3.0,,,
BANKBARODA,NSE_CORP_ANN,,Trading Window,"Bank Of Baroda has informed the Exchange regarding the Trading Window closure pursuant to SEBI (Prohibition of Insider Trading) Regulations, 2015","Trading Window Bank Of Baroda has informed the Exchange regarding the Trading Window closure pursuant to SEBI (Prohibition of Insider Trading) Regulations, 2015",OTHER,True,False,NEUTRAL,0.0,0.5,,v3.0,,,
BANKINDIA,NSE_CORP_ANN,,General Updates,"Bank Of India has informed the Exchange regarding allotment of Long Term Infra Bonds of Rs. 10,000 Crore.","General Updates Bank Of India has informed the Exchange regarding allotment of Long Term Infra Bonds of Rs. 10,000 Crore.",OTHER,True,False,NEUTRAL,0.0,0.5,,v3.0,,,
BANKINDIA,NSE_CORP_ANN,,Analysts/Institutional Investor Meet/Con. Call Updates,Bank Of India has informed the Exchange about Investor/Analyst Meet,Analysts/Institutional Investor Meet/Con. Call Updates Bank Of India has informed the Exchange about Investor/Analyst Meet,OTHER,True,False,NEUTRAL,0.0,0.5,,v3.0,,,
BANKINDIA,NSE_CORP_ANN,,Updates,"Bank Of India has informed the Exchange regarding 'Bank Of India has informed the Exchange regarding Fund raising through issue of Long Term Infra Bonds of Rs.10,000 Crores.'.","Updates Bank Of India has informed the Exchange regarding 'Bank Of India has informed the Exchange regarding Fund raising through issue of Long Term Infra Bonds of Rs.10,000 Crores.'.",OTHER,False,False,NEUTRAL,0.0,0.5,,v3.0,,,
BANKINDIA,NSE_CORP_ANN,,Trading Window,"Bank Of India has informed the Exchange regarding the Trading Window closure pursuant to SEBI (Prohibition of Insider Trading) Regulations, 2015","Trading Window Bank Of India has informed the Exchange regarding the Trading Window closure pursuant to SEBI (Prohibition of Insider Trading) Regulations, 2015",OTHER,True,False,NEUTRAL,0.0,0.5,,v3.0,,,
BANKINDIA,NSE_CORP_ANN,,Updates,Bank Of India has informed the Exchange regarding ' Bank Of India has informed the Exchange regarding 'Notice for Excercise of Call Option in respect of 9.04% Additional Tier I Bonds Series VI (ISIN NO.INE084A08136) Fixation of Record Date'.'.,Updates Bank Of India has informed the Exchange regarding ' Bank Of India has informed the Exchange regarding 'Notice for Excercise of Call Option in respect of 9.04% Additional Tier I Bonds Series VI (ISIN NO.INE084A08136) Fixation of Record Date'.'.,OTHER,True,False,NEUTRAL,0.0,0.5,,v3.0,,,
BDL,NSE_CORP_ANN,,Trading Window,"Bharat Dynamics Limited has informed the Exchange regarding the Trading Window closure pursuant to SEBI (Prohibition of Insider Trading) Regulations, 2015","Trading Window Bharat Dynamics Limited has informed the Exchange regarding the Trading Window closure pursuant to SEBI (Prohibition of Insider Trading) Regulations, 2015",OTHER,True,False,NEUTRAL,0.0,0.5,,v3.0,,,
BHARATFORG,NSE_CORP_ANN,,Trading Window,"Bharat Forge Limited has informed the Exchange regarding the Trading Window closure pursuant to SEBI (Prohibition of Insider Trading) Regulations, 2015","Trading Window Bharat Forge Limited has informed the Exchange regarding the Trading Window closure pursuant to SEBI (Prohibition of Insider Trading) Regulations, 2015",OTHER,True,False,NEUTRAL,0.0,0.5,,v3.0,,,
BHEL,NSE_CORP_ANN,,Change in Management,Bharat Heavy Electricals Limited has informed the Exchange about change in Management,Change in Management Bharat Heavy Electricals Limited has informed the Exchange about change in Management,OTHER,False,False,NEUTRAL,0.0,0.5,,v3.0,,,
BHEL,NSE_CORP_ANN,,Action(s) initiated or orders passed,Bharat Heavy Electricals Limited has informed the Exchange about Action(s) initiated or orders passed,Action(s) initiated or orders passed Bharat Heavy Electricals Limited has informed the Exchange about Action(s) initiated or orders passed,OTHER,False,False,NEUTRAL,0.0,0.5,,v3.0,,,
BPCL,NSE_CORP_ANN,,Trading Window,"Bharat Petroleum Corporation Limited has informed the Exchange regarding the Trading Window closure pursuant to SEBI (Prohibition of Insider Trading) Regulations, 2015","Trading Window Bharat Petroleum Corporation Limited has informed the Exchange regarding the Trading Window closure pursuant to SEBI (Prohibition of Insider Trading) Regulations, 2015",OTHER,True,False,NEUTRAL,0.0,0.5,,v3.0,,,
BHARTIARTL,NSE_CORP_ANN,,Trading Window,"Bharti Airtel Limited has informed the Exchange regarding the Trading Window closure pursuant to SEBI (Prohibition of Insider Trading) Regulations, 2015","Trading Window Bharti Airtel Limited has informed the Exchange regarding the Trading Window closure pursuant to SEBI (Prohibition of Insider Trading) Regulations, 2015",OTHER,True,False,NEUTRAL,0.0,0.5,,v3.0,,,
BHARTIARTL,NSE_CORP_ANN,,Action(s) taken or orders passed,Bharti Airtel Limited has informed the Exchange about Action(s) taken or orders passed,Action(s) taken or orders passed Bharti Airtel Limited has informed the Exchange about Action(s) taken or orders passed,OTHER,False,False,NEUTRAL,0.0,0.5,,v3.0,,,
BHARTIARTL,NSE_CORP_ANN,,Action(s) taken or orders passed,Bharti Airtel Limited has informed the Exchange about Action(s) taken or orders passed,Action(s) taken or orders passed Bharti Airtel Limited has informed the Exchange about Action(s) taken or orders passed,OTHER,False,False,NEUTRAL,0.0,0.5,,v3.0,,,
BIOCON,NSE_CORP_ANN,,Trading Window,"Biocon Limited has informed the Exchange regarding the Trading Window closure pursuant to SEBI (Prohibition of Insider Trading) Regulations, 2015","Trading Window Biocon Limited has informed the Exchange regarding the Trading Window closure pursuant to SEBI (Prohibition of Insider Trading) Regulations, 2015",OTHER,True,False,NEUTRAL,0.0,0.5,,v3.0,,,
BIOCON,NSE_CORP_ANN,,General Updates,Biocon Limited has informed the Exchange about Intimation of Record Date for Commercial Paper,General Updates Biocon Limited has informed the Exchange about Intimation of Record Date for Commercial Paper,OTHER,True,False,NEUTRAL,0.0,0.5,,v3.0,,,
BIOCON,NSE_CORP_ANN,,Press Release,"Biocon Limited has informed the Exchange regarding a press release dated December 23, 2025, titled ""Biocon Limited signs out-licensing agreement with Ajanta to market Semaglutide in 26 countries"".","Press Release Biocon Limited has informed the Exchange regarding a press release dated December 23, 2025, titled ""Biocon Limited signs out-licensing agreement with Ajanta to market Semaglutide in 26 countries"".",OTHER,False,False,NEUTRAL,0.0,0.5,,v3.0,,,
BIOCON,NSE_CORP_ANN,,Press Release,"Biocon Limited has informed the Exchange regarding a press release dated December 23, 2025, titled ""Biocon Biologics Secures Full Global Rights to Biosimilar Adalimumab through Expanded FKB In-Licensing Agreement"".","Press Release Biocon Limited has informed the Exchange regarding a press release dated December 23, 2025, titled ""Biocon Biologics Secures Full Global Rights to Biosimilar Adalimumab through Expanded FKB In-Licensing Agreement"".",OTHER,False,False,NEUTRAL,0.0,0.5,,v3.0,,,
BIOCON,NSE_CORP_ANN,,General Updates,Biocon Limited has informed the Exchange about Issue of Commercial Papers,General Updates Biocon Limited has informed the Exchange about Issue of Commercial Papers,OTHER,False,False,NEUTRAL,0.0,0.5,,v3.0,,,
BLUESTARCO,NSE_CORP_ANN,,Trading Window,"Blue Star Limited has informed the Exchange regarding the Trading Window closure pursuant to SEBI (Prohibition of Insider Trading) Regulations, 2015","Trading Window Blue Star Limited has informed the Exchange regarding the Trading Window closure pursuant to SEBI (Prohibition of Insider Trading) Regulations, 2015",OTHER,True,False,NEUTRAL,0.0,0.5,,v3.0,,,
BOSCHLTD,NSE_CORP_ANN,,Action(s) taken or orders passed,Bosch Limited has informed the Exchange about Action(s) taken or orders passed,Action(s) taken or orders passed Bosch Limited has informed the Exchange about Action(s) taken or orders passed,OTHER,False,False,NEUTRAL,0.0,0.5,,v3.0,,,
BRITANNIA,NSE_CORP_ANN,,Trading Window,"Britannia Industries Limited has informed the Exchange regarding the Trading Window closure pursuant to SEBI (Prohibition of Insider Trading) Regulations, 2015","Trading Window Britannia Industries Limited has informed the Exchange regarding the Trading Window closure pursuant to SEBI (Prohibition of Insider Trading) Regulations, 2015",OTHER,True,False,NEUTRAL,0.0,0.5,,v3.0,,,
CGPOWER,NSE_CORP_ANN,,Trading Window,"CG Power and Industrial Solutions Limited has informed the Exchange regarding the Trading Window closure pursuant to SEBI (Prohibition of Insider Trading) Regulations, 2015","Trading Window CG Power and Industrial Solutions Limited has informed the Exchange regarding the Trading Window closure pursuant to SEBI (Prohibition of Insider Trading) Regulations, 2015",OTHER,True,False,NEUTRAL,0.0,0.5,,v3.0,,,
CGPOWER,NSE_CORP_ANN,,Allotment of Securities,"CG Power and Industrial Solutions Limited has informed the Exchange regarding allotment of 5000 securities pursuant to ESOP/ESPS at its meeting held on December 23, 2025","Allotment of Securities CG Power and Industrial Solutions Limited has informed the Exchange regarding allotment of 5000 securities pursuant to ESOP/ESPS at its meeting held on December 23, 2025",OTHER,True,False,NEUTRAL,0.0,0.5,,v3.0,,,
CGPOWER,NSE_CORP_ANN,,Analysts/Institutional Investor Meet/Con. Call Updates,CG Power and Industrial Solutions Limited has informed the Exchange about Schedule of meet,Analysts/Institutional Investor Meet/Con. Call Updates CG Power and Industrial Solutions Limited has informed the Exchange about Schedule of meet,OTHER,True,False,NEUTRAL,0.0,0.5,,v3.0,,,
CANBK,NSE_CORP_ANN,,Updates,Canara Bank has informed the Exchange regarding Credit Confirmation of Annual Interest Payment.,Updates Canara Bank has informed the Exchange regarding Credit Confirmation of Annual Interest Payment.,OTHER,False,False,NEUTRAL,0.0,0.5,,v3.0,,,
CANBK,NSE_CORP_ANN,,Trading Window,"Canara Bank has informed the Exchange regarding the Trading Window closure pursuant to SEBI (Prohibition of Insider Trading) Regulations, 2015","Trading Window Canara Bank has informed the Exchange regarding the Trading Window closure pursuant to SEBI (Prohibition of Insider Trading) Regulations, 2015",OTHER,True,False,NEUTRAL,0.0,0.5,,v3.0,,,
CDSL,NSE_CORP_ANN,,Pendency of Litigation(s)/dispute(s) or the outcome impacting the Company,CDSL has informed the Exchange about Pendency of Litigation(s)/dispute(s) or the outcome impacting the Company.,Pendency of Litigation(s)/dispute(s) or the outcome impacting the Company CDSL has informed the Exchange about Pendency of Litigation(s)/dispute(s) or the outcome impacting the Company.,OTHER,False,True,WATCH,7.5,0.95,PATTERN_MATCH_pendency.*litigation,v3.0,,,
CDSL,NSE_CORP_ANN,,Analysts/Institutional Investor Meet/Con. Call Updates,"CDSL has informed the Exchange about the schedule of the Analyst Meet to be held on Friday, December 26, 2025.","Analysts/Institutional Investor Meet/Con. Call Updates CDSL has informed the Exchange about the schedule of the Analyst Meet to be held on Friday, December 26, 2025.",OTHER,True,False,NEUTRAL,0.0,0.5,,v3.0,,,
CHOLAFIN,NSE_CORP_ANN,,Allotment of Securities,"Cholamandalam Investment and Finance Company Limited has informed the Exchange regarding allotment of 100100 securities pursuant to Non Convertible Securities at its meeting held on December 24, 2025","Allotment of Securities Cholamandalam Investment and Finance Company Limited has informed the Exchange regarding allotment of 100100 securities pursuant to Non Convertible Securities at its meeting held on December 24, 2025",OTHER,True,False,NEUTRAL,0.0,0.5,,v3.0,,,
CHOLAFIN,NSE_CORP_ANN,,Analysts/Institutional Investor Meet/Con. Call Updates,Cholamandalam Investment and Finance Company Limited has informed the Exchange about Link of Recording,Analysts/Institutional Investor Meet/Con. Call Updates Cholamandalam Investment and Finance Company Limited has informed the Exchange about Link of Recording,OTHER,True,False,NEUTRAL,0.0,0.5,,v3.0,,,
CHOLAFIN,NSE_CORP_ANN,,Analysts/Institutional Investor Meet/Con. Call Updates,Cholamandalam Investment and Finance Company Limited has informed the Exchange about Schedule of meet,Analysts/Institutional Investor Meet/Con. Call Updates Cholamandalam Investment and Finance Company Limited has informed the Exchange about Schedule of meet,OTHER,True,False,NEUTRAL,0.0,0.5,,v3.0,,,
CHOLAFIN,NSE_CORP_ANN,,Rumour Verification - Regulation 30(11),Cholamandalam Investment and Finance Company Limited has informed the Exchange about Rumour Verification - Regulation 30(11),Rumour Verification - Regulation 30(11) Cholamandalam Investment and Finance Company Limited has informed the Exchange about Rumour Verification - Regulation 30(11),OTHER,False,False,NEUTRAL,0.0,0.5,,v3.0,,,
CHOLAFIN,NSE_CORP_ANN,,Analysts/Institutional Investor Meet/Con. Call Updates,Cholamandalam Investment and Finance Company Limited has informed the Exchange about Schedule of meet,Analysts/Institutional Investor Meet/Con. Call Updates Cholamandalam Investment and Finance Company Limited has informed the Exchange about Schedule of meet,OTHER,True,False,NEUTRAL,0.0,0.5,,v3.0,,,
CHOLAFIN,NSE_CORP_ANN,,Rumour Verification - Regulation 30(11),Cholamandalam Investment and Finance Company Limited has informed the Exchange about Rumour Verification - Regulation 30(11),Rumour Verification - Regulation 30(11) Cholamandalam Investment and Finance Company Limited has informed the Exchange about Rumour Verification - Regulation 30(11),OTHER,False,False,NEUTRAL,0.0,0.5,,v3.0,,,
CIPLA,NSE_CORP_ANN,,General Updates,Cipla Limited has informed the Exchange about General Updates,General Updates Cipla Limited has informed the Exchange about General Updates,OTHER,False,False,NEUTRAL,0.0,0.5,,v3.0,,,
COALINDIA,NSE_CORP_ANN,,Updates,Coal India Limited has informed the Exchange regarding ''.,Updates Coal India Limited has informed the Exchange regarding ''.,OTHER,False,False,NEUTRAL,0.0,0.5,,v3.0,,,
COALINDIA,NSE_CORP_ANN,,Appointment,"Coal India Limited has informed the Exchange regarding Appointment of Mr B.Sairam as Chief Executive Officer of the company w.e.f. December 26, 2025.","Appointment Coal India Limited has informed the Exchange regarding Appointment of Mr B.Sairam as Chief Executive Officer of the company w.e.f. December 26, 2025.",OTHER,False,False,NEUTRAL,0.0,0.5,,v3.0,,,
COALINDIA,NSE_CORP_ANN,,General Updates,"Coal India Limited has informed the Exchange about General Updates-In-principle approval of Listing of South Eastern Coalfields Limited (SECL), a Wholly owned subsidiary of Coal India Limited.","General Updates Coal India Limited has informed the Exchange about General Updates-In-principle approval of Listing of South Eastern Coalfields Limited (SECL), a Wholly owned subsidiary of Coal India Limited.",OTHER,False,False,NEUTRAL,0.0,0.5,,v3.0,,,
COALINDIA,NSE_CORP_ANN,,General Updates,Coal India Limited has informed the Exchange about General Updates-In-principle approval of Listing of Mahanadi Coalfields Limited (MCL) a Wholly owned subsidiary of Coal India Limited.,General Updates Coal India Limited has informed the Exchange about General Updates-In-principle approval of Listing of Mahanadi Coalfields Limited (MCL) a Wholly owned subsidiary of Coal India Limited.,OTHER,False,False,NEUTRAL,0.0,0.5,,v3.0,,,
COALINDIA,NSE_CORP_ANN,,Rumour Verification - Regulation 30(11),"Coal India Limited has informed the Exchange about Rumour Verification - Regulation 30(11)-Intimation under Regulation 30(11) of SEBI (Listing Obligations &Disclosure Requirements) Regulations, 2015","Rumour Verification - Regulation 30(11) Coal India Limited has informed the Exchange about Rumour Verification - Regulation 30(11)-Intimation under Regulation 30(11) of SEBI (Listing Obligations &Disclosure Requirements) Regulations, 2015",OTHER,False,False,NEUTRAL,0.0,0.5,,v3.0,,,
COFORGE,NSE_CORP_ANN,,Investor Presentation,Coforge Limited has informed the Exchange about Investor Presentation,Investor Presentation Coforge Limited has informed the Exchange about Investor Presentation,OTHER,False,False,NEUTRAL,0.0,0.5,,v3.0,,,
COFORGE,NSE_CORP_ANN,,Copy of Newspaper Publication,Coforge Limited has informed the Exchange about Dispatch completion of Notice of Postal Ballot including the details of remote e-voting facility offered to the Members,Copy of Newspaper Publication Coforge Limited has informed the Exchange about Dispatch completion of Notice of Postal Ballot including the details of remote e-voting facility offered to the Members,OTHER,True,False,NEUTRAL,0.0,0.5,,v3.0,,,
COFORGE,NSE_CORP_ANN,,General Updates,Coforge Limited has informed the Exchange about General Updates,General Updates Coforge Limited has informed the Exchange about General Updates,OTHER,False,False,NEUTRAL,0.0,0.5,,v3.0,,,
COFORGE,NSE_CORP_ANN,,Analysts/Institutional Investor Meet/Con. Call Updates,Coforge Limited has informed the Exchange about Link of Recording,Analysts/Institutional Investor Meet/Con. Call Updates Coforge Limited has informed the Exchange about Link of Recording,OTHER,True,False,NEUTRAL,0.0,0.5,,v3.0,,,
COFORGE,NSE_CORP_ANN,,Preferential issue,Coforge Limited has informed the Exchange about Preferential issue,Preferential issue Coforge Limited has informed the Exchange about Preferential issue,OTHER,False,False,NEUTRAL,0.0,0.5,,v3.0,,,
COFORGE,NSE_CORP_ANN,,Shareholders meeting,Coforge Limited has informed the Exchange regarding Notice of Postal Ballot,Shareholders meeting Coforge Limited has informed the Exchange regarding Notice of Postal Ballot,OTHER,False,False,NEUTRAL,0.0,0.5,,v3.0,,,
COFORGE,NSE_CORP_ANN,,Increase in Authorised Capital,Coforge Limited has informed the Exchange about Increase in Authorised Share Capital and consequent Alteration to the Capital Clause of the Memorandum of Association,Increase in Authorised Capital Coforge Limited has informed the Exchange about Increase in Authorised Share Capital and consequent Alteration to the Capital Clause of the Memorandum of Association,OTHER,False,False,NEUTRAL,0.0,0.5,,v3.0,,,
COFORGE,NSE_CORP_ANN,,Amendment to AOA/MOA,Coforge Limited has informed the Exchange regarding the Amendment to AOA/MOA of the company.,Amendment to AOA/MOA Coforge Limited has informed the Exchange regarding the Amendment to AOA/MOA of the company.,OTHER,True,False,NEUTRAL,0.0,0.5,,v3.0,,,
COFORGE,NSE_CORP_ANN,,Acquisition,"Coforge Limited has informed the Exchange about ""Authorization for execution of Share Subscription and Share Purchase Agreement and Acquisition of Equity Shares of Encora US Holdco, Inc. and Encora Holdings Ltd. (Cayman)","Acquisition Coforge Limited has informed the Exchange about ""Authorization for execution of Share Subscription and Share Purchase Agreement and Acquisition of Equity Shares of Encora US Holdco, Inc. and Encora Holdings Ltd. (Cayman)",OTHER,False,False,NEUTRAL,0.0,0.5,,v3.0,,,
COFORGE,NSE_CORP_ANN,,Qualified Institutional Placement,"Coforge Limited has informed the Exchange about ""Authorization to raise capital by way of a Qualified Institutions Placement or any permitted means to eligible investors through an issuance of Equity Shares and/or other eligible Securities""","Qualified Institutional Placement Coforge Limited has informed the Exchange about ""Authorization to raise capital by way of a Qualified Institutions Placement or any permitted means to eligible investors through an issuance of Equity Shares and/or other eligible Securities""",OTHER,False,False,NEUTRAL,0.0,0.5,,v3.0,,,
COFORGE,NSE_CORP_ANN,,Preferential issue,Coforge Limited has informed the Exchange about Issuance of Equity Shares of the Company on a Preferential Basis pursuant to a Share Swap Arrangement,Preferential issue Coforge Limited has informed the Exchange about Issuance of Equity Shares of the Company on a Preferential Basis pursuant to a Share Swap Arrangement,OTHER,False,False,NEUTRAL,0.0,0.5,,v3.0,,,
COFORGE,NSE_CORP_ANN,,General Updates,"Coforge to Acquire to Encora - the AI Imperative, An Overview of Encora,  Acquisition Rationale and Transaction Structure","General Updates Coforge to Acquire to Encora - the AI Imperative, An Overview of Encora, Acquisition Rationale and Transaction Structure",OTHER,False,False,NEUTRAL,0.0,0.5,,v3.0,,,
COFORGE,NSE_CORP_ANN,,Press Release,"Coforge Limited has informed the Exchange regarding a press release dated December 26, 2025, titled ""Coforge to acquire Encora. Reaffirms intent to be the leading AI&#8209;driven engineering firm for the new era."".","Press Release Coforge Limited has informed the Exchange regarding a press release dated December 26, 2025, titled ""Coforge to acquire Encora. Reaffirms intent to be the leading AI&#8209;driven engineering firm for the new era."".",OTHER,False,False,NEUTRAL,0.0,0.5,,v3.0,,,
COFORGE,NSE_CORP_ANN,,Outcome of Board Meeting,"Coforge Limited has informed the Exchange regarding Outcome of Board Meeting held on December 26, 2025.","Outcome of Board Meeting Coforge Limited has informed the Exchange regarding Outcome of Board Meeting held on December 26, 2025.",OTHER,True,False,NEUTRAL,0.0,0.5,,v3.0,,,
COFORGE,NSE_CORP_ANN,,News Verification,"The Exchange has sought clarification from Coforge Limited with respect to recent news item captioned Coforge shares slip in early trade as $1-billion Encora deal talk, fundraising plans weigh.  The response from the Company is awaited.","News Verification The Exchange has sought clarification from Coforge Limited with respect to recent news item captioned Coforge shares slip in early trade as $1-billion Encora deal talk, fundraising plans weigh. The response from the Company is awaited.",OTHER,False,False,NEUTRAL,0.0,0.5,,v3.0,,,
COFORGE,NSE_CORP_ANN,,Press Release,"Coforge Limited has informed the Exchange regarding a press release dated December 24, 2025, titled ""Coforge Launches EvolveOps.AI: Agentic AI-Powered IT Operations Platform for Enhanced Business Resiliency from Edge to Cloud"".","Press Release Coforge Limited has informed the Exchange regarding a press release dated December 24, 2025, titled ""Coforge Launches EvolveOps.AI: Agentic AI-Powered IT Operations Platform for Enhanced Business Resiliency from Edge to Cloud"".",OTHER,False,False,NEUTRAL,0.0,0.5,,v3.0,,,
COFORGE,NSE_CORP_ANN,,Trading Window,"Coforge Limited has informed the Exchange regarding the Trading Window closure pursuant to SEBI (Prohibition of Insider Trading) Regulations, 2015","Trading Window Coforge Limited has informed the Exchange regarding the Trading Window closure pursuant to SEBI (Prohibition of Insider Trading) Regulations, 2015",OTHER,True,False,NEUTRAL,0.0,0.5,,v3.0,,,
COFORGE,NSE_CORP_ANN,,Analysts/Institutional Investor Meet/Con. Call Updates,Coforge Limited has informed the Exchange about Schedule of meet,Analysts/Institutional Investor Meet/Con. Call Updates Coforge Limited has informed the Exchange about Schedule of meet,OTHER,True,False,NEUTRAL,0.0,0.5,,v3.0,,,
COFORGE,NSE_CORP_ANN,,Analysts/Institutional Investor Meet/Con. Call Updates,Coforge Limited has informed the Exchange about Schedule of meet,Analysts/Institutional Investor Meet/Con. Call Updates Coforge Limited has informed the Exchange about Schedule of meet,OTHER,True,False,NEUTRAL,0.0,0.5,,v3.0,,,
COFORGE,NSE_CORP_ANN,,Analysts/Institutional Investor Meet/Con. Call Updates,Coforge Limited has informed the Exchange about Schedule of meet,Analysts/Institutional Investor Meet/Con. Call Updates Coforge Limited has informed the Exchange about Schedule of meet,OTHER,True,False,NEUTRAL,0.0,0.5,,v3.0,,,
COLPAL,NSE_CORP_ANN,,Trading Window,"Colgate Palmolive (India) Limited has informed the Exchange regarding the Trading Window closure pursuant to SEBI (Prohibition of Insider Trading) Regulations, 2015","Trading Window Colgate Palmolive (India) Limited has informed the Exchange regarding the Trading Window closure pursuant to SEBI (Prohibition of Insider Trading) Regulations, 2015",OTHER,True,False,NEUTRAL,0.0,0.5,,v3.0,,,
COLPAL,NSE_CORP_ANN,,Pendency of Litigation(s)/dispute(s) or the outcome impacting the Company,Colgate Palmolive (India) Limited has informed the Exchange about Pendency of Litigation(s)/dispute(s) or the outcome impacting the Company,Pendency of Litigation(s)/dispute(s) or the outcome impacting the Company Colgate Palmolive (India) Limited has informed the Exchange about Pendency of Litigation(s)/dispute(s) or the outcome impacting the Company,OTHER,False,True,WATCH,7.5,0.95,PATTERN_MATCH_pendency.*litigation,v3.0,,,
CAMS,NSE_CORP_ANN,,Analysts/Institutional Investor Meet/Con. Call Updates,Computer Age Management Services Limited has informed the Exchange about Schedule of meet,Analysts/Institutional Investor Meet/Con. Call Updates Computer Age Management Services Limited has informed the Exchange about Schedule of meet,OTHER,True,False,NEUTRAL,0.0,0.5,,v3.0,,,
CAMS,NSE_CORP_ANN,,Trading Window,"Computer Age Management Services Limited has informed the Exchange regarding the Trading Window closure pursuant to SEBI (Prohibition of Insider Trading) Regulations, 2015","Trading Window Computer Age Management Services Limited has informed the Exchange regarding the Trading Window closure pursuant to SEBI (Prohibition of Insider Trading) Regulations, 2015",OTHER,True,False,NEUTRAL,0.0,0.5,,v3.0,,,
CAMS,NSE_CORP_ANN,,Change in Director(s),Computer Age Management Services Limited has informed the Exchange regarding Change in Director(s) of the company.,Change in Director(s) Computer Age Management Services Limited has informed the Exchange regarding Change in Director(s) of the company.,OTHER,False,False,NEUTRAL,0.0,0.5,,v3.0,,,
CAMS,NSE_CORP_ANN,,Outcome of Board Meeting,"Computer Age Management Services Limited has informed the Exchange regarding  Board meeting held on December 22, 2025.","Outcome of Board Meeting Computer Age Management Services Limited has informed the Exchange regarding Board meeting held on December 22, 2025.",OTHER,True,False,NEUTRAL,0.0,0.5,,v3.0,,,
CONCOR,NSE_CORP_ANN,,General Updates,Disclosure under Regulation 30 of SEBI (LODR) Regulations 2015,General Updates Disclosure under Regulation 30 of SEBI (LODR) Regulations 2015,OTHER,False,False,NEUTRAL,0.0,0.5,,v3.0,,,
CROMPTON,NSE_CORP_ANN,,Change in Management,Crompton Greaves Consumer Electricals Limited has informed the Exchange about change in Management,Change in Management Crompton Greaves Consumer Electricals Limited has informed the Exchange about change in Management,OTHER,False,False,NEUTRAL,0.0,0.5,,v3.0,,,
CROMPTON,NSE_CORP_ANN,,Action(s) taken or orders passed,Crompton Greaves Consumer Electricals Limited has informed the Exchange about Action(s) taken or orders passed,Action(s) taken or orders passed Crompton Greaves Consumer Electricals Limited has informed the Exchange about Action(s) taken or orders passed,OTHER,False,False,NEUTRAL,0.0,0.5,,v3.0,,,
CROMPTON,NSE_CORP_ANN,,Bagging/Receiving of orders/contracts,Crompton Greaves Consumer Electricals Limited has informed the Exchange about Bagging/Receiving of orders/contracts,Bagging/Receiving of orders/contracts Crompton Greaves Consumer Electricals Limited has informed the Exchange about Bagging/Receiving of orders/contracts,OTHER,False,False,NEUTRAL,0.0,0.5,,v3.0,,,
CROMPTON,NSE_CORP_ANN,,Action(s) taken or orders passed,Crompton Greaves Consumer Electricals Limited has informed the Exchange about Action(s) taken or orders passed,Action(s) taken or orders passed Crompton Greaves Consumer Electricals Limited has informed the Exchange about Action(s) taken or orders passed,OTHER,False,False,NEUTRAL,0.0,0.5,,v3.0,,,
CUMMINSIND,NSE_CORP_ANN,,Action(s) taken or orders passed,"Cummins India Limited has informed the Exchange about Action(s) taken or orders passed - Order imposing penalty passed by the Assessment Unit, Income Tax Department","Action(s) taken or orders passed Cummins India Limited has informed the Exchange about Action(s) taken or orders passed - Order imposing penalty passed by the Assessment Unit, Income Tax Department",OTHER,False,True,WATCH,7.0,0.95,PATTERN_MATCH_penalty,v3.0,,,
CYIENT,NSE_CORP_ANN,,Analysts/Institutional Investor Meet/Con. Call Updates,Cyient Limited has informed the Exchange about Transcript,Analysts/Institutional Investor Meet/Con. Call Updates Cyient Limited has informed the Exchange about Transcript,OTHER,True,False,NEUTRAL,0.0,0.5,,v3.0,,,
DABUR,NSE_CORP_ANN,,General Updates,"Dabur India Limited has informed the Exchange about disclosure under Regulation 30 of SEBI (LODR) Regulations, 2025 (""SEBI Listing Regulations"") - ESG Rating assigned by SES ESG Research Private Limited","General Updates Dabur India Limited has informed the Exchange about disclosure under Regulation 30 of SEBI (LODR) Regulations, 2025 (""SEBI Listing Regulations"") - ESG Rating assigned by SES ESG Research Private Limited",OTHER,False,False,NEUTRAL,0.0,0.5,,v3.0,,,
DALBHARAT,NSE_CORP_ANN,,General Updates,Dalmia Bharat Limited has informed the Exchange about General Updates,General Updates Dalmia Bharat Limited has informed the Exchange about General Updates,OTHER,False,False,NEUTRAL,0.0,0.5,,v3.0,,,
DALBHARAT,NSE_CORP_ANN,,Trading Window,"Dalmia Bharat Limited has informed the Exchange regarding the Trading Window closure pursuant to SEBI (Prohibition of Insider Trading) Regulations, 2015","Trading Window Dalmia Bharat Limited has informed the Exchange regarding the Trading Window closure pursuant to SEBI (Prohibition of Insider Trading) Regulations, 2015",OTHER,True,False,NEUTRAL,0.0,0.5,,v3.0,,,
DALBHARAT,NSE_CORP_ANN,,Updates,Dalmia Bharat Limited has informed the Exchange regarding 'Allotment of equity shares upon exercise of stock options'.,Updates Dalmia Bharat Limited has informed the Exchange regarding 'Allotment of equity shares upon exercise of stock options'.,OTHER,True,False,NEUTRAL,0.0,0.5,,v3.0,,,
DIXON,NSE_CORP_ANN,,Analysts/Institutional Investor Meet/Con. Call Updates,Dixon Technologies (India) Limited has informed the Exchange about Investor Meet Outcome,Analysts/Institutional Investor Meet/Con. Call Updates Dixon Technologies (India) Limited has informed the Exchange about Investor Meet Outcome,OTHER,True,False,NEUTRAL,0.0,0.5,,v3.0,,,
DIXON,NSE_CORP_ANN,,Analysts/Institutional Investor Meet/Con. Call Updates,Dixon Technologies (India) Limited has informed the Exchange about Investor Meet Outcome,Analysts/Institutional Investor Meet/Con. Call Updates Dixon Technologies (India) Limited has informed the Exchange about Investor Meet Outcome,OTHER,True,False,NEUTRAL,0.0,0.5,,v3.0,,,
DIXON,NSE_CORP_ANN,,Analysts/Institutional Investor Meet/Con. Call Updates,Dixon Technologies (India) Limited has informed the Exchange about Investor Meet Outcome,Analysts/Institutional Investor Meet/Con. Call Updates Dixon Technologies (India) Limited has informed the Exchange about Investor Meet Outcome,OTHER,True,False,NEUTRAL,0.0,0.5,,v3.0,,,
DIXON,NSE_CORP_ANN,,Change in Director(s),Dixon Technologies (India) Limited has informed the Exchange regarding Change in Director(s) of the company.,Change in Director(s) Dixon Technologies (India) Limited has informed the Exchange regarding Change in Director(s) of the company.,OTHER,False,False,NEUTRAL,0.0,0.5,,v3.0,,,
DIXON,NSE_CORP_ANN,,Shareholders meeting,Dixon Technologies (India) Limited has informed the Exchange regarding Proceedings of Postal Ballot,Shareholders meeting Dixon Technologies (India) Limited has informed the Exchange regarding Proceedings of Postal Ballot,OTHER,False,False,NEUTRAL,0.0,0.5,,v3.0,,,
DIXON,NSE_CORP_ANN,,Shareholders meeting,"Dixon Technologies (India) Limited has submitted the Exchange a copy Srutinizers report of  Postal Ballot. Further, the company has informed the Exchange regarding voting results.","Shareholders meeting Dixon Technologies (India) Limited has submitted the Exchange a copy Srutinizers report of Postal Ballot. Further, the company has informed the Exchange regarding voting results.",OTHER,True,False,NEUTRAL,0.0,0.5,,v3.0,,,
DIXON,NSE_CORP_ANN,,Analysts/Institutional Investor Meet/Con. Call Updates,Dixon Technologies (India) Limited has informed the Exchange about Investor Meet Outcome,Analysts/Institutional Investor Meet/Con. Call Updates Dixon Technologies (India) Limited has informed the Exchange about Investor Meet Outcome,OTHER,True,False,NEUTRAL,0.0,0.5,,v3.0,,,
DRREDDY,NSE_CORP_ANN,,Trading Window,"Dr. Reddy's Laboratories Limited has informed the Exchange regarding the Trading Window closure pursuant to SEBI (Prohibition of Insider Trading) Regulations, 2015","Trading Window Dr. Reddy's Laboratories Limited has informed the Exchange regarding the Trading Window closure pursuant to SEBI (Prohibition of Insider Trading) Regulations, 2015",OTHER,True,False,NEUTRAL,0.0,0.5,,v3.0,,,
EICHERMOT,NSE_CORP_ANN,,Trading Window,"Eicher Motors Limited has informed the Exchange regarding the Trading Window closure pursuant to SEBI (Prohibition of Insider Trading) Regulations, 2015","Trading Window Eicher Motors Limited has informed the Exchange regarding the Trading Window closure pursuant to SEBI (Prohibition of Insider Trading) Regulations, 2015",OTHER,True,False,NEUTRAL,0.0,0.5,,v3.0,,,
EXIDEIND,NSE_CORP_ANN,,General Updates,"Exide Industries Limited has informed the Exchange about further investment in Exide Energy Solutions Limited, wholly owned subsidiary of the Company.","General Updates Exide Industries Limited has informed the Exchange about further investment in Exide Energy Solutions Limited, wholly owned subsidiary of the Company.",OTHER,False,False,NEUTRAL,0.0,0.5,,v3.0,,,
EXIDEIND,NSE_CORP_ANN,,Updates,"Exide Industries Limited has informed the Exchange regarding change in KMP of Exide Energy Solutions Limited, Wholly owned subsidiary of the Company.","Updates Exide Industries Limited has informed the Exchange regarding change in KMP of Exide Energy Solutions Limited, Wholly owned subsidiary of the Company.",OTHER,False,False,NEUTRAL,0.0,0.5,,v3.0,,,
NYKAA,NSE_CORP_ANN,,Shareholders meeting,"FSN E Commerce Ventures Limited has submitted the Exchange a copy Srutinizers report of  Postal Ballot. Further, the company has informed the Exchange regarding voting results.","Shareholders meeting FSN E Commerce Ventures Limited has submitted the Exchange a copy Srutinizers report of Postal Ballot. Further, the company has informed the Exchange regarding voting results.",OTHER,True,False,NEUTRAL,0.0,0.5,,v3.0,,,
NYKAA,NSE_CORP_ANN,,Trading Window,"FSN E Commerce Ventures Limited has informed the Exchange regarding the Trading Window closure pursuant to SEBI (Prohibition of Insider Trading) Regulations, 2015","Trading Window FSN E Commerce Ventures Limited has informed the Exchange regarding the Trading Window closure pursuant to SEBI (Prohibition of Insider Trading) Regulations, 2015",OTHER,True,False,NEUTRAL,0.0,0.5,,v3.0,,,
FORTIS,NSE_CORP_ANN,,Copy of Newspaper Publication,Fortis Healthcare Limited has informed the Exchange about Copy of Newspaper Publication,Copy of Newspaper Publication Fortis Healthcare Limited has informed the Exchange about Copy of Newspaper Publication,OTHER,True,False,NEUTRAL,0.0,0.5,,v3.0,,,
FORTIS,NSE_CORP_ANN,,General Updates,Notice of Postal Ballot,General Updates Notice of Postal Ballot,OTHER,False,False,NEUTRAL,0.0,0.5,,v3.0,,,
FORTIS,NSE_CORP_ANN,,Shareholders meeting,Fortis Healthcare Limited has informed the Exchange regarding Notice of Postal Ballot,Shareholders meeting Fortis Healthcare Limited has informed the Exchange regarding Notice of Postal Ballot,OTHER,False,False,NEUTRAL,0.0,0.5,,v3.0,,,
FORTIS,NSE_CORP_ANN,,General Updates,Fortis Healthcare Limited has informed the Exchange about Civil Suit filed by the Company against the third party and others inter alia challenging their locus and seeking permanent injunction against their action has been decided by the Hon ble High Court of Delhi vide its order dated 19.12.2025 in favour of the Company,General Updates Fortis Healthcare Limited has informed the Exchange about Civil Suit filed by the Company against the third party and others inter alia challenging their locus and seeking permanent injunction against their action has been decided by the Hon ble High Court of Delhi vide its order dated 19.12.2025 in favour of the Company,OTHER,False,False,NEUTRAL,0.0,0.5,,v3.0,,,
FORTIS,NSE_CORP_ANN,,Updates,Fortis Healthcare Limited has informed the Exchange regarding 'Certificate of payment of interest to debenture holders'.,Updates Fortis Healthcare Limited has informed the Exchange regarding 'Certificate of payment of interest to debenture holders'.,OTHER,False,False,NEUTRAL,0.0,0.5,,v3.0,,,
FORTIS,NSE_CORP_ANN,,Trading Window,"Fortis Healthcare Limited has informed the Exchange regarding the Trading Window closure pursuant to SEBI (Prohibition of Insider Trading) Regulations, 2015","Trading Window Fortis Healthcare Limited has informed the Exchange regarding the Trading Window closure pursuant to SEBI (Prohibition of Insider Trading) Regulations, 2015",OTHER,True,False,NEUTRAL,0.0,0.5,,v3.0,,,
GAIL,NSE_CORP_ANN,,Press Release,"GAIL (India) Limited has informed the Exchange regarding a press release dated December 23, 2025, titled ""GAIL signs MoU with Government of Chhattisgarh to develop a gas-based fertilizer project in Chhattisgarh"".","Press Release GAIL (India) Limited has informed the Exchange regarding a press release dated December 23, 2025, titled ""GAIL signs MoU with Government of Chhattisgarh to develop a gas-based fertilizer project in Chhattisgarh"".",OTHER,False,False,NEUTRAL,0.0,0.5,,v3.0,,,
GLENMARK,NSE_CORP_ANN,,Press Release,"Glenmark Pharmaceuticals Limited has informed the Exchange regarding a press release dated December 23, 2025, titled ""Glenmark Pharmaceuticals Inc., USA launches Epinephrine Injection USP,30 mg/30 mL (1 mg/mL) Multiple-Dose Vial"".","Press Release Glenmark Pharmaceuticals Limited has informed the Exchange regarding a press release dated December 23, 2025, titled ""Glenmark Pharmaceuticals Inc., USA launches Epinephrine Injection USP,30 mg/30 mL (1 mg/mL) Multiple-Dose Vial"".",OTHER,False,False,NEUTRAL,0.0,0.5,,v3.0,,,
GRASIM,NSE_CORP_ANN,,Trading Window,"Grasim Industries Limited has informed the Exchange regarding the Trading Window closure pursuant to SEBI (Prohibition of Insider Trading) Regulations, 2015","Trading Window Grasim Industries Limited has informed the Exchange regarding the Trading Window closure pursuant to SEBI (Prohibition of Insider Trading) Regulations, 2015",OTHER,True,False,NEUTRAL,0.0,0.5,,v3.0,,,
GRASIM,NSE_CORP_ANN,,General Updates,"Disclosure under Regulation 30 of the SEBI (LODR) Regulations, 2015","General Updates Disclosure under Regulation 30 of the SEBI (LODR) Regulations, 2015",OTHER,False,False,NEUTRAL,0.0,0.5,,v3.0,,,
GRASIM,NSE_CORP_ANN,,Action(s) taken or orders passed,"Disclosure under Regulation 30 of SEBI (LODR) Regulations, 2015","Action(s) taken or orders passed Disclosure under Regulation 30 of SEBI (LODR) Regulations, 2015",OTHER,False,False,NEUTRAL,0.0,0.5,,v3.0,,,
HCLTECH,NSE_CORP_ANN,,Updates,HCL Technologies Limited has informed the Exchange regarding 'Release    HCLTech joins Microsoft Discovery Platform to accelerate research innovation '.,Updates HCL Technologies Limited has informed the Exchange regarding 'Release HCLTech joins Microsoft Discovery Platform to accelerate research innovation '.,OTHER,False,False,NEUTRAL,0.0,0.5,,v3.0,,,
HCLTECH,NSE_CORP_ANN,,Press Release,"HCL Technologies Limited has informed the Exchange regarding a press release dated December 22, 2025, titled ""Release    HCLSoftware to Acquire Jaspersoft from Cloud Software Group. "".","Press Release HCL Technologies Limited has informed the Exchange regarding a press release dated December 22, 2025, titled ""Release HCLSoftware to Acquire Jaspersoft from Cloud Software Group. "".",OTHER,False,False,NEUTRAL,0.0,0.5,,v3.0,,,
HCLTECH,NSE_CORP_ANN,,Acquisition,HCL Technologies Limited has informed the Exchange about Acquisition,Acquisition HCL Technologies Limited has informed the Exchange about Acquisition,OTHER,False,False,NEUTRAL,0.0,0.5,,v3.0,,,
HCLTECH,NSE_CORP_ANN,,Press Release,"HCL Technologies Limited has informed the Exchange regarding a press release dated December 22, 2025, titled ""Release    HCLSoftware to Acquire AI Data Analyst Agents Startup Wobby. "".","Press Release HCL Technologies Limited has informed the Exchange regarding a press release dated December 22, 2025, titled ""Release HCLSoftware to Acquire AI Data Analyst Agents Startup Wobby. "".",OTHER,False,False,NEUTRAL,0.0,0.5,,v3.0,,,
HCLTECH,NSE_CORP_ANN,,Acquisition,HCL Technologies Limited has informed the Exchange about Acquisition,Acquisition HCL Technologies Limited has informed the Exchange about Acquisition,OTHER,False,False,NEUTRAL,0.0,0.5,,v3.0,,,
HDFCAMC,NSE_CORP_ANN,,Copy of Newspaper Publication,HDFC Asset Management Company Limited has informed the Exchange about Copy of Newspaper Publication,Copy of Newspaper Publication HDFC Asset Management Company Limited has informed the Exchange about Copy of Newspaper Publication,OTHER,True,False,NEUTRAL,0.0,0.5,,v3.0,,,
HDFCLIFE,NSE_CORP_ANN,,General Updates,HDFC Life Insurance Company Limited has informed the Exchange about Newspaper Advertisement- Transfer of Dividend/Equity Shares to IEPF account,General Updates HDFC Life Insurance Company Limited has informed the Exchange about Newspaper Advertisement- Transfer of Dividend/Equity Shares to IEPF account,OTHER,True,False,NEUTRAL,0.0,0.5,,v3.0,,,
HFCL,NSE_CORP_ANN,,General Updates,HFCL Limited has informed the Exchange about Allotment of Securities,General Updates HFCL Limited has informed the Exchange about Allotment of Securities,OTHER,True,False,NEUTRAL,0.0,0.5,,v3.0,,,
HFCL,NSE_CORP_ANN,,Updates,HFCL Limited has informed the Exchange regarding 'Outcome of FRC Committee  of Directors dated 24.12.2025'.,Updates HFCL Limited has informed the Exchange regarding 'Outcome of FRC Committee of Directors dated 24.12.2025'.,OTHER,False,False,NEUTRAL,0.0,0.5,,v3.0,,,
HFCL,NSE_CORP_ANN,,Trading Window,"HFCL Limited has informed the Exchange regarding the Trading Window closure pursuant to SEBI (Prohibition of Insider Trading) Regulations, 2015","Trading Window HFCL Limited has informed the Exchange regarding the Trading Window closure pursuant to SEBI (Prohibition of Insider Trading) Regulations, 2015",OTHER,True,False,NEUTRAL,0.0,0.5,,v3.0,,,
HFCL,NSE_CORP_ANN,,Updates,"HFCL Limited has informed the Exchange regarding 'Outcome of Fund Raising Committee Meeting of Directors held on today i.e. December 22, 2025'.","Updates HFCL Limited has informed the Exchange regarding 'Outcome of Fund Raising Committee Meeting of Directors held on today i.e. December 22, 2025'.",OTHER,False,False,NEUTRAL,0.0,0.5,,v3.0,,,
HFCL,NSE_CORP_ANN,,Updates,"HFCL Limited has informed the Exchange regarding 'Outcome of the Meeting of Fund Raising Committee of Directors held today i.e. December 22, 2025'.","Updates HFCL Limited has informed the Exchange regarding 'Outcome of the Meeting of Fund Raising Committee of Directors held today i.e. December 22, 2025'.",OTHER,False,False,NEUTRAL,0.0,0.5,,v3.0,,,
HAVELLS,NSE_CORP_ANN,,Trading Window,"Havells India Limited has informed the Exchange regarding the Trading Window closure pursuant to SEBI (Prohibition of Insider Trading) Regulations, 2015","Trading Window Havells India Limited has informed the Exchange regarding the Trading Window closure pursuant to SEBI (Prohibition of Insider Trading) Regulations, 2015",OTHER,True,False,NEUTRAL,0.0,0.5,,v3.0,,,
HEROMOTOCO,NSE_CORP_ANN,,Trading Window,"Hero MotoCorp Limited has informed the Exchange regarding the Trading Window closure pursuant to SEBI (Prohibition of Insider Trading) Regulations, 2015","Trading Window Hero MotoCorp Limited has informed the Exchange regarding the Trading Window closure pursuant to SEBI (Prohibition of Insider Trading) Regulations, 2015",OTHER,True,False,NEUTRAL,0.0,0.5,,v3.0,,,
HINDPETRO,NSE_CORP_ANN,,Trading Window,"Hindustan Petroleum Corporation Limited has informed the Exchange regarding the Trading Window closure pursuant to SEBI (Prohibition of Insider Trading) Regulations, 2015","Trading Window Hindustan Petroleum Corporation Limited has informed the Exchange regarding the Trading Window closure pursuant to SEBI (Prohibition of Insider Trading) Regulations, 2015",OTHER,True,False,NEUTRAL,0.0,0.5,,v3.0,,,
HINDZINC,NSE_CORP_ANN,,Action(s) taken or orders passed,Hindustan Zinc Limited has informed the Exchange about Action(s) taken or orders passed,Action(s) taken or orders passed Hindustan Zinc Limited has informed the Exchange about Action(s) taken or orders passed,OTHER,False,False,NEUTRAL,0.0,0.5,,v3.0,,,
HINDZINC,NSE_CORP_ANN,,General Updates,"Hindustan Zinc Limited has informed the Exchange about Intimation under the Securities and Exchange Board of India (Listing Obligations and Disclosure Requirements) Regulations, 2015 ( Listing Regulations )   ESG Rating(s)","General Updates Hindustan Zinc Limited has informed the Exchange about Intimation under the Securities and Exchange Board of India (Listing Obligations and Disclosure Requirements) Regulations, 2015 ( Listing Regulations ) ESG Rating(s)",OTHER,False,False,NEUTRAL,0.0,0.5,,v3.0,,,
HINDZINC,NSE_CORP_ANN,,Shareholders meeting,"Hindustan Zinc Limited has submitted the Exchange a copy Srutinizers report of  Postal Ballot. Further, the company has informed the Exchange regarding voting results.","Shareholders meeting Hindustan Zinc Limited has submitted the Exchange a copy Srutinizers report of Postal Ballot. Further, the company has informed the Exchange regarding voting results.",OTHER,True,False,NEUTRAL,0.0,0.5,,v3.0,,,
HUDCO,NSE_CORP_ANN,,Trading Window,"Housing & Urban Development Corporation Limited has informed the Exchange regarding the Trading Window closure pursuant to SEBI (Prohibition of Insider Trading) Regulations, 2015","Trading Window Housing & Urban Development Corporation Limited has informed the Exchange regarding the Trading Window closure pursuant to SEBI (Prohibition of Insider Trading) Regulations, 2015",OTHER,True,False,NEUTRAL,0.0,0.5,,v3.0,,,
HUDCO,NSE_CORP_ANN,,Updates,Housing & Urban Development Corporation Limited has informed the Exchange regarding 'Report on Re-lodgement of transfer request for physical shares'.,Updates Housing & Urban Development Corporation Limited has informed the Exchange regarding 'Report on Re-lodgement of transfer request for physical shares'.,OTHER,False,False,NEUTRAL,0.0,0.5,,v3.0,,,
ICICIBANK,NSE_CORP_ANN,,Updates,ICICI Bank Limited has informed the Exchange regarding 'Filing of Semi- Annual Report with Director of Kanto Local Finance Bureau'.,Updates ICICI Bank Limited has informed the Exchange regarding 'Filing of Semi- Annual Report with Director of Kanto Local Finance Bureau'.,OTHER,False,False,NEUTRAL,0.0,0.5,,v3.0,,,
ICICIBANK,NSE_CORP_ANN,,ESOP/ESOS/ESPS,ICICI Bank Limited has informed the Exchange regarding Allotment of 480952  Shares.,ESOP/ESOS/ESPS ICICI Bank Limited has informed the Exchange regarding Allotment of 480952 Shares.,OTHER,True,False,NEUTRAL,0.0,0.5,,v3.0,,,
ICICIBANK,NSE_CORP_ANN,,Trading Window,"ICICI Bank Limited has informed the Exchange regarding the Trading Window closure pursuant to SEBI (Prohibition of Insider Trading) Regulations, 2015","Trading Window ICICI Bank Limited has informed the Exchange regarding the Trading Window closure pursuant to SEBI (Prohibition of Insider Trading) Regulations, 2015",OTHER,True,False,NEUTRAL,0.0,0.5,,v3.0,,,
ICICIGI,NSE_CORP_ANN,,Action(s) taken or orders passed,ICICI Lombard General Insurance Company Limited has informed the Exchange about Action(s) taken or orders passed,Action(s) taken or orders passed ICICI Lombard General Insurance Company Limited has informed the Exchange about Action(s) taken or orders passed,OTHER,False,False,NEUTRAL,0.0,0.5,,v3.0,,,
ICICIGI,NSE_CORP_ANN,,Action(s) taken or orders passed,ICICI Lombard General Insurance Company Limited has informed the Exchange about Action(s) taken or orders passed,Action(s) taken or orders passed ICICI Lombard General Insurance Company Limited has informed the Exchange about Action(s) taken or orders passed,OTHER,False,False,NEUTRAL,0.0,0.5,,v3.0,,,
ICICIGI,NSE_CORP_ANN,,Trading Window,"ICICI Lombard General Insurance Company Limited has informed the Exchange regarding the Trading Window closure pursuant to SEBI (Prohibition of Insider Trading) Regulations, 2015","Trading Window ICICI Lombard General Insurance Company Limited has informed the Exchange regarding the Trading Window closure pursuant to SEBI (Prohibition of Insider Trading) Regulations, 2015",OTHER,True,False,NEUTRAL,0.0,0.5,,v3.0,,,
ICICIGI,NSE_CORP_ANN,,ESOP/ESOS/ESPS,ICICI Lombard General Insurance Company Limited has informed the Exchange regarding  allotment of 40020 equity shares.,ESOP/ESOS/ESPS ICICI Lombard General Insurance Company Limited has informed the Exchange regarding allotment of 40020 equity shares.,OTHER,True,False,NEUTRAL,0.0,0.5,,v3.0,,,
ICICIPRULI,NSE_CORP_ANN,,Action(s) taken or orders passed,ICICI Prudential Life Insurance Company Limited has informed the Exchange about Action(s) taken or orders passed,Action(s) taken or orders passed ICICI Prudential Life Insurance Company Limited has informed the Exchange about Action(s) taken or orders passed,OTHER,False,False,NEUTRAL,0.0,0.5,,v3.0,,,
ICICIPRULI,NSE_CORP_ANN,,Action(s) taken or orders passed,ICICI Prudential Life Insurance Company Limited has informed the Exchange about Action(s) taken or orders passed,Action(s) taken or orders passed ICICI Prudential Life Insurance Company Limited has informed the Exchange about Action(s) taken or orders passed,OTHER,False,False,NEUTRAL,0.0,0.5,,v3.0,,,
ICICIPRULI,NSE_CORP_ANN,,Trading Window,"ICICI Prudential Life Insurance Company Limited has informed the Exchange regarding the Trading Window closure pursuant to SEBI (Prohibition of Insider Trading) Regulations, 2015","Trading Window ICICI Prudential Life Insurance Company Limited has informed the Exchange regarding the Trading Window closure pursuant to SEBI (Prohibition of Insider Trading) Regulations, 2015",OTHER,True,False,NEUTRAL,0.0,0.5,,v3.0,,,
ICICIPRULI,NSE_CORP_ANN,,Action(s) taken or orders passed,ICICI Prudential Life Insurance Company Limited has informed the Exchange about Action(s) taken or orders passed,Action(s) taken or orders passed ICICI Prudential Life Insurance Company Limited has informed the Exchange about Action(s) taken or orders passed,OTHER,False,False,NEUTRAL,0.0,0.5,,v3.0,,,
ICICIPRULI,NSE_CORP_ANN,,Action(s) taken or orders passed,ICICI Prudential Life Insurance Company Limited has informed the Exchange about Action(s) taken or orders passed,Action(s) taken or orders passed ICICI Prudential Life Insurance Company Limited has informed the Exchange about Action(s) taken or orders passed,OTHER,False,False,NEUTRAL,0.0,0.5,,v3.0,,,
ICICIPRULI,NSE_CORP_ANN,,ESOP/ESOS/ESPS,ICICI Prudential Life Insurance Company Limited has informed the Exchange regarding allotment of 161107 shares.,ESOP/ESOS/ESPS ICICI Prudential Life Insurance Company Limited has informed the Exchange regarding allotment of 161107 shares.,OTHER,True,False,NEUTRAL,0.0,0.5,,v3.0,,,
IDFCFIRSTB,NSE_CORP_ANN,,Trading Window,"IDFC First Bank Limited has informed the Exchange regarding the Trading Window closure pursuant to SEBI (Prohibition of Insider Trading) Regulations, 2015","Trading Window IDFC First Bank Limited has informed the Exchange regarding the Trading Window closure pursuant to SEBI (Prohibition of Insider Trading) Regulations, 2015",OTHER,True,False,NEUTRAL,0.0,0.5,,v3.0,,,
IDFCFIRSTB,NSE_CORP_ANN,,ESOP/ESOS/ESPS,IDFC First Bank Limited has informed the Exchange regarding Allotment of 796222  Shares.,ESOP/ESOS/ESPS IDFC First Bank Limited has informed the Exchange regarding Allotment of 796222 Shares.,OTHER,True,False,NEUTRAL,0.0,0.5,,v3.0,,,
IIFL,NSE_CORP_ANN,,Trading Window,"IIFL Finance Limited has informed the Exchange regarding the Trading Window closure pursuant to SEBI (Prohibition of Insider Trading) Regulations, 2015","Trading Window IIFL Finance Limited has informed the Exchange regarding the Trading Window closure pursuant to SEBI (Prohibition of Insider Trading) Regulations, 2015",OTHER,True,False,NEUTRAL,0.0,0.5,,v3.0,,,
IIFL,NSE_CORP_ANN,,Credit Rating,IIFL Finance Limited has informed the Exchange about Credit Rating,Credit Rating IIFL Finance Limited has informed the Exchange about Credit Rating,OTHER,False,False,NEUTRAL,0.0,0.5,,v3.0,,,
IIFL,NSE_CORP_ANN,,Outcome of Board Meeting,"IIFL Finance Limited has informed the Exchange regarding Outcome of Finance Committee meeting held on December 22, 2025.","Outcome of Board Meeting IIFL Finance Limited has informed the Exchange regarding Outcome of Finance Committee meeting held on December 22, 2025.",OTHER,True,False,NEUTRAL,0.0,0.5,,v3.0,,,
IIFL,NSE_CORP_ANN,,Outcome of Board Meeting,"IIFL Finance Limited has informed the Exchange regarding Outcome of Finance Committee Meeting held on December 22, 2025.","Outcome of Board Meeting IIFL Finance Limited has informed the Exchange regarding Outcome of Finance Committee Meeting held on December 22, 2025.",OTHER,True,False,NEUTRAL,0.0,0.5,,v3.0,,,
IIFL,NSE_CORP_ANN,,Credit Rating,IIFL Finance Limited has informed the Exchange about Credit Rating,Credit Rating IIFL Finance Limited has informed the Exchange about Credit Rating,OTHER,False,False,NEUTRAL,0.0,0.5,,v3.0,,,
ITC,NSE_CORP_ANN,,Trading Window,"ITC Limited has informed the Exchange regarding the Trading Window closure pursuant to SEBI (Prohibition of Insider Trading) Regulations, 2015","Trading Window ITC Limited has informed the Exchange regarding the Trading Window closure pursuant to SEBI (Prohibition of Insider Trading) Regulations, 2015",OTHER,True,False,NEUTRAL,0.0,0.5,,v3.0,,,
INDIANB,NSE_CORP_ANN,,Trading Window,"Indian Bank has informed the Exchange regarding the Trading Window closure pursuant to SEBI (Prohibition of Insider Trading) Regulations, 2015","Trading Window Indian Bank has informed the Exchange regarding the Trading Window closure pursuant to SEBI (Prohibition of Insider Trading) Regulations, 2015",OTHER,True,False,NEUTRAL,0.0,0.5,,v3.0,,,
IEX,NSE_CORP_ANN,,Trading Window,"Indian Energy Exchange Limited has informed the Exchange regarding the Trading Window closure pursuant to SEBI (Prohibition of Insider Trading) Regulations, 2015","Trading Window Indian Energy Exchange Limited has informed the Exchange regarding the Trading Window closure pursuant to SEBI (Prohibition of Insider Trading) Regulations, 2015",OTHER,True,False,NEUTRAL,0.0,0.5,,v3.0,,,
IEX,NSE_CORP_ANN,,Analysts/Institutional Investor Meet/Con. Call Updates,Indian Energy Exchange Limited has informed the Exchange about Schedule of meet,Analysts/Institutional Investor Meet/Con. Call Updates Indian Energy Exchange Limited has informed the Exchange about Schedule of meet,OTHER,True,False,NEUTRAL,0.0,0.5,,v3.0,,,
IOC,NSE_CORP_ANN,,Trading Window,"Indian Oil Corporation Limited has informed the Exchange regarding the Trading Window closure pursuant to SEBI (Prohibition of Insider Trading) Regulations, 2015","Trading Window Indian Oil Corporation Limited has informed the Exchange regarding the Trading Window closure pursuant to SEBI (Prohibition of Insider Trading) Regulations, 2015",OTHER,True,False,NEUTRAL,0.0,0.5,,v3.0,,,
IRCTC,NSE_CORP_ANN,,Change in Management,Indian Railway Catering And Tourism Corporation Limited has informed the Exchange about change in Senior Management-Cessation.,Change in Management Indian Railway Catering And Tourism Corporation Limited has informed the Exchange about change in Senior Management-Cessation.,OTHER,False,False,NEUTRAL,0.0,0.5,,v3.0,,,
IRCTC,NSE_CORP_ANN,,Trading Window,"Indian Railway Catering And Tourism Corporation Limited has informed the Exchange regarding the Trading Window closure pursuant to SEBI (Prohibition of Insider Trading) Regulations, 2015","Trading Window Indian Railway Catering And Tourism Corporation Limited has informed the Exchange regarding the Trading Window closure pursuant to SEBI (Prohibition of Insider Trading) Regulations, 2015",OTHER,True,False,NEUTRAL,0.0,0.5,,v3.0,,,
IRFC,NSE_CORP_ANN,,Trading Window,"Indian Railway Finance Corporation Limited has informed the Exchange regarding the Trading Window closure pursuant to SEBI (Prohibition of Insider Trading) Regulations, 2015","Trading Window Indian Railway Finance Corporation Limited has informed the Exchange regarding the Trading Window closure pursuant to SEBI (Prohibition of Insider Trading) Regulations, 2015",OTHER,True,False,NEUTRAL,0.0,0.5,,v3.0,,,
IRFC,NSE_CORP_ANN,,Press Release,"Indian Railway Finance Corporation Limited has informed the Exchange regarding a press release dated December 24, 2025, titled ""IRFC Executes Landmark Refinancing of World Bank Loan for Dedicated Freight Corridor Project"".","Press Release Indian Railway Finance Corporation Limited has informed the Exchange regarding a press release dated December 24, 2025, titled ""IRFC Executes Landmark Refinancing of World Bank Loan for Dedicated Freight Corridor Project"".",OTHER,False,False,NEUTRAL,0.0,0.5,,v3.0,,,
IREDA,NSE_CORP_ANN,,Trading Window,"Indian Renewable Energy Development Agency Limited has informed the Exchange regarding the Trading Window closure pursuant to SEBI (Prohibition of Insider Trading) Regulations, 2015","Trading Window Indian Renewable Energy Development Agency Limited has informed the Exchange regarding the Trading Window closure pursuant to SEBI (Prohibition of Insider Trading) Regulations, 2015",OTHER,True,False,NEUTRAL,0.0,0.5,,v3.0,,,
INDUSTOWER,NSE_CORP_ANN,,Trading Window,"Indus Towers Limited has informed the Exchange regarding the Trading Window closure pursuant to SEBI (Prohibition of Insider Trading) Regulations, 2015","Trading Window Indus Towers Limited has informed the Exchange regarding the Trading Window closure pursuant to SEBI (Prohibition of Insider Trading) Regulations, 2015",OTHER,True,False,NEUTRAL,0.0,0.5,,v3.0,,,
INDUSTOWER,NSE_CORP_ANN,,General Updates,Indus Towers Limited has informed the Exchange regarding ESG Rating,General Updates Indus Towers Limited has informed the Exchange regarding ESG Rating,OTHER,False,False,NEUTRAL,0.0,0.5,,v3.0,,,
INDUSINDBK,NSE_CORP_ANN,,General Updates,"Indusind Bank Limited has informed the Exchange about intimation under Regulation 30 of the SEBI (Listing Obligations and Disclosure Requirements) Regulations, 2015","General Updates Indusind Bank Limited has informed the Exchange about intimation under Regulation 30 of the SEBI (Listing Obligations and Disclosure Requirements) Regulations, 2015",OTHER,False,False,NEUTRAL,0.0,0.5,,v3.0,,,
NAUKRI,NSE_CORP_ANN,,Acquisition,"Info Edge (India) Limited has informed the Exchange about disclosure under Regulation 30 of the Securities and Exchange Board of India (Listing Obligations and Disclosure Requirements) Regulations, 2015","Acquisition Info Edge (India) Limited has informed the Exchange about disclosure under Regulation 30 of the Securities and Exchange Board of India (Listing Obligations and Disclosure Requirements) Regulations, 2015",OTHER,False,False,NEUTRAL,0.0,0.5,,v3.0,,,
INFY,NSE_CORP_ANN,,General Updates,Infosys Limited has informed the Exchange about Update on McCamish Cyber Incident,General Updates Infosys Limited has informed the Exchange about Update on McCamish Cyber Incident,OTHER,False,False,NEUTRAL,0.0,0.5,,v3.0,,,
INDIGO,NSE_CORP_ANN,,Trading Window,"InterGlobe Aviation Limited has informed the Exchange regarding the Trading Window closure pursuant to SEBI (Prohibition of Insider Trading) Regulations, 2015","Trading Window InterGlobe Aviation Limited has informed the Exchange regarding the Trading Window closure pursuant to SEBI (Prohibition of Insider Trading) Regulations, 2015",OTHER,True,False,NEUTRAL,0.0,0.5,,v3.0,,,
INDIGO,NSE_CORP_ANN,,Action(s) taken or orders passed,InterGlobe Aviation Limited has informed the Exchange about Action(s) taken or orders passed,Action(s) taken or orders passed InterGlobe Aviation Limited has informed the Exchange about Action(s) taken or orders passed,OTHER,False,False,NEUTRAL,0.0,0.5,,v3.0,,,
INDIGO,NSE_CORP_ANN,,General Updates,InterGlobe Aviation Limited has informed the Exchange about General Updates,General Updates InterGlobe Aviation Limited has informed the Exchange about General Updates,OTHER,False,False,NEUTRAL,0.0,0.5,,v3.0,,,
JINDALSTEL,NSE_CORP_ANN,,General Updates,JINDAL STEEL LIMITED has informed the Exchange about General Updates,General Updates JINDAL STEEL LIMITED has informed the Exchange about General Updates,OTHER,False,False,NEUTRAL,0.0,0.5,,v3.0,,,
JSWENERGY,NSE_CORP_ANN,,Copy of Newspaper Publication,JSW Energy Limited has informed the Exchange about Copy of Newspaper Publication of Corrigendum to the Notice of Extraordinary General Meeting,Copy of Newspaper Publication JSW Energy Limited has informed the Exchange about Copy of Newspaper Publication of Corrigendum to the Notice of Extraordinary General Meeting,OTHER,True,False,NEUTRAL,0.0,0.5,,v3.0,,,
JSWENERGY,NSE_CORP_ANN,,Corrigendum,"JSW Energy Limited has informed the Exchange regarding Corrigendum to Notice of Extra Ordinary General Meeting to be held on January 03, 2026","Corrigendum JSW Energy Limited has informed the Exchange regarding Corrigendum to Notice of Extra Ordinary General Meeting to be held on January 03, 2026",OTHER,False,False,NEUTRAL,0.0,0.5,,v3.0,,,
JSWENERGY,NSE_CORP_ANN,,General Updates,"JSW Energy Limited has informed the Exchange about Update - Material litigation under Regulation 30(4) of the Securities Exchange Board of India (Listing Obligations and Disclosure Requirements) Regulations, 2015 ( Listing Regulations )","General Updates JSW Energy Limited has informed the Exchange about Update - Material litigation under Regulation 30(4) of the Securities Exchange Board of India (Listing Obligations and Disclosure Requirements) Regulations, 2015 ( Listing Regulations )",OTHER,False,True,WATCH,7.0,0.95,PATTERN_MATCH_litigation,v3.0,,,
JSWSTEEL,NSE_CORP_ANN,,Credit Rating- New,JSW Steel Limited has informed the Exchange about Credit Rating- New,Credit Rating- New JSW Steel Limited has informed the Exchange about Credit Rating- New,OTHER,False,False,NEUTRAL,0.0,0.5,,v3.0,,,
JSWSTEEL,NSE_CORP_ANN,,Credit Rating- New,JSW Steel Limited has informed the Exchange about Credit Rating- New,Credit Rating- New JSW Steel Limited has informed the Exchange about Credit Rating- New,OTHER,False,False,NEUTRAL,0.0,0.5,,v3.0,,,
JSWSTEEL,NSE_CORP_ANN,,Trading Window,"JSW Steel Limited has informed the Exchange regarding the Trading Window closure pursuant to SEBI (Prohibition of Insider Trading) Regulations, 2015","Trading Window JSW Steel Limited has informed the Exchange regarding the Trading Window closure pursuant to SEBI (Prohibition of Insider Trading) Regulations, 2015",OTHER,True,False,NEUTRAL,0.0,0.5,,v3.0,,,
JIOFIN,NSE_CORP_ANN,,Acquisition,"Investment in Jio Leasing Services Limited, wholly owned subsidiary of the Company","Acquisition Investment in Jio Leasing Services Limited, wholly owned subsidiary of the Company",OTHER,False,False,NEUTRAL,0.0,0.5,,v3.0,,,
JUBLFOOD,NSE_CORP_ANN,,Action(s) initiated or orders passed,"Jubilant FoodWorks Limited has informed the Exchange about Disclosure under Regulation 30 of the SEBI (Listing Obligations and Disclosure Requirements) Regulations, 2015","Action(s) initiated or orders passed Jubilant FoodWorks Limited has informed the Exchange about Disclosure under Regulation 30 of the SEBI (Listing Obligations and Disclosure Requirements) Regulations, 2015",OTHER,False,False,NEUTRAL,0.0,0.5,,v3.0,,,
JUBLFOOD,NSE_CORP_ANN,,Trading Window,"Jubilant Foodworks Limited has informed the Exchange regarding the Trading Window closure pursuant to SEBI (Prohibition of Insider Trading) Regulations, 2015","Trading Window Jubilant Foodworks Limited has informed the Exchange regarding the Trading Window closure pursuant to SEBI (Prohibition of Insider Trading) Regulations, 2015",OTHER,True,False,NEUTRAL,0.0,0.5,,v3.0,,,
KEI,NSE_CORP_ANN,,Trading Window,"KEI Industries Limited has informed the Exchange regarding the Trading Window closure pursuant to SEBI (Prohibition of Insider Trading) Regulations, 2015","Trading Window KEI Industries Limited has informed the Exchange regarding the Trading Window closure pursuant to SEBI (Prohibition of Insider Trading) Regulations, 2015",OTHER,True,False,NEUTRAL,0.0,0.5,,v3.0,,,
KEI,NSE_CORP_ANN,,Updates,KEI Industries Limited has informed the Exchange regarding 'Report on Transfer Requests of Physical Shares re-lodged under the special window'.,Updates KEI Industries Limited has informed the Exchange regarding 'Report on Transfer Requests of Physical Shares re-lodged under the special window'.,OTHER,False,False,NEUTRAL,0.0,0.5,,v3.0,,,
KPITTECH,NSE_CORP_ANN,,Trading Window,"KPIT Technologies Limited has informed the Exchange regarding the Trading Window closure pursuant to SEBI (Prohibition of Insider Trading) Regulations, 2015","Trading Window KPIT Technologies Limited has informed the Exchange regarding the Trading Window closure pursuant to SEBI (Prohibition of Insider Trading) Regulations, 2015",OTHER,True,False,NEUTRAL,0.0,0.5,,v3.0,,,
KALYANKJIL,NSE_CORP_ANN,,Trading Window,"Kalyan Jewellers India Limited has informed the Exchange regarding the Trading Window closure pursuant to SEBI (Prohibition of Insider Trading) Regulations, 2015","Trading Window Kalyan Jewellers India Limited has informed the Exchange regarding the Trading Window closure pursuant to SEBI (Prohibition of Insider Trading) Regulations, 2015",OTHER,True,False,NEUTRAL,0.0,0.5,,v3.0,,,
KAYNES,NSE_CORP_ANN,,Trading Window,"Kaynes Technology India Limited has informed the Exchange regarding the Trading Window closure pursuant to SEBI (Prohibition of Insider Trading) Regulations, 2015","Trading Window Kaynes Technology India Limited has informed the Exchange regarding the Trading Window closure pursuant to SEBI (Prohibition of Insider Trading) Regulations, 2015",OTHER,True,False,NEUTRAL,0.0,0.5,,v3.0,,,
KFINTECH,NSE_CORP_ANN,,Trading Window,"Kfin Technologies Limited has informed the Exchange regarding the Trading Window closure pursuant to SEBI (Prohibition of Insider Trading) Regulations, 2015","Trading Window Kfin Technologies Limited has informed the Exchange regarding the Trading Window closure pursuant to SEBI (Prohibition of Insider Trading) Regulations, 2015",OTHER,True,False,NEUTRAL,0.0,0.5,,v3.0,,,
KOTAKBANK,NSE_CORP_ANN,,Record Date,Kotak Mahindra Bank Limited has informed the Exchange that Record date for the purpose of Split/Subdivision  is 14-Jan-2026.,Record Date Kotak Mahindra Bank Limited has informed the Exchange that Record date for the purpose of Split/Subdivision is 14-Jan-2026.,OTHER,True,False,NEUTRAL,0.0,0.5,,v3.0,,,
KOTAKBANK,NSE_CORP_ANN,,Amendment to AOA/MOA,Kotak Mahindra Bank Limited has informed the Exchange regarding the Amendment to AOA/MOA of the company.,Amendment to AOA/MOA Kotak Mahindra Bank Limited has informed the Exchange regarding the Amendment to AOA/MOA of the company.,OTHER,True,False,NEUTRAL,0.0,0.5,,v3.0,,,
KOTAKBANK,NSE_CORP_ANN,,Shareholders meeting,Kotak Mahindra Bank Limited has submitted the Exchange a copy of Srutinizers report of  Postal Ballot .,Shareholders meeting Kotak Mahindra Bank Limited has submitted the Exchange a copy of Srutinizers report of Postal Ballot .,OTHER,False,False,NEUTRAL,0.0,0.5,,v3.0,,,
KOTAKBANK,NSE_CORP_ANN,,Copy of Newspaper Publication,Kotak Mahindra Bank Limited has informed the Exchange about Copy of Newspaper Clipping - Special Window for Re-lodgement of Transfer  Requests of Physical Shares of the Bank,Copy of Newspaper Publication Kotak Mahindra Bank Limited has informed the Exchange about Copy of Newspaper Clipping - Special Window for Re-lodgement of Transfer Requests of Physical Shares of the Bank,OTHER,True,False,NEUTRAL,0.0,0.5,,v3.0,,,
KOTAKBANK,NSE_CORP_ANN,,Action(s) taken or orders passed,"Intimation under Regulation 30 of the SEBI (Listing Obligations and Disclosure Requirements) Regulations, 2015","Action(s) taken or orders passed Intimation under Regulation 30 of the SEBI (Listing Obligations and Disclosure Requirements) Regulations, 2015",OTHER,False,False,NEUTRAL,0.0,0.5,,v3.0,,,
LICHSGFIN,NSE_CORP_ANN,,Trading Window,"LIC Housing Finance Limited has informed the Exchange regarding the Trading Window closure pursuant to SEBI (Prohibition of Insider Trading) Regulations, 2015","Trading Window LIC Housing Finance Limited has informed the Exchange regarding the Trading Window closure pursuant to SEBI (Prohibition of Insider Trading) Regulations, 2015",OTHER,True,False,NEUTRAL,0.0,0.5,,v3.0,,,
LT,NSE_CORP_ANN,,Trading Window,"Larsen & Toubro Limited has informed the Exchange regarding the Trading Window closure pursuant to SEBI (Prohibition of Insider Trading) Regulations, 2015","Trading Window Larsen & Toubro Limited has informed the Exchange regarding the Trading Window closure pursuant to SEBI (Prohibition of Insider Trading) Regulations, 2015",OTHER,True,False,NEUTRAL,0.0,0.5,,v3.0,,,
LT,NSE_CORP_ANN,,Bagging/Receiving of orders/contracts,Larsen & Toubro Limited has informed the Exchange about Bagging/Receiving of orders/contracts,Bagging/Receiving of orders/contracts Larsen & Toubro Limited has informed the Exchange about Bagging/Receiving of orders/contracts,OTHER,False,False,NEUTRAL,0.0,0.5,,v3.0,,,
LT,NSE_CORP_ANN,,Bagging/Receiving of orders/contracts,Larsen & Toubro Limited has informed the Exchange about Bagging/Receiving of orders/contracts,Bagging/Receiving of orders/contracts Larsen & Toubro Limited has informed the Exchange about Bagging/Receiving of orders/contracts,OTHER,False,False,NEUTRAL,0.0,0.5,,v3.0,,,
LAURUSLABS,NSE_CORP_ANN,,General Updates,Laurus Labs Limited has informed the Exchange about Update on Acquisition,General Updates Laurus Labs Limited has informed the Exchange about Update on Acquisition,OTHER,False,False,NEUTRAL,0.0,0.5,,v3.0,,,
LAURUSLABS,NSE_CORP_ANN,,General Updates,Laurus Labs Limited has informed the Exchange about Update on Acquisition,General Updates Laurus Labs Limited has informed the Exchange about Update on Acquisition,OTHER,False,False,NEUTRAL,0.0,0.5,,v3.0,,,
LICI,NSE_CORP_ANN,,Trading Window,"Life Insurance Corporation Of India has informed the Exchange regarding the Trading Window closure pursuant to SEBI (Prohibition of Insider Trading) Regulations, 2015","Trading Window Life Insurance Corporation Of India has informed the Exchange regarding the Trading Window closure pursuant to SEBI (Prohibition of Insider Trading) Regulations, 2015",OTHER,True,False,NEUTRAL,0.0,0.5,,v3.0,,,
LODHA,NSE_CORP_ANN,,Granting/withdrawal/surrender/cancellation/suspension of key licenses/ regulatory approvals,Lodha Developers Limited has informed the Exchange about Granting/withdrawal/surrender/cancellation/suspension of key licenses/ regulatory approvals,Granting/withdrawal/surrender/cancellation/suspension of key licenses/ regulatory approvals Lodha Developers Limited has informed the Exchange about Granting/withdrawal/surrender/cancellation/suspension of key licenses/ regulatory approvals,OTHER,False,False,NEUTRAL,0.0,0.5,,v3.0,,,
LODHA,NSE_CORP_ANN,,Allotment of Securities,"Lodha Developers Limited has informed the Exchange regarding allotment of 42630 securities pursuant to ESOP/ESPS at its meeting held on December 24, 2025","Allotment of Securities Lodha Developers Limited has informed the Exchange regarding allotment of 42630 securities pursuant to ESOP/ESPS at its meeting held on December 24, 2025",OTHER,True,False,NEUTRAL,0.0,0.5,,v3.0,,,
LODHA,NSE_CORP_ANN,,Trading Window,"Lodha Developers Limited has informed the Exchange regarding the Trading Window closure pursuant to SEBI (Prohibition of Insider Trading) Regulations, 2015","Trading Window Lodha Developers Limited has informed the Exchange regarding the Trading Window closure pursuant to SEBI (Prohibition of Insider Trading) Regulations, 2015",OTHER,True,False,NEUTRAL,0.0,0.5,,v3.0,,,
LUPIN,NSE_CORP_ANN,,Trading Window,"Lupin Limited has informed the Exchange regarding the Trading Window closure pursuant to SEBI (Prohibition of Insider Trading) Regulations, 2015","Trading Window Lupin Limited has informed the Exchange regarding the Trading Window closure pursuant to SEBI (Prohibition of Insider Trading) Regulations, 2015",OTHER,True,False,NEUTRAL,0.0,0.5,,v3.0,,,
M&M,NSE_CORP_ANN,,Trading Window,"Mahindra & Mahindra Limited has informed the Exchange regarding the Trading Window closure pursuant to SEBI (Prohibition of Insider Trading) Regulations, 2015","Trading Window Mahindra & Mahindra Limited has informed the Exchange regarding the Trading Window closure pursuant to SEBI (Prohibition of Insider Trading) Regulations, 2015",OTHER,True,False,NEUTRAL,0.0,0.5,,v3.0,,,
M&M,NSE_CORP_ANN,,Updates,Mahindra & Mahindra Limited has informed the Exchange regarding 'Transfer of Equity Shares by Mahindra & Mahindra Employees  Stock Option Trust to the Stock Option Grantees'.,Updates Mahindra & Mahindra Limited has informed the Exchange regarding 'Transfer of Equity Shares by Mahindra & Mahindra Employees Stock Option Trust to the Stock Option Grantees'.,OTHER,False,False,NEUTRAL,0.0,0.5,,v3.0,,,
MANAPPURAM,NSE_CORP_ANN,,Trading Window,"Manappuram Finance Limited has informed the Exchange regarding the Trading Window closure pursuant to SEBI (Prohibition of Insider Trading) Regulations, 2015","Trading Window Manappuram Finance Limited has informed the Exchange regarding the Trading Window closure pursuant to SEBI (Prohibition of Insider Trading) Regulations, 2015",OTHER,True,False,NEUTRAL,0.0,0.5,,v3.0,,,
MANAPPURAM,NSE_CORP_ANN,,Change in Management,Manappuram Finance Limited has informed the Exchange about change in Management,Change in Management Manappuram Finance Limited has informed the Exchange about change in Management,OTHER,False,False,NEUTRAL,0.0,0.5,,v3.0,,,
MANAPPURAM,NSE_CORP_ANN,,Outcome of Board Meeting,"Manappuram Finance Limited has informed the Exchange regarding Outcome of Board Meeting held on December 26, 2025.","Outcome of Board Meeting Manappuram Finance Limited has informed the Exchange regarding Outcome of Board Meeting held on December 26, 2025.",OTHER,True,False,NEUTRAL,0.0,0.5,,v3.0,,,
MANKIND,NSE_CORP_ANN,,Trading Window,"Mankind Pharma Limited has informed the Exchange regarding the Trading Window closure pursuant to SEBI (Prohibition of Insider Trading) Regulations, 2015","Trading Window Mankind Pharma Limited has informed the Exchange regarding the Trading Window closure pursuant to SEBI (Prohibition of Insider Trading) Regulations, 2015",OTHER,True,False,NEUTRAL,0.0,0.5,,v3.0,,,
MARUTI,NSE_CORP_ANN,,Analysts/Institutional Investor Meet/Con. Call Updates,Maruti Suzuki India Limited has informed the Exchange about Schedule of meet,Analysts/Institutional Investor Meet/Con. Call Updates Maruti Suzuki India Limited has informed the Exchange about Schedule of meet,OTHER,True,False,NEUTRAL,0.0,0.5,,v3.0,,,
MARUTI,NSE_CORP_ANN,,Trading Window,"Maruti Suzuki India Limited has informed the Exchange regarding the Trading Window closure pursuant to SEBI (Prohibition of Insider Trading) Regulations, 2015","Trading Window Maruti Suzuki India Limited has informed the Exchange regarding the Trading Window closure pursuant to SEBI (Prohibition of Insider Trading) Regulations, 2015",OTHER,True,False,NEUTRAL,0.0,0.5,,v3.0,,,
MARUTI,NSE_CORP_ANN,,General Updates,"Maruti Suzuki India Limited has informed the Exchange about Intimation under Regulation 30 of the SEBI (Listing Obligations and Disclosure Requirements) Regulations, 2015","General Updates Maruti Suzuki India Limited has informed the Exchange about Intimation under Regulation 30 of the SEBI (Listing Obligations and Disclosure Requirements) Regulations, 2015",OTHER,False,False,NEUTRAL,0.0,0.5,,v3.0,,,
MFSL,NSE_CORP_ANN,,Trading Window,"Max Financial Services Limited has informed the Exchange regarding the Trading Window closure pursuant to SEBI (Prohibition of Insider Trading) Regulations, 2015","Trading Window Max Financial Services Limited has informed the Exchange regarding the Trading Window closure pursuant to SEBI (Prohibition of Insider Trading) Regulations, 2015",OTHER,True,False,NEUTRAL,0.0,0.5,,v3.0,,,
MFSL,NSE_CORP_ANN,,Shareholders meeting,"Declaration of Postal Ballot Results with respect to Postal Ballot Notice dated November 11, 2025","Shareholders meeting Declaration of Postal Ballot Results with respect to Postal Ballot Notice dated November 11, 2025",OTHER,False,False,NEUTRAL,0.0,0.5,,v3.0,,,
MAZDOCK,NSE_CORP_ANN,,Trading Window,"Mazagon Dock Shipbuilders Limited has informed the Exchange regarding the Trading Window closure pursuant to SEBI (Prohibition of Insider Trading) Regulations, 2015","Trading Window Mazagon Dock Shipbuilders Limited has informed the Exchange regarding the Trading Window closure pursuant to SEBI (Prohibition of Insider Trading) Regulations, 2015",OTHER,True,False,NEUTRAL,0.0,0.5,,v3.0,,,
MPHASIS,NSE_CORP_ANN,,Action(s) taken or orders passed,MphasiS Limited has informed the Exchange about Action(s) taken or orders passed,Action(s) taken or orders passed MphasiS Limited has informed the Exchange about Action(s) taken or orders passed,OTHER,False,False,NEUTRAL,0.0,0.5,,v3.0,,,
MPHASIS,NSE_CORP_ANN,,Analysts/Institutional Investor Meet/Con. Call Updates,MphasiS Limited has informed the Exchange about Schedule of meet,Analysts/Institutional Investor Meet/Con. Call Updates MphasiS Limited has informed the Exchange about Schedule of meet,OTHER,True,False,NEUTRAL,0.0,0.5,,v3.0,,,
NBCC,NSE_CORP_ANN,,Updates,"NBCC (India) Limited has informed the Exchange regarding 'Settlement of land disputes between NBCC (India) Limited and the Government, NCT of Delhi (GNCTD)'.","Updates NBCC (India) Limited has informed the Exchange regarding 'Settlement of land disputes between NBCC (India) Limited and the Government, NCT of Delhi (GNCTD)'.",OTHER,False,True,WATCH,6.5,0.925,PATTERN_MATCH_dispute,v3.0,,,
NBCC,NSE_CORP_ANN,,Trading Window,"NBCC (India) Limited has informed the Exchange regarding the Trading Window closure pursuant to SEBI (Prohibition of Insider Trading) Regulations, 2015","Trading Window NBCC (India) Limited has informed the Exchange regarding the Trading Window closure pursuant to SEBI (Prohibition of Insider Trading) Regulations, 2015",OTHER,True,False,NEUTRAL,0.0,0.5,,v3.0,,,
NBCC,NSE_CORP_ANN,,Updates,NBCC (India) Limited has informed the Exchange regarding 'Intimation of Memorandum of Understanding (MoU) between NBCC (India) Limited and the Board of Mumbai Port Authority'.,Updates NBCC (India) Limited has informed the Exchange regarding 'Intimation of Memorandum of Understanding (MoU) between NBCC (India) Limited and the Board of Mumbai Port Authority'.,OTHER,False,False,NEUTRAL,0.0,0.5,,v3.0,,,
NBCC,NSE_CORP_ANN,,Updates,NBCC (India) Limited has informed the Exchange regarding 'Intimation of purchase of land parcel in Dubai (UAE) '.,Updates NBCC (India) Limited has informed the Exchange regarding 'Intimation of purchase of land parcel in Dubai (UAE) '.,OTHER,False,False,NEUTRAL,0.0,0.5,,v3.0,,,
NBCC,NSE_CORP_ANN,,Change in Director(s),NBCC (India) Limited has informed the Exchange regarding Change in Director(s) of the company.,Change in Director(s) NBCC (India) Limited has informed the Exchange regarding Change in Director(s) of the company.,OTHER,False,False,NEUTRAL,0.0,0.5,,v3.0,,,
NCC,NSE_CORP_ANN,,Copy of Newspaper Publication,NCC Limited has informed the Exchange about Copy of Newspaper Publication,Copy of Newspaper Publication NCC Limited has informed the Exchange about Copy of Newspaper Publication,OTHER,True,False,NEUTRAL,0.0,0.5,,v3.0,,,
NCC,NSE_CORP_ANN,,Shareholders meeting,NCC Limited has informed the Exchange about Shareholders meeting,Shareholders meeting NCC Limited has informed the Exchange about Shareholders meeting,OTHER,False,False,NEUTRAL,0.0,0.5,,v3.0,,,
NCC,NSE_CORP_ANN,,Trading Window,"NCC Limited has informed the Exchange regarding the Trading Window closure pursuant to SEBI (Prohibition of Insider Trading) Regulations, 2015","Trading Window NCC Limited has informed the Exchange regarding the Trading Window closure pursuant to SEBI (Prohibition of Insider Trading) Regulations, 2015",OTHER,True,False,NEUTRAL,0.0,0.5,,v3.0,,,
NHPC,NSE_CORP_ANN,,General Updates,NHPC Limited has informed the Exchange about General Update on commissioning of Subansiri Lower HE Project (2000 MW) of NHPC Limited,General Updates NHPC Limited has informed the Exchange about General Update on commissioning of Subansiri Lower HE Project (2000 MW) of NHPC Limited,OTHER,False,False,NEUTRAL,0.0,0.5,,v3.0,,,
NMDC,NSE_CORP_ANN,,General Updates,NMDC Limited has informed the Exchange about General Updates - MoU with the Colorado School of Mines for Academic & Research Collaboration,General Updates NMDC Limited has informed the Exchange about General Updates - MoU with the Colorado School of Mines for Academic & Research Collaboration,OTHER,False,False,NEUTRAL,0.0,0.5,,v3.0,,,
NTPC,NSE_CORP_ANN,,General Updates,NTPC Limited has informed the Exchange about Declaration of Commercial Operation of Second & Last Part Capacity of 13 MW out of 23 MW of Solapur Solar PV Project at NTPC Solapur,General Updates NTPC Limited has informed the Exchange about Declaration of Commercial Operation of Second & Last Part Capacity of 13 MW out of 23 MW of Solapur Solar PV Project at NTPC Solapur,OTHER,False,False,NEUTRAL,0.0,0.5,,v3.0,,,
NTPC,NSE_CORP_ANN,,General Updates,NTPC Limited has informed the Exchange about declaration of COD of eighth part capacity of 69.04 MW out of 1255 MW Khavda-I Solar PV Project under CPSU scheme Phase-II Tranche-III  in Gujarat of NTPC Renewable Energy Limited,General Updates NTPC Limited has informed the Exchange about declaration of COD of eighth part capacity of 69.04 MW out of 1255 MW Khavda-I Solar PV Project under CPSU scheme Phase-II Tranche-III in Gujarat of NTPC Renewable Energy Limited,OTHER,False,False,NEUTRAL,0.0,0.5,,v3.0,,,
NTPC,NSE_CORP_ANN,,Trading Window,"NTPC Limited has informed the Exchange regarding the Trading Window closure pursuant to SEBI (Prohibition of Insider Trading) Regulations, 2015","Trading Window NTPC Limited has informed the Exchange regarding the Trading Window closure pursuant to SEBI (Prohibition of Insider Trading) Regulations, 2015",OTHER,True,False,NEUTRAL,0.0,0.5,,v3.0,,,
NTPC,NSE_CORP_ANN,,General Updates,NTPC Limited has informed the Exchange about formation of joint venture company with EDF Power Solutions of India Private Limited and formation of a wholly owned subsidiary in Mauritius,General Updates NTPC Limited has informed the Exchange about formation of joint venture company with EDF Power Solutions of India Private Limited and formation of a wholly owned subsidiary in Mauritius,OTHER,False,False,NEUTRAL,0.0,0.5,,v3.0,,,
NATIONALUM,NSE_CORP_ANN,,Trading Window,"National Aluminium Company Limited has informed the Exchange regarding the Trading Window closure pursuant to SEBI (Prohibition of Insider Trading) Regulations, 2015","Trading Window National Aluminium Company Limited has informed the Exchange regarding the Trading Window closure pursuant to SEBI (Prohibition of Insider Trading) Regulations, 2015",OTHER,True,False,NEUTRAL,0.0,0.5,,v3.0,,,
NUVAMA,NSE_CORP_ANN,,General Updates,Nuvama Wealth Management Limited has informed the Exchange about General Updates,General Updates Nuvama Wealth Management Limited has informed the Exchange about General Updates,OTHER,False,False,NEUTRAL,0.0,0.5,,v3.0,,,
OBEROIRLTY,NSE_CORP_ANN,,Resignation,"Oberoi Realty Limited has informed the Exchange regarding Resignation of Mr Sameep Pathak as a senior management personnel of the company w.e.f. December 26, 2025.","Resignation Oberoi Realty Limited has informed the Exchange regarding Resignation of Mr Sameep Pathak as a senior management personnel of the company w.e.f. December 26, 2025.",OTHER,False,False,NEUTRAL,0.0,0.5,,v3.0,,,
OBEROIRLTY,NSE_CORP_ANN,,Reply to Clarification- Financial results,"The Exchange had sought clarification from Oberoi Realty Limited for the quarter ended 30-Sep-2025 with respect to Regulation 33 of the SEBI (Listing Obligations and Disclosure Requirements) Regulations, 2015. On basis of above the Company was required to clarify the following:  -1.Financial results submitted in XBRL with discrepancies   The response of the Company is enclosed.","Reply to Clarification- Financial results The Exchange had sought clarification from Oberoi Realty Limited for the quarter ended 30-Sep-2025 with respect to Regulation 33 of the SEBI (Listing Obligations and Disclosure Requirements) Regulations, 2015. On basis of above the Company was required to clarify the following: -1.Financial results submitted in XBRL with discrepancies The response of the Company is enclosed.",OTHER,False,False,NEUTRAL,0.0,0.5,,v3.0,,,
OIL,NSE_CORP_ANN,,Trading Window,"Oil India Limited has informed the Exchange regarding the Trading Window closure pursuant to SEBI (Prohibition of Insider Trading) Regulations, 2015","Trading Window Oil India Limited has informed the Exchange regarding the Trading Window closure pursuant to SEBI (Prohibition of Insider Trading) Regulations, 2015",OTHER,True,False,NEUTRAL,0.0,0.5,,v3.0,,,
PAYTM,NSE_CORP_ANN,,Sale or disposal,One 97 Communications Limited has informed the Exchange about Change in Status - From Wholly Owned Step Down Subsidiary to Step Down Subsidiary of the Company,Sale or disposal One 97 Communications Limited has informed the Exchange about Change in Status - From Wholly Owned Step Down Subsidiary to Step Down Subsidiary of the Company,OTHER,False,False,NEUTRAL,0.0,0.5,,v3.0,,,
PAYTM,NSE_CORP_ANN,,Incorporation,"One 97 Communications Limited has informed the Exchange about Incorporation of 2 (Two) overseas Step Down Wholly Owned Subsidiaries of the Company through Paytm Cloud Technologies Limited, a Wholly Owned Subsidiary of the Company","Incorporation One 97 Communications Limited has informed the Exchange about Incorporation of 2 (Two) overseas Step Down Wholly Owned Subsidiaries of the Company through Paytm Cloud Technologies Limited, a Wholly Owned Subsidiary of the Company",OTHER,True,False,NEUTRAL,0.0,0.5,,v3.0,,,
PGEL,NSE_CORP_ANN,,Trading Window,"PG Electroplast Limited has informed the Exchange regarding the Trading Window closure pursuant to SEBI (Prohibition of Insider Trading) Regulations, 2015","Trading Window PG Electroplast Limited has informed the Exchange regarding the Trading Window closure pursuant to SEBI (Prohibition of Insider Trading) Regulations, 2015",OTHER,True,False,NEUTRAL,0.0,0.5,,v3.0,,,
PIIND,NSE_CORP_ANN,,Trading Window,"PI Industries Limited has informed the Exchange regarding the Trading Window closure pursuant to SEBI (Prohibition of Insider Trading) Regulations, 2015","Trading Window PI Industries Limited has informed the Exchange regarding the Trading Window closure pursuant to SEBI (Prohibition of Insider Trading) Regulations, 2015",OTHER,True,False,NEUTRAL,0.0,0.5,,v3.0,,,
PNBHOUSING,NSE_CORP_ANN,,Trading Window,"PNB Housing Finance Limited has informed the Exchange regarding the Trading Window closure pursuant to SEBI (Prohibition of Insider Trading) Regulations, 2015","Trading Window PNB Housing Finance Limited has informed the Exchange regarding the Trading Window closure pursuant to SEBI (Prohibition of Insider Trading) Regulations, 2015",OTHER,True,False,NEUTRAL,0.0,0.5,,v3.0,,,
PNBHOUSING,NSE_CORP_ANN,,ESOP/ESOS/ESPS,"PNB Housing Finance Limited has informed the Exchange regarding Grant of 200,000 ESOPs and 32,508 RSUs.","ESOP/ESOS/ESPS PNB Housing Finance Limited has informed the Exchange regarding Grant of 200,000 ESOPs and 32,508 RSUs.",OTHER,True,False,NEUTRAL,0.0,0.5,,v3.0,,,
PNBHOUSING,NSE_CORP_ANN,,Pendency of Litigation(s)/dispute(s) or the outcome impacting the Company,PNB Housing Finance Limited has informed the Exchange about Pendency of Litigation(s)/dispute(s),Pendency of Litigation(s)/dispute(s) or the outcome impacting the Company PNB Housing Finance Limited has informed the Exchange about Pendency of Litigation(s)/dispute(s),OTHER,False,True,WATCH,7.5,0.95,PATTERN_MATCH_pendency.*litigation,v3.0,,,
PAGEIND,NSE_CORP_ANN,,Trading Window,"Page Industries Limited has informed the Exchange regarding the Trading Window closure pursuant to SEBI (Prohibition of Insider Trading) Regulations, 2015","Trading Window Page Industries Limited has informed the Exchange regarding the Trading Window closure pursuant to SEBI (Prohibition of Insider Trading) Regulations, 2015",OTHER,True,False,NEUTRAL,0.0,0.5,,v3.0,,,
PATANJALI,NSE_CORP_ANN,,Trading Window,"Patanjali Foods Limited has informed the Exchange regarding the Trading Window closure pursuant to SEBI (Prohibition of Insider Trading) Regulations, 2015","Trading Window Patanjali Foods Limited has informed the Exchange regarding the Trading Window closure pursuant to SEBI (Prohibition of Insider Trading) Regulations, 2015",OTHER,True,False,NEUTRAL,0.0,0.5,,v3.0,,,
PERSISTENT,NSE_CORP_ANN,,Other Restructuring,Persistent Systems Limited has informed the Exchange about Other Restructuring,Other Restructuring Persistent Systems Limited has informed the Exchange about Other Restructuring,OTHER,False,False,NEUTRAL,0.0,0.5,,v3.0,,,
PERSISTENT,NSE_CORP_ANN,,Trading Window,"Persistent Systems Limited has informed the Exchange regarding the Trading Window closure pursuant to SEBI (Prohibition of Insider Trading) Regulations, 2015","Trading Window Persistent Systems Limited has informed the Exchange regarding the Trading Window closure pursuant to SEBI (Prohibition of Insider Trading) Regulations, 2015",OTHER,True,False,NEUTRAL,0.0,0.5,,v3.0,,,
PERSISTENT,NSE_CORP_ANN,,Analysts/Institutional Investor Meet/Con. Call Updates,Persistent Systems Limited has informed the Exchange about Presentation,Analysts/Institutional Investor Meet/Con. Call Updates Persistent Systems Limited has informed the Exchange about Presentation,OTHER,True,False,NEUTRAL,0.0,0.5,,v3.0,,,
PERSISTENT,NSE_CORP_ANN,,General Updates,Persistent Systems Limited has informed the Exchange about General Updates,General Updates Persistent Systems Limited has informed the Exchange about General Updates,OTHER,False,False,NEUTRAL,0.0,0.5,,v3.0,,,
PIDILITIND,NSE_CORP_ANN,,Trading Window,"Pidilite Industries Limited has informed the Exchange regarding the Trading Window closure pursuant to SEBI (Prohibition of Insider Trading) Regulations, 2015","Trading Window Pidilite Industries Limited has informed the Exchange regarding the Trading Window closure pursuant to SEBI (Prohibition of Insider Trading) Regulations, 2015",OTHER,True,False,NEUTRAL,0.0,0.5,,v3.0,,,
POWERGRID,NSE_CORP_ANN,,Trading Window,"Power Grid Corporation of India Limited has informed the Exchange regarding the Trading Window closure pursuant to SEBI (Prohibition of Insider Trading) Regulations, 2015","Trading Window Power Grid Corporation of India Limited has informed the Exchange regarding the Trading Window closure pursuant to SEBI (Prohibition of Insider Trading) Regulations, 2015",OTHER,True,False,NEUTRAL,0.0,0.5,,v3.0,,,
PRESTIGE,NSE_CORP_ANN,,Press Release,"Prestige Estates Projects Limited has informed the Exchange regarding a press release dated December 22, 2025, titled  Prestige Group Strengthens Chennai Portfolio with 25-Acre Acquisition in Medavakkam "".","Press Release Prestige Estates Projects Limited has informed the Exchange regarding a press release dated December 22, 2025, titled Prestige Group Strengthens Chennai Portfolio with 25-Acre Acquisition in Medavakkam "".",OTHER,False,False,NEUTRAL,0.0,0.5,,v3.0,,,
PNB,NSE_CORP_ANN,,General Updates,Punjab National Bank has informed the Exchange about General Updates,General Updates Punjab National Bank has informed the Exchange about General Updates,OTHER,False,False,NEUTRAL,0.0,0.5,,v3.0,,,
RBLBANK,NSE_CORP_ANN,,Analysts/Institutional Investor Meet/Con. Call Updates,RBL Bank Limited has informed the Exchange about Schedule of meet,Analysts/Institutional Investor Meet/Con. Call Updates RBL Bank Limited has informed the Exchange about Schedule of meet,OTHER,True,False,NEUTRAL,0.0,0.5,,v3.0,,,
RBLBANK,NSE_CORP_ANN,,Trading Window,"RBL Bank Limited has informed the Exchange regarding the Trading Window closure pursuant to SEBI (Prohibition of Insider Trading) Regulations, 2015","Trading Window RBL Bank Limited has informed the Exchange regarding the Trading Window closure pursuant to SEBI (Prohibition of Insider Trading) Regulations, 2015",OTHER,True,False,NEUTRAL,0.0,0.5,,v3.0,,,
RBLBANK,NSE_CORP_ANN,,Updates,RBL Bank Limited has informed the Exchange regarding 'Allotment of Securities under ESOP'.,Updates RBL Bank Limited has informed the Exchange regarding 'Allotment of Securities under ESOP'.,OTHER,True,False,NEUTRAL,0.0,0.5,,v3.0,,,
RECLTD,NSE_CORP_ANN,,General Updates,Intimation of incorporation of subsidiary companies.,General Updates Intimation of incorporation of subsidiary companies.,OTHER,True,False,NEUTRAL,0.0,0.5,,v3.0,,,
RECLTD,NSE_CORP_ANN,,Trading Window,"REC Limited has informed the Exchange regarding the Trading Window closure pursuant to SEBI (Prohibition of Insider Trading) Regulations, 2015","Trading Window REC Limited has informed the Exchange regarding the Trading Window closure pursuant to SEBI (Prohibition of Insider Trading) Regulations, 2015",OTHER,True,False,NEUTRAL,0.0,0.5,,v3.0,,,
RECLTD,NSE_CORP_ANN,,General Updates,Intimation of incorporation of subsidiary company.,General Updates Intimation of incorporation of subsidiary company.,OTHER,True,False,NEUTRAL,0.0,0.5,,v3.0,,,
RVNL,NSE_CORP_ANN,,Action(s) taken or orders passed,"Demand Notice received from the Office of the Deputy Commissioner Jurisdiction: BEGUMPETSTU3, Telangana State, Hyderabad","Action(s) taken or orders passed Demand Notice received from the Office of the Deputy Commissioner Jurisdiction: BEGUMPETSTU3, Telangana State, Hyderabad",OTHER,False,True,WATCH,7.5,0.95,PATTERN_MATCH_demand notice,v3.0,,,
RVNL,NSE_CORP_ANN,,Trading Window,"Rail Vikas Nigam Limited has informed the Exchange regarding the Trading Window closure pursuant to SEBI (Prohibition of Insider Trading) Regulations, 2015","Trading Window Rail Vikas Nigam Limited has informed the Exchange regarding the Trading Window closure pursuant to SEBI (Prohibition of Insider Trading) Regulations, 2015",OTHER,True,False,NEUTRAL,0.0,0.5,,v3.0,,,
RVNL,NSE_CORP_ANN,,Action(s) taken or orders passed,"Demand Notice received from the Office of the Assistant Commissioner Range-2, Division-1, Ahmedabad, Gujarat state","Action(s) taken or orders passed Demand Notice received from the Office of the Assistant Commissioner Range-2, Division-1, Ahmedabad, Gujarat state",OTHER,False,True,WATCH,7.5,0.95,PATTERN_MATCH_demand notice,v3.0,,,
RVNL,NSE_CORP_ANN,,Appointment,Rail Vikas Nigam Limited has informed the Exchange regarding Appointment of Mr. Saleem Ahmad as Chairman & Managing Director of the company w.e.f. 23.12.2025 (A/N).,Appointment Rail Vikas Nigam Limited has informed the Exchange regarding Appointment of Mr. Saleem Ahmad as Chairman & Managing Director of the company w.e.f. 23.12.2025 (A/N).,OTHER,False,False,NEUTRAL,0.0,0.5,,v3.0,,,
RVNL,NSE_CORP_ANN,,Cessation,Rail Vikas Nigam Limited has informed the Exchange regarding Cessation of Mr. Sukhmal Chand Jain as Chairman & Managing Director of the company w.e.f. 23.12.2025 (A/N).,Cessation Rail Vikas Nigam Limited has informed the Exchange regarding Cessation of Mr. Sukhmal Chand Jain as Chairman & Managing Director of the company w.e.f. 23.12.2025 (A/N).,OTHER,False,False,NEUTRAL,0.0,0.5,,v3.0,,,
RVNL,NSE_CORP_ANN,,Action(s) taken or orders passed,"Demand Notice received from the Office of the Deputy Commissioner DGSTO-1, Bengaluru,Karnataka","Action(s) taken or orders passed Demand Notice received from the Office of the Deputy Commissioner DGSTO-1, Bengaluru,Karnataka",OTHER,False,True,WATCH,7.5,0.95,PATTERN_MATCH_demand notice,v3.0,,,
RVNL,NSE_CORP_ANN,,Action(s) taken or orders passed,"Demand Notice received from the Office of the Assistant Commissioner (ST), Alwarpet, South-I, Chennai South, Tamil Nadu","Action(s) taken or orders passed Demand Notice received from the Office of the Assistant Commissioner (ST), Alwarpet, South-I, Chennai South, Tamil Nadu",OTHER,False,True,WATCH,7.5,0.95,PATTERN_MATCH_demand notice,v3.0,,,
RELIANCE,NSE_CORP_ANN,,Action(s) taken or orders passed,"Disclosure under Regulation 30 of the Securities and Exchange Board of India (Listing Obligations and Disclosure Requirements) Regulations, 2015 is attached.","Action(s) taken or orders passed Disclosure under Regulation 30 of the Securities and Exchange Board of India (Listing Obligations and Disclosure Requirements) Regulations, 2015 is attached.",OTHER,False,False,NEUTRAL,0.0,0.5,,v3.0,,,
RELIANCE,NSE_CORP_ANN,,Credit Rating,Reliance Industries Limited has informed the Exchange about Credit Rating,Credit Rating Reliance Industries Limited has informed the Exchange about Credit Rating,OTHER,False,False,NEUTRAL,0.0,0.5,,v3.0,,,
SBICARD,NSE_CORP_ANN,,Trading Window,"Sbi Cards And Payment Services Limited has informed the Exchange regarding the Trading Window closure pursuant to SEBI (Prohibition of Insider Trading) Regulations, 2015","Trading Window Sbi Cards And Payment Services Limited has informed the Exchange regarding the Trading Window closure pursuant to SEBI (Prohibition of Insider Trading) Regulations, 2015",OTHER,True,False,NEUTRAL,0.0,0.5,,v3.0,,,
SBICARD,NSE_CORP_ANN,,ESOP/ESOS/ESPS,SBI Cards and Payment Services Limited has informed the Exchange regarding Allotment of 29896  Shares.,ESOP/ESOS/ESPS SBI Cards and Payment Services Limited has informed the Exchange regarding Allotment of 29896 Shares.,OTHER,True,False,NEUTRAL,0.0,0.5,,v3.0,,,
SBILIFE,NSE_CORP_ANN,,General Updates,SBI Life Insurance Company Limited has informed the Exchange about General Updates,General Updates SBI Life Insurance Company Limited has informed the Exchange about General Updates,OTHER,False,False,NEUTRAL,0.0,0.5,,v3.0,,,
SBILIFE,NSE_CORP_ANN,,General Updates,SBI Life Insurance Company Limited has informed the Exchange about General Updates,General Updates SBI Life Insurance Company Limited has informed the Exchange about General Updates,OTHER,False,False,NEUTRAL,0.0,0.5,,v3.0,,,
SBILIFE,NSE_CORP_ANN,,Trading Window,"SBI Life Insurance Company Limited has informed the Exchange regarding the Trading Window closure pursuant to SEBI (Prohibition of Insider Trading) Regulations, 2015","Trading Window SBI Life Insurance Company Limited has informed the Exchange regarding the Trading Window closure pursuant to SEBI (Prohibition of Insider Trading) Regulations, 2015",OTHER,True,False,NEUTRAL,0.0,0.5,,v3.0,,,
SBILIFE,NSE_CORP_ANN,,General Updates,"Intimation under Regulation 30 read with Para A of Part A of Schedule III of the Securities and Exchange Board of India (Listing Obligations and Disclosure Requirements) Regulations, 2015.","General Updates Intimation under Regulation 30 read with Para A of Part A of Schedule III of the Securities and Exchange Board of India (Listing Obligations and Disclosure Requirements) Regulations, 2015.",OTHER,False,False,NEUTRAL,0.0,0.5,,v3.0,,,
SHREECEM,NSE_CORP_ANN,,General Updates,"SHREE CEMENT LIMITED has informed the Exchange about receipt of GST Demand order from Deputy Commissioner, State Tax, Special Circle, Patna, Bihar","General Updates SHREE CEMENT LIMITED has informed the Exchange about receipt of GST Demand order from Deputy Commissioner, State Tax, Special Circle, Patna, Bihar",OTHER,False,True,WATCH,7.0,0.95,PATTERN_MATCH_gst.*order,v3.0,,,
SHREECEM,NSE_CORP_ANN,,Strikes/Lockouts/Disturbances,SHREE CEMENT LIMITED has informed the Exchange about strikes/lockouts/disturbances,Strikes/Lockouts/Disturbances SHREE CEMENT LIMITED has informed the Exchange about strikes/lockouts/disturbances,OTHER,False,False,NEUTRAL,0.0,0.5,,v3.0,,,
SHREECEM,NSE_CORP_ANN,,Trading Window,"SHREE CEMENT LIMITED has informed the Exchange regarding the Trading Window closure pursuant to SEBI (Prohibition of Insider Trading) Regulations, 2015","Trading Window SHREE CEMENT LIMITED has informed the Exchange regarding the Trading Window closure pursuant to SEBI (Prohibition of Insider Trading) Regulations, 2015",OTHER,True,False,NEUTRAL,0.0,0.5,,v3.0,,,
SAMMAANCAP,NSE_CORP_ANN,,Updates,"Sammaan Capital Limited has informed the Exchange regarding 'Pursuant to Regulation 57 of Securities and Exchange Board of India (Listing Obligations and Disclosure Requirements) Regulations, 2015, we hereby certify that our Company has made timely payment of interest amount in respect of the following Secured Redeemable Non-convertible Debentures, issued by our Company, through Public Issue, and listed on the Stock Exchange'. For details,refer attachment.","Updates Sammaan Capital Limited has informed the Exchange regarding 'Pursuant to Regulation 57 of Securities and Exchange Board of India (Listing Obligations and Disclosure Requirements) Regulations, 2015, we hereby certify that our Company has made timely payment of interest amount in respect of the following Secured Redeemable Non-convertible Debentures, issued by our Company, through Public Issue, and listed on the Stock Exchange'. For details,refer attachment.",OTHER,False,False,NEUTRAL,0.0,0.5,,v3.0,,,
SAMMAANCAP,NSE_CORP_ANN,,Updates,"Sammaan Capital Limited has informed the Exchange regarding 'Pursuant to Regulation 57 of Securities and Exchange Board of India (Listing Obligations and Disclosure Requirements) Regulations, 2015, we hereby certify that our Company has made timely payment of interest amount in respect of the Secured Redeemable Non-convertible Debentures issued by our Company, through Public Issue, and listed on the Stock Exchange'.","Updates Sammaan Capital Limited has informed the Exchange regarding 'Pursuant to Regulation 57 of Securities and Exchange Board of India (Listing Obligations and Disclosure Requirements) Regulations, 2015, we hereby certify that our Company has made timely payment of interest amount in respect of the Secured Redeemable Non-convertible Debentures issued by our Company, through Public Issue, and listed on the Stock Exchange'.",OTHER,False,False,NEUTRAL,0.0,0.5,,v3.0,,,
SAMMAANCAP,NSE_CORP_ANN,,Updates,"Sammaan Capital Limited has informed the Exchange regarding 'Pursuant to Regulation 57 of Securities and Exchange Board of India (Listing Obligations and Disclosure Requirements) Regulations, 2015, we hereby certify that our Company has made timely payment of interest amount in respect of the Secured Redeemable Non-convertible Debentures, issued by our Company, through Public Issue, and listed on the Stock Exchange'.","Updates Sammaan Capital Limited has informed the Exchange regarding 'Pursuant to Regulation 57 of Securities and Exchange Board of India (Listing Obligations and Disclosure Requirements) Regulations, 2015, we hereby certify that our Company has made timely payment of interest amount in respect of the Secured Redeemable Non-convertible Debentures, issued by our Company, through Public Issue, and listed on the Stock Exchange'.",OTHER,False,False,NEUTRAL,0.0,0.5,,v3.0,,,
SAMMAANCAP,NSE_CORP_ANN,,Updates,"Sammaan Capital Limited has informed the Exchange regarding 'Pursuant to Regulation 57 of Securities and Exchange Board of India (Listing Obligations and Disclosure Requirements) Regulations, 2015, we hereby certify that our Company has made timely payment of interest amount in respect of the Secured Redeemable Non-convertible Debentures, issued by our Company, through Public Issue, and listed on the Stock Exchange'.","Updates Sammaan Capital Limited has informed the Exchange regarding 'Pursuant to Regulation 57 of Securities and Exchange Board of India (Listing Obligations and Disclosure Requirements) Regulations, 2015, we hereby certify that our Company has made timely payment of interest amount in respect of the Secured Redeemable Non-convertible Debentures, issued by our Company, through Public Issue, and listed on the Stock Exchange'.",OTHER,False,False,NEUTRAL,0.0,0.5,,v3.0,,,
SAMMAANCAP,NSE_CORP_ANN,,Updates,"Sammaan Capital Limited has informed the Exchange regarding 'Pursuant to Regulation 57 of Securities and Exchange Board of India (Listing Obligations and Disclosure Requirements) Regulations, 2015, we hereby certify that our Company has made timely payment of schedule principal and interest amount in respect of the following Secured Redeemable Non-convertible Debentures, issued by our Company, through Public Issue, and listed on the Stock Exchange. For details, refer attachment.'.","Updates Sammaan Capital Limited has informed the Exchange regarding 'Pursuant to Regulation 57 of Securities and Exchange Board of India (Listing Obligations and Disclosure Requirements) Regulations, 2015, we hereby certify that our Company has made timely payment of schedule principal and interest amount in respect of the following Secured Redeemable Non-convertible Debentures, issued by our Company, through Public Issue, and listed on the Stock Exchange. For details, refer attachment.'.",OTHER,False,False,NEUTRAL,0.0,0.5,,v3.0,,,
SAMMAANCAP,NSE_CORP_ANN,,Updates,"Sammaan Capital Limited has informed the Exchange regarding 'Pursuant to Regulation 57 of Securities and Exchange Board of India (Listing Obligations and Disclosure Requirements) Regulations, 2015, we hereby certify that our Company has made timely payment of Scheduled principal and interest amount in respect of the following Secured Redeemable Non-convertible Debentures, issued by our Company, through Public Issue, and listed on the Stock Exchange:. For details, refer attachment.'.","Updates Sammaan Capital Limited has informed the Exchange regarding 'Pursuant to Regulation 57 of Securities and Exchange Board of India (Listing Obligations and Disclosure Requirements) Regulations, 2015, we hereby certify that our Company has made timely payment of Scheduled principal and interest amount in respect of the following Secured Redeemable Non-convertible Debentures, issued by our Company, through Public Issue, and listed on the Stock Exchange:. For details, refer attachment.'.",OTHER,False,False,NEUTRAL,0.0,0.5,,v3.0,,,
SAMMAANCAP,NSE_CORP_ANN,,Updates,"Sammaan Capital Limited has informed the Exchange regarding 'Pursuant to Regulation 57 of Securities and Exchange Board of India (Listing Obligations and Disclosure Requirements) Regulations, 2015, we hereby certify that our Company has made timely payment of interest amount in respect of the following Secured Redeemable Non-Convertible Debentures, issued by our Company, through Public Issue, and listed on the Stock Exchange. For details, refer attachment.'.","Updates Sammaan Capital Limited has informed the Exchange regarding 'Pursuant to Regulation 57 of Securities and Exchange Board of India (Listing Obligations and Disclosure Requirements) Regulations, 2015, we hereby certify that our Company has made timely payment of interest amount in respect of the following Secured Redeemable Non-Convertible Debentures, issued by our Company, through Public Issue, and listed on the Stock Exchange. For details, refer attachment.'.",OTHER,False,False,NEUTRAL,0.0,0.5,,v3.0,,,
SAMMAANCAP,NSE_CORP_ANN,,Updates,"Sammaan Capital Limited has informed the Exchange regarding 'Pursuant to Regulation 57 of Securities and Exchange Board of India (Listing Obligations and Disclosure Requirements) Regulations, 2015, we hereby certify that our Company has made timely payment of interest amount in respect of the following Secured Redeemable Non-convertible Debentures issued by our Company, through Public Issue, and listed on the Stock Exchange. For details, refer attachment.'.","Updates Sammaan Capital Limited has informed the Exchange regarding 'Pursuant to Regulation 57 of Securities and Exchange Board of India (Listing Obligations and Disclosure Requirements) Regulations, 2015, we hereby certify that our Company has made timely payment of interest amount in respect of the following Secured Redeemable Non-convertible Debentures issued by our Company, through Public Issue, and listed on the Stock Exchange. For details, refer attachment.'.",OTHER,False,False,NEUTRAL,0.0,0.5,,v3.0,,,
SAMMAANCAP,NSE_CORP_ANN,,Updates,"Sammaan Capital Limited has informed the Exchange regarding 'Pursuant to Regulation 57 of Securities and Exchange Board of India (Listing Obligations and Disclosure Requirements) Regulations, 2015, we hereby certify that our Company has made timely payment of interest amount in respect of the following Secured Redeemable Non-Convertible Debentures and Unsecured Redeemable Non-Convertible Debentures, issued by our Company, through Public Issue, and listed on the Stock Exchange. For details, refer attachment.'.","Updates Sammaan Capital Limited has informed the Exchange regarding 'Pursuant to Regulation 57 of Securities and Exchange Board of India (Listing Obligations and Disclosure Requirements) Regulations, 2015, we hereby certify that our Company has made timely payment of interest amount in respect of the following Secured Redeemable Non-Convertible Debentures and Unsecured Redeemable Non-Convertible Debentures, issued by our Company, through Public Issue, and listed on the Stock Exchange. For details, refer attachment.'.",OTHER,False,False,NEUTRAL,0.0,0.5,,v3.0,,,
SAMMAANCAP,NSE_CORP_ANN,,Allotment of Securities,"Sammaan Capital Limited has informed the Exchange Pursuant to the applicable provisions of Securities and Exchange Board of India (Listing Obligations and Disclosure Requirements) Regulations, 2015, we wish to inform that Nomination & Remuneration Committee of the Board of Directors of the Company vide its resolution passed through Circulation today i.e. on December 25, 2025, has issued and allotted 3,00,617 (Three Lacs Six Hundred and Seventeen) fully paid-up Equity shares of face value INR 2/- each, to eligible employees, upon exercise of equivalent number of options vested in their favour under  Indiabulls Housing Finance Limited Employees Stock Option Scheme   2013  ( ESOP 2013 ).For details refer attach PDF.","Allotment of Securities Sammaan Capital Limited has informed the Exchange Pursuant to the applicable provisions of Securities and Exchange Board of India (Listing Obligations and Disclosure Requirements) Regulations, 2015, we wish to inform that Nomination & Remuneration Committee of the Board of Directors of the Company vide its resolution passed through Circulation today i.e. on December 25, 2025, has issued and allotted 3,00,617 (Three Lacs Six Hundred and Seventeen) fully paid-up Equity shares of face value INR 2/- each, to eligible employees, upon exercise of equivalent number of options vested in their favour under Indiabulls Housing Finance Limited Employees Stock Option Scheme 2013 ( ESOP 2013 ).For details refer attach PDF.",OTHER,True,False,NEUTRAL,0.0,0.5,,v3.0,,,
SAMMAANCAP,NSE_CORP_ANN,,Updates,"Sammaan Capital Limited has informed the Exchange regarding 'Pursuant to Regulations 30 and 57 of Securities and Exchange Board of India (Listing Obligations and Disclosure Requirements) Regulations, 2015, we hereby certify that our Company has made timely payment of interest amount in respect of the Secured Redeemable Non-convertible Debentures, issued by our Company, through Public Issue, and listed on the Stock Exchange'.","Updates Sammaan Capital Limited has informed the Exchange regarding 'Pursuant to Regulations 30 and 57 of Securities and Exchange Board of India (Listing Obligations and Disclosure Requirements) Regulations, 2015, we hereby certify that our Company has made timely payment of interest amount in respect of the Secured Redeemable Non-convertible Debentures, issued by our Company, through Public Issue, and listed on the Stock Exchange'.",OTHER,False,False,NEUTRAL,0.0,0.5,,v3.0,,,
SAMMAANCAP,NSE_CORP_ANN,,Updates,"Sammaan Capital Limited has informed the Exchange regarding 'Pursuant to Regulations 30 and 57 of Securities and Exchange Board of India (Listing Obligations and Disclosure Requirements) Regulations, 2015, we hereby certify that our Company has made timely payment of interest amount in respect of the Secured Redeemable Non-convertible Debentures and Unsecured Redeemable Non-Convertible Debentures issued by our Company, through Public Issue, and listed on the Stock Exchange'.","Updates Sammaan Capital Limited has informed the Exchange regarding 'Pursuant to Regulations 30 and 57 of Securities and Exchange Board of India (Listing Obligations and Disclosure Requirements) Regulations, 2015, we hereby certify that our Company has made timely payment of interest amount in respect of the Secured Redeemable Non-convertible Debentures and Unsecured Redeemable Non-Convertible Debentures issued by our Company, through Public Issue, and listed on the Stock Exchange'.",OTHER,False,False,NEUTRAL,0.0,0.5,,v3.0,,,
SAMMAANCAP,NSE_CORP_ANN,,Updates,"Sammaan Capital Limited has informed the Exchange regarding 'Pursuant to Regulations 30 and 57 of Securities and Exchange Board of India (Listing Obligations and Disclosure Requirements) Regulations, 2015, we hereby certify that our Company has made timely payment of interest amount in respect of the following Secured Redeemable Non-convertible Debentures issued by our Company, through Public Issue, and listed on the Stock Exchange. For details, refer attachment.'.","Updates Sammaan Capital Limited has informed the Exchange regarding 'Pursuant to Regulations 30 and 57 of Securities and Exchange Board of India (Listing Obligations and Disclosure Requirements) Regulations, 2015, we hereby certify that our Company has made timely payment of interest amount in respect of the following Secured Redeemable Non-convertible Debentures issued by our Company, through Public Issue, and listed on the Stock Exchange. For details, refer attachment.'.",OTHER,False,False,NEUTRAL,0.0,0.5,,v3.0,,,
MOTHERSON,NSE_CORP_ANN,,General Updates,Samvardhana Motherson International Limited has informed the exchange regarding update on acquisition.,General Updates Samvardhana Motherson International Limited has informed the exchange regarding update on acquisition.,OTHER,False,False,NEUTRAL,0.0,0.5,,v3.0,,,
MOTHERSON,NSE_CORP_ANN,,General Updates,"Samvardhana Motherson International Limited has submitted with the Stock Exchange intimation under Regulation 30 of SEBI (Listing Obligations and Disclosure Requirements), Regulation, 2015.","General Updates Samvardhana Motherson International Limited has submitted with the Stock Exchange intimation under Regulation 30 of SEBI (Listing Obligations and Disclosure Requirements), Regulation, 2015.",OTHER,False,False,NEUTRAL,0.0,0.5,,v3.0,,,
MOTHERSON,NSE_CORP_ANN,,General Updates,Samvardhana Motherson International Limited has informed the exchange regarding completion of acquisition of Onega Solar Private Limited through its wholly owned subsidiary namely Motherson New Energy Limited.,General Updates Samvardhana Motherson International Limited has informed the exchange regarding completion of acquisition of Onega Solar Private Limited through its wholly owned subsidiary namely Motherson New Energy Limited.,OTHER,False,False,NEUTRAL,0.0,0.5,,v3.0,,,
MOTHERSON,NSE_CORP_ANN,,Trading Window,"Samvardhana Motherson International Limited has informed the Exchange regarding the Trading Window closure pursuant to SEBI (Prohibition of Insider Trading) Regulations, 2015","Trading Window Samvardhana Motherson International Limited has informed the Exchange regarding the Trading Window closure pursuant to SEBI (Prohibition of Insider Trading) Regulations, 2015",OTHER,True,False,NEUTRAL,0.0,0.5,,v3.0,,,
MOTHERSON,NSE_CORP_ANN,,Shareholders meeting,Samvardhana Motherson International Limited has submitted with Stock Exchange a copy of voting results and scrutinizer report to the postal ballot.,Shareholders meeting Samvardhana Motherson International Limited has submitted with Stock Exchange a copy of voting results and scrutinizer report to the postal ballot.,OTHER,True,False,NEUTRAL,0.0,0.5,,v3.0,,,
MOTHERSON,NSE_CORP_ANN,,General Updates,"Samvardhana Motherson International Limited has submitted with the Stock Exchange Investors Presentation with respect to acquisition disclosure dated December 22, 2025.","General Updates Samvardhana Motherson International Limited has submitted with the Stock Exchange Investors Presentation with respect to acquisition disclosure dated December 22, 2025.",OTHER,False,False,NEUTRAL,0.0,0.5,,v3.0,,,
MOTHERSON,NSE_CORP_ANN,,General Updates,"Samvardhana Motherson International Limited has informed the Stock Exchange regarding acquisition by Motherson Global Investments B.V., indirect wholly owned subsidiary of the Company, of the business including assets and certain real estate of Nexans autoelectric GmbH and Elektrokontact GmbH and shares in the foreign subsidiaries of Nexans autoelectric GmbH and Elektrokontact GmbH.","General Updates Samvardhana Motherson International Limited has informed the Stock Exchange regarding acquisition by Motherson Global Investments B.V., indirect wholly owned subsidiary of the Company, of the business including assets and certain real estate of Nexans autoelectric GmbH and Elektrokontact GmbH and shares in the foreign subsidiaries of Nexans autoelectric GmbH and Elektrokontact GmbH.",OTHER,False,False,NEUTRAL,0.0,0.5,,v3.0,,,
MOTHERSON,NSE_CORP_ANN,,Press Release,"Samvardhana Motherson International Limited has informed the Exchange regarding a press release dated December 22, 2025, titled ""Press Release "".","Press Release Samvardhana Motherson International Limited has informed the Exchange regarding a press release dated December 22, 2025, titled ""Press Release "".",OTHER,False,False,NEUTRAL,0.0,0.5,,v3.0,,,
SHRIRAMFIN,NSE_CORP_ANN,,Analysts/Institutional Investor Meet/Con. Call Updates,Shriram Finance Limited has informed the Exchange about Intimation of Conference Call,Analysts/Institutional Investor Meet/Con. Call Updates Shriram Finance Limited has informed the Exchange about Intimation of Conference Call,OTHER,True,False,NEUTRAL,0.0,0.5,,v3.0,,,
SHRIRAMFIN,NSE_CORP_ANN,,Copy of Newspaper Publication,Shriram Finance Limited has informed the Exchange about Copy of Newspaper Publication with respect to dispatch of EGM notice,Copy of Newspaper Publication Shriram Finance Limited has informed the Exchange about Copy of Newspaper Publication with respect to dispatch of EGM notice,OTHER,True,False,NEUTRAL,0.0,0.5,,v3.0,,,
SHRIRAMFIN,NSE_CORP_ANN,,"Certificate under SEBI (Depositories and Participants) Regulations, 2018","Shriram Finance Limited has informed the Exchange about Certificate under SEBI (Depositories and Participants) Regulations, 2018","Certificate under SEBI (Depositories and Participants) Regulations, 2018 Shriram Finance Limited has informed the Exchange about Certificate under SEBI (Depositories and Participants) Regulations, 2018",OTHER,False,False,NEUTRAL,0.0,0.5,,v3.0,,,
SHRIRAMFIN,NSE_CORP_ANN,,Shareholders meeting,"Shriram Finance Limited has informed the Exchange regarding Notice of Extraordinary General Meeting to be held on January 14, 2026","Shareholders meeting Shriram Finance Limited has informed the Exchange regarding Notice of Extraordinary General Meeting to be held on January 14, 2026",OTHER,False,False,NEUTRAL,0.0,0.5,,v3.0,,,
SHRIRAMFIN,NSE_CORP_ANN,,Copy of Newspaper Publication,Shriram Finance Limited has informed the Exchange about Copy of Newspaper Publication for EGM information,Copy of Newspaper Publication Shriram Finance Limited has informed the Exchange about Copy of Newspaper Publication for EGM information,OTHER,True,False,NEUTRAL,0.0,0.5,,v3.0,,,
SIEMENS,NSE_CORP_ANN,,Updates,"Siemens Limited has informed the Exchange regarding 'Information pursuant to Regulation 30(5) of the SEBI (Listing Obligations and Disclosure Requirements) Regulations, 2015'.","Updates Siemens Limited has informed the Exchange regarding 'Information pursuant to Regulation 30(5) of the SEBI (Listing Obligations and Disclosure Requirements) Regulations, 2015'.",OTHER,False,False,NEUTRAL,0.0,0.5,,v3.0,,,
SIEMENS,NSE_CORP_ANN,,Copy of Newspaper Publication,Siemens Limited has informed the Exchange about Copy of Newspaper Publication,Copy of Newspaper Publication Siemens Limited has informed the Exchange about Copy of Newspaper Publication,OTHER,True,False,NEUTRAL,0.0,0.5,,v3.0,,,
SOLARINDS,NSE_CORP_ANN,,Trading Window,"Solar Industries India Limited has informed the Exchange regarding the Trading Window closure pursuant to SEBI (Prohibition of Insider Trading) Regulations, 2015","Trading Window Solar Industries India Limited has informed the Exchange regarding the Trading Window closure pursuant to SEBI (Prohibition of Insider Trading) Regulations, 2015",OTHER,True,False,NEUTRAL,0.0,0.5,,v3.0,,,
SOLARINDS,NSE_CORP_ANN,,Issue of Securities,Solar Industries India Limited has informed the Exchange about issue of Securities,Issue of Securities Solar Industries India Limited has informed the Exchange about issue of Securities,OTHER,False,False,NEUTRAL,0.0,0.5,,v3.0,,,
SAIL,NSE_CORP_ANN,,Trading Window,"Steel Authority of India Limited has informed the Exchange regarding the Trading Window closure pursuant to SEBI (Prohibition of Insider Trading) Regulations, 2015","Trading Window Steel Authority of India Limited has informed the Exchange regarding the Trading Window closure pursuant to SEBI (Prohibition of Insider Trading) Regulations, 2015",OTHER,True,False,NEUTRAL,0.0,0.5,,v3.0,,,
SAIL,NSE_CORP_ANN,,Appointment,"Steel Authority of India Limited has informed the Exchange regarding Appointment of Mr Priya Ranjan as Executive Director of the company w.e.f. December 24, 2025.","Appointment Steel Authority of India Limited has informed the Exchange regarding Appointment of Mr Priya Ranjan as Executive Director of the company w.e.f. December 24, 2025.",OTHER,False,False,NEUTRAL,0.0,0.5,,v3.0,,,
SUNPHARMA,NSE_CORP_ANN,,Investor Presentation,Sun Pharmaceutical Industries Limited has informed the Exchange about Investor Presentation,Investor Presentation Sun Pharmaceutical Industries Limited has informed the Exchange about Investor Presentation,OTHER,False,False,NEUTRAL,0.0,0.5,,v3.0,,,
SUNPHARMA,NSE_CORP_ANN,,Copy of Newspaper Publication,Sun Pharmaceutical Industries Limited has informed the Exchange about Newspaper Advertisement,Copy of Newspaper Publication Sun Pharmaceutical Industries Limited has informed the Exchange about Newspaper Advertisement,OTHER,True,False,NEUTRAL,0.0,0.5,,v3.0,,,
SUPREMEIND,NSE_CORP_ANN,,Trading Window,"Supreme Industries Limited has informed the Exchange regarding the Trading Window closure pursuant to SEBI (Prohibition of Insider Trading) Regulations, 2015","Trading Window Supreme Industries Limited has informed the Exchange regarding the Trading Window closure pursuant to SEBI (Prohibition of Insider Trading) Regulations, 2015",OTHER,True,False,NEUTRAL,0.0,0.5,,v3.0,,,
SUPREMEIND,NSE_CORP_ANN,,Credit Rating,Supreme Industries Limited has informed the Exchange about Credit Rating,Credit Rating Supreme Industries Limited has informed the Exchange about Credit Rating,OTHER,False,False,NEUTRAL,0.0,0.5,,v3.0,,,
SUPREMEIND,NSE_CORP_ANN,,Bagging/Receiving of orders/contracts,Letter of Acceptance (LOA) received from Bharat Petroleum Corporation Ltd (BPCL) for Repeat Order for supply of 10 KG Composite LPG Cylinders,Bagging/Receiving of orders/contracts Letter of Acceptance (LOA) received from Bharat Petroleum Corporation Ltd (BPCL) for Repeat Order for supply of 10 KG Composite LPG Cylinders,OTHER,False,False,NEUTRAL,0.0,0.5,,v3.0,,,
SUZLON,NSE_CORP_ANN,,Resignation,"Suzlon Energy Limited has informed the Exchange regarding Resignation of Mr Vivek Srivastava as Other of the company w.e.f. December 26, 2025.","Resignation Suzlon Energy Limited has informed the Exchange regarding Resignation of Mr Vivek Srivastava as Other of the company w.e.f. December 26, 2025.",OTHER,False,False,NEUTRAL,0.0,0.5,,v3.0,,,
SUZLON,NSE_CORP_ANN,,Trading Window,"Suzlon Energy Limited has informed the Exchange regarding the Trading Window closure pursuant to SEBI (Prohibition of Insider Trading) Regulations, 2015","Trading Window Suzlon Energy Limited has informed the Exchange regarding the Trading Window closure pursuant to SEBI (Prohibition of Insider Trading) Regulations, 2015",OTHER,True,False,NEUTRAL,0.0,0.5,,v3.0,,,
SYNGENE,NSE_CORP_ANN,,Trading Window,"Syngene International Limited has informed the Exchange regarding the Trading Window closure pursuant to SEBI (Prohibition of Insider Trading) Regulations, 2015","Trading Window Syngene International Limited has informed the Exchange regarding the Trading Window closure pursuant to SEBI (Prohibition of Insider Trading) Regulations, 2015",OTHER,True,False,NEUTRAL,0.0,0.5,,v3.0,,,
SYNGENE,NSE_CORP_ANN,,Acquisition,Syngene International Limited has informed the Exchange about Acquisition,Acquisition Syngene International Limited has informed the Exchange about Acquisition,OTHER,False,False,NEUTRAL,0.0,0.5,,v3.0,,,
TATACONSUM,NSE_CORP_ANN,,ESOP/ESOS/ESPS,TATA CONSUMER PRODUCTS LIMITED has informed the Exchange regarding Allotment of 1736  Shares.,ESOP/ESOS/ESPS TATA CONSUMER PRODUCTS LIMITED has informed the Exchange regarding Allotment of 1736 Shares.,OTHER,True,False,NEUTRAL,0.0,0.5,,v3.0,,,
TATACONSUM,NSE_CORP_ANN,,Trading Window,"TATA CONSUMER PRODUCTS LIMITED has informed the Exchange regarding the Trading Window closure pursuant to SEBI (Prohibition of Insider Trading) Regulations, 2015","Trading Window TATA CONSUMER PRODUCTS LIMITED has informed the Exchange regarding the Trading Window closure pursuant to SEBI (Prohibition of Insider Trading) Regulations, 2015",OTHER,True,False,NEUTRAL,0.0,0.5,,v3.0,,,
TITAGARH,NSE_CORP_ANN,,Trading Window,"TITAGARH RAIL SYSTEMS LIMITED has informed the Exchange regarding the Trading Window closure pursuant to SEBI (Prohibition of Insider Trading) Regulations, 2015","Trading Window TITAGARH RAIL SYSTEMS LIMITED has informed the Exchange regarding the Trading Window closure pursuant to SEBI (Prohibition of Insider Trading) Regulations, 2015",OTHER,True,False,NEUTRAL,0.0,0.5,,v3.0,,,
TVSMOTOR,NSE_CORP_ANN,,Shareholders meeting,TVS Motor Company Limited has informed the Exchange regarding Notice of Postal Ballot,Shareholders meeting TVS Motor Company Limited has informed the Exchange regarding Notice of Postal Ballot,OTHER,False,False,NEUTRAL,0.0,0.5,,v3.0,,,
TCS,NSE_CORP_ANN,,Analysts/Institutional Investor Meet/Con. Call Updates,Tata Consultancy Services Limited has informed the Exchange about Transcript,Analysts/Institutional Investor Meet/Con. Call Updates Tata Consultancy Services Limited has informed the Exchange about Transcript,OTHER,True,False,NEUTRAL,0.0,0.5,,v3.0,,,
TCS,NSE_CORP_ANN,,Record Date,Tata Consultancy Services Limited has informed the Exchange that Record date for the purpose of Dividend  is 17-Jan-2026.,Record Date Tata Consultancy Services Limited has informed the Exchange that Record date for the purpose of Dividend is 17-Jan-2026.,OTHER,True,False,NEUTRAL,0.0,0.5,,v3.0,,,
TATAELXSI,NSE_CORP_ANN,,Trading Window,"Tata Elxsi Limited has informed the Exchange regarding the Trading Window closure pursuant to SEBI (Prohibition of Insider Trading) Regulations, 2015","Trading Window Tata Elxsi Limited has informed the Exchange regarding the Trading Window closure pursuant to SEBI (Prohibition of Insider Trading) Regulations, 2015",OTHER,True,False,NEUTRAL,0.0,0.5,,v3.0,,,
TMPV,NSE_CORP_ANN,,Trading Window,"Tata Motors Passenger Vehicles Limited has informed the Exchange regarding the Trading Window closure pursuant to SEBI (Prohibition of Insider Trading) Regulations, 2015","Trading Window Tata Motors Passenger Vehicles Limited has informed the Exchange regarding the Trading Window closure pursuant to SEBI (Prohibition of Insider Trading) Regulations, 2015",OTHER,True,False,NEUTRAL,0.0,0.5,,v3.0,,,
TATASTEEL,NSE_CORP_ANN,,Pendency of Litigation(s)/dispute(s) or the outcome impacting the Company,Tata Steel Limited has informed the Exchange about Pendency of Litigation(s)/dispute(s) or the outcome impacting the Company,Pendency of Litigation(s)/dispute(s) or the outcome impacting the Company Tata Steel Limited has informed the Exchange about Pendency of Litigation(s)/dispute(s) or the outcome impacting the Company,OTHER,False,True,WATCH,7.5,0.95,PATTERN_MATCH_pendency.*litigation,v3.0,,,
TATASTEEL,NSE_CORP_ANN,,Pendency of Litigation(s)/dispute(s) or the outcome impacting the Company,Tata Steel Limited has informed the Exchange about Pendency of Litigation(s)/dispute(s) or the outcome impacting the Company,Pendency of Litigation(s)/dispute(s) or the outcome impacting the Company Tata Steel Limited has informed the Exchange about Pendency of Litigation(s)/dispute(s) or the outcome impacting the Company,OTHER,False,True,WATCH,7.5,0.95,PATTERN_MATCH_pendency.*litigation,v3.0,,,
TATASTEEL,NSE_CORP_ANN,,Credit Rating,Tata Steel Limited has informed the Exchange about Credit Rating,Credit Rating Tata Steel Limited has informed the Exchange about Credit Rating,OTHER,False,False,NEUTRAL,0.0,0.5,,v3.0,,,
TATASTEEL,NSE_CORP_ANN,,Trading Window,"Tata Steel Limited has informed the Exchange regarding the Trading Window closure pursuant to SEBI (Prohibition of Insider Trading) Regulations, 2015","Trading Window Tata Steel Limited has informed the Exchange regarding the Trading Window closure pursuant to SEBI (Prohibition of Insider Trading) Regulations, 2015",OTHER,True,False,NEUTRAL,0.0,0.5,,v3.0,,,
TATASTEEL,NSE_CORP_ANN,,Pendency of Litigation(s)/dispute(s) or the outcome impacting the Company,Tata Steel Limited has informed the Exchange about Pendency of Litigation(s)/dispute(s) or the outcome impacting the Company,Pendency of Litigation(s)/dispute(s) or the outcome impacting the Company Tata Steel Limited has informed the Exchange about Pendency of Litigation(s)/dispute(s) or the outcome impacting the Company,OTHER,False,True,WATCH,7.5,0.95,PATTERN_MATCH_pendency.*litigation,v3.0,,,
TATASTEEL,NSE_CORP_ANN,,Pendency of Litigation(s)/dispute(s) or the outcome impacting the Company,Tata Steel Limited has informed the Exchange about Pendency of Litigation(s)/dispute(s) or the outcome impacting the Company,Pendency of Litigation(s)/dispute(s) or the outcome impacting the Company Tata Steel Limited has informed the Exchange about Pendency of Litigation(s)/dispute(s) or the outcome impacting the Company,OTHER,False,True,WATCH,7.5,0.95,PATTERN_MATCH_pendency.*litigation,v3.0,,,
TATATECH,NSE_CORP_ANN,,Trading Window,"Tata Technologies Limited has informed the Exchange regarding the Trading Window closure pursuant to SEBI (Prohibition of Insider Trading) Regulations, 2015","Trading Window Tata Technologies Limited has informed the Exchange regarding the Trading Window closure pursuant to SEBI (Prohibition of Insider Trading) Regulations, 2015",OTHER,True,False,NEUTRAL,0.0,0.5,,v3.0,,,
TECHM,NSE_CORP_ANN,,Sale or disposal,Tech Mahindra Limited has informed the Exchange about Cessation of a wholly-owned subsidiary.,Sale or disposal Tech Mahindra Limited has informed the Exchange about Cessation of a wholly-owned subsidiary.,OTHER,False,False,NEUTRAL,0.0,0.5,,v3.0,,,
TECHM,NSE_CORP_ANN,,Incorporation,Tech Mahindra Limited has informed the Exchange about Incorporation,Incorporation Tech Mahindra Limited has informed the Exchange about Incorporation,OTHER,True,False,NEUTRAL,0.0,0.5,,v3.0,,,
TECHM,NSE_CORP_ANN,,General Updates,Tech Mahindra Limited has informed the Exchange about ESG rating,General Updates Tech Mahindra Limited has informed the Exchange about ESG rating,OTHER,False,False,NEUTRAL,0.0,0.5,,v3.0,,,
FEDERALBNK,NSE_CORP_ANN,,General Updates,The Federal Bank  Limited has informed the Exchange about Allotment of Equity Shares on exercise of Stock options pursuant to Employee Stock Option Scheme,General Updates The Federal Bank Limited has informed the Exchange about Allotment of Equity Shares on exercise of Stock options pursuant to Employee Stock Option Scheme,OTHER,True,False,NEUTRAL,0.0,0.5,,v3.0,,,
FEDERALBNK,NSE_CORP_ANN,,General Updates,The Federal Bank  Limited has informed the Exchange about  Allotment of Equity Shares on exercise of Stock options pursuant to Employee Stock Option Scheme,General Updates The Federal Bank Limited has informed the Exchange about Allotment of Equity Shares on exercise of Stock options pursuant to Employee Stock Option Scheme,OTHER,True,False,NEUTRAL,0.0,0.5,,v3.0,,,
TITAN,NSE_CORP_ANN,,Updates,Titan Company Limited has informed the Exchange regarding 'Intimation of launch of Titan s first Lab Grown Diamond store in Mumbai'.,Updates Titan Company Limited has informed the Exchange regarding 'Intimation of launch of Titan s first Lab Grown Diamond store in Mumbai'.,OTHER,False,False,NEUTRAL,0.0,0.5,,v3.0,,,
TITAN,NSE_CORP_ANN,,Trading Window,"Titan Company Limited has informed the Exchange regarding the Trading Window closure pursuant to SEBI (Prohibition of Insider Trading) Regulations, 2015","Trading Window Titan Company Limited has informed the Exchange regarding the Trading Window closure pursuant to SEBI (Prohibition of Insider Trading) Regulations, 2015",OTHER,True,False,NEUTRAL,0.0,0.5,,v3.0,,,
TORNTPHARM,NSE_CORP_ANN,,Trading Window,"Torrent Pharmaceuticals Limited has informed the Exchange regarding the Trading Window closure pursuant to SEBI (Prohibition of Insider Trading) Regulations, 2015","Trading Window Torrent Pharmaceuticals Limited has informed the Exchange regarding the Trading Window closure pursuant to SEBI (Prohibition of Insider Trading) Regulations, 2015",OTHER,True,False,NEUTRAL,0.0,0.5,,v3.0,,,
TORNTPHARM,NSE_CORP_ANN,,Updates,Torrent Pharmaceuticals Limited has informed the Exchange regarding 'Redemption of Commercial papers'.,Updates Torrent Pharmaceuticals Limited has informed the Exchange regarding 'Redemption of Commercial papers'.,OTHER,False,False,NEUTRAL,0.0,0.5,,v3.0,,,
TORNTPOWER,NSE_CORP_ANN,,Trading Window,"Torrent Power Limited has informed the Exchange regarding the Trading Window closure pursuant to SEBI (Prohibition of Insider Trading) Regulations, 2015","Trading Window Torrent Power Limited has informed the Exchange regarding the Trading Window closure pursuant to SEBI (Prohibition of Insider Trading) Regulations, 2015",OTHER,True,False,NEUTRAL,0.0,0.5,,v3.0,,,
TIINDIA,NSE_CORP_ANN,,General Updates,Tube Investments of India Limited has informed the Exchange about Allotment of shares under ESOP,General Updates Tube Investments of India Limited has informed the Exchange about Allotment of shares under ESOP,OTHER,True,False,NEUTRAL,0.0,0.5,,v3.0,,,
UNOMINDA,NSE_CORP_ANN,,Updates,UNO Minda Limited has informed the Exchange regarding 'Issuance of Commercial Paper'.,Updates UNO Minda Limited has informed the Exchange regarding 'Issuance of Commercial Paper'.,OTHER,False,False,NEUTRAL,0.0,0.5,,v3.0,,,
UNOMINDA,NSE_CORP_ANN,,Agreements,UNO Minda Limited has informed the Exchange about execution of restated Joint Venture Agreement,Agreements UNO Minda Limited has informed the Exchange about execution of restated Joint Venture Agreement,OTHER,False,False,NEUTRAL,0.0,0.5,,v3.0,,,
UPL,NSE_CORP_ANN,,General Updates,UPL Limited has informed the Exchange about Investment in Hybrid Seeds Vietnam Company Limited,General Updates UPL Limited has informed the Exchange about Investment in Hybrid Seeds Vietnam Company Limited,OTHER,False,False,NEUTRAL,0.0,0.5,,v3.0,,,
ULTRACEMCO,NSE_CORP_ANN,,Action(s) taken or orders passed,"UltraTech Cement Limited has informed the Exchange about order received from Assistant Commissioner, State Goods and Services Tax, Trichy, Tamil Nadu","Action(s) taken or orders passed UltraTech Cement Limited has informed the Exchange about order received from Assistant Commissioner, State Goods and Services Tax, Trichy, Tamil Nadu",OTHER,False,True,WATCH,7.5,0.95,PATTERN_MATCH_order received.*tax,v3.0,,,
ULTRACEMCO,NSE_CORP_ANN,,Action(s) taken or orders passed,"UltraTech Cement Limited has informed the Exchange about order received from Assistant Commissioner, State Goods and Services Tax, Trichy, Tamil Nadu","Action(s) taken or orders passed UltraTech Cement Limited has informed the Exchange about order received from Assistant Commissioner, State Goods and Services Tax, Trichy, Tamil Nadu",OTHER,False,True,WATCH,7.5,0.95,PATTERN_MATCH_order received.*tax,v3.0,,,
ULTRACEMCO,NSE_CORP_ANN,,Updates,UltraTech Cement Limited has informed the Exchange regarding 'Commissioning Of Cement Capacity at Dhule and Nathdwara'.,Updates UltraTech Cement Limited has informed the Exchange regarding 'Commissioning Of Cement Capacity at Dhule and Nathdwara'.,OTHER,False,False,NEUTRAL,0.0,0.5,,v3.0,,,
ULTRACEMCO,NSE_CORP_ANN,,Copy of Newspaper Publication,UltraTech Cement Limited has informed the Exchange about Copy of Newspaper Publication,Copy of Newspaper Publication UltraTech Cement Limited has informed the Exchange about Copy of Newspaper Publication,OTHER,True,False,NEUTRAL,0.0,0.5,,v3.0,,,
UNIONBANK,NSE_CORP_ANN,,Trading Window,"Union Bank of India has informed the Exchange regarding the Trading Window closure pursuant to SEBI (Prohibition of Insider Trading) Regulations, 2015","Trading Window Union Bank of India has informed the Exchange regarding the Trading Window closure pursuant to SEBI (Prohibition of Insider Trading) Regulations, 2015",OTHER,True,False,NEUTRAL,0.0,0.5,,v3.0,,,
UNITDSPR,NSE_CORP_ANN,,General Updates,United Spirits Limited has informed the Exchange about General Updates,General Updates United Spirits Limited has informed the Exchange about General Updates,OTHER,False,False,NEUTRAL,0.0,0.5,,v3.0,,,
UNITDSPR,NSE_CORP_ANN,,Shareholders meeting,United Spirits Limited has submitted the Exchange a copy Srutinizers report of  Postal Ballot,Shareholders meeting United Spirits Limited has submitted the Exchange a copy Srutinizers report of Postal Ballot,OTHER,False,False,NEUTRAL,0.0,0.5,,v3.0,,,
VBL,NSE_CORP_ANN,,Trading Window,"Varun Beverages Limited has informed the Exchange regarding the Trading Window closure pursuant to SEBI (Prohibition of Insider Trading) Regulations, 2015","Trading Window Varun Beverages Limited has informed the Exchange regarding the Trading Window closure pursuant to SEBI (Prohibition of Insider Trading) Regulations, 2015",OTHER,True,False,NEUTRAL,0.0,0.5,,v3.0,,,
VBL,NSE_CORP_ANN,,General Updates,Board Presentation on the proposed acquisition of 100% Share Capital of Twizza Proprietary Limited ( Twizza ) through our subsidiary company in South Africa i.e. The Beverages Company Proprietary Limited.,General Updates Board Presentation on the proposed acquisition of 100% Share Capital of Twizza Proprietary Limited ( Twizza ) through our subsidiary company in South Africa i.e. The Beverages Company Proprietary Limited.,OTHER,False,False,NEUTRAL,0.0,0.5,,v3.0,,,
VBL,NSE_CORP_ANN,,Outcome of Board Meeting,The Board of Directors at their meeting held today inter-alia considered and approved to acquire 100% Share Capital of Twizza Proprietary Limited as per details in the enclosed intimation.,Outcome of Board Meeting The Board of Directors at their meeting held today inter-alia considered and approved to acquire 100% Share Capital of Twizza Proprietary Limited as per details in the enclosed intimation.,OTHER,True,False,NEUTRAL,0.0,0.5,,v3.0,,,
VEDL,NSE_CORP_ANN,,Action(s) taken or orders passed,Vedanta Limited has informed the Exchange about Action(s) taken or orders passed,Action(s) taken or orders passed Vedanta Limited has informed the Exchange about Action(s) taken or orders passed,OTHER,False,False,NEUTRAL,0.0,0.5,,v3.0,,,
VEDL,NSE_CORP_ANN,,Updates,"Vedanta Limited has informed the Exchange regarding 'Disclosure under Regulation 30 of Securities and Exchange Board of India ( SEBI ) (Listing Obligations and Disclosure Requirements) Regulations, 2015 ( Listing Regulations ), as amended - Declaration of Successful Bidder for Depo Graphite   Vanadium Block under Critical Mineral Auctions Tranche IV conducted by the Ministry of Mines, Government of India'.","Updates Vedanta Limited has informed the Exchange regarding 'Disclosure under Regulation 30 of Securities and Exchange Board of India ( SEBI ) (Listing Obligations and Disclosure Requirements) Regulations, 2015 ( Listing Regulations ), as amended - Declaration of Successful Bidder for Depo Graphite Vanadium Block under Critical Mineral Auctions Tranche IV conducted by the Ministry of Mines, Government of India'.",OTHER,False,False,NEUTRAL,0.0,0.5,,v3.0,,,
VEDL,NSE_CORP_ANN,,Trading Window,"Vedanta Limited has informed the Exchange regarding the Trading Window closure pursuant to SEBI (Prohibition of Insider Trading) Regulations, 2015","Trading Window Vedanta Limited has informed the Exchange regarding the Trading Window closure pursuant to SEBI (Prohibition of Insider Trading) Regulations, 2015",OTHER,True,False,NEUTRAL,0.0,0.5,,v3.0,,,
VEDL,NSE_CORP_ANN,,Action(s) taken or orders passed,Vedanta Limited has informed the Exchange about Action(s) taken or orders passed,Action(s) taken or orders passed Vedanta Limited has informed the Exchange about Action(s) taken or orders passed,OTHER,False,False,NEUTRAL,0.0,0.5,,v3.0,,,
VEDL,NSE_CORP_ANN,,Updates,"Vedanta Limited has informed the Exchange regarding 'Disclosure under Regulation 30 of Securities and Exchange Board of India ( SEBI ) (Listing Obligations and Disclosure Requirements) Regulations, 2015 ( Listing Regulations ), as amended   ESG Ratings'.","Updates Vedanta Limited has informed the Exchange regarding 'Disclosure under Regulation 30 of Securities and Exchange Board of India ( SEBI ) (Listing Obligations and Disclosure Requirements) Regulations, 2015 ( Listing Regulations ), as amended ESG Ratings'.",OTHER,False,False,NEUTRAL,0.0,0.5,,v3.0,,,
VEDL,NSE_CORP_ANN,,Credit Rating,Vedanta Limited has informed the Exchange about Credit Rating,Credit Rating Vedanta Limited has informed the Exchange about Credit Rating,OTHER,False,False,NEUTRAL,0.0,0.5,,v3.0,,,
IDEA,NSE_CORP_ANN,,Action(s) taken or orders passed,"Vodafone Idea Limited has informed the Exchange about Disclosure under Regulation 30 of SEBI (Listing Obligations and Disclosures Requirements) Regulations, 2015 regarding orders passed under Central Goods and Services Tax Act, 2017","Action(s) taken or orders passed Vodafone Idea Limited has informed the Exchange about Disclosure under Regulation 30 of SEBI (Listing Obligations and Disclosures Requirements) Regulations, 2015 regarding orders passed under Central Goods and Services Tax Act, 2017",OTHER,False,True,WATCH,7.0,0.95,PATTERN_MATCH_tax.*order,v3.0,,,
IDEA,NSE_CORP_ANN,,Action(s) taken or orders passed,"Vodafone Idea Limited has informed the Exchange about Disclosure under Regulation 30 of SEBI (Listing Obligations and Disclosures Requirements) Regulations, 2015 regarding orders passed under Central Goods and Services Tax Act, 2017","Action(s) taken or orders passed Vodafone Idea Limited has informed the Exchange about Disclosure under Regulation 30 of SEBI (Listing Obligations and Disclosures Requirements) Regulations, 2015 regarding orders passed under Central Goods and Services Tax Act, 2017",OTHER,False,True,WATCH,7.0,0.95,PATTERN_MATCH_tax.*order,v3.0,,,
IDEA,NSE_CORP_ANN,,Action(s) taken or orders passed,"Vodafone Idea Limited has informed the Exchange about disclosure under Regulation 30 of SEBI (Listing Obligations and Disclosure Requirements) Regulations, 2015 regarding order passed under the Central Goods and Services Tax Act, 2017","Action(s) taken or orders passed Vodafone Idea Limited has informed the Exchange about disclosure under Regulation 30 of SEBI (Listing Obligations and Disclosure Requirements) Regulations, 2015 regarding order passed under the Central Goods and Services Tax Act, 2017",OTHER,False,True,WATCH,7.5,0.95,PATTERN_MATCH_order passed.*tax,v3.0,,,
VOLTAS,NSE_CORP_ANN,,Change in Management,Voltas Limited has informed the Exchange about change in Management,Change in Management Voltas Limited has informed the Exchange about change in Management,OTHER,False,False,NEUTRAL,0.0,0.5,,v3.0,,,
VOLTAS,NSE_CORP_ANN,,Trading Window,"Voltas Limited has informed the Exchange regarding the Trading Window closure pursuant to SEBI (Prohibition of Insider Trading) Regulations, 2015","Trading Window Voltas Limited has informed the Exchange regarding the Trading Window closure pursuant to SEBI (Prohibition of Insider Trading) Regulations, 2015",OTHER,True,False,NEUTRAL,0.0,0.5,,v3.0,,,
WIPRO,NSE_CORP_ANN,,Updates,"Wipro Limited has informed the Exchange regarding Allotment of 21,126 equity shares under ADS Restricted Stock Unit Plan 2004 and 73,687 equity shares under the Restricted Stock Unit Plan 2007 on December 22, 2025, pursuant to exercise of ESOPs.","Updates Wipro Limited has informed the Exchange regarding Allotment of 21,126 equity shares under ADS Restricted Stock Unit Plan 2004 and 73,687 equity shares under the Restricted Stock Unit Plan 2007 on December 22, 2025, pursuant to exercise of ESOPs.",OTHER,True,False,NEUTRAL,0.0,0.5,,v3.0,,,
YESBANK,NSE_CORP_ANN,,Trading Window,"Yes Bank Limited has informed the Exchange regarding the Trading Window closure pursuant to SEBI (Prohibition of Insider Trading) Regulations, 2015","Trading Window Yes Bank Limited has informed the Exchange regarding the Trading Window closure pursuant to SEBI (Prohibition of Insider Trading) Regulations, 2015",OTHER,True,False,NEUTRAL,0.0,0.5,,v3.0,,,
YESBANK,NSE_CORP_ANN,,Analysts/Institutional Investor Meet/Con. Call Updates,YES Bank Limited has informed the Exchange about Schedule of Analyst/ Institutional Investors Meet(s) / Call(s) / VC(s) - Advance Intimation - Deutsche Bank India Credit Connect - 2026,Analysts/Institutional Investor Meet/Con. Call Updates YES Bank Limited has informed the Exchange about Schedule of Analyst/ Institutional Investors Meet(s) / Call(s) / VC(s) - Advance Intimation - Deutsche Bank India Credit Connect - 2026,OTHER,True,False,NEUTRAL,0.0,0.5,,v3.0,,,
YESBANK,NSE_CORP_ANN,,Updates,"Yes Bank Limited has informed the Exchange regarding 'That the Bank has received an Order pertaining to FY 2021-22 from the Goods and Services Tax ( GST ) department, Uttar Pradesh on December 24, 2025 on certain issues levying a penalty of Rs. 3,30,55,942/- in addition to tax demand and applicable interest.'.","Updates Yes Bank Limited has informed the Exchange regarding 'That the Bank has received an Order pertaining to FY 2021-22 from the Goods and Services Tax ( GST ) department, Uttar Pradesh on December 24, 2025 on certain issues levying a penalty of Rs. 3,30,55,942/- in addition to tax demand and applicable interest.'.",OTHER,False,True,WATCH,7.5,0.95,PATTERN_MATCH_order.*received.*gst,v3.0,,,
YESBANK,NSE_CORP_ANN,,Analysts/Institutional Investor Meet/Con. Call Updates,"Disclosure under Regulation 30 read with clause 15 of Para A of Part A of Schedule III of the SEBI (Listing Obligations and Disclosure Requirements) Regulations, 2015 - Schedule of Analyst/ Institutional Investors Meet(s) / Call(s) / VC(s)   Advance Intimation - Kotak Flagship Conference: Chasing Growth 2026","Analysts/Institutional Investor Meet/Con. Call Updates Disclosure under Regulation 30 read with clause 15 of Para A of Part A of Schedule III of the SEBI (Listing Obligations and Disclosure Requirements) Regulations, 2015 - Schedule of Analyst/ Institutional Investors Meet(s) / Call(s) / VC(s) Advance Intimation - Kotak Flagship Conference: Chasing Growth 2026",OTHER,True,False,NEUTRAL,0.0,0.5,,v3.0,,,
YESBANK,NSE_CORP_ANN,,Analysts/Institutional Investor Meet/Con. Call Updates,"Disclosure under Regulation 30 read with clause 15 of Para A of Part A of Schedule IIIof the SEBI (Listing Obligations and Disclosure Requirements) Regulations, 2015 ( ListingRegulations ) Schedule of Analyst/ Institutional Investors Meet(s) / Call(s) / VC(s)   Advance Intimation - Nuvama India Investor Conference - India: Shoring up Self-Reliance","Analysts/Institutional Investor Meet/Con. Call Updates Disclosure under Regulation 30 read with clause 15 of Para A of Part A of Schedule IIIof the SEBI (Listing Obligations and Disclosure Requirements) Regulations, 2015 ( ListingRegulations ) Schedule of Analyst/ Institutional Investors Meet(s) / Call(s) / VC(s) Advance Intimation - Nuvama India Investor Conference - India: Shoring up Self-Reliance",OTHER,True,False,NEUTRAL,0.0,0.5,,v3.0,,,
ZYDUSLIFE,NSE_CORP_ANN,,Copy of Newspaper Publication,Zydus Lifesciences Limited has informed the Exchange about Copy of Newspaper Publication,Copy of Newspaper Publication Zydus Lifesciences Limited has informed the Exchange about Copy of Newspaper Publication,OTHER,True,False,NEUTRAL,0.0,0.5,,v3.0,,,
ZYDUSLIFE,NSE_CORP_ANN,,Updates,Zydus Lifesciences Limited has informed the Exchange regarding 'Intimation of ESG Rating'.,Updates Zydus Lifesciences Limited has informed the Exchange regarding 'Intimation of ESG Rating'.,OTHER,False,False,NEUTRAL,0.0,0.5,,v3.0,,,
ZYDUSLIFE,NSE_CORP_ANN,,Trading Window,"Zydus Lifesciences Limited has informed the Exchange regarding the Trading Window closure pursuant to SEBI (Prohibition of Insider Trading) Regulations, 2015","Trading Window Zydus Lifesciences Limited has informed the Exchange regarding the Trading Window closure pursuant to SEBI (Prohibition of Insider Trading) Regulations, 2015",OTHER,True,False,NEUTRAL,0.0,0.5,,v3.0,,,
ZYDUSLIFE,NSE_CORP_ANN,,Copy of Newspaper Publication,Zydus Lifesciences Limited has informed the Exchange about Copy of Newspaper Publication,Copy of Newspaper Publication Zydus Lifesciences Limited has informed the Exchange about Copy of Newspaper Publication,OTHER,True,False,NEUTRAL,0.0,0.5,,v3.0,,,
ZYDUSLIFE,NSE_CORP_ANN,,General Updates,Zydus Lifesciences Limited has informed the Exchange about General Updates,General Updates Zydus Lifesciences Limited has informed the Exchange about General Updates,OTHER,False,False,NEUTRAL,0.0,0.5,,v3.0,,,
ZYDUSLIFE,NSE_CORP_ANN,,Press Release,"Zydus Lifesciences Limited has informed the Exchange regarding a press release dated December 23, 2025, titled ""Zydus Partners with Bioeq for U.S. Commercialisation rights for NUFYMCO®, an Interchangeable Biosimilar to Lucentis®. NUFYMCO®. BLA has been approved by the USFDA"".","Press Release Zydus Lifesciences Limited has informed the Exchange regarding a press release dated December 23, 2025, titled ""Zydus Partners with Bioeq for U.S. Commercialisation rights for NUFYMCO®, an Interchangeable Biosimilar to Lucentis®. NUFYMCO®. BLA has been approved by the USFDA"".",OTHER,False,False,NEUTRAL,0.0,0.5,,v3.0,,,
