symbol,source,published_at,headline,summary,clean_text,event_type,is_routine,is_potentially_negative,impact_direction,severity_score,confidence_score,flag_reason,parser_version,human_label,human_comment,raw_id
360ONE,NSE_CORP_ANN,,Trading Window,"360 ONE WAM LIMITED has informed the Exchange regarding the Trading Window closure pursuant to SEBI (Prohibition of Insider Trading) Regulations, 2015","Trading Window 360 ONE WAM LIMITED has informed the Exchange regarding the Trading Window closure pursuant to SEBI (Prohibition of Insider Trading) Regulations, 2015 https://nsearchives.nseindia.com/corporate/iiflwam_29122025154026_20251229closureoftradingwindow_signed.pdf",OTHER,True,False,NEUTRAL,0.0,0.5,,v3.0,,,
360ONE,NSE_CORP_ANN,,ESOP/ESOS/ESPS,360 ONE WAM LIMITED has informed the Exchange regarding Grant of 3527736  Employee Stock Options (ESOPs),ESOP/ESOS/ESPS 360 ONE WAM LIMITED has informed the Exchange regarding Grant of 3527736 Employee Stock Options (ESOPs) https://nsearchives.nseindia.com/corporate/iiflwam_24122025172805_20251224grantofesopssigned.pdf,OTHER,True,False,NEUTRAL,0.0,0.5,,v3.0,,,
360ONE,NSE_CORP_ANN,,Acquisition,"360 ONE WAM LIMITED has informed the Exchange about incorporation of a wholly owned subsidiary of 360 ONE Asset Management Limited,  a wholly owned subsidiary of the Company for carrying out fund management business in Gujarat International Finance Tec-City GIFT City. We wish to inform you that the aforesaid step-down wholly owned subsidiary of the Company is now incorporated in the name of 360 ONE Global Asset Management (IFSC) Limited with a corporate identity number U66300GJ2025PLC171080 on December 23, 2025.","Acquisition 360 ONE WAM LIMITED has informed the Exchange about incorporation of a wholly owned subsidiary of 360 ONE Asset Management Limited, a wholly owned subsidiary of the Company for carrying out fund management business in Gujarat International Finance Tec-City GIFT City. We wish to inform you that the aforesaid step-down wholly owned subsidiary of the Company is now incorporated in the name of 360 ONE Global Asset Management (IFSC) Limited with a corporate identity number U66300GJ2025PLC171080 on December 23, 2025. https://nsearchives.nseindia.com/corporate/iiflwam_24122025155427_20251224incorporationofsubsidiarygamsigned.pdf",OTHER,True,False,NEUTRAL,0.0,0.5,,v3.0,,,
APLAPOLLO,NSE_CORP_ANN,,Updates,"APL Apollo Tubes Limited has informed the Exchange regarding 'Environmental, Social and Governance Report for Financial Year 2024-25'.","Updates APL Apollo Tubes Limited has informed the Exchange regarding 'Environmental, Social and Governance Report for Financial Year 2024-25'. https://nsearchives.nseindia.com/corporate/aplapollo_27122025113215_reg30-esg-report_2024-25.pdf",OTHER,False,False,NEUTRAL,0.0,0.5,,v3.0,,,
APLAPOLLO,NSE_CORP_ANN,,Trading Window,"APL Apollo Tubes Limited has informed the Exchange regarding the Trading Window closure pursuant to SEBI (Prohibition of Insider Trading) Regulations, 2015","Trading Window APL Apollo Tubes Limited has informed the Exchange regarding the Trading Window closure pursuant to SEBI (Prohibition of Insider Trading) Regulations, 2015 https://nsearchives.nseindia.com/corporate/aplapollo_23122025155048_se_trading_window_closure.pdf",OTHER,True,False,NEUTRAL,0.0,0.5,,v3.0,,,
AUBANK,NSE_CORP_ANN,,Trading Window,"AU Small Finance Bank Limited has informed the Exchange regarding the Trading Window closure pursuant to SEBI (Prohibition of Insider Trading) Regulations, 2015","Trading Window AU Small Finance Bank Limited has informed the Exchange regarding the Trading Window closure pursuant to SEBI (Prohibition of Insider Trading) Regulations, 2015 https://nsearchives.nseindia.com/corporate/aubank_26122025191944_window_closure_intimation.pdf",OTHER,True,False,NEUTRAL,0.0,0.5,,v3.0,,,
AUBANK,NSE_CORP_ANN,,Shareholders meeting,"AU Small Finance Bank Limited has submitted the Exchange a copy Srutinizers report of  Postal Ballot. Further, the company has informed the Exchange regarding voting results.","Shareholders meeting AU Small Finance Bank Limited has submitted the Exchange a copy Srutinizers report of Postal Ballot. Further, the company has informed the Exchange regarding voting results. https://nsearchives.nseindia.com/corporate/aubank_26122025191242_pb_voting_result_se_submission.pdf",OTHER,True,False,NEUTRAL,0.0,0.5,,v3.0,,,
ADANIENSOL,NSE_CORP_ANN,,Trading Window,"Adani Energy Solutions Limited has informed the Exchange regarding the Trading Window closure pursuant to SEBI (Prohibition of Insider Trading) Regulations, 2015","Trading Window Adani Energy Solutions Limited has informed the Exchange regarding the Trading Window closure pursuant to SEBI (Prohibition of Insider Trading) Regulations, 2015 https://nsearchives.nseindia.com/corporate/adanitrans_25122025191114_aesl_trading_window_intimation.pdf",OTHER,True,False,NEUTRAL,0.0,0.5,,v3.0,,,
ADANIENSOL,NSE_CORP_ANN,,General Updates,"Adani Energy Solutions Limited has informed the Exchange about Intimation for Incorporation of a step-down subsidiary, ATSOL Global IFSC Limited.","General Updates Adani Energy Solutions Limited has informed the Exchange about Intimation for Incorporation of a step-down subsidiary, ATSOL Global IFSC Limited. https://nsearchives.nseindia.com/corporate/adanitrans_22122025163002_atsol_global_ifsc_intimation.pdf",OTHER,True,False,NEUTRAL,0.0,0.5,,v3.0,,,
ADANIENT,NSE_CORP_ANN,,Shareholders meeting,"Adani Enterprises Limited has submitted the Exchange a copy Srutinizers report of  Court Convened General Meeting held on December 29, 2025. Further, the company has informed the Exchange regarding voting results.","Shareholders meeting Adani Enterprises Limited has submitted the Exchange a copy Srutinizers report of Court Convened General Meeting held on December 29, 2025. Further, the company has informed the Exchange regarding voting results. https://nsearchives.nseindia.com/corporate/nishant_joshi_adani_com_29122025202005_aelscrutinizerreport29122025.pdf",OTHER,True,False,NEUTRAL,0.0,0.5,,v3.0,,,
ADANIENT,NSE_CORP_ANN,,Shareholders meeting,"Adani Enterprises Limited has informed the Exchange regarding Proceedings of Court Convened General Meeting held on December 29, 2025","Shareholders meeting Adani Enterprises Limited has informed the Exchange regarding Proceedings of Court Convened General Meeting held on December 29, 2025 https://nsearchives.nseindia.com/corporate/nishant_joshi_adani_com_29122025125211_aelseintimationonncltmeetingproceedings.pdf",OTHER,False,False,NEUTRAL,0.0,0.5,,v3.0,,,
ADANIENT,NSE_CORP_ANN,,Copy of Newspaper Publication,Adani Enterprises Limited has informed the Exchange about Copy of Newspaper Publication regarding First Call Notice.,Copy of Newspaper Publication Adani Enterprises Limited has informed the Exchange about Copy of Newspaper Publication regarding First Call Notice. https://nsearchives.nseindia.com/corporate/nishant_joshi_adani_com_27122025185242_intimation_newspaperad_call_notice_dispatch_1.pdf,OTHER,True,False,NEUTRAL,0.0,0.5,,v3.0,,,
ADANIENT,NSE_CORP_ANN,,Updates,"Adani Enterprises Limited has informed the Exchange regarding 'Intimation Under The Securities And Exchange Board Of India (Listing Obligations And Disclosure Requirements) Regulations, 2015 As Amended ('SEBI Listing Regulations') In Relation To The Public Issue Of Non-Convertible Debentures'.","Updates Adani Enterprises Limited has informed the Exchange regarding 'Intimation Under The Securities And Exchange Board Of India (Listing Obligations And Disclosure Requirements) Regulations, 2015 As Amended ('SEBI Listing Regulations') In Relation To The Public Issue Of Non-Convertible Debentures'. https://nsearchives.nseindia.com/corporate/nishant_joshi_adani_com_24122025143229_stock_exchange_intimation_for_drhp.pdf",OTHER,False,False,NEUTRAL,0.0,0.5,,v3.0,,,
ADANIENT,NSE_CORP_ANN,,Credit Rating,Adani Enterprises Limited has informed the Exchange about Credit Rating,Credit Rating Adani Enterprises Limited has informed the Exchange about Credit Rating https://nsearchives.nseindia.com/corporate/nishant_joshi_adani_com_24122025001626_aelintimationcreditrating23122025.pdf,OTHER,False,False,NEUTRAL,0.0,0.5,,v3.0,,,
ADANIGREEN,NSE_CORP_ANN,,General Updates,Adani Green Energy Limited has informed the Exchange about Incorporation of step-down subsidiary company,General Updates Adani Green Energy Limited has informed the Exchange about Incorporation of step-down subsidiary company https://nsearchives.nseindia.com/corporate/adanigreen_26122025184541_letter.pdf,OTHER,True,False,NEUTRAL,0.0,0.5,,v3.0,,,
ADANIGREEN,NSE_CORP_ANN,,Trading Window,"Adani Green Energy Limited has informed the Exchange regarding the Trading Window closure pursuant to SEBI (Prohibition of Insider Trading) Regulations, 2015","Trading Window Adani Green Energy Limited has informed the Exchange regarding the Trading Window closure pursuant to SEBI (Prohibition of Insider Trading) Regulations, 2015 https://nsearchives.nseindia.com/corporate/adanigreen_25122025170214_letter.pdf",OTHER,True,False,NEUTRAL,0.0,0.5,,v3.0,,,
ADANIGREEN,NSE_CORP_ANN,,General Updates,Adani Green Energy Limited has informed the Exchange about Compliance Certificate of RG II entities,General Updates Adani Green Energy Limited has informed the Exchange about Compliance Certificate of RG II entities https://nsearchives.nseindia.com/corporate/adanigreen_25122025155944_letter_rg_2.pdf,OTHER,True,False,NEUTRAL,0.0,0.5,,v3.0,,,
ADANIGREEN,NSE_CORP_ANN,,General Updates,Adani Green Energy Limited has informed the Exchange about Compliance Certificate of RG I entities,General Updates Adani Green Energy Limited has informed the Exchange about Compliance Certificate of RG I entities https://nsearchives.nseindia.com/corporate/adanigreen_25122025155714_letter_rg_1.pdf,OTHER,True,False,NEUTRAL,0.0,0.5,,v3.0,,,
ADANIPORTS,NSE_CORP_ANN,,General Updates,Adani Ports and Special Economic Zone Limited has informed the Exchange about General Updates,General Updates Adani Ports and Special Economic Zone Limited has informed the Exchange about General Updates https://nsearchives.nseindia.com/corporate/rkbhagia_23122025160914_seintimation.pdf,OTHER,False,False,NEUTRAL,0.0,0.5,,v3.0,,,
ABCAPITAL,NSE_CORP_ANN,,Acquisition,Aditya Birla Capital Limited has informed the Exchange about Acquisition,Acquisition Aditya Birla Capital Limited has informed the Exchange about Acquisition https://nsearchives.nseindia.com/corporate/rsrai_29122025165410_abcl_se_disclosure_abcdl_rights_issue_final_intimation_29_december_2025.pdf,OTHER,False,False,NEUTRAL,0.0,0.5,,v3.0,,,
ABCAPITAL,NSE_CORP_ANN,,Allotment of Securities,Aditya Birla Capital Limited has informed the Exchange regarding allotment of Non- Convertible Debentures.,Allotment of Securities Aditya Birla Capital Limited has informed the Exchange regarding allotment of Non- Convertible Debentures. https://nsearchives.nseindia.com/corporate/palavjain_26122025175432_abcl_ncd_allotment__december_26_2025_reg_30.pdf,OTHER,True,False,NEUTRAL,0.0,0.5,,v3.0,,,
ABCAPITAL,NSE_CORP_ANN,,Trading Window,"Aditya Birla Capital Limited has informed the Exchange regarding the Trading Window closure pursuant to SEBI (Prohibition of Insider Trading) Regulations, 2015","Trading Window Aditya Birla Capital Limited has informed the Exchange regarding the Trading Window closure pursuant to SEBI (Prohibition of Insider Trading) Regulations, 2015 https://nsearchives.nseindia.com/corporate/rsrai_26122025165031_closure_of_trading_window_december_2025signed.pdf",OTHER,True,False,NEUTRAL,0.0,0.5,,v3.0,,,
ABCAPITAL,NSE_CORP_ANN,,ESOP/ESOS/ESPS,Aditya Birla Capital Limited has informed the Exchange regarding Allotment of 120054  Shares.,ESOP/ESOS/ESPS Aditya Birla Capital Limited has informed the Exchange regarding Allotment of 120054 Shares. https://nsearchives.nseindia.com/corporate/abcapital_24122025213045_esopse24dec2025.pdf,OTHER,True,False,NEUTRAL,0.0,0.5,,v3.0,,,
ALKEM,NSE_CORP_ANN,,Action(s) initiated or orders passed,Alkem Laboratories Limited has informed the Exchange about Action(s) initiated or orders passed,Action(s) initiated or orders passed Alkem Laboratories Limited has informed the Exchange about Action(s) initiated or orders passed https://nsearchives.nseindia.com/corporate/alkem_29122025150138_reg30regulatoryorder2612025_signed.pdf,OTHER,False,False,NEUTRAL,0.0,0.5,,v3.0,,,
ALKEM,NSE_CORP_ANN,,General Updates,Alkem Laboratories Limited has informed the Exchange about Disclosure under Regulation 30 of SEBI LODR Regulations.,General Updates Alkem Laboratories Limited has informed the Exchange about Disclosure under Regulation 30 of SEBI LODR Regulations. https://nsearchives.nseindia.com/corporate/alkem_26122025185749_reg30_enzeneinvestment_26122025_signed.pdf,OTHER,False,False,NEUTRAL,0.0,0.5,,v3.0,,,
ALKEM,NSE_CORP_ANN,,Action(s) initiated or orders passed,Alkem Laboratories Limited has informed the Exchange about Action(s) initiated or orders passed,Action(s) initiated or orders passed Alkem Laboratories Limited has informed the Exchange about Action(s) initiated or orders passed https://nsearchives.nseindia.com/corporate/alkem_26122025182344_reg30regulatoryorder2412025_signed.pdf,OTHER,False,False,NEUTRAL,0.0,0.5,,v3.0,,,
ALKEM,NSE_CORP_ANN,,Trading Window,"Alkem Laboratories Limited has informed the Exchange regarding the Trading Window closure pursuant to SEBI (Prohibition of Insider Trading) Regulations, 2015","Trading Window Alkem Laboratories Limited has informed the Exchange regarding the Trading Window closure pursuant to SEBI (Prohibition of Insider Trading) Regulations, 2015 https://nsearchives.nseindia.com/corporate/alkem_23122025145342_tradingwindowclosurepdf_signed.pdf",OTHER,True,False,NEUTRAL,0.0,0.5,,v3.0,,,
ALKEM,NSE_CORP_ANN,,Analysts/Institutional Investor Meet/Con. Call Updates,Alkem Laboratories Limited has informed the Exchange about Schedule of meet,Analysts/Institutional Investor Meet/Con. Call Updates Alkem Laboratories Limited has informed the Exchange about Schedule of meet https://nsearchives.nseindia.com/corporate/alkem_23122025114400_scheduleofinvestormeet_december_2025_signed.pdf,OTHER,True,False,NEUTRAL,0.0,0.5,,v3.0,,,
AMBER,NSE_CORP_ANN,,Trading Window,"Amber Enterprises India Limited has informed the Exchange regarding the Trading Window closure pursuant to SEBI (Prohibition of Insider Trading) Regulations, 2015","Trading Window Amber Enterprises India Limited has informed the Exchange regarding the Trading Window closure pursuant to SEBI (Prohibition of Insider Trading) Regulations, 2015 https://nsearchives.nseindia.com/corporate/amber_29122025175804_se_intimation_trading_window_closure_31122025.pdf",OTHER,True,False,NEUTRAL,0.0,0.5,,v3.0,,,
AMBUJACEM,NSE_CORP_ANN,,Trading Window,"Ambuja Cements Limited has informed the Exchange regarding the Trading Window closure pursuant to SEBI (Prohibition of Insider Trading) Regulations, 2015","Trading Window Ambuja Cements Limited has informed the Exchange regarding the Trading Window closure pursuant to SEBI (Prohibition of Insider Trading) Regulations, 2015 https://nsearchives.nseindia.com/corporate/ambujacem_27122025122737_acl_closure_of_tw.pdf",OTHER,True,False,NEUTRAL,0.0,0.5,,v3.0,,,
AMBUJACEM,NSE_CORP_ANN,,General Updates,Ambuja Cements Limited has informed the Exchange about Capital Market Q&A on - Amalgamation of ACC Limited and Orient Cement Limited with Ambuja Cements Limited,General Updates Ambuja Cements Limited has informed the Exchange about Capital Market Q&A on - Amalgamation of ACC Limited and Orient Cement Limited with Ambuja Cements Limited https://nsearchives.nseindia.com/corporate/ambujacem_22122025210530_ambuja_se_capital_market_qna_final.pdf,OTHER,False,False,NEUTRAL,0.0,0.5,,v3.0,,,
AMBUJACEM,NSE_CORP_ANN,,Press Release,Approval of Scheme of Amalgamation of ACC Limited with Ambuja Cements Limited and Orient Cement Limited with Ambuja Cements Limited,Press Release Approval of Scheme of Amalgamation of ACC Limited with Ambuja Cements Limited and Orient Cement Limited with Ambuja Cements Limited https://nsearchives.nseindia.com/corporate/ambujacem_22122025205313_ambuja_se_media_release_final.pdf,OTHER,False,False,NEUTRAL,0.0,0.5,,v3.0,,,
AMBUJACEM,NSE_CORP_ANN,,Amalgamation/Merger,Approval of Scheme of Amalgamation of ACC Limited with Ambuja Cements Limited and Orient Cement Limited with Ambuja Cements Limited,Amalgamation/Merger Approval of Scheme of Amalgamation of ACC Limited with Ambuja Cements Limited and Orient Cement Limited with Ambuja Cements Limited https://nsearchives.nseindia.com/corporate/ambujacem_22122025204411_acl_outcome_bm_22122025_final.pdf,OTHER,False,False,NEUTRAL,0.0,0.5,,v3.0,,,
ANGELONE,NSE_CORP_ANN,,Updates,"Angel One Limited has informed the Exchange regarding ' AngelOne Limited has been awarded ISO 22301:2019 Certification for its Business ContinuityManagement System (BCMS) by Intertek Certification Limited on December 22, 2025'.","Updates Angel One Limited has informed the Exchange regarding ' AngelOne Limited has been awarded ISO 22301:2019 Certification for its Business ContinuityManagement System (BCMS) by Intertek Certification Limited on December 22, 2025'. https://nsearchives.nseindia.com/corporate/angel8896_23122025112224_intimation_receipt_of_iso_certification.pdf",OTHER,False,False,NEUTRAL,0.0,0.5,,v3.0,,,
APOLLOHOSP,NSE_CORP_ANN,,Trading Window,"Apollo Hospitals Enterprise Limited has informed the Exchange regarding the Trading Window closure pursuant to SEBI (Prohibition of Insider Trading) Regulations, 2015","Trading Window Apollo Hospitals Enterprise Limited has informed the Exchange regarding the Trading Window closure pursuant to SEBI (Prohibition of Insider Trading) Regulations, 2015 https://nsearchives.nseindia.com/corporate/apollohosp_26122025122923_se_let_closure_trading_window.pdf",OTHER,True,False,NEUTRAL,0.0,0.5,,v3.0,,,
APOLLOHOSP,NSE_CORP_ANN,,General Updates,Apollo Hospitals Enterprise Limited has informed the Exchange about General Updates,General Updates Apollo Hospitals Enterprise Limited has informed the Exchange about General Updates https://nsearchives.nseindia.com/corporate/apollohosp_24122025130730_bse_observation_letter.pdf,OTHER,False,False,NEUTRAL,0.0,0.5,,v3.0,,,
APOLLOHOSP,NSE_CORP_ANN,,General Updates,Apollo Hospitals Enterprise Limited has informed the Exchange about General Updates,General Updates Apollo Hospitals Enterprise Limited has informed the Exchange about General Updates https://nsearchives.nseindia.com/corporate/apollohosp_24122025100948_nse_observation_letter.pdf,OTHER,False,False,NEUTRAL,0.0,0.5,,v3.0,,,
ASHOKLEY,NSE_CORP_ANN,,Trading Window,"Ashok Leyland Limited has informed the Exchange regarding the Trading Window closure pursuant to SEBI (Prohibition of Insider Trading) Regulations, 2015","Trading Window Ashok Leyland Limited has informed the Exchange regarding the Trading Window closure pursuant to SEBI (Prohibition of Insider Trading) Regulations, 2015 https://nsearchives.nseindia.com/corporate/ashokley_26122025144356_72windowclosure_dec2025.pdf",OTHER,True,False,NEUTRAL,0.0,0.5,,v3.0,,,
ASIANPAINT,NSE_CORP_ANN,,Disclosure under SEBI Takeover Regulations,"Prafullika Shailesh Choksi has submitted to the Exchange a copy of Disclosures under Regulation 10(6)-Report to stock Exchange in respect of any acquisition made in reliance upon exemption provided for in regulation 10 of SEBI (SAST) Regulations, 2011.","Disclosure under SEBI Takeover Regulations Prafullika Shailesh Choksi has submitted to the Exchange a copy of Disclosures under Regulation 10(6)-Report to stock Exchange in respect of any acquisition made in reliance upon exemption provided for in regulation 10 of SEBI (SAST) Regulations, 2011. https://nsearchives.nseindia.com/corporate/team_sandeshc_29122025102917_prafullika1.pdf",OTHER,False,False,NEUTRAL,0.0,0.5,,v3.0,,,
ASIANPAINT,NSE_CORP_ANN,,Disclosure under SEBI Takeover Regulations,"Jigish Shailesh Choksi has submitted to the Exchange a copy of Disclosures under Regulation 10(6)-Report to stock Exchange in respect of any acquisition made in reliance upon exemption provided for in regulation 10 of SEBI (SAST) Regulations, 2011.","Disclosure under SEBI Takeover Regulations Jigish Shailesh Choksi has submitted to the Exchange a copy of Disclosures under Regulation 10(6)-Report to stock Exchange in respect of any acquisition made in reliance upon exemption provided for in regulation 10 of SEBI (SAST) Regulations, 2011. https://nsearchives.nseindia.com/corporate/team_sandeshc_29122025095546_asian.pdf",OTHER,False,False,NEUTRAL,0.0,0.5,,v3.0,,,
ASIANPAINT,NSE_CORP_ANN,,Disclosure under SEBI Takeover Regulations,"Vishal Shailesh Choksi has submitted to the Exchange a copy of Disclosures under Regulation 10(6)-Report to stock Exchange in respect of any acquisition made in reliance upon exemption provided for in regulation 10 of SEBI (SAST) Regulations, 2011.","Disclosure under SEBI Takeover Regulations Vishal Shailesh Choksi has submitted to the Exchange a copy of Disclosures under Regulation 10(6)-Report to stock Exchange in respect of any acquisition made in reliance upon exemption provided for in regulation 10 of SEBI (SAST) Regulations, 2011. https://nsearchives.nseindia.com/corporate/team_sandeshc_29122025100227_vishal.pdf",OTHER,False,False,NEUTRAL,0.0,0.5,,v3.0,,,
ASIANPAINT,NSE_CORP_ANN,,Copy of Newspaper Publication,"This is to inform that SEBI vide it Circular No. SEBI/HO/MIRSD-PoD/P/CIR/2025/97 dated 2nd July 2025, has decided to open a special window for a period of 6 months from 7th July 2025 to 6th January 2026 to facilitate re-lodgment of transfer requests of physical shares of the Company. Pursuant to said Circular, please find attached copies of notice given to the investors of the Company.","Copy of Newspaper Publication This is to inform that SEBI vide it Circular No. SEBI/HO/MIRSD-PoD/P/CIR/2025/97 dated 2nd July 2025, has decided to open a special window for a period of 6 months from 7th July 2025 to 6th January 2026 to facilitate re-lodgment of transfer requests of physical shares of the Company. Pursuant to said Circular, please find attached copies of notice given to the investors of the Company. https://nsearchives.nseindia.com/corporate/asianpaint_23122025202814_seintimationspecialwindowsigned.pdf",OTHER,True,False,NEUTRAL,0.0,0.5,,v3.0,,,
ASTRAL,NSE_CORP_ANN,,Trading Window,"Astral Limited has informed the Exchange regarding the Trading Window closure pursuant to SEBI (Prohibition of Insider Trading) Regulations, 2015","Trading Window Astral Limited has informed the Exchange regarding the Trading Window closure pursuant to SEBI (Prohibition of Insider Trading) Regulations, 2015 https://nsearchives.nseindia.com/corporate/astral_26122025174555_trading_window_closure_q3_final.pdf",OTHER,True,False,NEUTRAL,0.0,0.5,,v3.0,,,
AUROPHARMA,NSE_CORP_ANN,,General Updates,Aurobindo Pharma Limited has informed the Exchange about General Updates,General Updates Aurobindo Pharma Limited has informed the Exchange about General Updates https://nsearchives.nseindia.com/corporate/auropharma_27122025115727_ltrtosescurateqterminationagmnt27122025.pdf,OTHER,False,False,NEUTRAL,0.0,0.5,,v3.0,,,
AUROPHARMA,NSE_CORP_ANN,,Trading Window,"Aurobindo Pharma Limited has informed the Exchange regarding the Trading Window closure pursuant to SEBI (Prohibition of Insider Trading) Regulations, 2015","Trading Window Aurobindo Pharma Limited has informed the Exchange regarding the Trading Window closure pursuant to SEBI (Prohibition of Insider Trading) Regulations, 2015 https://nsearchives.nseindia.com/corporate/auropharma_24122025115337_ltrtosestradingwindowclosure24122025.pdf",OTHER,True,False,NEUTRAL,0.0,0.5,,v3.0,,,
AUROPHARMA,NSE_CORP_ANN,,Acquisition,"Aurobindo Pharma Limited has informed the Exchange about acquisition of additional 20% stake in Luoxin Aurovitas Pharma (Chengdu) Co. Ltd, China, a joint venture company","Acquisition Aurobindo Pharma Limited has informed the Exchange about acquisition of additional 20% stake in Luoxin Aurovitas Pharma (Chengdu) Co. Ltd, China, a joint venture company https://nsearchives.nseindia.com/corporate/auropharma_23122025132653_ltrtosesacquisitionluoxin23122025.pdf",OTHER,False,False,NEUTRAL,0.0,0.5,,v3.0,,,
DMART,NSE_CORP_ANN,,Updates,Avenue Supermarts Limited has informed the Exchange regarding Redemption of Commercial Paper (CP).,Updates Avenue Supermarts Limited has informed the Exchange regarding Redemption of Commercial Paper (CP). https://nsearchives.nseindia.com/corporate/dmart_29122025183449_redemptionofcp29122025.pdf,OTHER,False,False,NEUTRAL,0.0,0.5,,v3.0,,,
DMART,NSE_CORP_ANN,,Updates,Avenue Supermarts Limited has informed the Exchange regarding allotment of Commercial Paper of Rs. 200 crores,Updates Avenue Supermarts Limited has informed the Exchange regarding allotment of Commercial Paper of Rs. 200 crores https://nsearchives.nseindia.com/corporate/dmart_26122025164937_cpallotmentintimation26122025.pdf,OTHER,True,False,NEUTRAL,0.0,0.5,,v3.0,,,
DMART,NSE_CORP_ANN,,General Updates,Avenue Supermarts Limited has informed the Exchange about Redemption of Commercial Paper (CP),General Updates Avenue Supermarts Limited has informed the Exchange about Redemption of Commercial Paper (CP) https://nsearchives.nseindia.com/corporate/dmart_24122025174125_redemptionofcp_24122025.pdf,OTHER,False,False,NEUTRAL,0.0,0.5,,v3.0,,,
AXISBANK,NSE_CORP_ANN,,Updates,Axis Bank Limited has informed the Exchange regarding 'Update to the Global Medium Term Notes Programme of the Bank'.,Updates Axis Bank Limited has informed the Exchange regarding 'Update to the Global Medium Term Notes Programme of the Bank'. https://nsearchives.nseindia.com/corporate/axisbank1_26122025183014_seintimationgmtnupdate26122025signed.pdf,OTHER,False,False,NEUTRAL,0.0,0.5,,v3.0,,,
AXISBANK,NSE_CORP_ANN,,ESOP/ESOS/ESPS,Axis Bank Limited has informed the Exchange regarding Allotment of 502455  Shares.,ESOP/ESOS/ESPS Axis Bank Limited has informed the Exchange regarding Allotment of 502455 Shares. https://nsearchives.nseindia.com/corporate/axisbank1_23122025184852_se23122025signed.pdf,OTHER,True,False,NEUTRAL,0.0,0.5,,v3.0,,,
AXISBANK,NSE_CORP_ANN,,Trading Window,"Axis Bank Limited has informed the Exchange regarding the Trading Window closure pursuant to SEBI (Prohibition of Insider Trading) Regulations, 2015","Trading Window Axis Bank Limited has informed the Exchange regarding the Trading Window closure pursuant to SEBI (Prohibition of Insider Trading) Regulations, 2015 https://nsearchives.nseindia.com/corporate/axisbank1_23122025160738_seintimationtwcq3signed.pdf",OTHER,True,False,NEUTRAL,0.0,0.5,,v3.0,,,
BSE,NSE_CORP_ANN,,News Verification,The Exchange has sought clarification from BSE Limited with respect to recent news item captioned BSE shares rise 3.5% as report says stock exchange plans to launch more monthly index option products.  The response from the Company is attached.,News Verification The Exchange has sought clarification from BSE Limited with respect to recent news item captioned BSE shares rise 3.5% as report says stock exchange plans to launch more monthly index option products. The response from the Company is attached. https://nsearchives.nseindia.com/corporate/bse1_23122025105317_nseintimation.pdf,OTHER,False,False,NEUTRAL,0.0,0.5,,v3.0,,,
BSE,NSE_CORP_ANN,,News Verification,The Exchange has sought clarification from BSE Limited with respect to recent news item captioned BSE shares rise 3.5% as report says stock exchange plans to launch more monthly index option products.  The response from the Company is awaited.,News Verification The Exchange has sought clarification from BSE Limited with respect to recent news item captioned BSE shares rise 3.5% as report says stock exchange plans to launch more monthly index option products. The response from the Company is awaited.,OTHER,False,False,NEUTRAL,0.0,0.5,,v3.0,,,
BAJAJ-AUTO,NSE_CORP_ANN,,Trading Window,"Bajaj Auto Limited has informed the Exchange regarding the Trading Window closure pursuant to SEBI (Prohibition of Insider Trading) Regulations, 2015","Trading Window Bajaj Auto Limited has informed the Exchange regarding the Trading Window closure pursuant to SEBI (Prohibition of Insider Trading) Regulations, 2015 https://nsearchives.nseindia.com/corporate/lkwalimbe_bajajauto_co_in_29122025205731_se_-_closure_of_trading_window.pdf",OTHER,True,False,NEUTRAL,0.0,0.5,,v3.0,,,
BAJAJ-AUTO,NSE_CORP_ANN,,Action(s) taken or orders passed,Bajaj Auto Limited has informed the Exchange about Action(s) taken or orders passed,Action(s) taken or orders passed Bajaj Auto Limited has informed the Exchange about Action(s) taken or orders passed https://nsearchives.nseindia.com/corporate/lkwalimbe_bajajauto_co_in_27122025150259_se_intimation_-_gst_order_-_26_dec_25.pdf,OTHER,False,True,WATCH,7.0,0.95,PATTERN_MATCH_gst.*order,v3.0,,,
BAJFINANCE,NSE_CORP_ANN,,Trading Window,"Bajaj Finance Limited has informed the Exchange regarding the Trading Window closure pursuant to SEBI (Prohibition of Insider Trading) Regulations, 2015","Trading Window Bajaj Finance Limited has informed the Exchange regarding the Trading Window closure pursuant to SEBI (Prohibition of Insider Trading) Regulations, 2015 https://nsearchives.nseindia.com/corporate/bajfinance_29122025184357_bfl_tradingwindowclosure_dec2025.pdf",OTHER,True,False,NEUTRAL,0.0,0.5,,v3.0,,,
BAJAJFINSV,NSE_CORP_ANN,,Trading Window,"Bajaj Finserv Limited has informed the Exchange regarding the Trading Window closure pursuant to SEBI (Prohibition of Insider Trading) Regulations, 2015","Trading Window Bajaj Finserv Limited has informed the Exchange regarding the Trading Window closure pursuant to SEBI (Prohibition of Insider Trading) Regulations, 2015 https://nsearchives.nseindia.com/corporate/walimbelk_29122025191712_bfstradingwindowclosure29122025.pdf",OTHER,True,False,NEUTRAL,0.0,0.5,,v3.0,,,
BANDHANBNK,NSE_CORP_ANN,,General Updates,Bandhan Bank Limited has informed the Exchange about conclusion of sale of identified unsecured NPA and Written-off Portfolios of the Bank.,General Updates Bandhan Bank Limited has informed the Exchange about conclusion of sale of identified unsecured NPA and Written-off Portfolios of the Bank. https://nsearchives.nseindia.com/corporate/bandhanbnk_29122025204920_se_disclosure_arc_sale_29122025_sd.pdf,OTHER,False,False,NEUTRAL,0.0,0.5,,v3.0,,,
BANDHANBNK,NSE_CORP_ANN,,General Updates,Bandhan Bank Limited has informed the Exchange about Approval of the RBI for re-appointment of Executive Director.,General Updates Bandhan Bank Limited has informed the Exchange about Approval of the RBI for re-appointment of Executive Director. https://nsearchives.nseindia.com/corporate/bandhanbnk_26122025185846_se_disclosure_approval_26122025_sd.pdf,OTHER,False,False,NEUTRAL,0.0,0.5,,v3.0,,,
BANDHANBNK,NSE_CORP_ANN,,Action(s) initiated or orders passed,Bandhan Bank Limited has informed the Exchange about Disclosure under Regulation 30 of the SEBI LODR.,Action(s) initiated or orders passed Bandhan Bank Limited has informed the Exchange about Disclosure under Regulation 30 of the SEBI LODR. https://nsearchives.nseindia.com/corporate/bandhanbnk_26122025183330_se_disclosure_gst_order_2021-22_gj_26122025_sd.pdf,OTHER,False,True,WATCH,7.0,0.95,PATTERN_MATCH_gst.*order,v3.0,,,
BANDHANBNK,NSE_CORP_ANN,,Trading Window,"Bandhan Bank Limited has informed the Exchange regarding the Trading Window closure pursuant to SEBI (Prohibition of Insider Trading) Regulations, 2015","Trading Window Bandhan Bank Limited has informed the Exchange regarding the Trading Window closure pursuant to SEBI (Prohibition of Insider Trading) Regulations, 2015 https://nsearchives.nseindia.com/corporate/bandhanbnk_26122025174503_tw_closure_intimation_26122025.pdf",OTHER,True,False,NEUTRAL,0.0,0.5,,v3.0,,,
BANKBARODA,NSE_CORP_ANN,,Trading Window,"Bank Of Baroda has informed the Exchange regarding the Trading Window closure pursuant to SEBI (Prohibition of Insider Trading) Regulations, 2015","Trading Window Bank Of Baroda has informed the Exchange regarding the Trading Window closure pursuant to SEBI (Prohibition of Insider Trading) Regulations, 2015 https://nsearchives.nseindia.com/corporate/bankbaroda_24122025161905_letter_to_stock_exchange_-_window_closure.pdf",OTHER,True,False,NEUTRAL,0.0,0.5,,v3.0,,,
BANKINDIA,NSE_CORP_ANN,,General Updates,"Bank Of India has informed the Exchange regarding allotment of Long Term Infra Bonds of Rs. 10,000 Crore.","General Updates Bank Of India has informed the Exchange regarding allotment of Long Term Infra Bonds of Rs. 10,000 Crore. https://nsearchives.nseindia.com/corporate/bankindia5_26122025173547_infrabondallotment.pdf",OTHER,True,False,NEUTRAL,0.0,0.5,,v3.0,,,
BANKINDIA,NSE_CORP_ANN,,Analysts/Institutional Investor Meet/Con. Call Updates,Bank Of India has informed the Exchange about Investor/Analyst Meet,Analysts/Institutional Investor Meet/Con. Call Updates Bank Of India has informed the Exchange about Investor/Analyst Meet https://nsearchives.nseindia.com/corporate/bankindia5_23122025173604_investormeeting.pdf,OTHER,True,False,NEUTRAL,0.0,0.5,,v3.0,,,
BANKINDIA,NSE_CORP_ANN,,Updates,"Bank Of India has informed the Exchange regarding 'Bank Of India has informed the Exchange regarding Fund raising through issue of Long Term Infra Bonds of Rs.10,000 Crores.'.","Updates Bank Of India has informed the Exchange regarding 'Bank Of India has informed the Exchange regarding Fund raising through issue of Long Term Infra Bonds of Rs.10,000 Crores.'. https://nsearchives.nseindia.com/corporate/bankindia2_23122025152859_infrabondissue.pdf",OTHER,False,False,NEUTRAL,0.0,0.5,,v3.0,,,
BANKINDIA,NSE_CORP_ANN,,Trading Window,"Bank Of India has informed the Exchange regarding the Trading Window closure pursuant to SEBI (Prohibition of Insider Trading) Regulations, 2015","Trading Window Bank Of India has informed the Exchange regarding the Trading Window closure pursuant to SEBI (Prohibition of Insider Trading) Regulations, 2015 https://nsearchives.nseindia.com/corporate/bankindia5_22122025165928_q3fy26tradingwindowclosure.pdf",OTHER,True,False,NEUTRAL,0.0,0.5,,v3.0,,,
BANKINDIA,NSE_CORP_ANN,,Updates,Bank Of India has informed the Exchange regarding ' Bank Of India has informed the Exchange regarding 'Notice for Excercise of Call Option in respect of 9.04% Additional Tier I Bonds Series VI (ISIN NO.INE084A08136) Fixation of Record Date'.'.,Updates Bank Of India has informed the Exchange regarding ' Bank Of India has informed the Exchange regarding 'Notice for Excercise of Call Option in respect of 9.04% Additional Tier I Bonds Series VI (ISIN NO.INE084A08136) Fixation of Record Date'.'. https://nsearchives.nseindia.com/corporate/bankindia2_22122025151501_at1calloption.pdf,OTHER,True,False,NEUTRAL,0.0,0.5,,v3.0,,,
BDL,NSE_CORP_ANN,,Trading Window,"Bharat Dynamics Limited has informed the Exchange regarding the Trading Window closure pursuant to SEBI (Prohibition of Insider Trading) Regulations, 2015","Trading Window Bharat Dynamics Limited has informed the Exchange regarding the Trading Window closure pursuant to SEBI (Prohibition of Insider Trading) Regulations, 2015 https://nsearchives.nseindia.com/corporate/bdl_26122025163149_tradingwindowclosure01012026bdl.pdf",OTHER,True,False,NEUTRAL,0.0,0.5,,v3.0,,,
BEL,NSE_CORP_ANN,,Press Release,"Bharat Electronics Limited has informed the Exchange regarding a press release dated December 29, 2025, titled ""BEL receives orders worth Rs.569 Crore."".","Press Release Bharat Electronics Limited has informed the Exchange regarding a press release dated December 29, 2025, titled ""BEL receives orders worth Rs.569 Crore."". https://nsearchives.nseindia.com/corporate/bel_29122025152829_press_release_signed.pdf",OTHER,False,False,NEUTRAL,0.0,0.5,,v3.0,,,
BHARATFORG,NSE_CORP_ANN,,Trading Window,"Bharat Forge Limited has informed the Exchange regarding the Trading Window closure pursuant to SEBI (Prohibition of Insider Trading) Regulations, 2015","Trading Window Bharat Forge Limited has informed the Exchange regarding the Trading Window closure pursuant to SEBI (Prohibition of Insider Trading) Regulations, 2015 https://nsearchives.nseindia.com/corporate/anilshinde_26122025171236_seintimationtradingwindowclosure.pdf",OTHER,True,False,NEUTRAL,0.0,0.5,,v3.0,,,
BHEL,NSE_CORP_ANN,,Trading Window,"Bharat Heavy Electricals Limited has informed the Exchange regarding the Trading Window closure pursuant to SEBI (Prohibition of Insider Trading) Regulations, 2015","Trading Window Bharat Heavy Electricals Limited has informed the Exchange regarding the Trading Window closure pursuant to SEBI (Prohibition of Insider Trading) Regulations, 2015 https://nsearchives.nseindia.com/corporate/bhel_29122025104928_twclosure3112025.pdf",OTHER,True,False,NEUTRAL,0.0,0.5,,v3.0,,,
BHEL,NSE_CORP_ANN,,Change in Management,Bharat Heavy Electricals Limited has informed the Exchange about change in Management,Change in Management Bharat Heavy Electricals Limited has informed the Exchange about change in Management https://nsearchives.nseindia.com/corporate/bhelcc_25122025094752_bhel_changeinmanagement.pdf,OTHER,False,False,NEUTRAL,0.0,0.5,,v3.0,,,
BHEL,NSE_CORP_ANN,,Action(s) initiated or orders passed,Bharat Heavy Electricals Limited has informed the Exchange about Action(s) initiated or orders passed,Action(s) initiated or orders passed Bharat Heavy Electricals Limited has informed the Exchange about Action(s) initiated or orders passed https://nsearchives.nseindia.com/corporate/bhelcc_24122025164241_bhelinformation_stockexchanges.pdf,OTHER,False,False,NEUTRAL,0.0,0.5,,v3.0,,,
BPCL,NSE_CORP_ANN,,Trading Window,"Bharat Petroleum Corporation Limited has informed the Exchange regarding the Trading Window closure pursuant to SEBI (Prohibition of Insider Trading) Regulations, 2015","Trading Window Bharat Petroleum Corporation Limited has informed the Exchange regarding the Trading Window closure pursuant to SEBI (Prohibition of Insider Trading) Regulations, 2015 https://nsearchives.nseindia.com/corporate/bpcl22_22122025161235_stexchwindowclosure221225s.pdf",OTHER,True,False,NEUTRAL,0.0,0.5,,v3.0,,,
BHARTIARTL,NSE_CORP_ANN,,Press Release,"Bharti Airtel Limited has informed the Exchange regarding a press release dated December 29, 2025, titled ""Airtel Expands Entertainment Offerings with Exclusive Launch of Airtel Cartoon Network Classics"".","Press Release Bharti Airtel Limited has informed the Exchange regarding a press release dated December 29, 2025, titled ""Airtel Expands Entertainment Offerings with Exclusive Launch of Airtel Cartoon Network Classics"". https://nsearchives.nseindia.com/corporate/bhartiartl_29122025124156_bhartiairtelprdec29_signed.pdf",OTHER,False,False,NEUTRAL,0.0,0.5,,v3.0,,,
BHARTIARTL,NSE_CORP_ANN,,Trading Window,"Bharti Airtel Limited has informed the Exchange regarding the Trading Window closure pursuant to SEBI (Prohibition of Insider Trading) Regulations, 2015","Trading Window Bharti Airtel Limited has informed the Exchange regarding the Trading Window closure pursuant to SEBI (Prohibition of Insider Trading) Regulations, 2015 https://nsearchives.nseindia.com/corporate/bhartiartl_26122025183521_bal_trading_window_closure.pdf",OTHER,True,False,NEUTRAL,0.0,0.5,,v3.0,,,
BHARTIARTL,NSE_CORP_ANN,,Action(s) taken or orders passed,Bharti Airtel Limited has informed the Exchange about Action(s) taken or orders passed,Action(s) taken or orders passed Bharti Airtel Limited has informed the Exchange about Action(s) taken or orders passed https://nsearchives.nseindia.com/corporate/bhartiartl_26122025170917_reg30dotdec25assam_signed.pdf,OTHER,False,False,NEUTRAL,0.0,0.5,,v3.0,,,
BHARTIARTL,NSE_CORP_ANN,,Action(s) taken or orders passed,Bharti Airtel Limited has informed the Exchange about Action(s) taken or orders passed,Action(s) taken or orders passed Bharti Airtel Limited has informed the Exchange about Action(s) taken or orders passed https://nsearchives.nseindia.com/corporate/bhartiartl_24122025162726_bharti_airtel_-_reg_30_disclosure.pdf,OTHER,False,False,NEUTRAL,0.0,0.5,,v3.0,,,
BIOCON,NSE_CORP_ANN,,Trading Window,"Biocon Limited has informed the Exchange regarding the Trading Window closure pursuant to SEBI (Prohibition of Insider Trading) Regulations, 2015","Trading Window Biocon Limited has informed the Exchange regarding the Trading Window closure pursuant to SEBI (Prohibition of Insider Trading) Regulations, 2015 https://nsearchives.nseindia.com/corporate/biocon_26122025190818_intimationtradingwindow31122025.pdf",OTHER,True,False,NEUTRAL,0.0,0.5,,v3.0,,,
BIOCON,NSE_CORP_ANN,,General Updates,Biocon Limited has informed the Exchange about Intimation of Record Date for Commercial Paper,General Updates Biocon Limited has informed the Exchange about Intimation of Record Date for Commercial Paper https://nsearchives.nseindia.com/corporate/biocon_24122025202728_serecord_date.pdf,OTHER,True,False,NEUTRAL,0.0,0.5,,v3.0,,,
BIOCON,NSE_CORP_ANN,,Press Release,"Biocon Limited has informed the Exchange regarding a press release dated December 23, 2025, titled ""Biocon Limited signs out-licensing agreement with Ajanta to market Semaglutide in 26 countries"".","Press Release Biocon Limited has informed the Exchange regarding a press release dated December 23, 2025, titled ""Biocon Limited signs out-licensing agreement with Ajanta to market Semaglutide in 26 countries"". https://nsearchives.nseindia.com/corporate/biocon_23122025173405_cover_letter_pressrelease.pdf",OTHER,False,False,NEUTRAL,0.0,0.5,,v3.0,,,
BIOCON,NSE_CORP_ANN,,Press Release,"Biocon Limited has informed the Exchange regarding a press release dated December 23, 2025, titled ""Biocon Biologics Secures Full Global Rights to Biosimilar Adalimumab through Expanded FKB In-Licensing Agreement"".","Press Release Biocon Limited has informed the Exchange regarding a press release dated December 23, 2025, titled ""Biocon Biologics Secures Full Global Rights to Biosimilar Adalimumab through Expanded FKB In-Licensing Agreement"". https://nsearchives.nseindia.com/corporate/biocon_23122025090823_pressrelease_23122025.pdf",OTHER,False,False,NEUTRAL,0.0,0.5,,v3.0,,,
BIOCON,NSE_CORP_ANN,,General Updates,Biocon Limited has informed the Exchange about Issue of Commercial Papers,General Updates Biocon Limited has informed the Exchange about Issue of Commercial Papers https://nsearchives.nseindia.com/corporate/biocon_22122025193708_intimation_for_allotment.pdf,OTHER,False,False,NEUTRAL,0.0,0.5,,v3.0,,,
BLUESTARCO,NSE_CORP_ANN,,Trading Window,"Blue Star Limited has informed the Exchange regarding the Trading Window closure pursuant to SEBI (Prohibition of Insider Trading) Regulations, 2015","Trading Window Blue Star Limited has informed the Exchange regarding the Trading Window closure pursuant to SEBI (Prohibition of Insider Trading) Regulations, 2015 https://nsearchives.nseindia.com/corporate/bluestarco_24122025210843_intimationoftradingwindowclosureq3fy26.pdf",OTHER,True,False,NEUTRAL,0.0,0.5,,v3.0,,,
BOSCHLTD,NSE_CORP_ANN,,Action(s) taken or orders passed,Bosch Limited has informed the Exchange about Action(s) taken or orders passed,Action(s) taken or orders passed Bosch Limited has informed the Exchange about Action(s) taken or orders passed https://nsearchives.nseindia.com/corporate/boschltd2025_22122025181738_ltose22122025.pdf,OTHER,False,False,NEUTRAL,0.0,0.5,,v3.0,,,
BRITANNIA,NSE_CORP_ANN,,Trading Window,"Britannia Industries Limited has informed the Exchange regarding the Trading Window closure pursuant to SEBI (Prohibition of Insider Trading) Regulations, 2015","Trading Window Britannia Industries Limited has informed the Exchange regarding the Trading Window closure pursuant to SEBI (Prohibition of Insider Trading) Regulations, 2015 https://nsearchives.nseindia.com/corporate/britannia1_26122025173400_final_intimation_signed.pdf",OTHER,True,False,NEUTRAL,0.0,0.5,,v3.0,,,
CGPOWER,NSE_CORP_ANN,,Trading Window,"CG Power and Industrial Solutions Limited has informed the Exchange regarding the Trading Window closure pursuant to SEBI (Prohibition of Insider Trading) Regulations, 2015","Trading Window CG Power and Industrial Solutions Limited has informed the Exchange regarding the Trading Window closure pursuant to SEBI (Prohibition of Insider Trading) Regulations, 2015 https://nsearchives.nseindia.com/corporate/cgpower_26122025161123_disclosure_closureoftradingwindow_31122025.pdf",OTHER,True,False,NEUTRAL,0.0,0.5,,v3.0,,,
CGPOWER,NSE_CORP_ANN,,Allotment of Securities,"CG Power and Industrial Solutions Limited has informed the Exchange regarding allotment of 5000 securities pursuant to ESOP/ESPS at its meeting held on December 23, 2025","Allotment of Securities CG Power and Industrial Solutions Limited has informed the Exchange regarding allotment of 5000 securities pursuant to ESOP/ESPS at its meeting held on December 23, 2025 https://nsearchives.nseindia.com/corporate/cgpower_23122025141158_disclosure_allotment_23122025.pdf",OTHER,True,False,NEUTRAL,0.0,0.5,,v3.0,,,
CGPOWER,NSE_CORP_ANN,,Analysts/Institutional Investor Meet/Con. Call Updates,CG Power and Industrial Solutions Limited has informed the Exchange about Schedule of meet,Analysts/Institutional Investor Meet/Con. Call Updates CG Power and Industrial Solutions Limited has informed the Exchange about Schedule of meet https://nsearchives.nseindia.com/corporate/cgpower_23122025093528_intimation_of_analyst_call_23_12_2025.pdf,OTHER,True,False,NEUTRAL,0.0,0.5,,v3.0,,,
CANBK,NSE_CORP_ANN,,Updates,Canara Bank has informed the Exchange regarding 'Compliance Certificates and Reports on Securities Exchange Board of India-Cybersecurity and Cyber Resilience Framework (SEBI-CSCRF)'.,Updates Canara Bank has informed the Exchange regarding 'Compliance Certificates and Reports on Securities Exchange Board of India-Cybersecurity and Cyber Resilience Framework (SEBI-CSCRF)'. https://nsearchives.nseindia.com/corporate/canbk_29122025164845_lettertose23122025sd.pdf,OTHER,True,False,NEUTRAL,0.0,0.5,,v3.0,,,
CANBK,NSE_CORP_ANN,,Updates,Canara Bank has informed the Exchange regarding Credit Confirmation of Annual Interest Payment.,Updates Canara Bank has informed the Exchange regarding Credit Confirmation of Annual Interest Payment. https://nsearchives.nseindia.com/corporate/canbk_24122025143352_intsigned.pdf,OTHER,False,False,NEUTRAL,0.0,0.5,,v3.0,,,
CANBK,NSE_CORP_ANN,,Trading Window,"Canara Bank has informed the Exchange regarding the Trading Window closure pursuant to SEBI (Prohibition of Insider Trading) Regulations, 2015","Trading Window Canara Bank has informed the Exchange regarding the Trading Window closure pursuant to SEBI (Prohibition of Insider Trading) Regulations, 2015 https://nsearchives.nseindia.com/corporate/canbk_24122025124720_lettertose24122025sd.pdf",OTHER,True,False,NEUTRAL,0.0,0.5,,v3.0,,,
CDSL,NSE_CORP_ANN,,Pendency of Litigation(s)/dispute(s) or the outcome impacting the Company,CDSL has informed the Exchange about Pendency of Litigation(s)/dispute(s) or the outcome impacting the Company.,Pendency of Litigation(s)/dispute(s) or the outcome impacting the Company CDSL has informed the Exchange about Pendency of Litigation(s)/dispute(s) or the outcome impacting the Company. https://nsearchives.nseindia.com/corporate/cdsl_24122025183500_nse_intimation-_nimish_shah_signed.pdf,OTHER,False,True,WATCH,7.5,0.95,PATTERN_MATCH_pendency.*litigation,v3.0,,,
CDSL,NSE_CORP_ANN,,Analysts/Institutional Investor Meet/Con. Call Updates,"CDSL has informed the Exchange about the schedule of the Analyst Meet to be held on Friday, December 26, 2025.","Analysts/Institutional Investor Meet/Con. Call Updates CDSL has informed the Exchange about the schedule of the Analyst Meet to be held on Friday, December 26, 2025. https://nsearchives.nseindia.com/corporate/cdsl_22122025183530_concallinvite_dec26_2025_signed.pdf",OTHER,True,False,NEUTRAL,0.0,0.5,,v3.0,,,
CHOLAFIN,NSE_CORP_ANN,,Allotment of Securities,"Cholamandalam Investment and Finance Company Limited has informed the Exchange regarding allotment of 100100 securities pursuant to Non Convertible Securities at its meeting held on December 24, 2025","Allotment of Securities Cholamandalam Investment and Finance Company Limited has informed the Exchange regarding allotment of 100100 securities pursuant to Non Convertible Securities at its meeting held on December 24, 2025 https://nsearchives.nseindia.com/corporate/jashjs_24122025194530_nseintimationsebireg30allotment657.pdf",OTHER,True,False,NEUTRAL,0.0,0.5,,v3.0,,,
CHOLAFIN,NSE_CORP_ANN,,Analysts/Institutional Investor Meet/Con. Call Updates,Cholamandalam Investment and Finance Company Limited has informed the Exchange about Link of Recording,Analysts/Institutional Investor Meet/Con. Call Updates Cholamandalam Investment and Finance Company Limited has informed the Exchange about Link of Recording https://nsearchives.nseindia.com/corporate/lakshmits_23122025160949_intimation_audiorecordingupload_23dec2025.pdf,OTHER,True,False,NEUTRAL,0.0,0.5,,v3.0,,,
CHOLAFIN,NSE_CORP_ANN,,Analysts/Institutional Investor Meet/Con. Call Updates,Cholamandalam Investment and Finance Company Limited has informed the Exchange about Schedule of meet,Analysts/Institutional Investor Meet/Con. Call Updates Cholamandalam Investment and Finance Company Limited has informed the Exchange about Schedule of meet https://nsearchives.nseindia.com/corporate/lakshmits_23122025101840_intimation_investorcall.pdf,OTHER,True,False,NEUTRAL,0.0,0.5,,v3.0,,,
CHOLAFIN,NSE_CORP_ANN,,Rumour Verification - Regulation 30(11),Cholamandalam Investment and Finance Company Limited has informed the Exchange about Rumour Verification - Regulation 30(11),Rumour Verification - Regulation 30(11) Cholamandalam Investment and Finance Company Limited has informed the Exchange about Rumour Verification - Regulation 30(11) https://nsearchives.nseindia.com/corporate/lakshmits_23122025100127_seletterfordsc.pdf,OTHER,False,False,NEUTRAL,0.0,0.5,,v3.0,,,
CHOLAFIN,NSE_CORP_ANN,,Analysts/Institutional Investor Meet/Con. Call Updates,Cholamandalam Investment and Finance Company Limited has informed the Exchange about Schedule of meet,Analysts/Institutional Investor Meet/Con. Call Updates Cholamandalam Investment and Finance Company Limited has informed the Exchange about Schedule of meet https://nsearchives.nseindia.com/corporate/lakshmits_23122025095147_intimation_investorcall_23dec2025.pdf,OTHER,True,False,NEUTRAL,0.0,0.5,,v3.0,,,
CHOLAFIN,NSE_CORP_ANN,,Rumour Verification - Regulation 30(11),Cholamandalam Investment and Finance Company Limited has informed the Exchange about Rumour Verification - Regulation 30(11),Rumour Verification - Regulation 30(11) Cholamandalam Investment and Finance Company Limited has informed the Exchange about Rumour Verification - Regulation 30(11) https://nsearchives.nseindia.com/corporate/lakshmits_23122025093130_seletterforupl.pdf,OTHER,False,False,NEUTRAL,0.0,0.5,,v3.0,,,
CIPLA,NSE_CORP_ANN,,General Updates,Cipla Limited has informed the Exchange about General Updates,General Updates Cipla Limited has informed the Exchange about General Updates https://nsearchives.nseindia.com/corporate/cipla_22122025190111_esgrating2025_signed.pdf,OTHER,False,False,NEUTRAL,0.0,0.5,,v3.0,,,
COALINDIA,NSE_CORP_ANN,,Trading Window,"Coal India Limited has informed the Exchange regarding the Trading Window closure pursuant to SEBI (Prohibition of Insider Trading) Regulations, 2015","Trading Window Coal India Limited has informed the Exchange regarding the Trading Window closure pursuant to SEBI (Prohibition of Insider Trading) Regulations, 2015 https://nsearchives.nseindia.com/corporate/coalindia_29122025164546_letter_stock_exchange.pdf",OTHER,True,False,NEUTRAL,0.0,0.5,,v3.0,,,
COALINDIA,NSE_CORP_ANN,,Appointment,"Coal India Limited has informed the Exchange regarding Appointment of Mr R K Singh as Other of the company w.e.f. December 29, 2025.","Appointment Coal India Limited has informed the Exchange regarding Appointment of Mr R K Singh as Other of the company w.e.f. December 29, 2025. https://nsearchives.nseindia.com/corporate/coalindia_29122025130524_nserajiva.pdf",OTHER,False,False,NEUTRAL,0.0,0.5,,v3.0,,,
COALINDIA,NSE_CORP_ANN,,Updates,Coal India Limited has informed the Exchange regarding ''.,Updates Coal India Limited has informed the Exchange regarding ''. https://nsearchives.nseindia.com/corporate/coalindia_26122025170911_nsegarg.pdf,OTHER,False,False,NEUTRAL,0.0,0.5,,v3.0,,,
COALINDIA,NSE_CORP_ANN,,Appointment,"Coal India Limited has informed the Exchange regarding Appointment of Mr B.Sairam as Chief Executive Officer of the company w.e.f. December 26, 2025.","Appointment Coal India Limited has informed the Exchange regarding Appointment of Mr B.Sairam as Chief Executive Officer of the company w.e.f. December 26, 2025. https://nsearchives.nseindia.com/corporate/coalindia_26122025141308_nseceo.pdf",OTHER,False,False,NEUTRAL,0.0,0.5,,v3.0,,,
COALINDIA,NSE_CORP_ANN,,General Updates,"Coal India Limited has informed the Exchange about General Updates-In-principle approval of Listing of South Eastern Coalfields Limited (SECL), a Wholly owned subsidiary of Coal India Limited.","General Updates Coal India Limited has informed the Exchange about General Updates-In-principle approval of Listing of South Eastern Coalfields Limited (SECL), a Wholly owned subsidiary of Coal India Limited. https://nsearchives.nseindia.com/corporate/coalindia_23122025170609_seclsigned.pdf",OTHER,False,False,NEUTRAL,0.0,0.5,,v3.0,,,
COALINDIA,NSE_CORP_ANN,,General Updates,Coal India Limited has informed the Exchange about General Updates-In-principle approval of Listing of Mahanadi Coalfields Limited (MCL) a Wholly owned subsidiary of Coal India Limited.,General Updates Coal India Limited has informed the Exchange about General Updates-In-principle approval of Listing of Mahanadi Coalfields Limited (MCL) a Wholly owned subsidiary of Coal India Limited. https://nsearchives.nseindia.com/corporate/coalindia_23122025170458_mclsigned.pdf,OTHER,False,False,NEUTRAL,0.0,0.5,,v3.0,,,
COALINDIA,NSE_CORP_ANN,,Rumour Verification - Regulation 30(11),"Coal India Limited has informed the Exchange about Rumour Verification - Regulation 30(11)-Intimation under Regulation 30(11) of SEBI (Listing Obligations &Disclosure Requirements) Regulations, 2015","Rumour Verification - Regulation 30(11) Coal India Limited has informed the Exchange about Rumour Verification - Regulation 30(11)-Intimation under Regulation 30(11) of SEBI (Listing Obligations &Disclosure Requirements) Regulations, 2015 https://nsearchives.nseindia.com/corporate/coalindia_23122025160527_signedmpm.pdf",OTHER,False,False,NEUTRAL,0.0,0.5,,v3.0,,,
COFORGE,NSE_CORP_ANN,,Analysts/Institutional Investor Meet/Con. Call Updates,Coforge Limited has informed the Exchange about Transcript of Investor Conference call.,Analysts/Institutional Investor Meet/Con. Call Updates Coforge Limited has informed the Exchange about Transcript of Investor Conference call. https://nsearchives.nseindia.com/corporate/coforge_29122025155754_transcript_intimation.pdf,OTHER,True,False,NEUTRAL,0.0,0.5,,v3.0,,,
COFORGE,NSE_CORP_ANN,,News Verification,"The Exchange has sought clarification from Coforge Limited with respect to recent news item captioned Coforge shares slip in early trade as $1-billion Encora deal talk, fundraising plans weigh.  The response from the Company is attached.","News Verification The Exchange has sought clarification from Coforge Limited with respect to recent news item captioned Coforge shares slip in early trade as $1-billion Encora deal talk, fundraising plans weigh. The response from the Company is attached. https://nsearchives.nseindia.com/corporate/coforge_29122025155915_intimation_under_regulation_30_mr.pdf",OTHER,False,False,NEUTRAL,0.0,0.5,,v3.0,,,
COFORGE,NSE_CORP_ANN,,Rumour Verification - Regulation 30(11),Coforge Limited has informed the Exchange about Rumour Verification - Regulation 30(11),Rumour Verification - Regulation 30(11) Coforge Limited has informed the Exchange about Rumour Verification - Regulation 30(11) https://nsearchives.nseindia.com/corporate/coforge_29122025121352_intimation_under_regulation_30_mr.pdf,OTHER,False,False,NEUTRAL,0.0,0.5,,v3.0,,,
COFORGE,NSE_CORP_ANN,,Investor Presentation,Coforge Limited has informed the Exchange about Investor Presentation,Investor Presentation Coforge Limited has informed the Exchange about Investor Presentation https://nsearchives.nseindia.com/corporate/coforge_28122025130244_investor_presentation_intimation.pdf,OTHER,False,False,NEUTRAL,0.0,0.5,,v3.0,,,
COFORGE,NSE_CORP_ANN,,Copy of Newspaper Publication,Coforge Limited has informed the Exchange about Dispatch completion of Notice of Postal Ballot including the details of remote e-voting facility offered to the Members,Copy of Newspaper Publication Coforge Limited has informed the Exchange about Dispatch completion of Notice of Postal Ballot including the details of remote e-voting facility offered to the Members https://nsearchives.nseindia.com/corporate/coforge_27122025175948_np_intimation27dec.pdf,OTHER,True,False,NEUTRAL,0.0,0.5,,v3.0,,,
COFORGE,NSE_CORP_ANN,,General Updates,Coforge Limited has informed the Exchange about General Updates,General Updates Coforge Limited has informed the Exchange about General Updates https://nsearchives.nseindia.com/corporate/coforge_27122025012331_intimation_under_regulation_30_mr__005_.pdf,OTHER,False,False,NEUTRAL,0.0,0.5,,v3.0,,,
COFORGE,NSE_CORP_ANN,,Analysts/Institutional Investor Meet/Con. Call Updates,Coforge Limited has informed the Exchange about Link of Recording,Analysts/Institutional Investor Meet/Con. Call Updates Coforge Limited has informed the Exchange about Link of Recording https://nsearchives.nseindia.com/corporate/coforge_27122025004307_audio_recording.pdf,OTHER,True,False,NEUTRAL,0.0,0.5,,v3.0,,,
COFORGE,NSE_CORP_ANN,,Preferential issue,Coforge Limited has informed the Exchange about Preferential issue,Preferential issue Coforge Limited has informed the Exchange about Preferential issue https://nsearchives.nseindia.com/corporate/coforge_26122025222915_reg30seintimation.pdf,OTHER,False,False,NEUTRAL,0.0,0.5,,v3.0,,,
COFORGE,NSE_CORP_ANN,,Shareholders meeting,Coforge Limited has informed the Exchange regarding Notice of Postal Ballot,Shareholders meeting Coforge Limited has informed the Exchange regarding Notice of Postal Ballot https://nsearchives.nseindia.com/corporate/coforge_26122025220126_pb_final.pdf,OTHER,False,False,NEUTRAL,0.0,0.5,,v3.0,,,
COFORGE,NSE_CORP_ANN,,Increase in Authorised Capital,Coforge Limited has informed the Exchange about Increase in Authorised Share Capital and consequent Alteration to the Capital Clause of the Memorandum of Association,Increase in Authorised Capital Coforge Limited has informed the Exchange about Increase in Authorised Share Capital and consequent Alteration to the Capital Clause of the Memorandum of Association https://nsearchives.nseindia.com/corporate/coforge_26122025181357_oc.pdf,OTHER,False,False,NEUTRAL,0.0,0.5,,v3.0,,,
COFORGE,NSE_CORP_ANN,,Amendment to AOA/MOA,Coforge Limited has informed the Exchange regarding the Amendment to AOA/MOA of the company.,Amendment to AOA/MOA Coforge Limited has informed the Exchange regarding the Amendment to AOA/MOA of the company. https://nsearchives.nseindia.com/corporate/coforge_26122025180808_oc.pdf,OTHER,True,False,NEUTRAL,0.0,0.5,,v3.0,,,
COFORGE,NSE_CORP_ANN,,Acquisition,"Coforge Limited has informed the Exchange about ""Authorization for execution of Share Subscription and Share Purchase Agreement and Acquisition of Equity Shares of Encora US Holdco, Inc. and Encora Holdings Ltd. (Cayman)","Acquisition Coforge Limited has informed the Exchange about ""Authorization for execution of Share Subscription and Share Purchase Agreement and Acquisition of Equity Shares of Encora US Holdco, Inc. and Encora Holdings Ltd. (Cayman) https://nsearchives.nseindia.com/corporate/coforge_26122025180530_oc.pdf",OTHER,False,False,NEUTRAL,0.0,0.5,,v3.0,,,
COFORGE,NSE_CORP_ANN,,Qualified Institutional Placement,"Coforge Limited has informed the Exchange about ""Authorization to raise capital by way of a Qualified Institutions Placement or any permitted means to eligible investors through an issuance of Equity Shares and/or other eligible Securities""","Qualified Institutional Placement Coforge Limited has informed the Exchange about ""Authorization to raise capital by way of a Qualified Institutions Placement or any permitted means to eligible investors through an issuance of Equity Shares and/or other eligible Securities"" https://nsearchives.nseindia.com/corporate/coforge_26122025175405_oc.pdf",OTHER,False,False,NEUTRAL,0.0,0.5,,v3.0,,,
COFORGE,NSE_CORP_ANN,,Preferential issue,Coforge Limited has informed the Exchange about Issuance of Equity Shares of the Company on a Preferential Basis pursuant to a Share Swap Arrangement,Preferential issue Coforge Limited has informed the Exchange about Issuance of Equity Shares of the Company on a Preferential Basis pursuant to a Share Swap Arrangement https://nsearchives.nseindia.com/corporate/coforge_26122025174535_oc.pdf,OTHER,False,False,NEUTRAL,0.0,0.5,,v3.0,,,
COFORGE,NSE_CORP_ANN,,General Updates,"Coforge to Acquire to Encora - the AI Imperative, An Overview of Encora,  Acquisition Rationale and Transaction Structure","General Updates Coforge to Acquire to Encora - the AI Imperative, An Overview of Encora, Acquisition Rationale and Transaction Structure https://nsearchives.nseindia.com/corporate/coforge_26122025172725_rational.pdf",OTHER,False,False,NEUTRAL,0.0,0.5,,v3.0,,,
COFORGE,NSE_CORP_ANN,,Press Release,"Coforge Limited has informed the Exchange regarding a press release dated December 26, 2025, titled ""Coforge to acquire Encora. Reaffirms intent to be the leading AI&#8209;driven engineering firm for the new era."".","Press Release Coforge Limited has informed the Exchange regarding a press release dated December 26, 2025, titled ""Coforge to acquire Encora. Reaffirms intent to be the leading AI&#8209;driven engineering firm for the new era."". https://nsearchives.nseindia.com/corporate/coforge_26122025172509_prdec26.pdf",OTHER,False,False,NEUTRAL,0.0,0.5,,v3.0,,,
COFORGE,NSE_CORP_ANN,,Outcome of Board Meeting,"Coforge Limited has informed the Exchange regarding Outcome of Board Meeting held on December 26, 2025.","Outcome of Board Meeting Coforge Limited has informed the Exchange regarding Outcome of Board Meeting held on December 26, 2025. https://nsearchives.nseindia.com/corporate/coforge_26122025171446_oc.pdf",OTHER,True,False,NEUTRAL,0.0,0.5,,v3.0,,,
COFORGE,NSE_CORP_ANN,,News Verification,"The Exchange has sought clarification from Coforge Limited with respect to recent news item captioned Coforge shares slip in early trade as $1-billion Encora deal talk, fundraising plans weigh.  The response from the Company is awaited.","News Verification The Exchange has sought clarification from Coforge Limited with respect to recent news item captioned Coforge shares slip in early trade as $1-billion Encora deal talk, fundraising plans weigh. The response from the Company is awaited.",OTHER,False,False,NEUTRAL,0.0,0.5,,v3.0,,,
COFORGE,NSE_CORP_ANN,,Press Release,"Coforge Limited has informed the Exchange regarding a press release dated December 24, 2025, titled ""Coforge Launches EvolveOps.AI: Agentic AI-Powered IT Operations Platform for Enhanced Business Resiliency from Edge to Cloud"".","Press Release Coforge Limited has informed the Exchange regarding a press release dated December 24, 2025, titled ""Coforge Launches EvolveOps.AI: Agentic AI-Powered IT Operations Platform for Enhanced Business Resiliency from Edge to Cloud"". https://nsearchives.nseindia.com/corporate/coforge_24122025124052_prdec24.pdf",OTHER,False,False,NEUTRAL,0.0,0.5,,v3.0,,,
COFORGE,NSE_CORP_ANN,,Trading Window,"Coforge Limited has informed the Exchange regarding the Trading Window closure pursuant to SEBI (Prohibition of Insider Trading) Regulations, 2015","Trading Window Coforge Limited has informed the Exchange regarding the Trading Window closure pursuant to SEBI (Prohibition of Insider Trading) Regulations, 2015 https://nsearchives.nseindia.com/corporate/coforge_23122025000213_intimation.pdf",OTHER,True,False,NEUTRAL,0.0,0.5,,v3.0,,,
COLPAL,NSE_CORP_ANN,,Trading Window,"Colgate Palmolive (India) Limited has informed the Exchange regarding the Trading Window closure pursuant to SEBI (Prohibition of Insider Trading) Regulations, 2015","Trading Window Colgate Palmolive (India) Limited has informed the Exchange regarding the Trading Window closure pursuant to SEBI (Prohibition of Insider Trading) Regulations, 2015 https://nsearchives.nseindia.com/corporate/cpil_27122025154545_seitwc.pdf",OTHER,True,False,NEUTRAL,0.0,0.5,,v3.0,,,
COLPAL,NSE_CORP_ANN,,Pendency of Litigation(s)/dispute(s) or the outcome impacting the Company,Colgate Palmolive (India) Limited has informed the Exchange about Pendency of Litigation(s)/dispute(s) or the outcome impacting the Company,Pendency of Litigation(s)/dispute(s) or the outcome impacting the Company Colgate Palmolive (India) Limited has informed the Exchange about Pendency of Litigation(s)/dispute(s) or the outcome impacting the Company https://nsearchives.nseindia.com/corporate/cpil_26122025120409_cpil_-_reg_30_disclosure_-_se_intimation.pdf,OTHER,False,True,WATCH,7.5,0.95,PATTERN_MATCH_pendency.*litigation,v3.0,,,
CAMS,NSE_CORP_ANN,,Shareholders meeting,Computer Age Management Services Limited has informed the Exchange regarding Notice of Postal Ballot,Shareholders meeting Computer Age Management Services Limited has informed the Exchange regarding Notice of Postal Ballot https://nsearchives.nseindia.com/corporate/jaiganesh_29122025120336_cams_notice_of_postal_ballot_draft_exchange_letter_signed.pdf,OTHER,False,False,NEUTRAL,0.0,0.5,,v3.0,,,
CAMS,NSE_CORP_ANN,,Analysts/Institutional Investor Meet/Con. Call Updates,Computer Age Management Services Limited has informed the Exchange about Schedule of meet,Analysts/Institutional Investor Meet/Con. Call Updates Computer Age Management Services Limited has informed the Exchange about Schedule of meet https://nsearchives.nseindia.com/corporate/jaiganesh_23122025115014_earnings_call_intimation_final.pdf,OTHER,True,False,NEUTRAL,0.0,0.5,,v3.0,,,
CAMS,NSE_CORP_ANN,,Trading Window,"Computer Age Management Services Limited has informed the Exchange regarding the Trading Window closure pursuant to SEBI (Prohibition of Insider Trading) Regulations, 2015","Trading Window Computer Age Management Services Limited has informed the Exchange regarding the Trading Window closure pursuant to SEBI (Prohibition of Insider Trading) Regulations, 2015 https://nsearchives.nseindia.com/corporate/palaki_23122025112005_trading_window_closure.pdf",OTHER,True,False,NEUTRAL,0.0,0.5,,v3.0,,,
CAMS,NSE_CORP_ANN,,Change in Director(s),Computer Age Management Services Limited has informed the Exchange regarding Change in Director(s) of the company.,Change in Director(s) Computer Age Management Services Limited has informed the Exchange regarding Change in Director(s) of the company. https://nsearchives.nseindia.com/corporate/palaki_22122025133818_cams_outcome_of_the_board_meeting.pdf,OTHER,False,False,NEUTRAL,0.0,0.5,,v3.0,,,
CAMS,NSE_CORP_ANN,,Outcome of Board Meeting,"Computer Age Management Services Limited has informed the Exchange regarding  Board meeting held on December 22, 2025.","Outcome of Board Meeting Computer Age Management Services Limited has informed the Exchange regarding Board meeting held on December 22, 2025. https://nsearchives.nseindia.com/corporate/palaki_22122025131825_cams_outcome_of_the_board_meeting.pdf",OTHER,True,False,NEUTRAL,0.0,0.5,,v3.0,,,
CONCOR,NSE_CORP_ANN,,General Updates,Disclosure under Regulation 30 of SEBI (LODR) Regulations 2015,General Updates Disclosure under Regulation 30 of SEBI (LODR) Regulations 2015 https://nsearchives.nseindia.com/corporate/concor_22122025125523_concor_se_22122025.pdf,OTHER,False,False,NEUTRAL,0.0,0.5,,v3.0,,,
CROMPTON,NSE_CORP_ANN,,Trading Window,"Crompton Greaves Consumer Electricals Limited has informed the Exchange regarding the Trading Window closure pursuant to SEBI (Prohibition of Insider Trading) Regulations, 2015","Trading Window Crompton Greaves Consumer Electricals Limited has informed the Exchange regarding the Trading Window closure pursuant to SEBI (Prohibition of Insider Trading) Regulations, 2015 https://nsearchives.nseindia.com/corporate/crompton123_29122025161431_seintimationfortradingwindowclosure.pdf",OTHER,True,False,NEUTRAL,0.0,0.5,,v3.0,,,
CROMPTON,NSE_CORP_ANN,,Change in Management,Crompton Greaves Consumer Electricals Limited has informed the Exchange about change in Management,Change in Management Crompton Greaves Consumer Electricals Limited has informed the Exchange about change in Management https://nsearchives.nseindia.com/corporate/crompton123_26122025162439_changeinsmp.pdf,OTHER,False,False,NEUTRAL,0.0,0.5,,v3.0,,,
CROMPTON,NSE_CORP_ANN,,Action(s) taken or orders passed,Crompton Greaves Consumer Electricals Limited has informed the Exchange about Action(s) taken or orders passed,Action(s) taken or orders passed Crompton Greaves Consumer Electricals Limited has informed the Exchange about Action(s) taken or orders passed https://nsearchives.nseindia.com/corporate/crompton123_25122025222438_intimationfororderspassed251225.pdf,OTHER,False,False,NEUTRAL,0.0,0.5,,v3.0,,,
CROMPTON,NSE_CORP_ANN,,Bagging/Receiving of orders/contracts,Crompton Greaves Consumer Electricals Limited has informed the Exchange about Bagging/Receiving of orders/contracts,Bagging/Receiving of orders/contracts Crompton Greaves Consumer Electricals Limited has informed the Exchange about Bagging/Receiving of orders/contracts https://nsearchives.nseindia.com/corporate/crompton123_24122025105500_letter_of_award.pdf,OTHER,False,False,NEUTRAL,0.0,0.5,,v3.0,,,
CROMPTON,NSE_CORP_ANN,,Action(s) taken or orders passed,Crompton Greaves Consumer Electricals Limited has informed the Exchange about Action(s) taken or orders passed,Action(s) taken or orders passed Crompton Greaves Consumer Electricals Limited has informed the Exchange about Action(s) taken or orders passed https://nsearchives.nseindia.com/corporate/crompton123_22122025193552_intimationfororderspassed.pdf,OTHER,False,False,NEUTRAL,0.0,0.5,,v3.0,,,
CUMMINSIND,NSE_CORP_ANN,,Trading Window,"Cummins India Limited has informed the Exchange regarding the Trading Window closure pursuant to SEBI (Prohibition of Insider Trading) Regulations, 2015","Trading Window Cummins India Limited has informed the Exchange regarding the Trading Window closure pursuant to SEBI (Prohibition of Insider Trading) Regulations, 2015 https://nsearchives.nseindia.com/corporate/cilindia_29122025190614_seintimationtwcjan_signed.pdf",OTHER,True,False,NEUTRAL,0.0,0.5,,v3.0,,,
CUMMINSIND,NSE_CORP_ANN,,Action(s) taken or orders passed,"Cummins India Limited has informed the Exchange about Action(s) taken or orders passed - Order imposing penalty passed by the Assessment Unit, Income Tax Department","Action(s) taken or orders passed Cummins India Limited has informed the Exchange about Action(s) taken or orders passed - Order imposing penalty passed by the Assessment Unit, Income Tax Department https://nsearchives.nseindia.com/corporate/cilindia_22122025204239_seintimation-cil-ay_15-16_penalty_order_signed.pdf",OTHER,False,True,WATCH,7.0,0.95,PATTERN_MATCH_penalty,v3.0,,,
CYIENT,NSE_CORP_ANN,,Trading Window,"Cyient Limited has informed the Exchange regarding the Trading Window closure pursuant to SEBI (Prohibition of Insider Trading) Regulations, 2015","Trading Window Cyient Limited has informed the Exchange regarding the Trading Window closure pursuant to SEBI (Prohibition of Insider Trading) Regulations, 2015 https://nsearchives.nseindia.com/corporate/cyient_29122025162304_29122025closureofwindowsigned.pdf",OTHER,True,False,NEUTRAL,0.0,0.5,,v3.0,,,
CYIENT,NSE_CORP_ANN,,Analysts/Institutional Investor Meet/Con. Call Updates,Cyient Limited has informed the Exchange about Transcript,Analysts/Institutional Investor Meet/Con. Call Updates Cyient Limited has informed the Exchange about Transcript https://nsearchives.nseindia.com/corporate/cyient_24122025180349_transcriptconferencecall18122025final.pdf,OTHER,True,False,NEUTRAL,0.0,0.5,,v3.0,,,
DABUR,NSE_CORP_ANN,,General Updates,"Dabur India Limited has informed the Exchange about disclosure under Regulation 30 of SEBI (LODR) Regulations, 2025 (""SEBI Listing Regulations"") - ESG Rating assigned by SES ESG Research Private Limited","General Updates Dabur India Limited has informed the Exchange about disclosure under Regulation 30 of SEBI (LODR) Regulations, 2025 (""SEBI Listing Regulations"") - ESG Rating assigned by SES ESG Research Private Limited https://nsearchives.nseindia.com/corporate/dabur_22122025154156_esgletter.pdf",OTHER,False,False,NEUTRAL,0.0,0.5,,v3.0,,,
DALBHARAT,NSE_CORP_ANN,,General Updates,Dalmia Bharat Limited has informed the Exchange about General Updates,General Updates Dalmia Bharat Limited has informed the Exchange about General Updates https://nsearchives.nseindia.com/corporate/dalbharat_28122025121043_sebi_lodr_dcbl_28122025.pdf,OTHER,False,False,NEUTRAL,0.0,0.5,,v3.0,,,
DALBHARAT,NSE_CORP_ANN,,Trading Window,"Dalmia Bharat Limited has informed the Exchange regarding the Trading Window closure pursuant to SEBI (Prohibition of Insider Trading) Regulations, 2015","Trading Window Dalmia Bharat Limited has informed the Exchange regarding the Trading Window closure pursuant to SEBI (Prohibition of Insider Trading) Regulations, 2015 https://nsearchives.nseindia.com/corporate/dalbharat_26122025160123_ctw_intimation_26122025.pdf",OTHER,True,False,NEUTRAL,0.0,0.5,,v3.0,,,
DALBHARAT,NSE_CORP_ANN,,Updates,Dalmia Bharat Limited has informed the Exchange regarding 'Allotment of equity shares upon exercise of stock options'.,Updates Dalmia Bharat Limited has informed the Exchange regarding 'Allotment of equity shares upon exercise of stock options'. https://nsearchives.nseindia.com/corporate/dalbharat_23122025183708_dbl_esop_allotment_intimation_23122025.pdf,OTHER,True,False,NEUTRAL,0.0,0.5,,v3.0,,,
DELHIVERY,NSE_CORP_ANN,,Trading Window,"Delhivery Limited has informed the Exchange regarding the Trading Window closure pursuant to SEBI (Prohibition of Insider Trading) Regulations, 2015","Trading Window Delhivery Limited has informed the Exchange regarding the Trading Window closure pursuant to SEBI (Prohibition of Insider Trading) Regulations, 2015 https://nsearchives.nseindia.com/corporate/delhiveryltd_29122025172921_closuretw.pdf",OTHER,True,False,NEUTRAL,0.0,0.5,,v3.0,,,
DIXON,NSE_CORP_ANN,,Trading Window,"Dixon Technologies (India) Limited has informed the Exchange regarding the Trading Window closure pursuant to SEBI (Prohibition of Insider Trading) Regulations, 2015","Trading Window Dixon Technologies (India) Limited has informed the Exchange regarding the Trading Window closure pursuant to SEBI (Prohibition of Insider Trading) Regulations, 2015 https://nsearchives.nseindia.com/corporate/dixon_29122025161332_tradingwindowclosureintimation29122025.pdf",OTHER,True,False,NEUTRAL,0.0,0.5,,v3.0,,,
DIXON,NSE_CORP_ANN,,Analysts/Institutional Investor Meet/Con. Call Updates,Dixon Technologies (India) Limited has informed the Exchange about Investor Meet Outcome,Analysts/Institutional Investor Meet/Con. Call Updates Dixon Technologies (India) Limited has informed the Exchange about Investor Meet Outcome https://nsearchives.nseindia.com/corporate/dixon_27122025201041_investormeetoutcome27122025.pdf,OTHER,True,False,NEUTRAL,0.0,0.5,,v3.0,,,
DIXON,NSE_CORP_ANN,,Analysts/Institutional Investor Meet/Con. Call Updates,Dixon Technologies (India) Limited has informed the Exchange about Investor Meet Outcome,Analysts/Institutional Investor Meet/Con. Call Updates Dixon Technologies (India) Limited has informed the Exchange about Investor Meet Outcome https://nsearchives.nseindia.com/corporate/dixon_26122025191140_investormeetintimation26122025.pdf,OTHER,True,False,NEUTRAL,0.0,0.5,,v3.0,,,
DIXON,NSE_CORP_ANN,,Analysts/Institutional Investor Meet/Con. Call Updates,Dixon Technologies (India) Limited has informed the Exchange about Investor Meet Outcome,Analysts/Institutional Investor Meet/Con. Call Updates Dixon Technologies (India) Limited has informed the Exchange about Investor Meet Outcome https://nsearchives.nseindia.com/corporate/dixon_24122025192004_investormeetintimation24122025.pdf,OTHER,True,False,NEUTRAL,0.0,0.5,,v3.0,,,
DIXON,NSE_CORP_ANN,,Change in Director(s),Dixon Technologies (India) Limited has informed the Exchange regarding Change in Director(s) of the company.,Change in Director(s) Dixon Technologies (India) Limited has informed the Exchange regarding Change in Director(s) of the company. https://nsearchives.nseindia.com/corporate/dixon_23122025173234_regulation30disclosureappointment23122025.pdf,OTHER,False,False,NEUTRAL,0.0,0.5,,v3.0,,,
DIXON,NSE_CORP_ANN,,Shareholders meeting,Dixon Technologies (India) Limited has informed the Exchange regarding Proceedings of Postal Ballot,Shareholders meeting Dixon Technologies (India) Limited has informed the Exchange regarding Proceedings of Postal Ballot https://nsearchives.nseindia.com/corporate/dixon_23122025172333_proceedigsofpostalballot23122025.pdf,OTHER,False,False,NEUTRAL,0.0,0.5,,v3.0,,,
DIXON,NSE_CORP_ANN,,Shareholders meeting,"Dixon Technologies (India) Limited has submitted the Exchange a copy Srutinizers report of  Postal Ballot. Further, the company has informed the Exchange regarding voting results.","Shareholders meeting Dixon Technologies (India) Limited has submitted the Exchange a copy Srutinizers report of Postal Ballot. Further, the company has informed the Exchange regarding voting results. https://nsearchives.nseindia.com/corporate/dixon_23122025170127_outcomeofpostalballot23122025.pdf",OTHER,True,False,NEUTRAL,0.0,0.5,,v3.0,,,
DIXON,NSE_CORP_ANN,,Analysts/Institutional Investor Meet/Con. Call Updates,Dixon Technologies (India) Limited has informed the Exchange about Investor Meet Outcome,Analysts/Institutional Investor Meet/Con. Call Updates Dixon Technologies (India) Limited has informed the Exchange about Investor Meet Outcome https://nsearchives.nseindia.com/corporate/dixon_23122025134429_investormeetoutcome_23122025.pdf,OTHER,True,False,NEUTRAL,0.0,0.5,,v3.0,,,
DRREDDY,NSE_CORP_ANN,,Trading Window,"Dr. Reddy's Laboratories Limited has informed the Exchange regarding the Trading Window closure pursuant to SEBI (Prohibition of Insider Trading) Regulations, 2015","Trading Window Dr. Reddy's Laboratories Limited has informed the Exchange regarding the Trading Window closure pursuant to SEBI (Prohibition of Insider Trading) Regulations, 2015 https://nsearchives.nseindia.com/corporate/drreddy_23122025162950_drlseintimation_tradingwindowclosure_23122025.pdf",OTHER,True,False,NEUTRAL,0.0,0.5,,v3.0,,,
EICHERMOT,NSE_CORP_ANN,,Trading Window,"Eicher Motors Limited has informed the Exchange regarding the Trading Window closure pursuant to SEBI (Prohibition of Insider Trading) Regulations, 2015","Trading Window Eicher Motors Limited has informed the Exchange regarding the Trading Window closure pursuant to SEBI (Prohibition of Insider Trading) Regulations, 2015 https://nsearchives.nseindia.com/corporate/eichermot_23122025115928_emltradingwindowclosuredecember232025signed.pdf",OTHER,True,False,NEUTRAL,0.0,0.5,,v3.0,,,
EXIDEIND,NSE_CORP_ANN,,General Updates,"Exide Industries Limited has informed the Exchange about further investment in Exide Energy Solutions Limited, wholly owned subsidiary of the Company.","General Updates Exide Industries Limited has informed the Exchange about further investment in Exide Energy Solutions Limited, wholly owned subsidiary of the Company. https://nsearchives.nseindia.com/corporate/exideind_23122025110931_sdse23122025.pdf",OTHER,False,False,NEUTRAL,0.0,0.5,,v3.0,,,
EXIDEIND,NSE_CORP_ANN,,Updates,"Exide Industries Limited has informed the Exchange regarding change in KMP of Exide Energy Solutions Limited, Wholly owned subsidiary of the Company.","Updates Exide Industries Limited has informed the Exchange regarding change in KMP of Exide Energy Solutions Limited, Wholly owned subsidiary of the Company. https://nsearchives.nseindia.com/corporate/exideind_23122025110325_sdse23122025.pdf",OTHER,False,False,NEUTRAL,0.0,0.5,,v3.0,,,
NYKAA,NSE_CORP_ANN,,Shareholders meeting,"FSN E Commerce Ventures Limited has informed the Exchange regarding Notice of Postal Ballot for seeking Members' approval for re-appointment of Ms. Falguni Nayar as the Executive Chairperson, Managing Director and Chief Executive Officer (EC, MD & CEO) of the Company for a term of 5 years and payment of remuneration.","Shareholders meeting FSN E Commerce Ventures Limited has informed the Exchange regarding Notice of Postal Ballot for seeking Members' approval for re-appointment of Ms. Falguni Nayar as the Executive Chairperson, Managing Director and Chief Executive Officer (EC, MD & CEO) of the Company for a term of 5 years and payment of remuneration. https://nsearchives.nseindia.com/corporate/nykaa_29122025154322_finalpbnotice29122025.pdf",OTHER,False,False,NEUTRAL,0.0,0.5,,v3.0,,,
NYKAA,NSE_CORP_ANN,,Shareholders meeting,"FSN E Commerce Ventures Limited has submitted the Exchange a copy Srutinizers report of  Postal Ballot. Further, the company has informed the Exchange regarding voting results.","Shareholders meeting FSN E Commerce Ventures Limited has submitted the Exchange a copy Srutinizers report of Postal Ballot. Further, the company has informed the Exchange regarding voting results. https://nsearchives.nseindia.com/corporate/nykaa_26122025212513_voting_resultsscrreport.pdf",OTHER,True,False,NEUTRAL,0.0,0.5,,v3.0,,,
NYKAA,NSE_CORP_ANN,,Trading Window,"FSN E Commerce Ventures Limited has informed the Exchange regarding the Trading Window closure pursuant to SEBI (Prohibition of Insider Trading) Regulations, 2015","Trading Window FSN E Commerce Ventures Limited has informed the Exchange regarding the Trading Window closure pursuant to SEBI (Prohibition of Insider Trading) Regulations, 2015 https://nsearchives.nseindia.com/corporate/nykaa_24122025135135_intimation_trading_window.pdf",OTHER,True,False,NEUTRAL,0.0,0.5,,v3.0,,,
FORTIS,NSE_CORP_ANN,,Copy of Newspaper Publication,Fortis Healthcare Limited has informed the Exchange about Copy of Newspaper Publication,Copy of Newspaper Publication Fortis Healthcare Limited has informed the Exchange about Copy of Newspaper Publication https://nsearchives.nseindia.com/corporate/fortis_24122025132017_newspaperpublicationfhl.pdf,OTHER,True,False,NEUTRAL,0.0,0.5,,v3.0,,,
FORTIS,NSE_CORP_ANN,,General Updates,Notice of Postal Ballot,General Updates Notice of Postal Ballot https://nsearchives.nseindia.com/corporate/fortis_23122025201811_intimationpb.pdf,OTHER,False,False,NEUTRAL,0.0,0.5,,v3.0,,,
FORTIS,NSE_CORP_ANN,,Shareholders meeting,Fortis Healthcare Limited has informed the Exchange regarding Notice of Postal Ballot,Shareholders meeting Fortis Healthcare Limited has informed the Exchange regarding Notice of Postal Ballot https://nsearchives.nseindia.com/corporate/fortis_23122025201340_intimationpb.pdf,OTHER,False,False,NEUTRAL,0.0,0.5,,v3.0,,,
FORTIS,NSE_CORP_ANN,,General Updates,Fortis Healthcare Limited has informed the Exchange about Civil Suit filed by the Company against the third party and others inter alia challenging their locus and seeking permanent injunction against their action has been decided by the Hon ble High Court of Delhi vide its order dated 19.12.2025 in favour of the Company,General Updates Fortis Healthcare Limited has informed the Exchange about Civil Suit filed by the Company against the third party and others inter alia challenging their locus and seeking permanent injunction against their action has been decided by the Hon ble High Court of Delhi vide its order dated 19.12.2025 in favour of the Company https://nsearchives.nseindia.com/corporate/fortis_23122025192704_iii.pdf,OTHER,False,False,NEUTRAL,0.0,0.5,,v3.0,,,
FORTIS,NSE_CORP_ANN,,Updates,Fortis Healthcare Limited has informed the Exchange regarding 'Certificate of payment of interest to debenture holders'.,Updates Fortis Healthcare Limited has informed the Exchange regarding 'Certificate of payment of interest to debenture holders'. https://nsearchives.nseindia.com/corporate/fortis_22122025191907_intimationfhl.pdf,OTHER,False,False,NEUTRAL,0.0,0.5,,v3.0,,,
FORTIS,NSE_CORP_ANN,,Trading Window,"Fortis Healthcare Limited has informed the Exchange regarding the Trading Window closure pursuant to SEBI (Prohibition of Insider Trading) Regulations, 2015","Trading Window Fortis Healthcare Limited has informed the Exchange regarding the Trading Window closure pursuant to SEBI (Prohibition of Insider Trading) Regulations, 2015 https://nsearchives.nseindia.com/corporate/fortis_22122025153358_fhlintimation3q2025.pdf",OTHER,True,False,NEUTRAL,0.0,0.5,,v3.0,,,
GAIL,NSE_CORP_ANN,,Press Release,"GAIL (India) Limited has informed the Exchange regarding a press release dated December 23, 2025, titled ""GAIL signs MoU with Government of Chhattisgarh to develop a gas-based fertilizer project in Chhattisgarh"".","Press Release GAIL (India) Limited has informed the Exchange regarding a press release dated December 23, 2025, titled ""GAIL signs MoU with Government of Chhattisgarh to develop a gas-based fertilizer project in Chhattisgarh"". https://nsearchives.nseindia.com/corporate/himanshugail_23122025153609_pressrelease23122025.pdf",OTHER,False,False,NEUTRAL,0.0,0.5,,v3.0,,,
GMRAIRPORT,NSE_CORP_ANN,,Trading Window,"GMR AIRPORTS LIMITED has informed the Exchange regarding the Trading Window closure pursuant to SEBI (Prohibition of Insider Trading) Regulations, 2015","Trading Window GMR AIRPORTS LIMITED has informed the Exchange regarding the Trading Window closure pursuant to SEBI (Prohibition of Insider Trading) Regulations, 2015 https://nsearchives.nseindia.com/corporate/gmrinfra_29122025171601_trading_window_closure-december__2025.pdf",OTHER,True,False,NEUTRAL,0.0,0.5,,v3.0,,,
GLENMARK,NSE_CORP_ANN,,Press Release,"Glenmark Pharmaceuticals Limited has informed the Exchange regarding a press release dated December 23, 2025, titled ""Glenmark Pharmaceuticals Inc., USA launches Epinephrine Injection USP,30 mg/30 mL (1 mg/mL) Multiple-Dose Vial"".","Press Release Glenmark Pharmaceuticals Limited has informed the Exchange regarding a press release dated December 23, 2025, titled ""Glenmark Pharmaceuticals Inc., USA launches Epinephrine Injection USP,30 mg/30 mL (1 mg/mL) Multiple-Dose Vial"". https://nsearchives.nseindia.com/corporate/glenmark_23122025084228_pr23122025_signed.pdf",OTHER,False,False,NEUTRAL,0.0,0.5,,v3.0,,,
GODREJCP,NSE_CORP_ANN,,Trading Window,"Godrej Consumer Products Limited has informed the Exchange regarding the Trading Window closure pursuant to SEBI (Prohibition of Insider Trading) Regulations, 2015","Trading Window Godrej Consumer Products Limited has informed the Exchange regarding the Trading Window closure pursuant to SEBI (Prohibition of Insider Trading) Regulations, 2015 https://nsearchives.nseindia.com/corporate/godrejcp_29122025131830_gcpl_-_bse_nse_trading_window_intimation_december_2025_signed.pdf",OTHER,True,False,NEUTRAL,0.0,0.5,,v3.0,,,
GRASIM,NSE_CORP_ANN,,General Updates,"Composite Scheme of Arrangement amongst Aditya Birla Renewables Limited, Essel Mining & Industries Limited, Electrotherm Renewables Private Limited, ABREL EPCCO Services Limited, ABREL Renewables EPC Limited, ABREL EPC Limited and their respective shareholders and creditors","General Updates Composite Scheme of Arrangement amongst Aditya Birla Renewables Limited, Essel Mining & Industries Limited, Electrotherm Renewables Private Limited, ABREL EPCCO Services Limited, ABREL Renewables EPC Limited, ABREL EPC Limited and their respective shareholders and creditors https://nsearchives.nseindia.com/corporate/grasim_29122025190712_seintimation.pdf",OTHER,False,False,NEUTRAL,0.0,0.5,,v3.0,,,
GRASIM,NSE_CORP_ANN,,Trading Window,"Grasim Industries Limited has informed the Exchange regarding the Trading Window closure pursuant to SEBI (Prohibition of Insider Trading) Regulations, 2015","Trading Window Grasim Industries Limited has informed the Exchange regarding the Trading Window closure pursuant to SEBI (Prohibition of Insider Trading) Regulations, 2015 https://nsearchives.nseindia.com/corporate/grasim_26122025151403_seintimation.pdf",OTHER,True,False,NEUTRAL,0.0,0.5,,v3.0,,,
GRASIM,NSE_CORP_ANN,,General Updates,"Disclosure under Regulation 30 of the SEBI (LODR) Regulations, 2015","General Updates Disclosure under Regulation 30 of the SEBI (LODR) Regulations, 2015 https://nsearchives.nseindia.com/corporate/grasim_24122025192732_seintimation.pdf",OTHER,False,False,NEUTRAL,0.0,0.5,,v3.0,,,
GRASIM,NSE_CORP_ANN,,Action(s) taken or orders passed,"Disclosure under Regulation 30 of SEBI (LODR) Regulations, 2015","Action(s) taken or orders passed Disclosure under Regulation 30 of SEBI (LODR) Regulations, 2015 https://nsearchives.nseindia.com/corporate/grasim_24122025181729_seintimation.pdf",OTHER,False,False,NEUTRAL,0.0,0.5,,v3.0,,,
HCLTECH,NSE_CORP_ANN,,Updates,HCL Technologies Limited has informed the Exchange regarding 'Release    HCLTech joins Microsoft Discovery Platform to accelerate research innovation '.,Updates HCL Technologies Limited has informed the Exchange regarding 'Release HCLTech joins Microsoft Discovery Platform to accelerate research innovation '. https://nsearchives.nseindia.com/corporate/hcltech_23122025152628_release23december2025.pdf,OTHER,False,False,NEUTRAL,0.0,0.5,,v3.0,,,
HCLTECH,NSE_CORP_ANN,,Press Release,"HCL Technologies Limited has informed the Exchange regarding a press release dated December 22, 2025, titled ""Release    HCLSoftware to Acquire Jaspersoft from Cloud Software Group. "".","Press Release HCL Technologies Limited has informed the Exchange regarding a press release dated December 22, 2025, titled ""Release HCLSoftware to Acquire Jaspersoft from Cloud Software Group. "". https://nsearchives.nseindia.com/corporate/hcltech_22122025232738_stockintimationletter.pdf",OTHER,False,False,NEUTRAL,0.0,0.5,,v3.0,,,
HCLTECH,NSE_CORP_ANN,,Acquisition,HCL Technologies Limited has informed the Exchange about Acquisition,Acquisition HCL Technologies Limited has informed the Exchange about Acquisition https://nsearchives.nseindia.com/corporate/hcltech_22122025232151_stockintimationletter.pdf,OTHER,False,False,NEUTRAL,0.0,0.5,,v3.0,,,
HCLTECH,NSE_CORP_ANN,,Press Release,"HCL Technologies Limited has informed the Exchange regarding a press release dated December 22, 2025, titled ""Release    HCLSoftware to Acquire AI Data Analyst Agents Startup Wobby. "".","Press Release HCL Technologies Limited has informed the Exchange regarding a press release dated December 22, 2025, titled ""Release HCLSoftware to Acquire AI Data Analyst Agents Startup Wobby. "". https://nsearchives.nseindia.com/corporate/hcltech_22122025193057_stockintimationletter2.pdf",OTHER,False,False,NEUTRAL,0.0,0.5,,v3.0,,,
HCLTECH,NSE_CORP_ANN,,Acquisition,HCL Technologies Limited has informed the Exchange about Acquisition,Acquisition HCL Technologies Limited has informed the Exchange about Acquisition https://nsearchives.nseindia.com/corporate/hcltech_22122025192844_stockintimationletter2.pdf,OTHER,False,False,NEUTRAL,0.0,0.5,,v3.0,,,
HDFCAMC,NSE_CORP_ANN,,Copy of Newspaper Publication,HDFC Asset Management Company Limited has informed the Exchange about Copy of Newspaper Publication,Copy of Newspaper Publication HDFC Asset Management Company Limited has informed the Exchange about Copy of Newspaper Publication https://nsearchives.nseindia.com/corporate/deepti_24122025141521_nsebse_65.pdf,OTHER,True,False,NEUTRAL,0.0,0.5,,v3.0,,,
HDFCLIFE,NSE_CORP_ANN,,General Updates,HDFC Life Insurance Company Limited has informed the Exchange about Newspaper Advertisement- Transfer of Dividend/Equity Shares to IEPF account,General Updates HDFC Life Insurance Company Limited has informed the Exchange about Newspaper Advertisement- Transfer of Dividend/Equity Shares to IEPF account https://nsearchives.nseindia.com/corporate/prasad_23122025232006_iepfrevisedsigned.pdf,OTHER,True,False,NEUTRAL,0.0,0.5,,v3.0,,,
HFCL,NSE_CORP_ANN,,General Updates,HFCL Limited has informed the Exchange about Allotment of Securities,General Updates HFCL Limited has informed the Exchange about Allotment of Securities https://nsearchives.nseindia.com/corporate/ahmed_24122025115959_hfcl_stx_allotment_24122025.pdf,OTHER,True,False,NEUTRAL,0.0,0.5,,v3.0,,,
HFCL,NSE_CORP_ANN,,Updates,HFCL Limited has informed the Exchange regarding 'Outcome of FRC Committee  of Directors dated 24.12.2025'.,Updates HFCL Limited has informed the Exchange regarding 'Outcome of FRC Committee of Directors dated 24.12.2025'. https://nsearchives.nseindia.com/corporate/ahmed_24122025093652_hfcl_stx_issueclosure_24122025.pdf,OTHER,False,False,NEUTRAL,0.0,0.5,,v3.0,,,
HFCL,NSE_CORP_ANN,,Trading Window,"HFCL Limited has informed the Exchange regarding the Trading Window closure pursuant to SEBI (Prohibition of Insider Trading) Regulations, 2015","Trading Window HFCL Limited has informed the Exchange regarding the Trading Window closure pursuant to SEBI (Prohibition of Insider Trading) Regulations, 2015 https://nsearchives.nseindia.com/corporate/ahmed_22122025210247_hfcl_stx_22122025_second_half.pdf",OTHER,True,False,NEUTRAL,0.0,0.5,,v3.0,,,
HFCL,NSE_CORP_ANN,,Updates,"HFCL Limited has informed the Exchange regarding 'Outcome of Fund Raising Committee Meeting of Directors held on today i.e. December 22, 2025'.","Updates HFCL Limited has informed the Exchange regarding 'Outcome of Fund Raising Committee Meeting of Directors held on today i.e. December 22, 2025'. https://nsearchives.nseindia.com/corporate/ahmed_22122025205023_hfcl_stx_22122025_second_half.pdf",OTHER,False,False,NEUTRAL,0.0,0.5,,v3.0,,,
HFCL,NSE_CORP_ANN,,Updates,"HFCL Limited has informed the Exchange regarding 'Outcome of the Meeting of Fund Raising Committee of Directors held today i.e. December 22, 2025'.","Updates HFCL Limited has informed the Exchange regarding 'Outcome of the Meeting of Fund Raising Committee of Directors held today i.e. December 22, 2025'. https://nsearchives.nseindia.com/corporate/ahmed_22122025102524_hfcl_stx_22122025_firsthalf.pdf",OTHER,False,False,NEUTRAL,0.0,0.5,,v3.0,,,
HAVELLS,NSE_CORP_ANN,,Trading Window,"Havells India Limited has informed the Exchange regarding the Trading Window closure pursuant to SEBI (Prohibition of Insider Trading) Regulations, 2015","Trading Window Havells India Limited has informed the Exchange regarding the Trading Window closure pursuant to SEBI (Prohibition of Insider Trading) Regulations, 2015 https://nsearchives.nseindia.com/corporate/havells1_22122025173605_signed_closure_of_trading_window_q3.pdf",OTHER,True,False,NEUTRAL,0.0,0.5,,v3.0,,,
HEROMOTOCO,NSE_CORP_ANN,,Trading Window,"Hero MotoCorp Limited has informed the Exchange regarding the Trading Window closure pursuant to SEBI (Prohibition of Insider Trading) Regulations, 2015","Trading Window Hero MotoCorp Limited has informed the Exchange regarding the Trading Window closure pursuant to SEBI (Prohibition of Insider Trading) Regulations, 2015 https://nsearchives.nseindia.com/corporate/heromoto_22122025125812_closureoftradingwindow.pdf",OTHER,True,False,NEUTRAL,0.0,0.5,,v3.0,,,
HINDALCO,NSE_CORP_ANN,,General Updates,Novelis Inc. a wholly owned subsidiary of the Company announced entry into subscription agreement with AV Minerals (Netherlands) N.V.,General Updates Novelis Inc. a wholly owned subsidiary of the Company announced entry into subscription agreement with AV Minerals (Netherlands) N.V. https://nsearchives.nseindia.com/corporate/hindalcoind_29122025203129_novelis_8k_2912_signed.pdf,OTHER,False,False,NEUTRAL,0.0,0.5,,v3.0,,,
HINDALCO,NSE_CORP_ANN,,Trading Window,"Hindalco Industries Limited has informed the Exchange regarding the Trading Window closure pursuant to SEBI (Prohibition of Insider Trading) Regulations, 2015","Trading Window Hindalco Industries Limited has informed the Exchange regarding the Trading Window closure pursuant to SEBI (Prohibition of Insider Trading) Regulations, 2015 https://nsearchives.nseindia.com/corporate/hindalcoind_29122025172033_bm_intimation_291225_signed.pdf",OTHER,True,False,NEUTRAL,0.0,0.5,,v3.0,,,
HAL,NSE_CORP_ANN,,Trading Window,"Hindustan Aeronautics Limited has informed the Exchange regarding the Trading Window closure pursuant to SEBI (Prohibition of Insider Trading) Regulations, 2015","Trading Window Hindustan Aeronautics Limited has informed the Exchange regarding the Trading Window closure pursuant to SEBI (Prohibition of Insider Trading) Regulations, 2015 https://nsearchives.nseindia.com/corporate/hal_29122025153411_tradingwindow_29122025.pdf",OTHER,True,False,NEUTRAL,0.0,0.5,,v3.0,,,
HINDPETRO,NSE_CORP_ANN,,Trading Window,"Hindustan Petroleum Corporation Limited has informed the Exchange regarding the Trading Window closure pursuant to SEBI (Prohibition of Insider Trading) Regulations, 2015","Trading Window Hindustan Petroleum Corporation Limited has informed the Exchange regarding the Trading Window closure pursuant to SEBI (Prohibition of Insider Trading) Regulations, 2015 https://nsearchives.nseindia.com/corporate/hindpetro1_26122025142139_tradingwindowintimationq3.pdf",OTHER,True,False,NEUTRAL,0.0,0.5,,v3.0,,,
HINDZINC,NSE_CORP_ANN,,Trading Window,"Hindustan Zinc Limited has informed the Exchange regarding the Trading Window closure pursuant to SEBI (Prohibition of Insider Trading) Regulations, 2015","Trading Window Hindustan Zinc Limited has informed the Exchange regarding the Trading Window closure pursuant to SEBI (Prohibition of Insider Trading) Regulations, 2015 https://nsearchives.nseindia.com/corporate/hindzincnse_29122025173204_seintimationtradingwindowclosure.pdf",OTHER,True,False,NEUTRAL,0.0,0.5,,v3.0,,,
HINDZINC,NSE_CORP_ANN,,Action(s) taken or orders passed,Hindustan Zinc Limited has informed the Exchange about Action(s) taken or orders passed,Action(s) taken or orders passed Hindustan Zinc Limited has informed the Exchange about Action(s) taken or orders passed https://nsearchives.nseindia.com/corporate/hindzincnse_28122025104722_finalseintimation.pdf,OTHER,False,False,NEUTRAL,0.0,0.5,,v3.0,,,
HINDZINC,NSE_CORP_ANN,,General Updates,"Hindustan Zinc Limited has informed the Exchange about Intimation under the Securities and Exchange Board of India (Listing Obligations and Disclosure Requirements) Regulations, 2015 ( Listing Regulations )   ESG Rating(s)","General Updates Hindustan Zinc Limited has informed the Exchange about Intimation under the Securities and Exchange Board of India (Listing Obligations and Disclosure Requirements) Regulations, 2015 ( Listing Regulations ) ESG Rating(s) https://nsearchives.nseindia.com/corporate/hindzincnse_23122025104309_seintimationesg_rating.pdf",OTHER,False,False,NEUTRAL,0.0,0.5,,v3.0,,,
HUDCO,NSE_CORP_ANN,,Trading Window,"Housing & Urban Development Corporation Limited has informed the Exchange regarding the Trading Window closure pursuant to SEBI (Prohibition of Insider Trading) Regulations, 2015","Trading Window Housing & Urban Development Corporation Limited has informed the Exchange regarding the Trading Window closure pursuant to SEBI (Prohibition of Insider Trading) Regulations, 2015 https://nsearchives.nseindia.com/corporate/hudco_23122025162529_se_ctw.pdf",OTHER,True,False,NEUTRAL,0.0,0.5,,v3.0,,,
HUDCO,NSE_CORP_ANN,,Updates,Housing & Urban Development Corporation Limited has informed the Exchange regarding 'Report on Re-lodgement of transfer request for physical shares'.,Updates Housing & Urban Development Corporation Limited has informed the Exchange regarding 'Report on Re-lodgement of transfer request for physical shares'. https://nsearchives.nseindia.com/corporate/hudco_23122025161815_se_disclosure_report_rta.pdf,OTHER,False,False,NEUTRAL,0.0,0.5,,v3.0,,,
ICICIBANK,NSE_CORP_ANN,,Updates,ICICI Bank Limited has informed the Exchange regarding 'Filing of Semi- Annual Report with Director of Kanto Local Finance Bureau'.,Updates ICICI Bank Limited has informed the Exchange regarding 'Filing of Semi- Annual Report with Director of Kanto Local Finance Bureau'. https://nsearchives.nseindia.com/corporate/icici2022_23122025213256_nsebse_23122025.pdf,OTHER,False,False,NEUTRAL,0.0,0.5,,v3.0,,,
ICICIBANK,NSE_CORP_ANN,,ESOP/ESOS/ESPS,ICICI Bank Limited has informed the Exchange regarding Allotment of 480952  Shares.,ESOP/ESOS/ESPS ICICI Bank Limited has informed the Exchange regarding Allotment of 480952 Shares. https://nsearchives.nseindia.com/corporate/icici2022_23122025171913_lettertoexchange.pdf,OTHER,True,False,NEUTRAL,0.0,0.5,,v3.0,,,
ICICIBANK,NSE_CORP_ANN,,Trading Window,"ICICI Bank Limited has informed the Exchange regarding the Trading Window closure pursuant to SEBI (Prohibition of Insider Trading) Regulations, 2015","Trading Window ICICI Bank Limited has informed the Exchange regarding the Trading Window closure pursuant to SEBI (Prohibition of Insider Trading) Regulations, 2015 https://nsearchives.nseindia.com/corporate/icici2022_22122025174535_nsebse.pdf",OTHER,True,False,NEUTRAL,0.0,0.5,,v3.0,,,
ICICIGI,NSE_CORP_ANN,,Action(s) taken or orders passed,ICICI Lombard General Insurance Company Limited has informed the Exchange about Action(s) taken or orders passed,Action(s) taken or orders passed ICICI Lombard General Insurance Company Limited has informed the Exchange about Action(s) taken or orders passed https://nsearchives.nseindia.com/corporate/icicigi_26122025211215_se_intimation_rajasthan_fy_2021-22.pdf,OTHER,False,False,NEUTRAL,0.0,0.5,,v3.0,,,
ICICIGI,NSE_CORP_ANN,,Action(s) taken or orders passed,ICICI Lombard General Insurance Company Limited has informed the Exchange about Action(s) taken or orders passed,Action(s) taken or orders passed ICICI Lombard General Insurance Company Limited has informed the Exchange about Action(s) taken or orders passed https://nsearchives.nseindia.com/corporate/icicigi_24122025205817_se_intimation_punjab.pdf,OTHER,False,False,NEUTRAL,0.0,0.5,,v3.0,,,
ICICIGI,NSE_CORP_ANN,,Trading Window,"ICICI Lombard General Insurance Company Limited has informed the Exchange regarding the Trading Window closure pursuant to SEBI (Prohibition of Insider Trading) Regulations, 2015","Trading Window ICICI Lombard General Insurance Company Limited has informed the Exchange regarding the Trading Window closure pursuant to SEBI (Prohibition of Insider Trading) Regulations, 2015 https://nsearchives.nseindia.com/corporate/icicigi_23122025170016_bm_intimation_dec_2025.pdf",OTHER,True,False,NEUTRAL,0.0,0.5,,v3.0,,,
ICICIGI,NSE_CORP_ANN,,ESOP/ESOS/ESPS,ICICI Lombard General Insurance Company Limited has informed the Exchange regarding  allotment of 40020 equity shares.,ESOP/ESOS/ESPS ICICI Lombard General Insurance Company Limited has informed the Exchange regarding allotment of 40020 equity shares. https://nsearchives.nseindia.com/corporate/icicigi_23122025105338_esosintimationdeciii.pdf,OTHER,True,False,NEUTRAL,0.0,0.5,,v3.0,,,
ICICIPRULI,NSE_CORP_ANN,,Action(s) taken or orders passed,ICICI Prudential Life Insurance Company Limited has informed the Exchange about Action(s) taken or orders passed,Action(s) taken or orders passed ICICI Prudential Life Insurance Company Limited has informed the Exchange about Action(s) taken or orders passed https://nsearchives.nseindia.com/corporate/icicipruli_27122025103842_disclosure_order_dated_december_26_2025.pdf,OTHER,False,False,NEUTRAL,0.0,0.5,,v3.0,,,
ICICIPRULI,NSE_CORP_ANN,,Action(s) taken or orders passed,ICICI Prudential Life Insurance Company Limited has informed the Exchange about Action(s) taken or orders passed,Action(s) taken or orders passed ICICI Prudential Life Insurance Company Limited has informed the Exchange about Action(s) taken or orders passed https://nsearchives.nseindia.com/corporate/icicipruli_26122025181519_disclosure_order_dated_december_26_2025.pdf,OTHER,False,False,NEUTRAL,0.0,0.5,,v3.0,,,
ICICIPRULI,NSE_CORP_ANN,,Trading Window,"ICICI Prudential Life Insurance Company Limited has informed the Exchange regarding the Trading Window closure pursuant to SEBI (Prohibition of Insider Trading) Regulations, 2015","Trading Window ICICI Prudential Life Insurance Company Limited has informed the Exchange regarding the Trading Window closure pursuant to SEBI (Prohibition of Insider Trading) Regulations, 2015 https://nsearchives.nseindia.com/corporate/icicipruli_24122025180027_se_intimation_for_window_closure.pdf",OTHER,True,False,NEUTRAL,0.0,0.5,,v3.0,,,
ICICIPRULI,NSE_CORP_ANN,,Action(s) taken or orders passed,ICICI Prudential Life Insurance Company Limited has informed the Exchange about Action(s) taken or orders passed,Action(s) taken or orders passed ICICI Prudential Life Insurance Company Limited has informed the Exchange about Action(s) taken or orders passed https://nsearchives.nseindia.com/corporate/icicipruli_24122025152009_disclosure_order_dated_december_23_2025_-_maharashtra.pdf,OTHER,False,False,NEUTRAL,0.0,0.5,,v3.0,,,
ICICIPRULI,NSE_CORP_ANN,,Action(s) taken or orders passed,ICICI Prudential Life Insurance Company Limited has informed the Exchange about Action(s) taken or orders passed,Action(s) taken or orders passed ICICI Prudential Life Insurance Company Limited has informed the Exchange about Action(s) taken or orders passed https://nsearchives.nseindia.com/corporate/icicipruli_24122025105743_draft_disclosure_order_dated_23122025_.pdf,OTHER,False,False,NEUTRAL,0.0,0.5,,v3.0,,,
ICICIPRULI,NSE_CORP_ANN,,ESOP/ESOS/ESPS,ICICI Prudential Life Insurance Company Limited has informed the Exchange regarding allotment of 161107 shares.,ESOP/ESOS/ESPS ICICI Prudential Life Insurance Company Limited has informed the Exchange regarding allotment of 161107 shares. https://nsearchives.nseindia.com/corporate/icicipruli_23122025120909_se_intimation_dec_23_2025.pdf,OTHER,True,False,NEUTRAL,0.0,0.5,,v3.0,,,
IDFCFIRSTB,NSE_CORP_ANN,,Trading Window,"IDFC First Bank Limited has informed the Exchange regarding the Trading Window closure pursuant to SEBI (Prohibition of Insider Trading) Regulations, 2015","Trading Window IDFC First Bank Limited has informed the Exchange regarding the Trading Window closure pursuant to SEBI (Prohibition of Insider Trading) Regulations, 2015 https://nsearchives.nseindia.com/corporate/idfcfirstb_26122025163740_idfcfirstb_bm_intimation_q3_fy26.pdf",OTHER,True,False,NEUTRAL,0.0,0.5,,v3.0,,,
IDFCFIRSTB,NSE_CORP_ANN,,ESOP/ESOS/ESPS,IDFC First Bank Limited has informed the Exchange regarding Allotment of 796222  Shares.,ESOP/ESOS/ESPS IDFC First Bank Limited has informed the Exchange regarding Allotment of 796222 Shares. https://nsearchives.nseindia.com/corporate/idfcfirstb_22122025150135_esop_allotment_december_22_2025.pdf,OTHER,True,False,NEUTRAL,0.0,0.5,,v3.0,,,
IIFL,NSE_CORP_ANN,,Credit Rating,IIFL Finance Limited has informed the Exchange about Credit Rating,Credit Rating IIFL Finance Limited has informed the Exchange about Credit Rating https://nsearchives.nseindia.com/corporate/iifl_29122025195751_ratingseintimation_indiaratings.pdf,OTHER,False,False,NEUTRAL,0.0,0.5,,v3.0,,,
IIFL,NSE_CORP_ANN,,Trading Window,"IIFL Finance Limited has informed the Exchange regarding the Trading Window closure pursuant to SEBI (Prohibition of Insider Trading) Regulations, 2015","Trading Window IIFL Finance Limited has informed the Exchange regarding the Trading Window closure pursuant to SEBI (Prohibition of Insider Trading) Regulations, 2015 https://nsearchives.nseindia.com/corporate/iifl_26122025193407_se_tradingwindow_31122025.pdf",OTHER,True,False,NEUTRAL,0.0,0.5,,v3.0,,,
IIFL,NSE_CORP_ANN,,Credit Rating,IIFL Finance Limited has informed the Exchange about Credit Rating,Credit Rating IIFL Finance Limited has informed the Exchange about Credit Rating https://nsearchives.nseindia.com/corporate/iifl_25122025154720_se_intimation.pdf,OTHER,False,False,NEUTRAL,0.0,0.5,,v3.0,,,
IIFL,NSE_CORP_ANN,,Outcome of Board Meeting,"IIFL Finance Limited has informed the Exchange regarding Outcome of Finance Committee meeting held on December 22, 2025.","Outcome of Board Meeting IIFL Finance Limited has informed the Exchange regarding Outcome of Finance Committee meeting held on December 22, 2025. https://nsearchives.nseindia.com/corporate/iifl_22122025212753_seintimationpostissuance.pdf",OTHER,True,False,NEUTRAL,0.0,0.5,,v3.0,,,
IIFL,NSE_CORP_ANN,,Outcome of Board Meeting,"IIFL Finance Limited has informed the Exchange regarding Outcome of Finance Committee Meeting held on December 22, 2025.","Outcome of Board Meeting IIFL Finance Limited has informed the Exchange regarding Outcome of Finance Committee Meeting held on December 22, 2025. https://nsearchives.nseindia.com/corporate/iifl_22122025211222_seintimationpostissuance.pdf",OTHER,True,False,NEUTRAL,0.0,0.5,,v3.0,,,
IIFL,NSE_CORP_ANN,,Credit Rating,IIFL Finance Limited has informed the Exchange about Credit Rating,Credit Rating IIFL Finance Limited has informed the Exchange about Credit Rating https://nsearchives.nseindia.com/corporate/iifl_22122025184247_ratingseintimation_infomerics.pdf,OTHER,False,False,NEUTRAL,0.0,0.5,,v3.0,,,
ITC,NSE_CORP_ANN,,Trading Window,"ITC Limited has informed the Exchange regarding the Trading Window closure pursuant to SEBI (Prohibition of Insider Trading) Regulations, 2015","Trading Window ITC Limited has informed the Exchange regarding the Trading Window closure pursuant to SEBI (Prohibition of Insider Trading) Regulations, 2015 https://nsearchives.nseindia.com/corporate/itc_24122025165910_closureoftradingwindow24122025.pdf",OTHER,True,False,NEUTRAL,0.0,0.5,,v3.0,,,
INDIANB,NSE_CORP_ANN,,Trading Window,"Indian Bank has informed the Exchange regarding the Trading Window closure pursuant to SEBI (Prohibition of Insider Trading) Regulations, 2015","Trading Window Indian Bank has informed the Exchange regarding the Trading Window closure pursuant to SEBI (Prohibition of Insider Trading) Regulations, 2015 https://nsearchives.nseindia.com/corporate/indianb_23122025190551_se_trading_window_closure.pdf",OTHER,True,False,NEUTRAL,0.0,0.5,,v3.0,,,
IEX,NSE_CORP_ANN,,Trading Window,"Indian Energy Exchange Limited has informed the Exchange regarding the Trading Window closure pursuant to SEBI (Prohibition of Insider Trading) Regulations, 2015","Trading Window Indian Energy Exchange Limited has informed the Exchange regarding the Trading Window closure pursuant to SEBI (Prohibition of Insider Trading) Regulations, 2015 https://nsearchives.nseindia.com/corporate/iex_26122025114811_signed_iex_intimation_trading_window_closure_q3_fy25_26.pdf",OTHER,True,False,NEUTRAL,0.0,0.5,,v3.0,,,
IEX,NSE_CORP_ANN,,Analysts/Institutional Investor Meet/Con. Call Updates,Indian Energy Exchange Limited has informed the Exchange about Schedule of meet,Analysts/Institutional Investor Meet/Con. Call Updates Indian Energy Exchange Limited has informed the Exchange about Schedule of meet https://nsearchives.nseindia.com/corporate/iex_26122025114548_signed_iex_analsyt_meet_26_12_2025.pdf,OTHER,True,False,NEUTRAL,0.0,0.5,,v3.0,,,
IOC,NSE_CORP_ANN,,Trading Window,"Indian Oil Corporation Limited has informed the Exchange regarding the Trading Window closure pursuant to SEBI (Prohibition of Insider Trading) Regulations, 2015","Trading Window Indian Oil Corporation Limited has informed the Exchange regarding the Trading Window closure pursuant to SEBI (Prohibition of Insider Trading) Regulations, 2015 https://nsearchives.nseindia.com/corporate/ioc_26122025142850_window_closure_notice_q3_2025_26_s.pdf",OTHER,True,False,NEUTRAL,0.0,0.5,,v3.0,,,
IRCTC,NSE_CORP_ANN,,Change in Management,Indian Railway Catering And Tourism Corporation Limited has informed the Exchange about change in Senior Management-Cessation.,Change in Management Indian Railway Catering And Tourism Corporation Limited has informed the Exchange about change in Senior Management-Cessation. https://nsearchives.nseindia.com/corporate/irctc_26122025212742_stxintimationez.pdf,OTHER,False,False,NEUTRAL,0.0,0.5,,v3.0,,,
IRCTC,NSE_CORP_ANN,,Trading Window,"Indian Railway Catering And Tourism Corporation Limited has informed the Exchange regarding the Trading Window closure pursuant to SEBI (Prohibition of Insider Trading) Regulations, 2015","Trading Window Indian Railway Catering And Tourism Corporation Limited has informed the Exchange regarding the Trading Window closure pursuant to SEBI (Prohibition of Insider Trading) Regulations, 2015 https://nsearchives.nseindia.com/corporate/irctc_22122025174431_tradingwindowclosurestex22122025.pdf",OTHER,True,False,NEUTRAL,0.0,0.5,,v3.0,,,
IRFC,NSE_CORP_ANN,,Trading Window,"Indian Railway Finance Corporation Limited has informed the Exchange regarding the Trading Window closure pursuant to SEBI (Prohibition of Insider Trading) Regulations, 2015","Trading Window Indian Railway Finance Corporation Limited has informed the Exchange regarding the Trading Window closure pursuant to SEBI (Prohibition of Insider Trading) Regulations, 2015 https://nsearchives.nseindia.com/corporate/irfc_26122025175921_closuretradingwindow31122025.pdf",OTHER,True,False,NEUTRAL,0.0,0.5,,v3.0,,,
IRFC,NSE_CORP_ANN,,Press Release,"Indian Railway Finance Corporation Limited has informed the Exchange regarding a press release dated December 24, 2025, titled ""IRFC Executes Landmark Refinancing of World Bank Loan for Dedicated Freight Corridor Project"".","Press Release Indian Railway Finance Corporation Limited has informed the Exchange regarding a press release dated December 24, 2025, titled ""IRFC Executes Landmark Refinancing of World Bank Loan for Dedicated Freight Corridor Project"". https://nsearchives.nseindia.com/corporate/irfc_24122025181649_pressrelease24122025.pdf",OTHER,False,False,NEUTRAL,0.0,0.5,,v3.0,,,
IREDA,NSE_CORP_ANN,,Trading Window,"Indian Renewable Energy Development Agency Limited has informed the Exchange regarding the Trading Window closure pursuant to SEBI (Prohibition of Insider Trading) Regulations, 2015","Trading Window Indian Renewable Energy Development Agency Limited has informed the Exchange regarding the Trading Window closure pursuant to SEBI (Prohibition of Insider Trading) Regulations, 2015 https://nsearchives.nseindia.com/corporate/iredaeq_26122025110017_signed_closureoftradingwindow31122025.pdf",OTHER,True,False,NEUTRAL,0.0,0.5,,v3.0,,,
INDUSTOWER,NSE_CORP_ANN,,Trading Window,"Indus Towers Limited has informed the Exchange regarding the Trading Window closure pursuant to SEBI (Prohibition of Insider Trading) Regulations, 2015","Trading Window Indus Towers Limited has informed the Exchange regarding the Trading Window closure pursuant to SEBI (Prohibition of Insider Trading) Regulations, 2015 https://nsearchives.nseindia.com/corporate/bhartiinfratel_26122025154352_setradingwindowindus31122025.pdf",OTHER,True,False,NEUTRAL,0.0,0.5,,v3.0,,,
INDUSTOWER,NSE_CORP_ANN,,General Updates,Indus Towers Limited has informed the Exchange regarding ESG Rating,General Updates Indus Towers Limited has informed the Exchange regarding ESG Rating https://nsearchives.nseindia.com/corporate/bhartiinfratel_25122025170055_seintimation25122025.pdf,OTHER,False,False,NEUTRAL,0.0,0.5,,v3.0,,,
INDUSINDBK,NSE_CORP_ANN,,General Updates,"Indusind Bank Limited has informed the Exchange about intimation under Regulation 30 of the SEBI (Listing Obligations and Disclosure Requirements) Regulations, 2015","General Updates Indusind Bank Limited has informed the Exchange about intimation under Regulation 30 of the SEBI (Listing Obligations and Disclosure Requirements) Regulations, 2015 https://nsearchives.nseindia.com/corporate/indusindbk3_24122025165905_sesfioletter24122025.pdf",OTHER,False,False,NEUTRAL,0.0,0.5,,v3.0,,,
NAUKRI,NSE_CORP_ANN,,Acquisition,"Info Edge (India) Limited has informed the Exchange about disclosure under Regulation 30 of the Securities and Exchange Board of India (Listing Obligations and Disclosure Requirements) Regulations, 2015","Acquisition Info Edge (India) Limited has informed the Exchange about disclosure under Regulation 30 of the Securities and Exchange Board of India (Listing Obligations and Disclosure Requirements) Regulations, 2015 https://nsearchives.nseindia.com/corporate/naukri2_23122025161812_seintimationredstarttounbox_2.pdf",OTHER,False,False,NEUTRAL,0.0,0.5,,v3.0,,,
INFY,NSE_CORP_ANN,,General Updates,Infosys Limited has informed the Exchange about Update on McCamish Cyber Incident,General Updates Infosys Limited has informed the Exchange about Update on McCamish Cyber Incident https://nsearchives.nseindia.com/corporate/infy_23122025222726_se_mccamish_systems_23122025.pdf,OTHER,False,False,NEUTRAL,0.0,0.5,,v3.0,,,
INDIGO,NSE_CORP_ANN,,Trading Window,"InterGlobe Aviation Limited has informed the Exchange regarding the Trading Window closure pursuant to SEBI (Prohibition of Insider Trading) Regulations, 2015","Trading Window InterGlobe Aviation Limited has informed the Exchange regarding the Trading Window closure pursuant to SEBI (Prohibition of Insider Trading) Regulations, 2015 https://nsearchives.nseindia.com/corporate/indigo1_26122025143850_se_disclosure_for_closure_of_trading_window.pdf",OTHER,True,False,NEUTRAL,0.0,0.5,,v3.0,,,
INDIGO,NSE_CORP_ANN,,Action(s) taken or orders passed,InterGlobe Aviation Limited has informed the Exchange about Action(s) taken or orders passed,Action(s) taken or orders passed InterGlobe Aviation Limited has informed the Exchange about Action(s) taken or orders passed https://nsearchives.nseindia.com/corporate/indigo1_25122025142512_se__tax_disclosure__24122025.pdf,OTHER,False,False,NEUTRAL,0.0,0.5,,v3.0,,,
INDIGO,NSE_CORP_ANN,,General Updates,InterGlobe Aviation Limited has informed the Exchange about General Updates,General Updates InterGlobe Aviation Limited has informed the Exchange about General Updates https://nsearchives.nseindia.com/corporate/indigo1_24122025193252_press_statement_24122025_sign.pdf,OTHER,False,False,NEUTRAL,0.0,0.5,,v3.0,,,
JINDALSTEL,NSE_CORP_ANN,,Trading Window,"JINDAL STEEL LIMITED has informed the Exchange regarding the Trading Window closure pursuant to SEBI (Prohibition of Insider Trading) Regulations, 2015","Trading Window JINDAL STEEL LIMITED has informed the Exchange regarding the Trading Window closure pursuant to SEBI (Prohibition of Insider Trading) Regulations, 2015 https://nsearchives.nseindia.com/corporate/jindalstel_29122025115028_stx.pdf",OTHER,True,False,NEUTRAL,0.0,0.5,,v3.0,,,
JINDALSTEL,NSE_CORP_ANN,,Press Release,"JINDAL STEEL LIMITED has informed the Exchange regarding a press release dated December 29, 2025, titled ""Jindal Steel to Double Structural Steel Capacity at Raigarh to 2.4 MTPA"".","Press Release JINDAL STEEL LIMITED has informed the Exchange regarding a press release dated December 29, 2025, titled ""Jindal Steel to Double Structural Steel Capacity at Raigarh to 2.4 MTPA"". https://nsearchives.nseindia.com/corporate/jindalstel_29122025090517_stx_signed.pdf",OTHER,False,False,NEUTRAL,0.0,0.5,,v3.0,,,
JINDALSTEL,NSE_CORP_ANN,,General Updates,JINDAL STEEL LIMITED has informed the Exchange about General Updates,General Updates JINDAL STEEL LIMITED has informed the Exchange about General Updates https://nsearchives.nseindia.com/corporate/jindalstel_25122025120514_stx_24_12_2025.pdf,OTHER,False,False,NEUTRAL,0.0,0.5,,v3.0,,,
JSWENERGY,NSE_CORP_ANN,,Analysts/Institutional Investor Meet/Con. Call Updates,JSW Energy Limited has informed the Exchange about Schedule of Analyst/ Institutional Investors meeting,Analysts/Institutional Investor Meet/Con. Call Updates JSW Energy Limited has informed the Exchange about Schedule of Analyst/ Institutional Investors meeting https://nsearchives.nseindia.com/corporate/ajayjswel_29122025203915_lettertobsenseinstitutionalinvestorsmeeting29122025.pdf,OTHER,True,False,NEUTRAL,0.0,0.5,,v3.0,,,
JSWENERGY,NSE_CORP_ANN,,Trading Window,"JSW Energy Limited has informed the Exchange regarding the Trading Window closure pursuant to SEBI (Prohibition of Insider Trading) Regulations, 2015","Trading Window JSW Energy Limited has informed the Exchange regarding the Trading Window closure pursuant to SEBI (Prohibition of Insider Trading) Regulations, 2015 https://nsearchives.nseindia.com/corporate/ajayjswel_29122025194435_lettertobseandnsetradingwindowclosuredecember2025.pdf",OTHER,True,False,NEUTRAL,0.0,0.5,,v3.0,,,
JSWENERGY,NSE_CORP_ANN,,Copy of Newspaper Publication,JSW Energy Limited has informed the Exchange about Copy of Newspaper Publication of Corrigendum to the Notice of Extraordinary General Meeting,Copy of Newspaper Publication JSW Energy Limited has informed the Exchange about Copy of Newspaper Publication of Corrigendum to the Notice of Extraordinary General Meeting https://nsearchives.nseindia.com/corporate/ajayjswel_27122025161919_corriendumnewspaperpublicationstockexchageintimation.pdf,OTHER,True,False,NEUTRAL,0.0,0.5,,v3.0,,,
JSWENERGY,NSE_CORP_ANN,,Corrigendum,"JSW Energy Limited has informed the Exchange regarding Corrigendum to Notice of Extra Ordinary General Meeting to be held on January 03, 2026","Corrigendum JSW Energy Limited has informed the Exchange regarding Corrigendum to Notice of Extra Ordinary General Meeting to be held on January 03, 2026 https://nsearchives.nseindia.com/corporate/ajayjswel_26122025213616_jswelseintimationcorrigendumtoegmnotice_sd.pdf",OTHER,False,False,NEUTRAL,0.0,0.5,,v3.0,,,
JSWENERGY,NSE_CORP_ANN,,General Updates,"JSW Energy Limited has informed the Exchange about Update - Material litigation under Regulation 30(4) of the Securities Exchange Board of India (Listing Obligations and Disclosure Requirements) Regulations, 2015 ( Listing Regulations )","General Updates JSW Energy Limited has informed the Exchange about Update - Material litigation under Regulation 30(4) of the Securities Exchange Board of India (Listing Obligations and Disclosure Requirements) Regulations, 2015 ( Listing Regulations ) https://nsearchives.nseindia.com/corporate/ajayjswel_25122025152610_disclosure_merc_order.pdf",OTHER,False,True,WATCH,7.0,0.95,PATTERN_MATCH_litigation,v3.0,,,
JSWSTEEL,NSE_CORP_ANN,,Credit Rating- New,JSW Steel Limited has informed the Exchange about Credit Rating- New,Credit Rating- New JSW Steel Limited has informed the Exchange about Credit Rating- New https://nsearchives.nseindia.com/corporate/supriya_24122025150800_se.pdf,OTHER,False,False,NEUTRAL,0.0,0.5,,v3.0,,,
JSWSTEEL,NSE_CORP_ANN,,Credit Rating- New,JSW Steel Limited has informed the Exchange about Credit Rating- New,Credit Rating- New JSW Steel Limited has informed the Exchange about Credit Rating- New https://nsearchives.nseindia.com/corporate/supriya_23122025232540_seintimation.pdf,OTHER,False,False,NEUTRAL,0.0,0.5,,v3.0,,,
JSWSTEEL,NSE_CORP_ANN,,Trading Window,"JSW Steel Limited has informed the Exchange regarding the Trading Window closure pursuant to SEBI (Prohibition of Insider Trading) Regulations, 2015","Trading Window JSW Steel Limited has informed the Exchange regarding the Trading Window closure pursuant to SEBI (Prohibition of Insider Trading) Regulations, 2015 https://nsearchives.nseindia.com/corporate/jessydenny_22122025155500_notice_of_board_meeting.pdf",OTHER,True,False,NEUTRAL,0.0,0.5,,v3.0,,,
JIOFIN,NSE_CORP_ANN,,Acquisition,"Investment in Jio Leasing Services Limited, wholly owned subsidiary of the Company","Acquisition Investment in Jio Leasing Services Limited, wholly owned subsidiary of the Company https://nsearchives.nseindia.com/corporate/jiofinancial_23122025175519_jlsl_disclosure.pdf",OTHER,False,False,NEUTRAL,0.0,0.5,,v3.0,,,
JUBLFOOD,NSE_CORP_ANN,,Action(s) initiated or orders passed,"Jubilant FoodWorks Limited has informed the Exchange about Disclosure under Regulation 30 of the SEBI (Listing Obligations and Disclosure Requirements) Regulations, 2015","Action(s) initiated or orders passed Jubilant FoodWorks Limited has informed the Exchange about Disclosure under Regulation 30 of the SEBI (Listing Obligations and Disclosure Requirements) Regulations, 2015 https://nsearchives.nseindia.com/corporate/jublfood_26122025213215_selodridtcasepborder.pdf",OTHER,False,False,NEUTRAL,0.0,0.5,,v3.0,,,
JUBLFOOD,NSE_CORP_ANN,,Trading Window,"Jubilant Foodworks Limited has informed the Exchange regarding the Trading Window closure pursuant to SEBI (Prohibition of Insider Trading) Regulations, 2015","Trading Window Jubilant Foodworks Limited has informed the Exchange regarding the Trading Window closure pursuant to SEBI (Prohibition of Insider Trading) Regulations, 2015 https://nsearchives.nseindia.com/corporate/jublfood_24122025172924_setwclsouredec25.pdf",OTHER,True,False,NEUTRAL,0.0,0.5,,v3.0,,,
KEI,NSE_CORP_ANN,,Trading Window,"KEI Industries Limited has informed the Exchange regarding the Trading Window closure pursuant to SEBI (Prohibition of Insider Trading) Regulations, 2015","Trading Window KEI Industries Limited has informed the Exchange regarding the Trading Window closure pursuant to SEBI (Prohibition of Insider Trading) Regulations, 2015 https://nsearchives.nseindia.com/corporate/kei_26122025182542_trading_window.pdf",OTHER,True,False,NEUTRAL,0.0,0.5,,v3.0,,,
KEI,NSE_CORP_ANN,,Updates,KEI Industries Limited has informed the Exchange regarding 'Report on Transfer Requests of Physical Shares re-lodged under the special window'.,Updates KEI Industries Limited has informed the Exchange regarding 'Report on Transfer Requests of Physical Shares re-lodged under the special window'. https://nsearchives.nseindia.com/corporate/kei_23122025154906_special_window.pdf,OTHER,False,False,NEUTRAL,0.0,0.5,,v3.0,,,
KPITTECH,NSE_CORP_ANN,,Trading Window,"KPIT Technologies Limited has informed the Exchange regarding the Trading Window closure pursuant to SEBI (Prohibition of Insider Trading) Regulations, 2015","Trading Window KPIT Technologies Limited has informed the Exchange regarding the Trading Window closure pursuant to SEBI (Prohibition of Insider Trading) Regulations, 2015 https://nsearchives.nseindia.com/corporate/kpittech_23122025162008_twcdec31_signed.pdf",OTHER,True,False,NEUTRAL,0.0,0.5,,v3.0,,,
KALYANKJIL,NSE_CORP_ANN,,Trading Window,"Kalyan Jewellers India Limited has informed the Exchange regarding the Trading Window closure pursuant to SEBI (Prohibition of Insider Trading) Regulations, 2015","Trading Window Kalyan Jewellers India Limited has informed the Exchange regarding the Trading Window closure pursuant to SEBI (Prohibition of Insider Trading) Regulations, 2015 https://nsearchives.nseindia.com/corporate/kalyankjil_23122025104523_intimation_tradingwindow.pdf",OTHER,True,False,NEUTRAL,0.0,0.5,,v3.0,,,
KAYNES,NSE_CORP_ANN,,Trading Window,"Kaynes Technology India Limited has informed the Exchange regarding the Trading Window closure pursuant to SEBI (Prohibition of Insider Trading) Regulations, 2015","Trading Window Kaynes Technology India Limited has informed the Exchange regarding the Trading Window closure pursuant to SEBI (Prohibition of Insider Trading) Regulations, 2015 https://nsearchives.nseindia.com/corporate/kaynestech_23122025155117_tradingwindowq3signed.pdf",OTHER,True,False,NEUTRAL,0.0,0.5,,v3.0,,,
KFINTECH,NSE_CORP_ANN,,Trading Window,"Kfin Technologies Limited has informed the Exchange regarding the Trading Window closure pursuant to SEBI (Prohibition of Insider Trading) Regulations, 2015","Trading Window Kfin Technologies Limited has informed the Exchange regarding the Trading Window closure pursuant to SEBI (Prohibition of Insider Trading) Regulations, 2015 https://nsearchives.nseindia.com/corporate/kfintechnse_24122025190548_intimation_trading_window_closure.pdf",OTHER,True,False,NEUTRAL,0.0,0.5,,v3.0,,,
KOTAKBANK,NSE_CORP_ANN,,Record Date,Kotak Mahindra Bank Limited has informed the Exchange that Record date for the purpose of Split/Subdivision  is 14-Jan-2026.,Record Date Kotak Mahindra Bank Limited has informed the Exchange that Record date for the purpose of Split/Subdivision is 14-Jan-2026. https://nsearchives.nseindia.com/corporate/kotakmahindrabank_27122025174822_seintimationrecorddateforsplit.pdf,OTHER,True,False,NEUTRAL,0.0,0.5,,v3.0,,,
KOTAKBANK,NSE_CORP_ANN,,Amendment to AOA/MOA,Kotak Mahindra Bank Limited has informed the Exchange regarding the Amendment to AOA/MOA of the company.,Amendment to AOA/MOA Kotak Mahindra Bank Limited has informed the Exchange regarding the Amendment to AOA/MOA of the company. https://nsearchives.nseindia.com/corporate/kotakmahindrabank_27122025143606_seintimationamendmenttomoadecember272025.pdf,OTHER,True,False,NEUTRAL,0.0,0.5,,v3.0,,,
KOTAKBANK,NSE_CORP_ANN,,Shareholders meeting,Kotak Mahindra Bank Limited has submitted the Exchange a copy of Srutinizers report of  Postal Ballot .,Shareholders meeting Kotak Mahindra Bank Limited has submitted the Exchange a copy of Srutinizers report of Postal Ballot . https://nsearchives.nseindia.com/corporate/kotakmahindrabank_27122025094049_combined.pdf,OTHER,False,False,NEUTRAL,0.0,0.5,,v3.0,,,
KOTAKBANK,NSE_CORP_ANN,,Copy of Newspaper Publication,Kotak Mahindra Bank Limited has informed the Exchange about Copy of Newspaper Clipping - Special Window for Re-lodgement of Transfer  Requests of Physical Shares of the Bank,Copy of Newspaper Publication Kotak Mahindra Bank Limited has informed the Exchange about Copy of Newspaper Clipping - Special Window for Re-lodgement of Transfer Requests of Physical Shares of the Bank https://nsearchives.nseindia.com/corporate/kotakmahindrabank_24122025180747_seintimationnewspaperpublicationrelodgementoftransferrequestsdec2425.pdf,OTHER,True,False,NEUTRAL,0.0,0.5,,v3.0,,,
LTF,NSE_CORP_ANN,,Trading Window,"L&T Finance Limited has informed the Exchange regarding the Trading Window closure pursuant to SEBI (Prohibition of Insider Trading) Regulations, 2015","Trading Window L&T Finance Limited has informed the Exchange regarding the Trading Window closure pursuant to SEBI (Prohibition of Insider Trading) Regulations, 2015 https://nsearchives.nseindia.com/corporate/naguiyer_29122025143129_nsebseintimation.pdf",OTHER,True,False,NEUTRAL,0.0,0.5,,v3.0,,,
LICHSGFIN,NSE_CORP_ANN,,Updates,"LIC Housing Finance Limited has informed the Exchange regarding 'Pursuant to regulation 30 of the Listing Regulations, it is to inform that the LIC Housing Finance Limited (  the Company ) has received communication / demand for Goods & Service Tax and Penalty for Jharkhand State. The order is appealable before the Commissioner (Appeals), Ranchi, Jharkhand.'.","Updates LIC Housing Finance Limited has informed the Exchange regarding 'Pursuant to regulation 30 of the Listing Regulations, it is to inform that the LIC Housing Finance Limited ( the Company ) has received communication / demand for Goods & Service Tax and Penalty for Jharkhand State. The order is appealable before the Commissioner (Appeals), Ranchi, Jharkhand.'. https://nsearchives.nseindia.com/corporate/lichsgfin_29122025180349_gst_demad_notice_december25.pdf",OTHER,False,True,WATCH,7.5,0.95,PATTERN_MATCH_order.*received.*gst,v3.0,,,
LICHSGFIN,NSE_CORP_ANN,,Trading Window,"LIC Housing Finance Limited has informed the Exchange regarding the Trading Window closure pursuant to SEBI (Prohibition of Insider Trading) Regulations, 2015","Trading Window LIC Housing Finance Limited has informed the Exchange regarding the Trading Window closure pursuant to SEBI (Prohibition of Insider Trading) Regulations, 2015 https://nsearchives.nseindia.com/corporate/lichsgfin_26122025144353_trading_window_closure_december25.pdf",OTHER,True,False,NEUTRAL,0.0,0.5,,v3.0,,,
LT,NSE_CORP_ANN,,Bagging/Receiving of orders/contracts,Larsen & Toubro Limited has informed the Exchange about Bagging/Receiving of orders/contracts,Bagging/Receiving of orders/contracts Larsen & Toubro Limited has informed the Exchange about Bagging/Receiving of orders/contracts https://nsearchives.nseindia.com/corporate/pam_29122025104253_pressrelease29122025.pdf,OTHER,False,False,NEUTRAL,0.0,0.5,,v3.0,,,
LT,NSE_CORP_ANN,,Trading Window,"Larsen & Toubro Limited has informed the Exchange regarding the Trading Window closure pursuant to SEBI (Prohibition of Insider Trading) Regulations, 2015","Trading Window Larsen & Toubro Limited has informed the Exchange regarding the Trading Window closure pursuant to SEBI (Prohibition of Insider Trading) Regulations, 2015 https://nsearchives.nseindia.com/corporate/pam_26122025214217_fixedclosedperioddec2025.pdf",OTHER,True,False,NEUTRAL,0.0,0.5,,v3.0,,,
LT,NSE_CORP_ANN,,Bagging/Receiving of orders/contracts,Larsen & Toubro Limited has informed the Exchange about Bagging/Receiving of orders/contracts,Bagging/Receiving of orders/contracts Larsen & Toubro Limited has informed the Exchange about Bagging/Receiving of orders/contracts https://nsearchives.nseindia.com/corporate/pam_24122025101325_pressrelease24122025.pdf,OTHER,False,False,NEUTRAL,0.0,0.5,,v3.0,,,
LT,NSE_CORP_ANN,,Bagging/Receiving of orders/contracts,Larsen & Toubro Limited has informed the Exchange about Bagging/Receiving of orders/contracts,Bagging/Receiving of orders/contracts Larsen & Toubro Limited has informed the Exchange about Bagging/Receiving of orders/contracts https://nsearchives.nseindia.com/corporate/pam_23122025095055_pressrelease23122025.pdf,OTHER,False,False,NEUTRAL,0.0,0.5,,v3.0,,,
LAURUSLABS,NSE_CORP_ANN,,Trading Window,"Laurus Labs Limited has informed the Exchange regarding the Trading Window closure pursuant to SEBI (Prohibition of Insider Trading) Regulations, 2015","Trading Window Laurus Labs Limited has informed the Exchange regarding the Trading Window closure pursuant to SEBI (Prohibition of Insider Trading) Regulations, 2015 https://nsearchives.nseindia.com/corporate/lauruslabs_29122025175103_q3fy26tradingwindowclosure.pdf",OTHER,True,False,NEUTRAL,0.0,0.5,,v3.0,,,
LAURUSLABS,NSE_CORP_ANN,,General Updates,Laurus Labs Limited has informed the Exchange about Update on Acquisition,General Updates Laurus Labs Limited has informed the Exchange about Update on Acquisition https://nsearchives.nseindia.com/corporate/lauruslabs_23122025173626_updateoninviinbio23122025.pdf,OTHER,False,False,NEUTRAL,0.0,0.5,,v3.0,,,
LAURUSLABS,NSE_CORP_ANN,,General Updates,Laurus Labs Limited has informed the Exchange about Update on Acquisition,General Updates Laurus Labs Limited has informed the Exchange about Update on Acquisition https://nsearchives.nseindia.com/corporate/lauruslabs_23122025161232_updateoninvinkrka23122025.pdf,OTHER,False,False,NEUTRAL,0.0,0.5,,v3.0,,,
LICI,NSE_CORP_ANN,,Updates,"Life Insurance Corporation of India has informed the Exchange regarding 'receipt of demand order for Goods & Service Tax, Interest and penalty for Karnataka State.'","Updates Life Insurance Corporation of India has informed the Exchange regarding 'receipt of demand order for Goods & Service Tax, Interest and penalty for Karnataka State.' https://nsearchives.nseindia.com/corporate/lic_board_29122025120034_gst_penalty_karnataka.pdf",OTHER,False,True,WATCH,7.0,0.95,PATTERN_MATCH_penalty,v3.0,,,
LICI,NSE_CORP_ANN,,Trading Window,"Life Insurance Corporation Of India has informed the Exchange regarding the Trading Window closure pursuant to SEBI (Prohibition of Insider Trading) Regulations, 2015","Trading Window Life Insurance Corporation Of India has informed the Exchange regarding the Trading Window closure pursuant to SEBI (Prohibition of Insider Trading) Regulations, 2015 https://nsearchives.nseindia.com/corporate/lic_board_24122025163612_disclosure_tradingwindowclosure.pdf",OTHER,True,False,NEUTRAL,0.0,0.5,,v3.0,,,
LODHA,NSE_CORP_ANN,,Granting/withdrawal/surrender/cancellation/suspension of key licenses/ regulatory approvals,Lodha Developers Limited has informed the Exchange about Granting/withdrawal/surrender/cancellation/suspension of key licenses/ regulatory approvals,Granting/withdrawal/surrender/cancellation/suspension of key licenses/ regulatory approvals Lodha Developers Limited has informed the Exchange about Granting/withdrawal/surrender/cancellation/suspension of key licenses/ regulatory approvals https://nsearchives.nseindia.com/corporate/lodha_24122025210953_ldl_disclosure_24122025.pdf,OTHER,False,False,NEUTRAL,0.0,0.5,,v3.0,,,
LODHA,NSE_CORP_ANN,,Allotment of Securities,"Lodha Developers Limited has informed the Exchange regarding allotment of 42630 securities pursuant to ESOP/ESPS at its meeting held on December 24, 2025","Allotment of Securities Lodha Developers Limited has informed the Exchange regarding allotment of 42630 securities pursuant to ESOP/ESPS at its meeting held on December 24, 2025 https://nsearchives.nseindia.com/corporate/lodha_24122025115442_allotmentunderesop24122025_signed.pdf",OTHER,True,False,NEUTRAL,0.0,0.5,,v3.0,,,
LODHA,NSE_CORP_ANN,,Trading Window,"Lodha Developers Limited has informed the Exchange regarding the Trading Window closure pursuant to SEBI (Prohibition of Insider Trading) Regulations, 2015","Trading Window Lodha Developers Limited has informed the Exchange regarding the Trading Window closure pursuant to SEBI (Prohibition of Insider Trading) Regulations, 2015 https://nsearchives.nseindia.com/corporate/lodha_22122025165819_ldl_trading_window_closure_22122025.pdf",OTHER,True,False,NEUTRAL,0.0,0.5,,v3.0,,,
LUPIN,NSE_CORP_ANN,,Press Release,"Lupin Limited has informed the Exchange regarding a press release dated December 29, 2025, titled ""Lupin Signs Exclusive Licensing Agreement with Gan & Lee Pharmaceuticals for novel GLP-1 receptor agonist"".","Press Release Lupin Limited has informed the Exchange regarding a press release dated December 29, 2025, titled ""Lupin Signs Exclusive Licensing Agreement with Gan & Lee Pharmaceuticals for novel GLP-1 receptor agonist"". https://nsearchives.nseindia.com/corporate/lupin2_29122025181919_se_letterwithpressrelease_29122025.pdf",OTHER,False,False,NEUTRAL,0.0,0.5,,v3.0,,,
LUPIN,NSE_CORP_ANN,,Trading Window,"Lupin Limited has informed the Exchange regarding the Trading Window closure pursuant to SEBI (Prohibition of Insider Trading) Regulations, 2015","Trading Window Lupin Limited has informed the Exchange regarding the Trading Window closure pursuant to SEBI (Prohibition of Insider Trading) Regulations, 2015 https://nsearchives.nseindia.com/corporate/lupin2_26122025153529_selettertwc.pdf",OTHER,True,False,NEUTRAL,0.0,0.5,,v3.0,,,
M&M,NSE_CORP_ANN,,Trading Window,"Mahindra & Mahindra Limited has informed the Exchange regarding the Trading Window closure pursuant to SEBI (Prohibition of Insider Trading) Regulations, 2015","Trading Window Mahindra & Mahindra Limited has informed the Exchange regarding the Trading Window closure pursuant to SEBI (Prohibition of Insider Trading) Regulations, 2015 https://nsearchives.nseindia.com/corporate/ferozebaria_24122025180439_seintimationboardmeeting110226.pdf",OTHER,True,False,NEUTRAL,0.0,0.5,,v3.0,,,
M&M,NSE_CORP_ANN,,Updates,Mahindra & Mahindra Limited has informed the Exchange regarding 'Transfer of Equity Shares by Mahindra & Mahindra Employees  Stock Option Trust to the Stock Option Grantees'.,Updates Mahindra & Mahindra Limited has informed the Exchange regarding 'Transfer of Equity Shares by Mahindra & Mahindra Employees Stock Option Trust to the Stock Option Grantees'. https://nsearchives.nseindia.com/corporate/shaibya_23122025190631_employeeslist23122025.pdf,OTHER,False,False,NEUTRAL,0.0,0.5,,v3.0,,,
MANAPPURAM,NSE_CORP_ANN,,Trading Window,"Manappuram Finance Limited has informed the Exchange regarding the Trading Window closure pursuant to SEBI (Prohibition of Insider Trading) Regulations, 2015","Trading Window Manappuram Finance Limited has informed the Exchange regarding the Trading Window closure pursuant to SEBI (Prohibition of Insider Trading) Regulations, 2015 https://nsearchives.nseindia.com/corporate/manappuram_27122025123720_intimationtradingwindowclosurefinal.pdf",OTHER,True,False,NEUTRAL,0.0,0.5,,v3.0,,,
MANAPPURAM,NSE_CORP_ANN,,Change in Management,Manappuram Finance Limited has informed the Exchange about change in Management,Change in Management Manappuram Finance Limited has informed the Exchange about change in Management https://nsearchives.nseindia.com/corporate/manappuram_26122025134736_mafiloutcomeofboardmeetingfinal.pdf,OTHER,False,False,NEUTRAL,0.0,0.5,,v3.0,,,
MANAPPURAM,NSE_CORP_ANN,,Outcome of Board Meeting,"Manappuram Finance Limited has informed the Exchange regarding Outcome of Board Meeting held on December 26, 2025.","Outcome of Board Meeting Manappuram Finance Limited has informed the Exchange regarding Outcome of Board Meeting held on December 26, 2025. https://nsearchives.nseindia.com/corporate/manappuram_26122025134346_mafiloutcomeofboardmeetingfinal.pdf",OTHER,True,False,NEUTRAL,0.0,0.5,,v3.0,,,
MANKIND,NSE_CORP_ANN,,Trading Window,"Mankind Pharma Limited has informed the Exchange regarding the Trading Window closure pursuant to SEBI (Prohibition of Insider Trading) Regulations, 2015","Trading Window Mankind Pharma Limited has informed the Exchange regarding the Trading Window closure pursuant to SEBI (Prohibition of Insider Trading) Regulations, 2015 https://nsearchives.nseindia.com/corporate/mankind1_24122025134247_twc.pdf",OTHER,True,False,NEUTRAL,0.0,0.5,,v3.0,,,
MARUTI,NSE_CORP_ANN,,Analysts/Institutional Investor Meet/Con. Call Updates,Maruti Suzuki India Limited has informed the Exchange about Schedule of meet,Analysts/Institutional Investor Meet/Con. Call Updates Maruti Suzuki India Limited has informed the Exchange about Schedule of meet https://nsearchives.nseindia.com/corporate/marutiashish_29122025175310_stxintimation_investorcall_8to9jan2025.pdf,OTHER,True,False,NEUTRAL,0.0,0.5,,v3.0,,,
MARUTI,NSE_CORP_ANN,,Analysts/Institutional Investor Meet/Con. Call Updates,Maruti Suzuki India Limited has informed the Exchange about Schedule of meet,Analysts/Institutional Investor Meet/Con. Call Updates Maruti Suzuki India Limited has informed the Exchange about Schedule of meet https://nsearchives.nseindia.com/corporate/marutiashish_28122025140718_stxintimation_investorcall_5to7jan2026.pdf,OTHER,True,False,NEUTRAL,0.0,0.5,,v3.0,,,
MARUTI,NSE_CORP_ANN,,Trading Window,"Maruti Suzuki India Limited has informed the Exchange regarding the Trading Window closure pursuant to SEBI (Prohibition of Insider Trading) Regulations, 2015","Trading Window Maruti Suzuki India Limited has informed the Exchange regarding the Trading Window closure pursuant to SEBI (Prohibition of Insider Trading) Regulations, 2015 https://nsearchives.nseindia.com/corporate/marutiashish_25122025161520_tradingwindow_dec25.pdf",OTHER,True,False,NEUTRAL,0.0,0.5,,v3.0,,,
MARUTI,NSE_CORP_ANN,,General Updates,"Maruti Suzuki India Limited has informed the Exchange about Intimation under Regulation 30 of the SEBI (Listing Obligations and Disclosure Requirements) Regulations, 2015","General Updates Maruti Suzuki India Limited has informed the Exchange about Intimation under Regulation 30 of the SEBI (Listing Obligations and Disclosure Requirements) Regulations, 2015 https://nsearchives.nseindia.com/corporate/marutiashish_23122025184609_reg30_23122025.pdf",OTHER,False,False,NEUTRAL,0.0,0.5,,v3.0,,,
MFSL,NSE_CORP_ANN,,Trading Window,"Max Financial Services Limited has informed the Exchange regarding the Trading Window closure pursuant to SEBI (Prohibition of Insider Trading) Regulations, 2015","Trading Window Max Financial Services Limited has informed the Exchange regarding the Trading Window closure pursuant to SEBI (Prohibition of Insider Trading) Regulations, 2015 https://nsearchives.nseindia.com/corporate/max_26122025115940_disbmandtradingwindowmfsl.pdf",OTHER,True,False,NEUTRAL,0.0,0.5,,v3.0,,,
MFSL,NSE_CORP_ANN,,Shareholders meeting,"Declaration of Postal Ballot Results with respect to Postal Ballot Notice dated November 11, 2025","Shareholders meeting Declaration of Postal Ballot Results with respect to Postal Ballot Notice dated November 11, 2025 https://nsearchives.nseindia.com/corporate/max_22122025154839_sedpostalballotresults22122025.pdf",OTHER,False,False,NEUTRAL,0.0,0.5,,v3.0,,,
MAXHEALTH,NSE_CORP_ANN,,Trading Window,"Max Healthcare Institute Limited has informed the Exchange regarding the Trading Window closure pursuant to SEBI (Prohibition of Insider Trading) Regulations, 2015","Trading Window Max Healthcare Institute Limited has informed the Exchange regarding the Trading Window closure pursuant to SEBI (Prohibition of Insider Trading) Regulations, 2015 https://nsearchives.nseindia.com/corporate/maxhealth_29122025183913_se_intimation_closure_of_trading_window.pdf",OTHER,True,False,NEUTRAL,0.0,0.5,,v3.0,,,
MAZDOCK,NSE_CORP_ANN,,Trading Window,"Mazagon Dock Shipbuilders Limited has informed the Exchange regarding the Trading Window closure pursuant to SEBI (Prohibition of Insider Trading) Regulations, 2015","Trading Window Mazagon Dock Shipbuilders Limited has informed the Exchange regarding the Trading Window closure pursuant to SEBI (Prohibition of Insider Trading) Regulations, 2015 https://nsearchives.nseindia.com/corporate/mazdock_22122025155650_se_disclosure_twc_for_dec_2025.pdf",OTHER,True,False,NEUTRAL,0.0,0.5,,v3.0,,,
MPHASIS,NSE_CORP_ANN,,Action(s) taken or orders passed,MphasiS Limited has informed the Exchange about Action(s) taken or orders passed,Action(s) taken or orders passed MphasiS Limited has informed the Exchange about Action(s) taken or orders passed https://nsearchives.nseindia.com/corporate/mphasis_25122025234903_mphasis_se_intimation_letter_dec_25.pdf,OTHER,False,False,NEUTRAL,0.0,0.5,,v3.0,,,
MPHASIS,NSE_CORP_ANN,,Analysts/Institutional Investor Meet/Con. Call Updates,MphasiS Limited has informed the Exchange about Schedule of meet,Analysts/Institutional Investor Meet/Con. Call Updates MphasiS Limited has informed the Exchange about Schedule of meet https://nsearchives.nseindia.com/corporate/mphasis_24122025185527_intimation_of_investor_or_analyst_meet.pdf,OTHER,True,False,NEUTRAL,0.0,0.5,,v3.0,,,
NBCC,NSE_CORP_ANN,,Updates,"NBCC (India) Limited has informed the Exchange regarding 'Settlement of land disputes between NBCC (India) Limited and the Government, NCT of Delhi (GNCTD)'.","Updates NBCC (India) Limited has informed the Exchange regarding 'Settlement of land disputes between NBCC (India) Limited and the Government, NCT of Delhi (GNCTD)'. https://nsearchives.nseindia.com/corporate/nbcc_26122025191715_settlement_of_disputes26122025.pdf",OTHER,False,True,WATCH,6.5,0.925,PATTERN_MATCH_dispute,v3.0,,,
NBCC,NSE_CORP_ANN,,Trading Window,"NBCC (India) Limited has informed the Exchange regarding the Trading Window closure pursuant to SEBI (Prohibition of Insider Trading) Regulations, 2015","Trading Window NBCC (India) Limited has informed the Exchange regarding the Trading Window closure pursuant to SEBI (Prohibition of Insider Trading) Regulations, 2015 https://nsearchives.nseindia.com/corporate/nbcc_26122025160420_nsebsetwcnotice_q3.pdf",OTHER,True,False,NEUTRAL,0.0,0.5,,v3.0,,,
NBCC,NSE_CORP_ANN,,Updates,NBCC (India) Limited has informed the Exchange regarding 'Intimation of Memorandum of Understanding (MoU) between NBCC (India) Limited and the Board of Mumbai Port Authority'.,Updates NBCC (India) Limited has informed the Exchange regarding 'Intimation of Memorandum of Understanding (MoU) between NBCC (India) Limited and the Board of Mumbai Port Authority'. https://nsearchives.nseindia.com/corporate/nbcc_24122025155948_moubordofmumbaiportandnbccnsebse24122025.pdf,OTHER,False,False,NEUTRAL,0.0,0.5,,v3.0,,,
NBCC,NSE_CORP_ANN,,Updates,NBCC (India) Limited has informed the Exchange regarding 'Intimation of purchase of land parcel in Dubai (UAE) '.,Updates NBCC (India) Limited has informed the Exchange regarding 'Intimation of purchase of land parcel in Dubai (UAE) '. https://nsearchives.nseindia.com/corporate/nbcc_24122025152817_intimation_of_purchase_of_land_parcel_in_dubai24122025.pdf,OTHER,False,False,NEUTRAL,0.0,0.5,,v3.0,,,
NBCC,NSE_CORP_ANN,,Change in Director(s),NBCC (India) Limited has informed the Exchange regarding Change in Director(s) of the company.,Change in Director(s) NBCC (India) Limited has informed the Exchange regarding Change in Director(s) of the company. https://nsearchives.nseindia.com/corporate/nbcc_23122025190914_change_in_management_shri_saleem_ahmad.pdf,OTHER,False,False,NEUTRAL,0.0,0.5,,v3.0,,,
NCC,NSE_CORP_ANN,,Copy of Newspaper Publication,NCC Limited has informed the Exchange about Copy of Newspaper Publication,Copy of Newspaper Publication NCC Limited has informed the Exchange about Copy of Newspaper Publication https://nsearchives.nseindia.com/corporate/ncc_27122025143950_submissionofnewspaperpublication.pdf,OTHER,True,False,NEUTRAL,0.0,0.5,,v3.0,,,
NCC,NSE_CORP_ANN,,Shareholders meeting,NCC Limited has informed the Exchange about Shareholders meeting,Shareholders meeting NCC Limited has informed the Exchange about Shareholders meeting https://nsearchives.nseindia.com/corporate/ncc_26122025165607_reg_30_pb__notice.pdf,OTHER,False,False,NEUTRAL,0.0,0.5,,v3.0,,,
NCC,NSE_CORP_ANN,,Trading Window,"NCC Limited has informed the Exchange regarding the Trading Window closure pursuant to SEBI (Prohibition of Insider Trading) Regulations, 2015","Trading Window NCC Limited has informed the Exchange regarding the Trading Window closure pursuant to SEBI (Prohibition of Insider Trading) Regulations, 2015 https://nsearchives.nseindia.com/corporate/ncc_26122025113031_tradingwindowclosure26dec25.pdf",OTHER,True,False,NEUTRAL,0.0,0.5,,v3.0,,,
NHPC,NSE_CORP_ANN,,General Updates,NHPC Limited has informed the Exchange about General Updates-Intimation regarding change in holding of subsidiary Company of NHPC Limited,General Updates NHPC Limited has informed the Exchange about General Updates-Intimation regarding change in holding of subsidiary Company of NHPC Limited https://nsearchives.nseindia.com/corporate/nhpc_29122025191914_intimation_change_holding_rhpcl_.pdf,OTHER,False,False,NEUTRAL,0.0,0.5,,v3.0,,,
NHPC,NSE_CORP_ANN,,Trading Window,"NHPC Limited has informed the Exchange regarding the Trading Window closure pursuant to SEBI (Prohibition of Insider Trading) Regulations, 2015","Trading Window NHPC Limited has informed the Exchange regarding the Trading Window closure pursuant to SEBI (Prohibition of Insider Trading) Regulations, 2015 https://nsearchives.nseindia.com/corporate/nhpc_29122025143554_stx_bm_tradingwindow_closure.pdf",OTHER,True,False,NEUTRAL,0.0,0.5,,v3.0,,,
NMDC,NSE_CORP_ANN,,Trading Window,"NMDC Limited has informed the Exchange regarding the Trading Window closure pursuant to SEBI (Prohibition of Insider Trading) Regulations, 2015","Trading Window NMDC Limited has informed the Exchange regarding the Trading Window closure pursuant to SEBI (Prohibition of Insider Trading) Regulations, 2015 https://nsearchives.nseindia.com/corporate/nmdc_29122025161614_20251229_sea2025062_tradingwindowcloser.pdf",OTHER,True,False,NEUTRAL,0.0,0.5,,v3.0,,,
NMDC,NSE_CORP_ANN,,General Updates,NMDC Limited has informed the Exchange about General Updates - MoU with the Colorado School of Mines for Academic & Research Collaboration,General Updates NMDC Limited has informed the Exchange about General Updates - MoU with the Colorado School of Mines for Academic & Research Collaboration https://nsearchives.nseindia.com/corporate/nmdc_24122025171127_20251224_sea2025061_mou_signed.pdf,OTHER,False,False,NEUTRAL,0.0,0.5,,v3.0,,,
NTPC,NSE_CORP_ANN,,General Updates,NTPC Limited has informed the Exchange about Declaration of Commercial Operation of Second & Last Part Capacity of 13 MW out of 23 MW of Solapur Solar PV Project at NTPC Solapur,General Updates NTPC Limited has informed the Exchange about Declaration of Commercial Operation of Second & Last Part Capacity of 13 MW out of 23 MW of Solapur Solar PV Project at NTPC Solapur https://nsearchives.nseindia.com/corporate/ishkumar_24122025205832_disclosurecod_solapur13mw.pdf,OTHER,False,False,NEUTRAL,0.0,0.5,,v3.0,,,
NTPC,NSE_CORP_ANN,,General Updates,NTPC Limited has informed the Exchange about declaration of COD of eighth part capacity of 69.04 MW out of 1255 MW Khavda-I Solar PV Project under CPSU scheme Phase-II Tranche-III  in Gujarat of NTPC Renewable Energy Limited,General Updates NTPC Limited has informed the Exchange about declaration of COD of eighth part capacity of 69.04 MW out of 1255 MW Khavda-I Solar PV Project under CPSU scheme Phase-II Tranche-III in Gujarat of NTPC Renewable Energy Limited https://nsearchives.nseindia.com/corporate/ishkumar_24122025174523_disclosurekhavda69mw.pdf,OTHER,False,False,NEUTRAL,0.0,0.5,,v3.0,,,
NTPC,NSE_CORP_ANN,,Trading Window,"NTPC Limited has informed the Exchange regarding the Trading Window closure pursuant to SEBI (Prohibition of Insider Trading) Regulations, 2015","Trading Window NTPC Limited has informed the Exchange regarding the Trading Window closure pursuant to SEBI (Prohibition of Insider Trading) Regulations, 2015 https://nsearchives.nseindia.com/corporate/ntpc2_24122025131834_stexintimationclosureoftradingwindow24122025.pdf",OTHER,True,False,NEUTRAL,0.0,0.5,,v3.0,,,
NTPC,NSE_CORP_ANN,,General Updates,NTPC Limited has informed the Exchange about formation of joint venture company with EDF Power Solutions of India Private Limited and formation of a wholly owned subsidiary in Mauritius,General Updates NTPC Limited has informed the Exchange about formation of joint venture company with EDF Power Solutions of India Private Limited and formation of a wholly owned subsidiary in Mauritius https://nsearchives.nseindia.com/corporate/ntpc2_23122025211638_stexincorporation.pdf,OTHER,True,False,NEUTRAL,0.0,0.5,,v3.0,,,
NATIONALUM,NSE_CORP_ANN,,Trading Window,"National Aluminium Company Limited has informed the Exchange regarding the Trading Window closure pursuant to SEBI (Prohibition of Insider Trading) Regulations, 2015","Trading Window National Aluminium Company Limited has informed the Exchange regarding the Trading Window closure pursuant to SEBI (Prohibition of Insider Trading) Regulations, 2015 https://nsearchives.nseindia.com/corporate/bharatsahu_22122025170113_selettertradingwindowclosure.pdf",OTHER,True,False,NEUTRAL,0.0,0.5,,v3.0,,,
NUVAMA,NSE_CORP_ANN,,Trading Window,"Nuvama Wealth Management Limited has informed the Exchange regarding the Trading Window closure pursuant to SEBI (Prohibition of Insider Trading) Regulations, 2015","Trading Window Nuvama Wealth Management Limited has informed the Exchange regarding the Trading Window closure pursuant to SEBI (Prohibition of Insider Trading) Regulations, 2015 https://nsearchives.nseindia.com/corporate/nwml_29122025172402_se_tradingwindow_december2025.pdf",OTHER,True,False,NEUTRAL,0.0,0.5,,v3.0,,,
NUVAMA,NSE_CORP_ANN,,General Updates,Nuvama Wealth Management Limited has informed the Exchange about General Updates,General Updates Nuvama Wealth Management Limited has informed the Exchange about General Updates https://nsearchives.nseindia.com/corporate/nwml_28122025134601_se_taxpenalty_2812.pdf,OTHER,False,True,WATCH,7.0,0.95,PATTERN_MATCH_penalty,v3.0,,,
OBEROIRLTY,NSE_CORP_ANN,,Resignation,"Oberoi Realty Limited has informed the Exchange regarding Resignation of Mr Sameep Pathak as a senior management personnel of the company w.e.f. December 26, 2025.","Resignation Oberoi Realty Limited has informed the Exchange regarding Resignation of Mr Sameep Pathak as a senior management personnel of the company w.e.f. December 26, 2025. https://nsearchives.nseindia.com/corporate/oberoirlty_26122025182942_intimation_resignation_sameep_pathak.pdf",OTHER,False,False,NEUTRAL,0.0,0.5,,v3.0,,,
OBEROIRLTY,NSE_CORP_ANN,,Reply to Clarification- Financial results,"The Exchange had sought clarification from Oberoi Realty Limited for the quarter ended 30-Sep-2025 with respect to Regulation 33 of the SEBI (Listing Obligations and Disclosure Requirements) Regulations, 2015. On basis of above the Company was required to clarify the following:  -1.Financial results submitted in XBRL with discrepancies   The response of the Company is enclosed.","Reply to Clarification- Financial results The Exchange had sought clarification from Oberoi Realty Limited for the quarter ended 30-Sep-2025 with respect to Regulation 33 of the SEBI (Listing Obligations and Disclosure Requirements) Regulations, 2015. On basis of above the Company was required to clarify the following: -1.Financial results submitted in XBRL with discrepancies The response of the Company is enclosed. https://nsearchives.nseindia.com/corporate/oberoirlty_18122025181826_orlletter_financial_18122025_signed.pdf",OTHER,False,False,NEUTRAL,0.0,0.5,,v3.0,,,
OIL,NSE_CORP_ANN,,Trading Window,"Oil India Limited has informed the Exchange regarding the Trading Window closure pursuant to SEBI (Prohibition of Insider Trading) Regulations, 2015","Trading Window Oil India Limited has informed the Exchange regarding the Trading Window closure pursuant to SEBI (Prohibition of Insider Trading) Regulations, 2015 https://nsearchives.nseindia.com/corporate/oil_26122025162159_closureoftradiongwindow26122025.pdf",OTHER,True,False,NEUTRAL,0.0,0.5,,v3.0,,,
PAYTM,NSE_CORP_ANN,,Shareholders meeting,One 97 Communications Limited has informed the Exchange regarding Notice of Postal Ballot,Shareholders meeting One 97 Communications Limited has informed the Exchange regarding Notice of Postal Ballot https://nsearchives.nseindia.com/corporate/paytm_29122025175038_se_disclosure_postal_ballot_notice_dec292025_sd.pdf,OTHER,False,False,NEUTRAL,0.0,0.5,,v3.0,,,
PAYTM,NSE_CORP_ANN,,Trading Window,"One 97 Communications Limited has informed the Exchange regarding the Trading Window closure pursuant to SEBI (Prohibition of Insider Trading) Regulations, 2015","Trading Window One 97 Communications Limited has informed the Exchange regarding the Trading Window closure pursuant to SEBI (Prohibition of Insider Trading) Regulations, 2015 https://nsearchives.nseindia.com/corporate/paytm_29122025174328_se_disclosure_-_trading_window_closure_dec312025_sd.pdf",OTHER,True,False,NEUTRAL,0.0,0.5,,v3.0,,,
PAYTM,NSE_CORP_ANN,,Sale or disposal,One 97 Communications Limited has informed the Exchange about Change in Status - From Wholly Owned Step Down Subsidiary to Step Down Subsidiary of the Company,Sale or disposal One 97 Communications Limited has informed the Exchange about Change in Status - From Wholly Owned Step Down Subsidiary to Step Down Subsidiary of the Company https://nsearchives.nseindia.com/corporate/paytm_22122025184127_se_disclosure_dec_22_2025_sd.pdf,OTHER,False,False,NEUTRAL,0.0,0.5,,v3.0,,,
PAYTM,NSE_CORP_ANN,,Incorporation,"One 97 Communications Limited has informed the Exchange about Incorporation of 2 (Two) overseas Step Down Wholly Owned Subsidiaries of the Company through Paytm Cloud Technologies Limited, a Wholly Owned Subsidiary of the Company","Incorporation One 97 Communications Limited has informed the Exchange about Incorporation of 2 (Two) overseas Step Down Wholly Owned Subsidiaries of the Company through Paytm Cloud Technologies Limited, a Wholly Owned Subsidiary of the Company https://nsearchives.nseindia.com/corporate/paytm_22122025182130_se_disclosure_dec_22_2025_sd.pdf",OTHER,True,False,NEUTRAL,0.0,0.5,,v3.0,,,
PGEL,NSE_CORP_ANN,,Trading Window,"PG Electroplast Limited has informed the Exchange regarding the Trading Window closure pursuant to SEBI (Prohibition of Insider Trading) Regulations, 2015","Trading Window PG Electroplast Limited has informed the Exchange regarding the Trading Window closure pursuant to SEBI (Prohibition of Insider Trading) Regulations, 2015 https://nsearchives.nseindia.com/corporate/pgel_24122025171914_trading_window_stx.pdf",OTHER,True,False,NEUTRAL,0.0,0.5,,v3.0,,,
PIIND,NSE_CORP_ANN,,Trading Window,"PI Industries Limited has informed the Exchange regarding the Trading Window closure pursuant to SEBI (Prohibition of Insider Trading) Regulations, 2015","Trading Window PI Industries Limited has informed the Exchange regarding the Trading Window closure pursuant to SEBI (Prohibition of Insider Trading) Regulations, 2015 https://nsearchives.nseindia.com/corporate/piind_24122025160815_trading_window_closure_dec_2025.pdf",OTHER,True,False,NEUTRAL,0.0,0.5,,v3.0,,,
PNBHOUSING,NSE_CORP_ANN,,Credit Rating,PNB Housing Finance Limited has informed the Exchange about Credit Rating,Credit Rating PNB Housing Finance Limited has informed the Exchange about Credit Rating https://nsearchives.nseindia.com/corporate/pnbhousing_29122025181721_intimationindiarating.pdf,OTHER,False,False,NEUTRAL,0.0,0.5,,v3.0,,,
PNBHOUSING,NSE_CORP_ANN,,Trading Window,"PNB Housing Finance Limited has informed the Exchange regarding the Trading Window closure pursuant to SEBI (Prohibition of Insider Trading) Regulations, 2015","Trading Window PNB Housing Finance Limited has informed the Exchange regarding the Trading Window closure pursuant to SEBI (Prohibition of Insider Trading) Regulations, 2015 https://nsearchives.nseindia.com/corporate/pnbhousing_27122025121852_se_intimation_closure_of_trading_window_31_dec_25_sd.pdf",OTHER,True,False,NEUTRAL,0.0,0.5,,v3.0,,,
PNBHOUSING,NSE_CORP_ANN,,ESOP/ESOS/ESPS,"PNB Housing Finance Limited has informed the Exchange regarding Grant of 200,000 ESOPs and 32,508 RSUs.","ESOP/ESOS/ESPS PNB Housing Finance Limited has informed the Exchange regarding Grant of 200,000 ESOPs and 32,508 RSUs. https://nsearchives.nseindia.com/corporate/pnbhousing_24122025204116_segrantofesoprsu_24dec25sd.pdf",OTHER,True,False,NEUTRAL,0.0,0.5,,v3.0,,,
PNBHOUSING,NSE_CORP_ANN,,Pendency of Litigation(s)/dispute(s) or the outcome impacting the Company,PNB Housing Finance Limited has informed the Exchange about Pendency of Litigation(s)/dispute(s),Pendency of Litigation(s)/dispute(s) or the outcome impacting the Company PNB Housing Finance Limited has informed the Exchange about Pendency of Litigation(s)/dispute(s) https://nsearchives.nseindia.com/corporate/pnbhousing_23122025215732_se_intimation_r30_cs.pdf,OTHER,False,True,WATCH,7.5,0.95,PATTERN_MATCH_pendency.*litigation,v3.0,,,
PAGEIND,NSE_CORP_ANN,,Trading Window,"Page Industries Limited has informed the Exchange regarding the Trading Window closure pursuant to SEBI (Prohibition of Insider Trading) Regulations, 2015","Trading Window Page Industries Limited has informed the Exchange regarding the Trading Window closure pursuant to SEBI (Prohibition of Insider Trading) Regulations, 2015 https://nsearchives.nseindia.com/corporate/pageind_26122025203909_tradingwindowclosureq3fy26.pdf",OTHER,True,False,NEUTRAL,0.0,0.5,,v3.0,,,
PATANJALI,NSE_CORP_ANN,,Trading Window,"Patanjali Foods Limited has informed the Exchange regarding the Trading Window closure pursuant to SEBI (Prohibition of Insider Trading) Regulations, 2015","Trading Window Patanjali Foods Limited has informed the Exchange regarding the Trading Window closure pursuant to SEBI (Prohibition of Insider Trading) Regulations, 2015 https://nsearchives.nseindia.com/corporate/ruchi_24122025110819_twcbsense.pdf",OTHER,True,False,NEUTRAL,0.0,0.5,,v3.0,,,
PERSISTENT,NSE_CORP_ANN,,Other Restructuring,Persistent Systems Limited has informed the Exchange about Other Restructuring,Other Restructuring Persistent Systems Limited has informed the Exchange about Other Restructuring https://nsearchives.nseindia.com/corporate/persistentuser1_24122025234342_pslintimationofexecutionofthespadecember2025signed.pdf,OTHER,False,False,NEUTRAL,0.0,0.5,,v3.0,,,
PERSISTENT,NSE_CORP_ANN,,Trading Window,"Persistent Systems Limited has informed the Exchange regarding the Trading Window closure pursuant to SEBI (Prohibition of Insider Trading) Regulations, 2015","Trading Window Persistent Systems Limited has informed the Exchange regarding the Trading Window closure pursuant to SEBI (Prohibition of Insider Trading) Regulations, 2015 https://nsearchives.nseindia.com/corporate/persistentuser1_24122025232940_psl_intimation_of_closure_of_trading_window_dec2025signed.pdf",OTHER,True,False,NEUTRAL,0.0,0.5,,v3.0,,,
PERSISTENT,NSE_CORP_ANN,,Analysts/Institutional Investor Meet/Con. Call Updates,Persistent Systems Limited has informed the Exchange about Presentation,Analysts/Institutional Investor Meet/Con. Call Updates Persistent Systems Limited has informed the Exchange about Presentation https://nsearchives.nseindia.com/corporate/persistentuser1_24122025183247_psloutcomedecember242025sd.pdf,OTHER,True,False,NEUTRAL,0.0,0.5,,v3.0,,,
PERSISTENT,NSE_CORP_ANN,,General Updates,Persistent Systems Limited has informed the Exchange about General Updates,General Updates Persistent Systems Limited has informed the Exchange about General Updates https://nsearchives.nseindia.com/corporate/persistentuser1_23122025223550_persistentsystemsupdateonsharetransferaglsigned.pdf,OTHER,False,False,NEUTRAL,0.0,0.5,,v3.0,,,
PIDILITIND,NSE_CORP_ANN,,Trading Window,"Pidilite Industries Limited has informed the Exchange regarding the Trading Window closure pursuant to SEBI (Prohibition of Insider Trading) Regulations, 2015","Trading Window Pidilite Industries Limited has informed the Exchange regarding the Trading Window closure pursuant to SEBI (Prohibition of Insider Trading) Regulations, 2015 https://nsearchives.nseindia.com/corporate/nisha_22122025165534_se_intimationwindowclosure.pdf",OTHER,True,False,NEUTRAL,0.0,0.5,,v3.0,,,
POLYCAB,NSE_CORP_ANN,,Trading Window,"Polycab India Limited has informed the Exchange regarding the Trading Window closure pursuant to SEBI (Prohibition of Insider Trading) Regulations, 2015","Trading Window Polycab India Limited has informed the Exchange regarding the Trading Window closure pursuant to SEBI (Prohibition of Insider Trading) Regulations, 2015 https://nsearchives.nseindia.com/corporate/polycab_29122025111614_intimation_trading_window_closure.pdf",OTHER,True,False,NEUTRAL,0.0,0.5,,v3.0,,,
PFC,NSE_CORP_ANN,,Trading Window,"Power Finance Corporation Limited has informed the Exchange regarding the Trading Window closure pursuant to SEBI (Prohibition of Insider Trading) Regulations, 2015","Trading Window Power Finance Corporation Limited has informed the Exchange regarding the Trading Window closure pursuant to SEBI (Prohibition of Insider Trading) Regulations, 2015 https://nsearchives.nseindia.com/corporate/pfc2023_29122025160131_intimation29122025_signed.pdf",OTHER,True,False,NEUTRAL,0.0,0.5,,v3.0,,,
POWERGRID,NSE_CORP_ANN,,Trading Window,"Power Grid Corporation of India Limited has informed the Exchange regarding the Trading Window closure pursuant to SEBI (Prohibition of Insider Trading) Regulations, 2015","Trading Window Power Grid Corporation of India Limited has informed the Exchange regarding the Trading Window closure pursuant to SEBI (Prohibition of Insider Trading) Regulations, 2015 https://nsearchives.nseindia.com/corporate/powergrid1_24122025145949_nsebsectw24122025.pdf",OTHER,True,False,NEUTRAL,0.0,0.5,,v3.0,,,
PRESTIGE,NSE_CORP_ANN,,Press Release,"Prestige Estates Projects Limited has informed the Exchange regarding a press release dated December 22, 2025, titled  Prestige Group Strengthens Chennai Portfolio with 25-Acre Acquisition in Medavakkam "".","Press Release Prestige Estates Projects Limited has informed the Exchange regarding a press release dated December 22, 2025, titled Prestige Group Strengthens Chennai Portfolio with 25-Acre Acquisition in Medavakkam "". https://nsearchives.nseindia.com/corporate/prestige_22122025203029_peplintimation221225.pdf",OTHER,False,False,NEUTRAL,0.0,0.5,,v3.0,,,
PNB,NSE_CORP_ANN,,Trading Window,"Punjab National Bank has informed the Exchange regarding the Trading Window closure pursuant to SEBI (Prohibition of Insider Trading) Regulations, 2015","Trading Window Punjab National Bank has informed the Exchange regarding the Trading Window closure pursuant to SEBI (Prohibition of Insider Trading) Regulations, 2015 https://nsearchives.nseindia.com/corporate/pnb2_29122025185302_intimation_trading_window_29122025_ds.pdf",OTHER,True,False,NEUTRAL,0.0,0.5,,v3.0,,,
PNB,NSE_CORP_ANN,,General Updates,Punjab National Bank has informed the Exchange about General Updates,General Updates Punjab National Bank has informed the Exchange about General Updates https://nsearchives.nseindia.com/corporate/pnb2_26122025191704_intimation_fraud_26122025_ds.pdf,OTHER,False,True,NEGATIVE,8.5,0.95,PATTERN_MATCH_fraud,v3.0,,,
RBLBANK,NSE_CORP_ANN,,Analysts/Institutional Investor Meet/Con. Call Updates,RBL Bank Limited has informed the Exchange about Schedule of meet,Analysts/Institutional Investor Meet/Con. Call Updates RBL Bank Limited has informed the Exchange about Schedule of meet https://nsearchives.nseindia.com/corporate/rblbank_23122025145115_intimationofinvestormeetdec232025signed.pdf,OTHER,True,False,NEUTRAL,0.0,0.5,,v3.0,,,
RBLBANK,NSE_CORP_ANN,,Trading Window,"RBL Bank Limited has informed the Exchange regarding the Trading Window closure pursuant to SEBI (Prohibition of Insider Trading) Regulations, 2015","Trading Window RBL Bank Limited has informed the Exchange regarding the Trading Window closure pursuant to SEBI (Prohibition of Insider Trading) Regulations, 2015 https://nsearchives.nseindia.com/corporate/rblbank_23122025112838_intimationoftwclosureq3fy2025_26signed.pdf",OTHER,True,False,NEUTRAL,0.0,0.5,,v3.0,,,
RBLBANK,NSE_CORP_ANN,,Updates,RBL Bank Limited has informed the Exchange regarding 'Allotment of Securities under ESOP'.,Updates RBL Bank Limited has informed the Exchange regarding 'Allotment of Securities under ESOP'. https://nsearchives.nseindia.com/corporate/rblbank_22122025145313_intimationofesopallotment_22122025_signed.pdf,OTHER,True,False,NEUTRAL,0.0,0.5,,v3.0,,,
RECLTD,NSE_CORP_ANN,,Copy of Newspaper Publication,REC Limited has informed the Exchange about Newspaper Clippings regarding notice for transfer of Unclaimed Dividends / Equity Shares to IEPF Authority.,Copy of Newspaper Publication REC Limited has informed the Exchange about Newspaper Clippings regarding notice for transfer of Unclaimed Dividends / Equity Shares to IEPF Authority. https://nsearchives.nseindia.com/corporate/recltd_29122025170954_dsc_rec_newspaper_clippings_29122025.pdf,OTHER,True,False,NEUTRAL,0.0,0.5,,v3.0,,,
RECLTD,NSE_CORP_ANN,,General Updates,Intimation of incorporation of subsidiary companies.,General Updates Intimation of incorporation of subsidiary companies. https://nsearchives.nseindia.com/corporate/recltd_26122025170422_signed_intimation_of_incorporation_of_subsidiary_companies.pdf,OTHER,True,False,NEUTRAL,0.0,0.5,,v3.0,,,
RECLTD,NSE_CORP_ANN,,Trading Window,"REC Limited has informed the Exchange regarding the Trading Window closure pursuant to SEBI (Prohibition of Insider Trading) Regulations, 2015","Trading Window REC Limited has informed the Exchange regarding the Trading Window closure pursuant to SEBI (Prohibition of Insider Trading) Regulations, 2015 https://nsearchives.nseindia.com/corporate/recltd_26122025163500_signed_intimation_for_closure_of_trading_window.pdf",OTHER,True,False,NEUTRAL,0.0,0.5,,v3.0,,,
RECLTD,NSE_CORP_ANN,,General Updates,Intimation of incorporation of subsidiary company.,General Updates Intimation of incorporation of subsidiary company. https://nsearchives.nseindia.com/corporate/recltd_25122025183228_signed_intimation_apta_251225.pdf,OTHER,True,False,NEUTRAL,0.0,0.5,,v3.0,,,
RVNL,NSE_CORP_ANN,,Price movement,"Significant movement in price has been observed in Rail Vikas Nigam Limited. The Exchange, in order to ensure that investors have latest relevant information about the company and to inform the market place so that the interest of the investors is safeguarded, has written to the company. The response from the company is awaited.","Price movement Significant movement in price has been observed in Rail Vikas Nigam Limited. The Exchange, in order to ensure that investors have latest relevant information about the company and to inform the market place so that the interest of the investors is safeguarded, has written to the company. The response from the company is awaited.",OTHER,False,False,NEUTRAL,0.0,0.5,,v3.0,,,
RVNL,NSE_CORP_ANN,,Updates,Rail Vikas Nigam Limited emerges as the Lowest Bidder (L1) from East Coast Railway- Normal course of business of the Company.,Updates Rail Vikas Nigam Limited emerges as the Lowest Bidder (L1) from East Coast Railway- Normal course of business of the Company. https://nsearchives.nseindia.com/corporate/rvnl_29122025170818_coveringletter29122025.pdf,OTHER,False,False,NEUTRAL,0.0,0.5,,v3.0,,,
RVNL,NSE_CORP_ANN,,Action(s) taken or orders passed,"Demand Notice received from the Office of the Deputy Commissioner Jurisdiction: BEGUMPETSTU3, Telangana State, Hyderabad","Action(s) taken or orders passed Demand Notice received from the Office of the Deputy Commissioner Jurisdiction: BEGUMPETSTU3, Telangana State, Hyderabad https://nsearchives.nseindia.com/corporate/rvnl_24122025133626_coveringletter24122025.pdf",OTHER,False,True,WATCH,7.5,0.95,PATTERN_MATCH_demand notice,v3.0,,,
RVNL,NSE_CORP_ANN,,Trading Window,"Rail Vikas Nigam Limited has informed the Exchange regarding the Trading Window closure pursuant to SEBI (Prohibition of Insider Trading) Regulations, 2015","Trading Window Rail Vikas Nigam Limited has informed the Exchange regarding the Trading Window closure pursuant to SEBI (Prohibition of Insider Trading) Regulations, 2015 https://nsearchives.nseindia.com/corporate/rvnl_24122025120414_twc23122025_signed.pdf",OTHER,True,False,NEUTRAL,0.0,0.5,,v3.0,,,
RVNL,NSE_CORP_ANN,,Action(s) taken or orders passed,"Demand Notice received from the Office of the Assistant Commissioner Range-2, Division-1, Ahmedabad, Gujarat state","Action(s) taken or orders passed Demand Notice received from the Office of the Assistant Commissioner Range-2, Division-1, Ahmedabad, Gujarat state https://nsearchives.nseindia.com/corporate/rvnl_24122025114328_coveringletter24122025.pdf",OTHER,False,True,WATCH,7.5,0.95,PATTERN_MATCH_demand notice,v3.0,,,
RVNL,NSE_CORP_ANN,,Appointment,Rail Vikas Nigam Limited has informed the Exchange regarding Appointment of Mr. Saleem Ahmad as Chairman & Managing Director of the company w.e.f. 23.12.2025 (A/N).,Appointment Rail Vikas Nigam Limited has informed the Exchange regarding Appointment of Mr. Saleem Ahmad as Chairman & Managing Director of the company w.e.f. 23.12.2025 (A/N). https://nsearchives.nseindia.com/corporate/rvnl_23122025191755_changeinmgt23122025.pdf,OTHER,False,False,NEUTRAL,0.0,0.5,,v3.0,,,
RVNL,NSE_CORP_ANN,,Cessation,Rail Vikas Nigam Limited has informed the Exchange regarding Cessation of Mr. Sukhmal Chand Jain as Chairman & Managing Director of the company w.e.f. 23.12.2025 (A/N).,Cessation Rail Vikas Nigam Limited has informed the Exchange regarding Cessation of Mr. Sukhmal Chand Jain as Chairman & Managing Director of the company w.e.f. 23.12.2025 (A/N). https://nsearchives.nseindia.com/corporate/rvnl_23122025191548_changeinmgt23122025.pdf,OTHER,False,False,NEUTRAL,0.0,0.5,,v3.0,,,
RVNL,NSE_CORP_ANN,,Action(s) taken or orders passed,"Demand Notice received from the Office of the Deputy Commissioner DGSTO-1, Bengaluru,Karnataka","Action(s) taken or orders passed Demand Notice received from the Office of the Deputy Commissioner DGSTO-1, Bengaluru,Karnataka https://nsearchives.nseindia.com/corporate/rvnl_23122025113125_coveringletter23122025.pdf",OTHER,False,True,WATCH,7.5,0.95,PATTERN_MATCH_demand notice,v3.0,,,
RVNL,NSE_CORP_ANN,,Action(s) taken or orders passed,"Demand Notice received from the Office of the Assistant Commissioner (ST), Alwarpet, South-I, Chennai South, Tamil Nadu","Action(s) taken or orders passed Demand Notice received from the Office of the Assistant Commissioner (ST), Alwarpet, South-I, Chennai South, Tamil Nadu https://nsearchives.nseindia.com/corporate/rvnl_22122025145549_coveringletter22122025.pdf",OTHER,False,True,WATCH,7.5,0.95,PATTERN_MATCH_demand notice,v3.0,,,
RELIANCE,NSE_CORP_ANN,,Action(s) taken or orders passed,"Disclosure under Regulation 30 of the Securities and Exchange Board of India (Listing Obligations and Disclosure Requirements) Regulations, 2015 is attached.","Action(s) taken or orders passed Disclosure under Regulation 30 of the Securities and Exchange Board of India (Listing Obligations and Disclosure Requirements) Regulations, 2015 is attached. https://nsearchives.nseindia.com/corporate/pvivinma_24122025190151_ril_se24122025.pdf",OTHER,False,False,NEUTRAL,0.0,0.5,,v3.0,,,
RELIANCE,NSE_CORP_ANN,,Credit Rating,Reliance Industries Limited has informed the Exchange about Credit Rating,Credit Rating Reliance Industries Limited has informed the Exchange about Credit Rating https://nsearchives.nseindia.com/corporate/niyer_23122025200055_se_indiarating.pdf,OTHER,False,False,NEUTRAL,0.0,0.5,,v3.0,,,
SBICARD,NSE_CORP_ANN,,Trading Window,"Sbi Cards And Payment Services Limited has informed the Exchange regarding the Trading Window closure pursuant to SEBI (Prohibition of Insider Trading) Regulations, 2015","Trading Window Sbi Cards And Payment Services Limited has informed the Exchange regarding the Trading Window closure pursuant to SEBI (Prohibition of Insider Trading) Regulations, 2015 https://nsearchives.nseindia.com/corporate/sbicpsl_26122025173137_sefilingclosureoftradingwindow.pdf",OTHER,True,False,NEUTRAL,0.0,0.5,,v3.0,,,
SBICARD,NSE_CORP_ANN,,ESOP/ESOS/ESPS,SBI Cards and Payment Services Limited has informed the Exchange regarding Allotment of 29896  Shares.,ESOP/ESOS/ESPS SBI Cards and Payment Services Limited has informed the Exchange regarding Allotment of 29896 Shares. https://nsearchives.nseindia.com/corporate/sbicards_22122025180315_sefilingesopallotmentdecember2025.pdf,OTHER,True,False,NEUTRAL,0.0,0.5,,v3.0,,,
SBILIFE,NSE_CORP_ANN,,General Updates,SBI Life Insurance Company Limited has informed the Exchange about General Updates,General Updates SBI Life Insurance Company Limited has informed the Exchange about General Updates https://nsearchives.nseindia.com/corporate/sbilife_28122025171418_dh28122025_signed.pdf,OTHER,False,False,NEUTRAL,0.0,0.5,,v3.0,,,
SBILIFE,NSE_CORP_ANN,,General Updates,SBI Life Insurance Company Limited has informed the Exchange about General Updates,General Updates SBI Life Insurance Company Limited has informed the Exchange about General Updates https://nsearchives.nseindia.com/corporate/sbilife_26122025224027_mh26122025_signed.pdf,OTHER,False,False,NEUTRAL,0.0,0.5,,v3.0,,,
SBILIFE,NSE_CORP_ANN,,Trading Window,"SBI Life Insurance Company Limited has informed the Exchange regarding the Trading Window closure pursuant to SEBI (Prohibition of Insider Trading) Regulations, 2015","Trading Window SBI Life Insurance Company Limited has informed the Exchange regarding the Trading Window closure pursuant to SEBI (Prohibition of Insider Trading) Regulations, 2015 https://nsearchives.nseindia.com/corporate/sbilife_26122025182323_ctw26122025_signed.pdf",OTHER,True,False,NEUTRAL,0.0,0.5,,v3.0,,,
SBILIFE,NSE_CORP_ANN,,General Updates,"Intimation under Regulation 30 read with Para A of Part A of Schedule III of the Securities and Exchange Board of India (Listing Obligations and Disclosure Requirements) Regulations, 2015.","General Updates Intimation under Regulation 30 read with Para A of Part A of Schedule III of the Securities and Exchange Board of India (Listing Obligations and Disclosure Requirements) Regulations, 2015. https://nsearchives.nseindia.com/corporate/sbilife_22122025221617_intimation22122025.pdf",OTHER,False,False,NEUTRAL,0.0,0.5,,v3.0,,,
SHREECEM,NSE_CORP_ANN,,General Updates,"SHREE CEMENT LIMITED has informed the Exchange regarding receipt of demand order from Excise & Taxation Officer, State Mohali, Ropar, Punjab","General Updates SHREE CEMENT LIMITED has informed the Exchange regarding receipt of demand order from Excise & Taxation Officer, State Mohali, Ropar, Punjab https://nsearchives.nseindia.com/corporate/shreecem_29122025135057_nse_bse_demand_order_291225.pdf",OTHER,False,True,WATCH,7.0,0.95,PATTERN_MATCH_tax.*order,v3.0,,,
SHREECEM,NSE_CORP_ANN,,General Updates,"SHREE CEMENT LIMITED has informed the Exchange about receipt of GST Demand order from Deputy Commissioner, State Tax, Special Circle, Patna, Bihar","General Updates SHREE CEMENT LIMITED has informed the Exchange about receipt of GST Demand order from Deputy Commissioner, State Tax, Special Circle, Patna, Bihar https://nsearchives.nseindia.com/corporate/shreecem_27122025145632_nse_bse_demand_order_271225.pdf",OTHER,False,True,WATCH,7.0,0.95,PATTERN_MATCH_gst.*order,v3.0,,,
SHREECEM,NSE_CORP_ANN,,Strikes/Lockouts/Disturbances,SHREE CEMENT LIMITED has informed the Exchange about strikes/lockouts/disturbances,Strikes/Lockouts/Disturbances SHREE CEMENT LIMITED has informed the Exchange about strikes/lockouts/disturbances https://nsearchives.nseindia.com/corporate/shreecem_23122025124324_nse_bse_raipur_strike_end_231225.pdf,OTHER,False,False,NEUTRAL,0.0,0.5,,v3.0,,,
SHREECEM,NSE_CORP_ANN,,Trading Window,"SHREE CEMENT LIMITED has informed the Exchange regarding the Trading Window closure pursuant to SEBI (Prohibition of Insider Trading) Regulations, 2015","Trading Window SHREE CEMENT LIMITED has informed the Exchange regarding the Trading Window closure pursuant to SEBI (Prohibition of Insider Trading) Regulations, 2015 https://nsearchives.nseindia.com/corporate/shreecem_22122025174034_nse_bse_trading_window_221225.pdf",OTHER,True,False,NEUTRAL,0.0,0.5,,v3.0,,,
SAMMAANCAP,NSE_CORP_ANN,,Updates,"Sammaan Capital Limited has informed the Exchange regarding 'Pursuant to Regulation 57 of Securities and Exchange Board of India (Listing Obligations and Disclosure Requirements) Regulations, 2015, we hereby certify that our Company has made timely payment of Scheduled principal and interest amount in respect of the NCDs issued by our Company, on private placement basis'.","Updates Sammaan Capital Limited has informed the Exchange regarding 'Pursuant to Regulation 57 of Securities and Exchange Board of India (Listing Obligations and Disclosure Requirements) Regulations, 2015, we hereby certify that our Company has made timely payment of Scheduled principal and interest amount in respect of the NCDs issued by our Company, on private placement basis'. https://nsearchives.nseindia.com/corporate/ihfl_29122025191018_scl_exchange_pp_intimation_57_29122025_dn6.pdf",OTHER,False,False,NEUTRAL,0.0,0.5,,v3.0,,,
SAMMAANCAP,NSE_CORP_ANN,,Updates,"Sammaan Capital Limited has informed the Exchange regarding 'Pursuant to Regulation 57 of Securities and Exchange Board of India (Listing Obligations and Disclosure Requirements) Regulations, 2015, we hereby certify that our Company has made timely payment of interest amount in respect of the following Secured Redeemable Non-convertible Debentures, issued by our Company, through Public Issue, and listed on the Stock Exchange'. For details,refer attachment.","Updates Sammaan Capital Limited has informed the Exchange regarding 'Pursuant to Regulation 57 of Securities and Exchange Board of India (Listing Obligations and Disclosure Requirements) Regulations, 2015, we hereby certify that our Company has made timely payment of interest amount in respect of the following Secured Redeemable Non-convertible Debentures, issued by our Company, through Public Issue, and listed on the Stock Exchange'. For details,refer attachment. https://nsearchives.nseindia.com/corporate/ihfl_26122025203542_scl_exchange_retail_intimation_57_26122025_vi8.pdf",OTHER,False,False,NEUTRAL,0.0,0.5,,v3.0,,,
SAMMAANCAP,NSE_CORP_ANN,,Updates,"Sammaan Capital Limited has informed the Exchange regarding 'Pursuant to Regulation 57 of Securities and Exchange Board of India (Listing Obligations and Disclosure Requirements) Regulations, 2015, we hereby certify that our Company has made timely payment of interest amount in respect of the Secured Redeemable Non-convertible Debentures issued by our Company, through Public Issue, and listed on the Stock Exchange'.","Updates Sammaan Capital Limited has informed the Exchange regarding 'Pursuant to Regulation 57 of Securities and Exchange Board of India (Listing Obligations and Disclosure Requirements) Regulations, 2015, we hereby certify that our Company has made timely payment of interest amount in respect of the Secured Redeemable Non-convertible Debentures issued by our Company, through Public Issue, and listed on the Stock Exchange'. https://nsearchives.nseindia.com/corporate/ihfl_26122025202945_scl_exchange_retail_intimation_57_26122025_op8.pdf",OTHER,False,False,NEUTRAL,0.0,0.5,,v3.0,,,
SAMMAANCAP,NSE_CORP_ANN,,Updates,"Sammaan Capital Limited has informed the Exchange regarding 'Pursuant to Regulation 57 of Securities and Exchange Board of India (Listing Obligations and Disclosure Requirements) Regulations, 2015, we hereby certify that our Company has made timely payment of interest amount in respect of the Secured Redeemable Non-convertible Debentures, issued by our Company, through Public Issue, and listed on the Stock Exchange'.","Updates Sammaan Capital Limited has informed the Exchange regarding 'Pursuant to Regulation 57 of Securities and Exchange Board of India (Listing Obligations and Disclosure Requirements) Regulations, 2015, we hereby certify that our Company has made timely payment of interest amount in respect of the Secured Redeemable Non-convertible Debentures, issued by our Company, through Public Issue, and listed on the Stock Exchange'. https://nsearchives.nseindia.com/corporate/ihfl_26122025195701_scl_retail_intimation_57_26122025_lu4.pdf",OTHER,False,False,NEUTRAL,0.0,0.5,,v3.0,,,
SAMMAANCAP,NSE_CORP_ANN,,Updates,"Sammaan Capital Limited has informed the Exchange regarding 'Pursuant to Regulation 57 of Securities and Exchange Board of India (Listing Obligations and Disclosure Requirements) Regulations, 2015, we hereby certify that our Company has made timely payment of interest amount in respect of the Secured Redeemable Non-convertible Debentures, issued by our Company, through Public Issue, and listed on the Stock Exchange'.","Updates Sammaan Capital Limited has informed the Exchange regarding 'Pursuant to Regulation 57 of Securities and Exchange Board of India (Listing Obligations and Disclosure Requirements) Regulations, 2015, we hereby certify that our Company has made timely payment of interest amount in respect of the Secured Redeemable Non-convertible Debentures, issued by our Company, through Public Issue, and listed on the Stock Exchange'. https://nsearchives.nseindia.com/corporate/ihfl_26122025193607_scl_retail_intimation_57_26122025_mk3.pdf",OTHER,False,False,NEUTRAL,0.0,0.5,,v3.0,,,
SAMMAANCAP,NSE_CORP_ANN,,Updates,"Sammaan Capital Limited has informed the Exchange regarding 'Pursuant to Regulation 57 of Securities and Exchange Board of India (Listing Obligations and Disclosure Requirements) Regulations, 2015, we hereby certify that our Company has made timely payment of schedule principal and interest amount in respect of the following Secured Redeemable Non-convertible Debentures, issued by our Company, through Public Issue, and listed on the Stock Exchange. For details, refer attachment.'.","Updates Sammaan Capital Limited has informed the Exchange regarding 'Pursuant to Regulation 57 of Securities and Exchange Board of India (Listing Obligations and Disclosure Requirements) Regulations, 2015, we hereby certify that our Company has made timely payment of schedule principal and interest amount in respect of the following Secured Redeemable Non-convertible Debentures, issued by our Company, through Public Issue, and listed on the Stock Exchange. For details, refer attachment.'. https://nsearchives.nseindia.com/corporate/ihfl_26122025153515_scl_exchange_intimation_57_26122025_nd6.pdf",OTHER,False,False,NEUTRAL,0.0,0.5,,v3.0,,,
SAMMAANCAP,NSE_CORP_ANN,,Updates,"Sammaan Capital Limited has informed the Exchange regarding 'Pursuant to Regulation 57 of Securities and Exchange Board of India (Listing Obligations and Disclosure Requirements) Regulations, 2015, we hereby certify that our Company has made timely payment of Scheduled principal and interest amount in respect of the following Secured Redeemable Non-convertible Debentures, issued by our Company, through Public Issue, and listed on the Stock Exchange:. For details, refer attachment.'.","Updates Sammaan Capital Limited has informed the Exchange regarding 'Pursuant to Regulation 57 of Securities and Exchange Board of India (Listing Obligations and Disclosure Requirements) Regulations, 2015, we hereby certify that our Company has made timely payment of Scheduled principal and interest amount in respect of the following Secured Redeemable Non-convertible Debentures, issued by our Company, through Public Issue, and listed on the Stock Exchange:. For details, refer attachment.'. https://nsearchives.nseindia.com/corporate/ihfl_26122025151256_scl_exchange_retail_intimation_57_26122025_re5.pdf",OTHER,False,False,NEUTRAL,0.0,0.5,,v3.0,,,
SAMMAANCAP,NSE_CORP_ANN,,Updates,"Sammaan Capital Limited has informed the Exchange regarding 'Pursuant to Regulation 57 of Securities and Exchange Board of India (Listing Obligations and Disclosure Requirements) Regulations, 2015, we hereby certify that our Company has made timely payment of interest amount in respect of the following Secured Redeemable Non-Convertible Debentures, issued by our Company, through Public Issue, and listed on the Stock Exchange. For details, refer attachment.'.","Updates Sammaan Capital Limited has informed the Exchange regarding 'Pursuant to Regulation 57 of Securities and Exchange Board of India (Listing Obligations and Disclosure Requirements) Regulations, 2015, we hereby certify that our Company has made timely payment of interest amount in respect of the following Secured Redeemable Non-Convertible Debentures, issued by our Company, through Public Issue, and listed on the Stock Exchange. For details, refer attachment.'. https://nsearchives.nseindia.com/corporate/ihfl_26122025150033_scl_retail_intimation_-57__2612025_pm2.pdf",OTHER,False,False,NEUTRAL,0.0,0.5,,v3.0,,,
SAMMAANCAP,NSE_CORP_ANN,,Updates,"Sammaan Capital Limited has informed the Exchange regarding 'Pursuant to Regulation 57 of Securities and Exchange Board of India (Listing Obligations and Disclosure Requirements) Regulations, 2015, we hereby certify that our Company has made timely payment of interest amount in respect of the following Secured Redeemable Non-convertible Debentures issued by our Company, through Public Issue, and listed on the Stock Exchange. For details, refer attachment.'.","Updates Sammaan Capital Limited has informed the Exchange regarding 'Pursuant to Regulation 57 of Securities and Exchange Board of India (Listing Obligations and Disclosure Requirements) Regulations, 2015, we hereby certify that our Company has made timely payment of interest amount in respect of the following Secured Redeemable Non-convertible Debentures issued by our Company, through Public Issue, and listed on the Stock Exchange. For details, refer attachment.'. https://nsearchives.nseindia.com/corporate/ihfl_26122025144203_interest_scl_retail_intimation_57_26122025_sb9.pdf",OTHER,False,False,NEUTRAL,0.0,0.5,,v3.0,,,
SAMMAANCAP,NSE_CORP_ANN,,Updates,"Sammaan Capital Limited has informed the Exchange regarding 'Pursuant to Regulation 57 of Securities and Exchange Board of India (Listing Obligations and Disclosure Requirements) Regulations, 2015, we hereby certify that our Company has made timely payment of interest amount in respect of the following Secured Redeemable Non-Convertible Debentures and Unsecured Redeemable Non-Convertible Debentures, issued by our Company, through Public Issue, and listed on the Stock Exchange. For details, refer attachment.'.","Updates Sammaan Capital Limited has informed the Exchange regarding 'Pursuant to Regulation 57 of Securities and Exchange Board of India (Listing Obligations and Disclosure Requirements) Regulations, 2015, we hereby certify that our Company has made timely payment of interest amount in respect of the following Secured Redeemable Non-Convertible Debentures and Unsecured Redeemable Non-Convertible Debentures, issued by our Company, through Public Issue, and listed on the Stock Exchange. For details, refer attachment.'. https://nsearchives.nseindia.com/corporate/ihfl_26122025143331_scl_exchange_retail_intimation_26122025_gj.pdf",OTHER,False,False,NEUTRAL,0.0,0.5,,v3.0,,,
SAMMAANCAP,NSE_CORP_ANN,,Allotment of Securities,"Sammaan Capital Limited has informed the Exchange Pursuant to the applicable provisions of Securities and Exchange Board of India (Listing Obligations and Disclosure Requirements) Regulations, 2015, we wish to inform that Nomination & Remuneration Committee of the Board of Directors of the Company vide its resolution passed through Circulation today i.e. on December 25, 2025, has issued and allotted 3,00,617 (Three Lacs Six Hundred and Seventeen) fully paid-up Equity shares of face value INR 2/- each, to eligible employees, upon exercise of equivalent number of options vested in their favour under  Indiabulls Housing Finance Limited Employees Stock Option Scheme   2013  ( ESOP 2013 ).For details refer attach PDF.","Allotment of Securities Sammaan Capital Limited has informed the Exchange Pursuant to the applicable provisions of Securities and Exchange Board of India (Listing Obligations and Disclosure Requirements) Regulations, 2015, we wish to inform that Nomination & Remuneration Committee of the Board of Directors of the Company vide its resolution passed through Circulation today i.e. on December 25, 2025, has issued and allotted 3,00,617 (Three Lacs Six Hundred and Seventeen) fully paid-up Equity shares of face value INR 2/- each, to eligible employees, upon exercise of equivalent number of options vested in their favour under Indiabulls Housing Finance Limited Employees Stock Option Scheme 2013 ( ESOP 2013 ).For details refer attach PDF. https://nsearchives.nseindia.com/corporate/ihfl_25122025225132_scl_esop_allotment_25dec25.pdf",OTHER,True,False,NEUTRAL,0.0,0.5,,v3.0,,,
SAMMAANCAP,NSE_CORP_ANN,,Updates,"Sammaan Capital Limited has informed the Exchange regarding 'Pursuant to Regulations 30 and 57 of Securities and Exchange Board of India (Listing Obligations and Disclosure Requirements) Regulations, 2015, we hereby certify that our Company has made timely payment of interest amount in respect of the Secured Redeemable Non-convertible Debentures, issued by our Company, through Public Issue, and listed on the Stock Exchange'.","Updates Sammaan Capital Limited has informed the Exchange regarding 'Pursuant to Regulations 30 and 57 of Securities and Exchange Board of India (Listing Obligations and Disclosure Requirements) Regulations, 2015, we hereby certify that our Company has made timely payment of interest amount in respect of the Secured Redeemable Non-convertible Debentures, issued by our Company, through Public Issue, and listed on the Stock Exchange'. https://nsearchives.nseindia.com/corporate/ihfl_24122025185200_scl_exchange_retail_intimation_57_24122025_ui0.pdf",OTHER,False,False,NEUTRAL,0.0,0.5,,v3.0,,,
SAMMAANCAP,NSE_CORP_ANN,,Updates,"Sammaan Capital Limited has informed the Exchange regarding 'Pursuant to Regulations 30 and 57 of Securities and Exchange Board of India (Listing Obligations and Disclosure Requirements) Regulations, 2015, we hereby certify that our Company has made timely payment of interest amount in respect of the Secured Redeemable Non-convertible Debentures and Unsecured Redeemable Non-Convertible Debentures issued by our Company, through Public Issue, and listed on the Stock Exchange'.","Updates Sammaan Capital Limited has informed the Exchange regarding 'Pursuant to Regulations 30 and 57 of Securities and Exchange Board of India (Listing Obligations and Disclosure Requirements) Regulations, 2015, we hereby certify that our Company has made timely payment of interest amount in respect of the Secured Redeemable Non-convertible Debentures and Unsecured Redeemable Non-Convertible Debentures issued by our Company, through Public Issue, and listed on the Stock Exchange'. https://nsearchives.nseindia.com/corporate/ihfl_24122025184123_scl_exchange_retail_intimation_57_24122025.pdf",OTHER,False,False,NEUTRAL,0.0,0.5,,v3.0,,,
SAMMAANCAP,NSE_CORP_ANN,,Updates,"Sammaan Capital Limited has informed the Exchange regarding 'Pursuant to Regulations 30 and 57 of Securities and Exchange Board of India (Listing Obligations and Disclosure Requirements) Regulations, 2015, we hereby certify that our Company has made timely payment of interest amount in respect of the following Secured Redeemable Non-convertible Debentures issued by our Company, through Public Issue, and listed on the Stock Exchange. For details, refer attachment.'.","Updates Sammaan Capital Limited has informed the Exchange regarding 'Pursuant to Regulations 30 and 57 of Securities and Exchange Board of India (Listing Obligations and Disclosure Requirements) Regulations, 2015, we hereby certify that our Company has made timely payment of interest amount in respect of the following Secured Redeemable Non-convertible Debentures issued by our Company, through Public Issue, and listed on the Stock Exchange. For details, refer attachment.'. https://nsearchives.nseindia.com/corporate/ihfl_22122025184432_scl_exchange_retail_intimation_57_22122025_nv8.pdf",OTHER,False,False,NEUTRAL,0.0,0.5,,v3.0,,,
MOTHERSON,NSE_CORP_ANN,,General Updates,Samvardhana Motherson International Limited has informed the exchange regarding update on acquisition.,General Updates Samvardhana Motherson International Limited has informed the exchange regarding update on acquisition. https://nsearchives.nseindia.com/corporate/motherson_25122025214858_disclosure_hrdpl.pdf,OTHER,False,False,NEUTRAL,0.0,0.5,,v3.0,,,
MOTHERSON,NSE_CORP_ANN,,General Updates,"Samvardhana Motherson International Limited has submitted with the Stock Exchange intimation under Regulation 30 of SEBI (Listing Obligations and Disclosure Requirements), Regulation, 2015.","General Updates Samvardhana Motherson International Limited has submitted with the Stock Exchange intimation under Regulation 30 of SEBI (Listing Obligations and Disclosure Requirements), Regulation, 2015. https://nsearchives.nseindia.com/corporate/motherson_25122025172511_se_disclosure_penalty.pdf",OTHER,False,True,WATCH,7.0,0.95,PATTERN_MATCH_penalty,v3.0,,,
MOTHERSON,NSE_CORP_ANN,,General Updates,Samvardhana Motherson International Limited has informed the exchange regarding completion of acquisition of Onega Solar Private Limited through its wholly owned subsidiary namely Motherson New Energy Limited.,General Updates Samvardhana Motherson International Limited has informed the exchange regarding completion of acquisition of Onega Solar Private Limited through its wholly owned subsidiary namely Motherson New Energy Limited. https://nsearchives.nseindia.com/corporate/motherson_24122025204120_disclosure.pdf,OTHER,False,False,NEUTRAL,0.0,0.5,,v3.0,,,
MOTHERSON,NSE_CORP_ANN,,Trading Window,"Samvardhana Motherson International Limited has informed the Exchange regarding the Trading Window closure pursuant to SEBI (Prohibition of Insider Trading) Regulations, 2015","Trading Window Samvardhana Motherson International Limited has informed the Exchange regarding the Trading Window closure pursuant to SEBI (Prohibition of Insider Trading) Regulations, 2015 https://nsearchives.nseindia.com/corporate/motherson_24122025161539_disclosure_twc.pdf",OTHER,True,False,NEUTRAL,0.0,0.5,,v3.0,,,
MOTHERSON,NSE_CORP_ANN,,Shareholders meeting,Samvardhana Motherson International Limited has submitted with Stock Exchange a copy of voting results and scrutinizer report to the postal ballot.,Shareholders meeting Samvardhana Motherson International Limited has submitted with Stock Exchange a copy of voting results and scrutinizer report to the postal ballot. https://nsearchives.nseindia.com/corporate/motherson_22122025193353_se_disclosure_postal_ballot_22122025.pdf,OTHER,True,False,NEUTRAL,0.0,0.5,,v3.0,,,
MOTHERSON,NSE_CORP_ANN,,General Updates,"Samvardhana Motherson International Limited has submitted with the Stock Exchange Investors Presentation with respect to acquisition disclosure dated December 22, 2025.","General Updates Samvardhana Motherson International Limited has submitted with the Stock Exchange Investors Presentation with respect to acquisition disclosure dated December 22, 2025. https://nsearchives.nseindia.com/corporate/motherson_22122025145406_se_disclosure.pdf",OTHER,False,False,NEUTRAL,0.0,0.5,,v3.0,,,
MOTHERSON,NSE_CORP_ANN,,General Updates,"Samvardhana Motherson International Limited has informed the Stock Exchange regarding acquisition by Motherson Global Investments B.V., indirect wholly owned subsidiary of the Company, of the business including assets and certain real estate of Nexans autoelectric GmbH and Elektrokontact GmbH and shares in the foreign subsidiaries of Nexans autoelectric GmbH and Elektrokontact GmbH.","General Updates Samvardhana Motherson International Limited has informed the Stock Exchange regarding acquisition by Motherson Global Investments B.V., indirect wholly owned subsidiary of the Company, of the business including assets and certain real estate of Nexans autoelectric GmbH and Elektrokontact GmbH and shares in the foreign subsidiaries of Nexans autoelectric GmbH and Elektrokontact GmbH. https://nsearchives.nseindia.com/corporate/motherson_22122025145055_se_disclosure.pdf",OTHER,False,False,NEUTRAL,0.0,0.5,,v3.0,,,
MOTHERSON,NSE_CORP_ANN,,Press Release,"Samvardhana Motherson International Limited has informed the Exchange regarding a press release dated December 22, 2025, titled ""Press Release "".","Press Release Samvardhana Motherson International Limited has informed the Exchange regarding a press release dated December 22, 2025, titled ""Press Release "". https://nsearchives.nseindia.com/corporate/motherson_22122025144652_se_disclosure.pdf",OTHER,False,False,NEUTRAL,0.0,0.5,,v3.0,,,
SHRIRAMFIN,NSE_CORP_ANN,,Credit Rating- Revision,Shriram Finance Limited has informed the Exchange about Credit Rating- Revision,Credit Rating- Revision Shriram Finance Limited has informed the Exchange about Credit Rating- Revision https://nsearchives.nseindia.com/corporate/mathew_29122025202515_bsenseintimationofcreditratingupgradecare29122025.pdf,OTHER,False,False,NEUTRAL,0.0,0.5,,v3.0,,,
SHRIRAMFIN,NSE_CORP_ANN,,Analysts/Institutional Investor Meet/Con. Call Updates,Shriram Finance Limited has informed the Exchange about Intimation of Conference Call,Analysts/Institutional Investor Meet/Con. Call Updates Shriram Finance Limited has informed the Exchange about Intimation of Conference Call https://nsearchives.nseindia.com/corporate/mathew_24122025172912_nsebse_concall_invite.pdf,OTHER,True,False,NEUTRAL,0.0,0.5,,v3.0,,,
SHRIRAMFIN,NSE_CORP_ANN,,Copy of Newspaper Publication,Shriram Finance Limited has informed the Exchange about Copy of Newspaper Publication with respect to dispatch of EGM notice,Copy of Newspaper Publication Shriram Finance Limited has informed the Exchange about Copy of Newspaper Publication with respect to dispatch of EGM notice https://nsearchives.nseindia.com/corporate/mathew_24122025143914_nsebsenewspaperadvtpost.pdf,OTHER,True,False,NEUTRAL,0.0,0.5,,v3.0,,,
SHRIRAMFIN,NSE_CORP_ANN,,"Certificate under SEBI (Depositories and Participants) Regulations, 2018","Shriram Finance Limited has informed the Exchange about Certificate under SEBI (Depositories and Participants) Regulations, 2018","Certificate under SEBI (Depositories and Participants) Regulations, 2018 Shriram Finance Limited has informed the Exchange about Certificate under SEBI (Depositories and Participants) Regulations, 2018 https://nsearchives.nseindia.com/corporate/mathew_23122025184346_bsense_23122025.pdf",OTHER,False,False,NEUTRAL,0.0,0.5,,v3.0,,,
SHRIRAMFIN,NSE_CORP_ANN,,Shareholders meeting,"Shriram Finance Limited has informed the Exchange regarding Notice of Extraordinary General Meeting to be held on January 14, 2026","Shareholders meeting Shriram Finance Limited has informed the Exchange regarding Notice of Extraordinary General Meeting to be held on January 14, 2026 https://nsearchives.nseindia.com/corporate/mathew_23122025171449_nsebsenoticeofegm.pdf",OTHER,False,False,NEUTRAL,0.0,0.5,,v3.0,,,
SHRIRAMFIN,NSE_CORP_ANN,,Copy of Newspaper Publication,Shriram Finance Limited has informed the Exchange about Copy of Newspaper Publication for EGM information,Copy of Newspaper Publication Shriram Finance Limited has informed the Exchange about Copy of Newspaper Publication for EGM information https://nsearchives.nseindia.com/corporate/mathew_22122025153026_bsensenewspaper.pdf,OTHER,True,False,NEUTRAL,0.0,0.5,,v3.0,,,
SIEMENS,NSE_CORP_ANN,,Trading Window,"Siemens Limited has informed the Exchange regarding the Trading Window closure pursuant to SEBI (Prohibition of Insider Trading) Regulations, 2015","Trading Window Siemens Limited has informed the Exchange regarding the Trading Window closure pursuant to SEBI (Prohibition of Insider Trading) Regulations, 2015 https://nsearchives.nseindia.com/corporate/siemensraj_29122025171120_seintimationtwcsigned.pdf",OTHER,True,False,NEUTRAL,0.0,0.5,,v3.0,,,
SIEMENS,NSE_CORP_ANN,,Updates,"Siemens Limited has informed the Exchange regarding 'Information pursuant to Regulation 30(5) of the SEBI (Listing Obligations and Disclosure Requirements) Regulations, 2015'.","Updates Siemens Limited has informed the Exchange regarding 'Information pursuant to Regulation 30(5) of the SEBI (Listing Obligations and Disclosure Requirements) Regulations, 2015'. https://nsearchives.nseindia.com/corporate/siemensraj_26122025171019_siemens_-_intimation_under_regulation_30_5___1_.pdf",OTHER,False,False,NEUTRAL,0.0,0.5,,v3.0,,,
SIEMENS,NSE_CORP_ANN,,Copy of Newspaper Publication,Siemens Limited has informed the Exchange about Copy of Newspaper Publication,Copy of Newspaper Publication Siemens Limited has informed the Exchange about Copy of Newspaper Publication https://nsearchives.nseindia.com/corporate/siemensraj_26122025170721_se-disclosure.pdf,OTHER,True,False,NEUTRAL,0.0,0.5,,v3.0,,,
SOLARINDS,NSE_CORP_ANN,,Trading Window,"Solar Industries India Limited has informed the Exchange regarding the Trading Window closure pursuant to SEBI (Prohibition of Insider Trading) Regulations, 2015","Trading Window Solar Industries India Limited has informed the Exchange regarding the Trading Window closure pursuant to SEBI (Prohibition of Insider Trading) Regulations, 2015 https://nsearchives.nseindia.com/corporate/solarinds_26122025180728_twsigned.pdf",OTHER,True,False,NEUTRAL,0.0,0.5,,v3.0,,,
SOLARINDS,NSE_CORP_ANN,,Issue of Securities,Solar Industries India Limited has informed the Exchange about issue of Securities,Issue of Securities Solar Industries India Limited has informed the Exchange about issue of Securities https://nsearchives.nseindia.com/corporate/solarinds_23122025182854_cp_disc_december.pdf,OTHER,False,False,NEUTRAL,0.0,0.5,,v3.0,,,
SBIN,NSE_CORP_ANN,,Trading Window,"State Bank Of India has informed the Exchange regarding the Trading Window closure pursuant to SEBI (Prohibition of Insider Trading) Regulations, 2015","Trading Window State Bank Of India has informed the Exchange regarding the Trading Window closure pursuant to SEBI (Prohibition of Insider Trading) Regulations, 2015 https://nsearchives.nseindia.com/corporate/sbin_29122025172638_bse_nse_tradingwindowclosure_29122025.pdf",OTHER,True,False,NEUTRAL,0.0,0.5,,v3.0,,,
SAIL,NSE_CORP_ANN,,Trading Window,"Steel Authority of India Limited has informed the Exchange regarding the Trading Window closure pursuant to SEBI (Prohibition of Insider Trading) Regulations, 2015","Trading Window Steel Authority of India Limited has informed the Exchange regarding the Trading Window closure pursuant to SEBI (Prohibition of Insider Trading) Regulations, 2015 https://nsearchives.nseindia.com/corporate/sail_26122025105902_cltw_dec2025.pdf",OTHER,True,False,NEUTRAL,0.0,0.5,,v3.0,,,
SAIL,NSE_CORP_ANN,,Appointment,"Steel Authority of India Limited has informed the Exchange regarding Appointment of Mr Priya Ranjan as Executive Director of the company w.e.f. December 24, 2025.","Appointment Steel Authority of India Limited has informed the Exchange regarding Appointment of Mr Priya Ranjan as Executive Director of the company w.e.f. December 24, 2025. https://nsearchives.nseindia.com/corporate/sail_25122025201044_24122025.pdf",OTHER,False,False,NEUTRAL,0.0,0.5,,v3.0,,,
SUNPHARMA,NSE_CORP_ANN,,Trading Window,"Sun Pharmaceutical Industries Limited has informed the Exchange regarding the Trading Window closure pursuant to SEBI (Prohibition of Insider Trading) Regulations, 2015","Trading Window Sun Pharmaceutical Industries Limited has informed the Exchange regarding the Trading Window closure pursuant to SEBI (Prohibition of Insider Trading) Regulations, 2015 https://nsearchives.nseindia.com/corporate/sunsec_29122025163650_seintimationforctw.pdf",OTHER,True,False,NEUTRAL,0.0,0.5,,v3.0,,,
SUNPHARMA,NSE_CORP_ANN,,Investor Presentation,Sun Pharmaceutical Industries Limited has informed the Exchange about Investor Presentation,Investor Presentation Sun Pharmaceutical Industries Limited has informed the Exchange about Investor Presentation https://nsearchives.nseindia.com/corporate/sunpharma456_26122025144727_intimationse20251226_investor_presenatation_dec_2025_signed.pdf,OTHER,False,False,NEUTRAL,0.0,0.5,,v3.0,,,
SUNPHARMA,NSE_CORP_ANN,,Copy of Newspaper Publication,Sun Pharmaceutical Industries Limited has informed the Exchange about Newspaper Advertisement,Copy of Newspaper Publication Sun Pharmaceutical Industries Limited has informed the Exchange about Newspaper Advertisement https://nsearchives.nseindia.com/corporate/sunsec_23122025131453_seintimationforspecialwindow.pdf,OTHER,True,False,NEUTRAL,0.0,0.5,,v3.0,,,
SUPREMEIND,NSE_CORP_ANN,,Trading Window,"Supreme Industries Limited has informed the Exchange regarding the Trading Window closure pursuant to SEBI (Prohibition of Insider Trading) Regulations, 2015","Trading Window Supreme Industries Limited has informed the Exchange regarding the Trading Window closure pursuant to SEBI (Prohibition of Insider Trading) Regulations, 2015 https://nsearchives.nseindia.com/corporate/supremeind_26122025152022_stockexcahngeintimationofclosureoftradingwindow26122025.pdf",OTHER,True,False,NEUTRAL,0.0,0.5,,v3.0,,,
SUPREMEIND,NSE_CORP_ANN,,Credit Rating,Supreme Industries Limited has informed the Exchange about Credit Rating,Credit Rating Supreme Industries Limited has informed the Exchange about Credit Rating https://nsearchives.nseindia.com/corporate/supremeind_25122025154459_intimationregardingcreditrating.pdf,OTHER,False,False,NEUTRAL,0.0,0.5,,v3.0,,,
SUPREMEIND,NSE_CORP_ANN,,Bagging/Receiving of orders/contracts,Letter of Acceptance (LOA) received from Bharat Petroleum Corporation Ltd (BPCL) for Repeat Order for supply of 10 KG Composite LPG Cylinders,Bagging/Receiving of orders/contracts Letter of Acceptance (LOA) received from Bharat Petroleum Corporation Ltd (BPCL) for Repeat Order for supply of 10 KG Composite LPG Cylinders https://nsearchives.nseindia.com/corporate/supremeind_24122025161816_letterofacceptancerecefrombharatpetroleumcorltddt24122025.pdf,OTHER,False,False,NEUTRAL,0.0,0.5,,v3.0,,,
SUZLON,NSE_CORP_ANN,,Resignation,"Suzlon Energy Limited has informed the Exchange regarding Resignation of Mr Vivek Srivastava as Other of the company w.e.f. December 26, 2025.","Resignation Suzlon Energy Limited has informed the Exchange regarding Resignation of Mr Vivek Srivastava as Other of the company w.e.f. December 26, 2025. https://nsearchives.nseindia.com/corporate/suzlon1_26122025193721_suzlon26122025.pdf",OTHER,False,False,NEUTRAL,0.0,0.5,,v3.0,,,
SUZLON,NSE_CORP_ANN,,Trading Window,"Suzlon Energy Limited has informed the Exchange regarding the Trading Window closure pursuant to SEBI (Prohibition of Insider Trading) Regulations, 2015","Trading Window Suzlon Energy Limited has informed the Exchange regarding the Trading Window closure pursuant to SEBI (Prohibition of Insider Trading) Regulations, 2015 https://nsearchives.nseindia.com/corporate/suzlon2_24122025152136_suzlon24122025.pdf",OTHER,True,False,NEUTRAL,0.0,0.5,,v3.0,,,
SYNGENE,NSE_CORP_ANN,,Trading Window,"Syngene International Limited has informed the Exchange regarding the Trading Window closure pursuant to SEBI (Prohibition of Insider Trading) Regulations, 2015","Trading Window Syngene International Limited has informed the Exchange regarding the Trading Window closure pursuant to SEBI (Prohibition of Insider Trading) Regulations, 2015 https://nsearchives.nseindia.com/corporate/syngene2_27122025161842_tradingwindowclosureintimation27122025.pdf",OTHER,True,False,NEUTRAL,0.0,0.5,,v3.0,,,
SYNGENE,NSE_CORP_ANN,,Acquisition,Syngene International Limited has informed the Exchange about Acquisition,Acquisition Syngene International Limited has informed the Exchange about Acquisition https://nsearchives.nseindia.com/corporate/syngene2_23122025211722_intimationofinvestment.pdf,OTHER,False,False,NEUTRAL,0.0,0.5,,v3.0,,,
TATACONSUM,NSE_CORP_ANN,,ESOP/ESOS/ESPS,TATA CONSUMER PRODUCTS LIMITED has informed the Exchange regarding Allotment of 1736  Shares.,ESOP/ESOS/ESPS TATA CONSUMER PRODUCTS LIMITED has informed the Exchange regarding Allotment of 1736 Shares. https://nsearchives.nseindia.com/corporate/sukhvinder_22122025150038_se_esop_intimation.pdf,OTHER,True,False,NEUTRAL,0.0,0.5,,v3.0,,,
TATACONSUM,NSE_CORP_ANN,,Trading Window,"TATA CONSUMER PRODUCTS LIMITED has informed the Exchange regarding the Trading Window closure pursuant to SEBI (Prohibition of Insider Trading) Regulations, 2015","Trading Window TATA CONSUMER PRODUCTS LIMITED has informed the Exchange regarding the Trading Window closure pursuant to SEBI (Prohibition of Insider Trading) Regulations, 2015 https://nsearchives.nseindia.com/corporate/sukhvinder_22122025114915_seintimation_tradingwindowclosure.pdf",OTHER,True,False,NEUTRAL,0.0,0.5,,v3.0,,,
TITAGARH,NSE_CORP_ANN,,Trading Window,"TITAGARH RAIL SYSTEMS LIMITED has informed the Exchange regarding the Trading Window closure pursuant to SEBI (Prohibition of Insider Trading) Regulations, 2015","Trading Window TITAGARH RAIL SYSTEMS LIMITED has informed the Exchange regarding the Trading Window closure pursuant to SEBI (Prohibition of Insider Trading) Regulations, 2015 https://nsearchives.nseindia.com/corporate/twl_26122025193150_tradingwindowclosure26122025.pdf",OTHER,True,False,NEUTRAL,0.0,0.5,,v3.0,,,
TVSMOTOR,NSE_CORP_ANN,,Trading Window,"TVS Motor Company Limited has informed the Exchange regarding the Trading Window closure pursuant to SEBI (Prohibition of Insider Trading) Regulations, 2015","Trading Window TVS Motor Company Limited has informed the Exchange regarding the Trading Window closure pursuant to SEBI (Prohibition of Insider Trading) Regulations, 2015 https://nsearchives.nseindia.com/corporate/tvsmotor_29122025175340_tvsm_nsebse_twc_sd.pdf",OTHER,True,False,NEUTRAL,0.0,0.5,,v3.0,,,
TVSMOTOR,NSE_CORP_ANN,,Copy of Newspaper Publication,TVS Motor Company Limited has informed the Exchange about Copy of Newspaper Publication,Copy of Newspaper Publication TVS Motor Company Limited has informed the Exchange about Copy of Newspaper Publication https://nsearchives.nseindia.com/corporate/tvsmotor_29122025163319_nsebseintimation_sd.pdf,OTHER,True,False,NEUTRAL,0.0,0.5,,v3.0,,,
TVSMOTOR,NSE_CORP_ANN,,Shareholders meeting,TVS Motor Company Limited has informed the Exchange regarding Notice of Postal Ballot,Shareholders meeting TVS Motor Company Limited has informed the Exchange regarding Notice of Postal Ballot https://nsearchives.nseindia.com/corporate/tvsmotor_23122025130930_nsebseintimation_sd.pdf,OTHER,False,False,NEUTRAL,0.0,0.5,,v3.0,,,
TCS,NSE_CORP_ANN,,Analysts/Institutional Investor Meet/Con. Call Updates,Tata Consultancy Services Limited has informed the Exchange about Transcript,Analysts/Institutional Investor Meet/Con. Call Updates Tata Consultancy Services Limited has informed the Exchange about Transcript https://nsearchives.nseindia.com/corporate/tcs_corpcs_23122025195649_signed_seint_letter.pdf,OTHER,True,False,NEUTRAL,0.0,0.5,,v3.0,,,
TCS,NSE_CORP_ANN,,Record Date,Tata Consultancy Services Limited has informed the Exchange that Record date for the purpose of Dividend  is 17-Jan-2026.,Record Date Tata Consultancy Services Limited has informed the Exchange that Record date for the purpose of Dividend is 17-Jan-2026. https://nsearchives.nseindia.com/corporate/tcs_corpcs_23122025191627_prebmseintsigned.pdf,OTHER,True,False,NEUTRAL,0.0,0.5,,v3.0,,,
TATAELXSI,NSE_CORP_ANN,,Trading Window,"Tata Elxsi Limited has informed the Exchange regarding the Trading Window closure pursuant to SEBI (Prohibition of Insider Trading) Regulations, 2015","Trading Window Tata Elxsi Limited has informed the Exchange regarding the Trading Window closure pursuant to SEBI (Prohibition of Insider Trading) Regulations, 2015 https://nsearchives.nseindia.com/corporate/telnse_23122025155108_seintimationtradingwindowclosure.pdf",OTHER,True,False,NEUTRAL,0.0,0.5,,v3.0,,,
TMPV,NSE_CORP_ANN,,Shareholders meeting,Tata Motors Passenger Vehicles Limited has submitted the Exchange a copy Srutinizers report of  Postal Ballot,Shareholders meeting Tata Motors Passenger Vehicles Limited has submitted the Exchange a copy Srutinizers report of Postal Ballot https://nsearchives.nseindia.com/corporate/tatamotorssjs_29122025204453_nsebsepostalballotresultspv.pdf,OTHER,False,False,NEUTRAL,0.0,0.5,,v3.0,,,
TMPV,NSE_CORP_ANN,,Trading Window,"Tata Motors Passenger Vehicles Limited has informed the Exchange regarding the Trading Window closure pursuant to SEBI (Prohibition of Insider Trading) Regulations, 2015","Trading Window Tata Motors Passenger Vehicles Limited has informed the Exchange regarding the Trading Window closure pursuant to SEBI (Prohibition of Insider Trading) Regulations, 2015 https://nsearchives.nseindia.com/corporate/tatamotorssjs_24122025205358_nsebselettertradingwindowpv.pdf",OTHER,True,False,NEUTRAL,0.0,0.5,,v3.0,,,
TATAPOWER,NSE_CORP_ANN,,Analysts/Institutional Investor Meet/Con. Call Updates,Tata Power Company Limited has informed the Exchange about Schedule of meet,Analysts/Institutional Investor Meet/Con. Call Updates Tata Power Company Limited has informed the Exchange about Schedule of meet https://nsearchives.nseindia.com/corporate/vptpcl_29122025123146_intimation_analyst_meet_dec_29.pdf,OTHER,True,False,NEUTRAL,0.0,0.5,,v3.0,,,
TATASTEEL,NSE_CORP_ANN,,Pendency of Litigation(s)/dispute(s) or the outcome impacting the Company,Tata Steel Limited has informed the Exchange about Pendency of Litigation(s)/dispute(s) or the outcome impacting the Company,Pendency of Litigation(s)/dispute(s) or the outcome impacting the Company Tata Steel Limited has informed the Exchange about Pendency of Litigation(s)/dispute(s) or the outcome impacting the Company https://nsearchives.nseindia.com/corporate/nidhifadnavis_28122025162901_bsense.pdf,OTHER,False,True,WATCH,7.5,0.95,PATTERN_MATCH_pendency.*litigation,v3.0,,,
TATASTEEL,NSE_CORP_ANN,,Pendency of Litigation(s)/dispute(s) or the outcome impacting the Company,Tata Steel Limited has informed the Exchange about Pendency of Litigation(s)/dispute(s) or the outcome impacting the Company,Pendency of Litigation(s)/dispute(s) or the outcome impacting the Company Tata Steel Limited has informed the Exchange about Pendency of Litigation(s)/dispute(s) or the outcome impacting the Company https://nsearchives.nseindia.com/corporate/sakshikapur_25122025230148_tatasteel.pdf,OTHER,False,True,WATCH,7.5,0.95,PATTERN_MATCH_pendency.*litigation,v3.0,,,
TATASTEEL,NSE_CORP_ANN,,Credit Rating,Tata Steel Limited has informed the Exchange about Credit Rating,Credit Rating Tata Steel Limited has informed the Exchange about Credit Rating https://nsearchives.nseindia.com/corporate/nidhifadnavis_24122025172630_bsense.pdf,OTHER,False,False,NEUTRAL,0.0,0.5,,v3.0,,,
TATASTEEL,NSE_CORP_ANN,,Trading Window,"Tata Steel Limited has informed the Exchange regarding the Trading Window closure pursuant to SEBI (Prohibition of Insider Trading) Regulations, 2015","Trading Window Tata Steel Limited has informed the Exchange regarding the Trading Window closure pursuant to SEBI (Prohibition of Insider Trading) Regulations, 2015 https://nsearchives.nseindia.com/corporate/swatisheth_23122025191800_bsensetwc.pdf",OTHER,True,False,NEUTRAL,0.0,0.5,,v3.0,,,
TATASTEEL,NSE_CORP_ANN,,Pendency of Litigation(s)/dispute(s) or the outcome impacting the Company,Tata Steel Limited has informed the Exchange about Pendency of Litigation(s)/dispute(s) or the outcome impacting the Company,Pendency of Litigation(s)/dispute(s) or the outcome impacting the Company Tata Steel Limited has informed the Exchange about Pendency of Litigation(s)/dispute(s) or the outcome impacting the Company https://nsearchives.nseindia.com/corporate/swatisheth_23122025173502_bsense.pdf,OTHER,False,True,WATCH,7.5,0.95,PATTERN_MATCH_pendency.*litigation,v3.0,,,
TATASTEEL,NSE_CORP_ANN,,Pendency of Litigation(s)/dispute(s) or the outcome impacting the Company,Tata Steel Limited has informed the Exchange about Pendency of Litigation(s)/dispute(s) or the outcome impacting the Company,Pendency of Litigation(s)/dispute(s) or the outcome impacting the Company Tata Steel Limited has informed the Exchange about Pendency of Litigation(s)/dispute(s) or the outcome impacting the Company https://nsearchives.nseindia.com/corporate/swatisheth_22122025233326_bsense.pdf,OTHER,False,True,WATCH,7.5,0.95,PATTERN_MATCH_pendency.*litigation,v3.0,,,
TATATECH,NSE_CORP_ANN,,Copy of Newspaper Publication,Tata Technologies Limited has informed the Exchange about Copy of Newspaper Publication regarding Notice to shareholders regarding transfer of equity shares of the Company to Investor Education and Protection Fund,Copy of Newspaper Publication Tata Technologies Limited has informed the Exchange about Copy of Newspaper Publication regarding Notice to shareholders regarding transfer of equity shares of the Company to Investor Education and Protection Fund https://nsearchives.nseindia.com/corporate/ttlnse_29122025170608_se_intimation_iepf_advt_29122025_.pdf,OTHER,True,False,NEUTRAL,0.0,0.5,,v3.0,,,
TATATECH,NSE_CORP_ANN,,Trading Window,"Tata Technologies Limited has informed the Exchange regarding the Trading Window closure pursuant to SEBI (Prohibition of Insider Trading) Regulations, 2015","Trading Window Tata Technologies Limited has informed the Exchange regarding the Trading Window closure pursuant to SEBI (Prohibition of Insider Trading) Regulations, 2015 https://nsearchives.nseindia.com/corporate/ttlnse_23122025162038_tradingwindowclosure24122025_s.pdf",OTHER,True,False,NEUTRAL,0.0,0.5,,v3.0,,,
TECHM,NSE_CORP_ANN,,Sale or disposal,Tech Mahindra Limited has informed the Exchange about Cessation of a wholly-owned subsidiary.,Sale or disposal Tech Mahindra Limited has informed the Exchange about Cessation of a wholly-owned subsidiary. https://nsearchives.nseindia.com/corporate/apekshakhemka_26122025175321_se_intimation-cessation_of_mei_as_wos_signed.pdf,OTHER,False,False,NEUTRAL,0.0,0.5,,v3.0,,,
TECHM,NSE_CORP_ANN,,Incorporation,Tech Mahindra Limited has informed the Exchange about Incorporation,Incorporation Tech Mahindra Limited has informed the Exchange about Incorporation https://nsearchives.nseindia.com/corporate/apekshakhemka_22122025234832_incorporationintimation-yabxuganda_signed.pdf,OTHER,True,False,NEUTRAL,0.0,0.5,,v3.0,,,
TECHM,NSE_CORP_ANN,,General Updates,Tech Mahindra Limited has informed the Exchange about ESG rating,General Updates Tech Mahindra Limited has informed the Exchange about ESG rating https://nsearchives.nseindia.com/corporate/apekshakhemka_22122025181300_seintimationesgratingesgriskai.pdf,OTHER,False,False,NEUTRAL,0.0,0.5,,v3.0,,,
FEDERALBNK,NSE_CORP_ANN,,General Updates,The Federal Bank  Limited has informed the Exchange about General Updates,General Updates The Federal Bank Limited has informed the Exchange about General Updates https://nsearchives.nseindia.com/corporate/federalbnk_29122025194801_fbl_intimation_on_gst_penalty_291225_s.pdf,OTHER,False,True,WATCH,7.0,0.95,PATTERN_MATCH_penalty,v3.0,,,
FEDERALBNK,NSE_CORP_ANN,,General Updates,The Federal Bank  Limited has informed the Exchange about Allotment of Equity Shares on exercise of Stock options pursuant to Employee Stock Option Scheme,General Updates The Federal Bank Limited has informed the Exchange about Allotment of Equity Shares on exercise of Stock options pursuant to Employee Stock Option Scheme https://nsearchives.nseindia.com/corporate/federalbnk_28122025202138_esos_210_212_281225_se_s.pdf,OTHER,True,False,NEUTRAL,0.0,0.5,,v3.0,,,
FEDERALBNK,NSE_CORP_ANN,,General Updates,The Federal Bank  Limited has informed the Exchange about  Allotment of Equity Shares on exercise of Stock options pursuant to Employee Stock Option Scheme,General Updates The Federal Bank Limited has informed the Exchange about Allotment of Equity Shares on exercise of Stock options pursuant to Employee Stock Option Scheme https://nsearchives.nseindia.com/corporate/federalbnk_22122025115328_esos_211209_221225_se_s.pdf,OTHER,True,False,NEUTRAL,0.0,0.5,,v3.0,,,
PHOENIXLTD,NSE_CORP_ANN,,Shareholders meeting,"The Phoenix Mills Limited has submitted the Exchange a copy Srutinizers report of  Postal Ballot. Further, the company has informed the Exchange regarding voting results.","Shareholders meeting The Phoenix Mills Limited has submitted the Exchange a copy Srutinizers report of Postal Ballot. Further, the company has informed the Exchange regarding voting results. https://nsearchives.nseindia.com/corporate/phoenixltd5_29122025201911_pml_outcome_of_postal_ballot_29112025.pdf",OTHER,True,False,NEUTRAL,0.0,0.5,,v3.0,,,
TITAN,NSE_CORP_ANN,,Updates,Titan Company Limited has informed the Exchange regarding 'Intimation of launch of Titan s first Lab Grown Diamond store in Mumbai'.,Updates Titan Company Limited has informed the Exchange regarding 'Intimation of launch of Titan s first Lab Grown Diamond store in Mumbai'. https://nsearchives.nseindia.com/corporate/titan_26122025083235_selgd.pdf,OTHER,False,False,NEUTRAL,0.0,0.5,,v3.0,,,
TITAN,NSE_CORP_ANN,,Trading Window,"Titan Company Limited has informed the Exchange regarding the Trading Window closure pursuant to SEBI (Prohibition of Insider Trading) Regulations, 2015","Trading Window Titan Company Limited has informed the Exchange regarding the Trading Window closure pursuant to SEBI (Prohibition of Insider Trading) Regulations, 2015 https://nsearchives.nseindia.com/corporate/titan_23122025110740_seintimation.pdf",OTHER,True,False,NEUTRAL,0.0,0.5,,v3.0,,,
TORNTPHARM,NSE_CORP_ANN,,Trading Window,"Torrent Pharmaceuticals Limited has informed the Exchange regarding the Trading Window closure pursuant to SEBI (Prohibition of Insider Trading) Regulations, 2015","Trading Window Torrent Pharmaceuticals Limited has informed the Exchange regarding the Trading Window closure pursuant to SEBI (Prohibition of Insider Trading) Regulations, 2015 https://nsearchives.nseindia.com/corporate/torntpharm_26122025164138_se_intimation_t_window_q3.pdf",OTHER,True,False,NEUTRAL,0.0,0.5,,v3.0,,,
TORNTPHARM,NSE_CORP_ANN,,Updates,Torrent Pharmaceuticals Limited has informed the Exchange regarding 'Redemption of Commercial papers'.,Updates Torrent Pharmaceuticals Limited has informed the Exchange regarding 'Redemption of Commercial papers'. https://nsearchives.nseindia.com/corporate/torntpharm_23122025170631_reg_30.pdf,OTHER,False,False,NEUTRAL,0.0,0.5,,v3.0,,,
TORNTPOWER,NSE_CORP_ANN,,Analysts/Institutional Investor Meet/Con. Call Updates,Torrent Power Limited has informed the Exchange about Schedule of meet,Analysts/Institutional Investor Meet/Con. Call Updates Torrent Power Limited has informed the Exchange about Schedule of meet https://nsearchives.nseindia.com/corporate/torntpower_29122025161142_investormeet.pdf,OTHER,True,False,NEUTRAL,0.0,0.5,,v3.0,,,
TORNTPOWER,NSE_CORP_ANN,,Trading Window,"Torrent Power Limited has informed the Exchange regarding the Trading Window closure pursuant to SEBI (Prohibition of Insider Trading) Regulations, 2015","Trading Window Torrent Power Limited has informed the Exchange regarding the Trading Window closure pursuant to SEBI (Prohibition of Insider Trading) Regulations, 2015 https://nsearchives.nseindia.com/corporate/torntpower_25122025170002_tradingwindow.pdf",OTHER,True,False,NEUTRAL,0.0,0.5,,v3.0,,,
TIINDIA,NSE_CORP_ANN,,Trading Window,"Tube Investments of India Limited has informed the Exchange regarding the Trading Window closure pursuant to SEBI (Prohibition of Insider Trading) Regulations, 2015","Trading Window Tube Investments of India Limited has informed the Exchange regarding the Trading Window closure pursuant to SEBI (Prohibition of Insider Trading) Regulations, 2015 https://nsearchives.nseindia.com/corporate/tiindia_29122025155705_tiinsebsetwc.pdf",OTHER,True,False,NEUTRAL,0.0,0.5,,v3.0,,,
TIINDIA,NSE_CORP_ANN,,General Updates,Tube Investments of India Limited has informed the Exchange about Allotment of shares under ESOP,General Updates Tube Investments of India Limited has informed the Exchange about Allotment of shares under ESOP https://nsearchives.nseindia.com/corporate/tiindia_26122025124658_tiinsebseesopallotment.pdf,OTHER,True,False,NEUTRAL,0.0,0.5,,v3.0,,,
UNOMINDA,NSE_CORP_ANN,,Updates,UNO Minda Limited has informed the Exchange regarding 'Issuance of Commercial Paper'.,Updates UNO Minda Limited has informed the Exchange regarding 'Issuance of Commercial Paper'. https://nsearchives.nseindia.com/corporate/mindaind1_24122025172940_cpissuance.pdf,OTHER,False,False,NEUTRAL,0.0,0.5,,v3.0,,,
UNOMINDA,NSE_CORP_ANN,,Agreements,UNO Minda Limited has informed the Exchange about execution of restated Joint Venture Agreement,Agreements UNO Minda Limited has informed the Exchange about execution of restated Joint Venture Agreement https://nsearchives.nseindia.com/corporate/mindaind1_23122025182118_jvaexecution.pdf,OTHER,False,False,NEUTRAL,0.0,0.5,,v3.0,,,
UPL,NSE_CORP_ANN,,General Updates,UPL Limited has informed the Exchange about Investment in Hybrid Seeds Vietnam Company Limited,General Updates UPL Limited has informed the Exchange about Investment in Hybrid Seeds Vietnam Company Limited https://nsearchives.nseindia.com/corporate/upl_22122025161255_advantavietnamintimation.pdf,OTHER,False,False,NEUTRAL,0.0,0.5,,v3.0,,,
ULTRACEMCO,NSE_CORP_ANN,,Action(s) taken or orders passed,"UltraTech Cement Limited has informed the Exchange about order received from Assistant Commissioner, State Goods and Services Tax, Trichy, Tamil Nadu","Action(s) taken or orders passed UltraTech Cement Limited has informed the Exchange about order received from Assistant Commissioner, State Goods and Services Tax, Trichy, Tamil Nadu https://nsearchives.nseindia.com/corporate/ultracemco1_28122025134321_gst_orders.pdf",OTHER,False,True,WATCH,7.5,0.95,PATTERN_MATCH_order received.*gst,v3.0,,,
ULTRACEMCO,NSE_CORP_ANN,,Action(s) taken or orders passed,"UltraTech Cement Limited has informed the Exchange about order received from Assistant Commissioner, State Goods and Services Tax, Trichy, Tamil Nadu","Action(s) taken or orders passed UltraTech Cement Limited has informed the Exchange about order received from Assistant Commissioner, State Goods and Services Tax, Trichy, Tamil Nadu https://nsearchives.nseindia.com/corporate/ultracemco1_28122025134102_gst_orders.pdf",OTHER,False,True,WATCH,7.5,0.95,PATTERN_MATCH_order received.*gst,v3.0,,,
ULTRACEMCO,NSE_CORP_ANN,,Updates,UltraTech Cement Limited has informed the Exchange regarding 'Commissioning Of Cement Capacity at Dhule and Nathdwara'.,Updates UltraTech Cement Limited has informed the Exchange regarding 'Commissioning Of Cement Capacity at Dhule and Nathdwara'. https://nsearchives.nseindia.com/corporate/ultracemco1_24122025183948_seletter.pdf,OTHER,False,False,NEUTRAL,0.0,0.5,,v3.0,,,
ULTRACEMCO,NSE_CORP_ANN,,Copy of Newspaper Publication,UltraTech Cement Limited has informed the Exchange about Copy of Newspaper Publication,Copy of Newspaper Publication UltraTech Cement Limited has informed the Exchange about Copy of Newspaper Publication https://nsearchives.nseindia.com/corporate/ultracemco1_23122025155256_coveringletter.pdf,OTHER,True,False,NEUTRAL,0.0,0.5,,v3.0,,,
UNIONBANK,NSE_CORP_ANN,,Trading Window,"Union Bank of India has informed the Exchange regarding the Trading Window closure pursuant to SEBI (Prohibition of Insider Trading) Regulations, 2015","Trading Window Union Bank of India has informed the Exchange regarding the Trading Window closure pursuant to SEBI (Prohibition of Insider Trading) Regulations, 2015 https://nsearchives.nseindia.com/corporate/unionbank_24122025161102_24122025_closure_of_trading_window_-.pdf",OTHER,True,False,NEUTRAL,0.0,0.5,,v3.0,,,
UNITDSPR,NSE_CORP_ANN,,Trading Window,"United Spirits Limited has informed the Exchange regarding the Trading Window closure pursuant to SEBI (Prohibition of Insider Trading) Regulations, 2015","Trading Window United Spirits Limited has informed the Exchange regarding the Trading Window closure pursuant to SEBI (Prohibition of Insider Trading) Regulations, 2015 https://nsearchives.nseindia.com/corporate/mcdowell_29122025182041_twcintimation_q3fy26sd.pdf",OTHER,True,False,NEUTRAL,0.0,0.5,,v3.0,,,
UNITDSPR,NSE_CORP_ANN,,General Updates,United Spirits Limited has informed the Exchange about General Updates,General Updates United Spirits Limited has informed the Exchange about General Updates https://nsearchives.nseindia.com/corporate/mcdowell_24122025193348_sedisclosure241225f.pdf,OTHER,False,False,NEUTRAL,0.0,0.5,,v3.0,,,
UNITDSPR,NSE_CORP_ANN,,Shareholders meeting,United Spirits Limited has submitted the Exchange a copy Srutinizers report of  Postal Ballot,Shareholders meeting United Spirits Limited has submitted the Exchange a copy Srutinizers report of Postal Ballot https://nsearchives.nseindia.com/corporate/mcdowell_22122025160009_se_pb_results_intimation.pdf,OTHER,False,False,NEUTRAL,0.0,0.5,,v3.0,,,
VBL,NSE_CORP_ANN,,Giving guarantees/indemnity/ becoming a surety for third party,The Company has enhanced Corporate Guarantee on behalf of The Beverages Company Proprietary Limited as per details in enclosed disclosure.,Giving guarantees/indemnity/ becoming a surety for third party The Company has enhanced Corporate Guarantee on behalf of The Beverages Company Proprietary Limited as per details in enclosed disclosure. https://nsearchives.nseindia.com/corporate/vbl_29122025124535_seintimation_cg.pdf,OTHER,False,False,NEUTRAL,0.0,0.5,,v3.0,,,
VBL,NSE_CORP_ANN,,Trading Window,"Varun Beverages Limited has informed the Exchange regarding the Trading Window closure pursuant to SEBI (Prohibition of Insider Trading) Regulations, 2015","Trading Window Varun Beverages Limited has informed the Exchange regarding the Trading Window closure pursuant to SEBI (Prohibition of Insider Trading) Regulations, 2015 https://nsearchives.nseindia.com/corporate/vbl_26122025104144_twcdec2025.pdf",OTHER,True,False,NEUTRAL,0.0,0.5,,v3.0,,,
VEDL,NSE_CORP_ANN,,Action(s) taken or orders passed,Vedanta Limited has informed the Exchange about Action(s) taken or orders passed,Action(s) taken or orders passed Vedanta Limited has informed the Exchange about Action(s) taken or orders passed https://nsearchives.nseindia.com/corporate/vedl_27122025123316_vedlseintimationiokgstnoticesigned.pdf,OTHER,False,False,NEUTRAL,0.0,0.5,,v3.0,,,
VEDL,NSE_CORP_ANN,,Updates,"Vedanta Limited has informed the Exchange regarding 'Disclosure under Regulation 30 of Securities and Exchange Board of India ( SEBI ) (Listing Obligations and Disclosure Requirements) Regulations, 2015 ( Listing Regulations ), as amended - Declaration of Successful Bidder for Depo Graphite   Vanadium Block under Critical Mineral Auctions Tranche IV conducted by the Ministry of Mines, Government of India'.","Updates Vedanta Limited has informed the Exchange regarding 'Disclosure under Regulation 30 of Securities and Exchange Board of India ( SEBI ) (Listing Obligations and Disclosure Requirements) Regulations, 2015 ( Listing Regulations ), as amended - Declaration of Successful Bidder for Depo Graphite Vanadium Block under Critical Mineral Auctions Tranche IV conducted by the Ministry of Mines, Government of India'. https://nsearchives.nseindia.com/corporate/vedl_26122025201937_vedlseintimationsuccessfulbidderdepoblocksigned.pdf",OTHER,False,False,NEUTRAL,0.0,0.5,,v3.0,,,
VEDL,NSE_CORP_ANN,,Trading Window,"Vedanta Limited has informed the Exchange regarding the Trading Window closure pursuant to SEBI (Prohibition of Insider Trading) Regulations, 2015","Trading Window Vedanta Limited has informed the Exchange regarding the Trading Window closure pursuant to SEBI (Prohibition of Insider Trading) Regulations, 2015 https://nsearchives.nseindia.com/corporate/vedl_26122025125441_vedlseintimationtradingwindowclosureq3fy26signed.pdf",OTHER,True,False,NEUTRAL,0.0,0.5,,v3.0,,,
VEDL,NSE_CORP_ANN,,Action(s) taken or orders passed,Vedanta Limited has informed the Exchange about Action(s) taken or orders passed,Action(s) taken or orders passed Vedanta Limited has informed the Exchange about Action(s) taken or orders passed https://nsearchives.nseindia.com/corporate/vedl_25122025153900_vedlseintimationpenaltysesagoaandalumsigned.pdf,OTHER,False,True,WATCH,7.0,0.95,PATTERN_MATCH_penalty,v3.0,,,
VEDL,NSE_CORP_ANN,,Updates,"Vedanta Limited has informed the Exchange regarding 'Disclosure under Regulation 30 of Securities and Exchange Board of India ( SEBI ) (Listing Obligations and Disclosure Requirements) Regulations, 2015 ( Listing Regulations ), as amended   ESG Ratings'.","Updates Vedanta Limited has informed the Exchange regarding 'Disclosure under Regulation 30 of Securities and Exchange Board of India ( SEBI ) (Listing Obligations and Disclosure Requirements) Regulations, 2015 ( Listing Regulations ), as amended ESG Ratings'. https://nsearchives.nseindia.com/corporate/vedl_25122025152235_vedlseintimationcfcesgratings2025signed.pdf",OTHER,False,False,NEUTRAL,0.0,0.5,,v3.0,,,
VEDL,NSE_CORP_ANN,,Credit Rating,Vedanta Limited has informed the Exchange about Credit Rating,Credit Rating Vedanta Limited has informed the Exchange about Credit Rating https://nsearchives.nseindia.com/corporate/vedl_24122025180137_vedlseintimationcrisilratingsdec2025signed.pdf,OTHER,False,False,NEUTRAL,0.0,0.5,,v3.0,,,
IDEA,NSE_CORP_ANN,,Trading Window,"Vodafone Idea Limited has informed the Exchange regarding the Trading Window closure pursuant to SEBI (Prohibition of Insider Trading) Regulations, 2015","Trading Window Vodafone Idea Limited has informed the Exchange regarding the Trading Window closure pursuant to SEBI (Prohibition of Insider Trading) Regulations, 2015 https://nsearchives.nseindia.com/corporate/idea_29122025132748_setradingwindow31122025signed.pdf",OTHER,True,False,NEUTRAL,0.0,0.5,,v3.0,,,
IDEA,NSE_CORP_ANN,,Action(s) taken or orders passed,"Vodafone Idea Limited has informed the Exchange about Disclosure under Regulation 30 of SEBI (Listing Obligations and Disclosures Requirements) Regulations, 2015 regarding orders passed under Central Goods and Services Tax Act, 2017","Action(s) taken or orders passed Vodafone Idea Limited has informed the Exchange about Disclosure under Regulation 30 of SEBI (Listing Obligations and Disclosures Requirements) Regulations, 2015 regarding orders passed under Central Goods and Services Tax Act, 2017 https://nsearchives.nseindia.com/corporate/idea_26122025185842_seintimationgstpenalty26122025s.pdf",OTHER,False,True,WATCH,7.0,0.95,PATTERN_MATCH_penalty,v3.0,,,
IDEA,NSE_CORP_ANN,,Action(s) taken or orders passed,"Vodafone Idea Limited has informed the Exchange about Disclosure under Regulation 30 of SEBI (Listing Obligations and Disclosures Requirements) Regulations, 2015 regarding orders passed under Central Goods and Services Tax Act, 2017","Action(s) taken or orders passed Vodafone Idea Limited has informed the Exchange about Disclosure under Regulation 30 of SEBI (Listing Obligations and Disclosures Requirements) Regulations, 2015 regarding orders passed under Central Goods and Services Tax Act, 2017 https://nsearchives.nseindia.com/corporate/idea_25122025164224_seintimationgstpenalty25122025s.pdf",OTHER,False,True,WATCH,7.0,0.95,PATTERN_MATCH_penalty,v3.0,,,
IDEA,NSE_CORP_ANN,,Action(s) taken or orders passed,"Vodafone Idea Limited has informed the Exchange about disclosure under Regulation 30 of SEBI (Listing Obligations and Disclosure Requirements) Regulations, 2015 regarding order passed under the Central Goods and Services Tax Act, 2017","Action(s) taken or orders passed Vodafone Idea Limited has informed the Exchange about disclosure under Regulation 30 of SEBI (Listing Obligations and Disclosure Requirements) Regulations, 2015 regarding order passed under the Central Goods and Services Tax Act, 2017 https://nsearchives.nseindia.com/corporate/idea_22122025132533_seintimationgstpenalty22122025s.pdf",OTHER,False,True,WATCH,7.5,0.95,PATTERN_MATCH_order passed.*gst,v3.0,,,
VOLTAS,NSE_CORP_ANN,,Change in Management,Voltas Limited has informed the Exchange about change in Management,Change in Management Voltas Limited has informed the Exchange about change in Management https://nsearchives.nseindia.com/corporate/voltas_rb_26122025200955_changesinmanagementjbs.pdf,OTHER,False,False,NEUTRAL,0.0,0.5,,v3.0,,,
VOLTAS,NSE_CORP_ANN,,Trading Window,"Voltas Limited has informed the Exchange regarding the Trading Window closure pursuant to SEBI (Prohibition of Insider Trading) Regulations, 2015","Trading Window Voltas Limited has informed the Exchange regarding the Trading Window closure pursuant to SEBI (Prohibition of Insider Trading) Regulations, 2015 https://nsearchives.nseindia.com/corporate/voltas_rb_22122025184259_se_intimation_22122025_signed.pdf",OTHER,True,False,NEUTRAL,0.0,0.5,,v3.0,,,
WIPRO,NSE_CORP_ANN,,Updates,"Wipro Limited has informed the Exchange regarding Allotment of 21,126 equity shares under ADS Restricted Stock Unit Plan 2004 and 73,687 equity shares under the Restricted Stock Unit Plan 2007 on December 22, 2025, pursuant to exercise of ESOPs.","Updates Wipro Limited has informed the Exchange regarding Allotment of 21,126 equity shares under ADS Restricted Stock Unit Plan 2004 and 73,687 equity shares under the Restricted Stock Unit Plan 2007 on December 22, 2025, pursuant to exercise of ESOPs. https://nsearchives.nseindia.com/corporate/cslogin_22122025215246_se.pdf",OTHER,True,False,NEUTRAL,0.0,0.5,,v3.0,,,
YESBANK,NSE_CORP_ANN,,Trading Window,"Yes Bank Limited has informed the Exchange regarding the Trading Window closure pursuant to SEBI (Prohibition of Insider Trading) Regulations, 2015","Trading Window Yes Bank Limited has informed the Exchange regarding the Trading Window closure pursuant to SEBI (Prohibition of Insider Trading) Regulations, 2015 https://nsearchives.nseindia.com/corporate/yesbank_26122025181912_closure_of_trading_window_december_2025_signed.pdf",OTHER,True,False,NEUTRAL,0.0,0.5,,v3.0,,,
YESBANK,NSE_CORP_ANN,,Analysts/Institutional Investor Meet/Con. Call Updates,YES Bank Limited has informed the Exchange about Schedule of Analyst/ Institutional Investors Meet(s) / Call(s) / VC(s) - Advance Intimation - Deutsche Bank India Credit Connect - 2026,Analysts/Institutional Investor Meet/Con. Call Updates YES Bank Limited has informed the Exchange about Schedule of Analyst/ Institutional Investors Meet(s) / Call(s) / VC(s) - Advance Intimation - Deutsche Bank India Credit Connect - 2026 https://nsearchives.nseindia.com/corporate/yesbank_26122025133053_ybl_se_intimation_analyst_meet_db_credit_26122025_signed.pdf,OTHER,True,False,NEUTRAL,0.0,0.5,,v3.0,,,
YESBANK,NSE_CORP_ANN,,Updates,"Yes Bank Limited has informed the Exchange regarding 'That the Bank has received an Order pertaining to FY 2021-22 from the Goods and Services Tax ( GST ) department, Uttar Pradesh on December 24, 2025 on certain issues levying a penalty of Rs. 3,30,55,942/- in addition to tax demand and applicable interest.'.","Updates Yes Bank Limited has informed the Exchange regarding 'That the Bank has received an Order pertaining to FY 2021-22 from the Goods and Services Tax ( GST ) department, Uttar Pradesh on December 24, 2025 on certain issues levying a penalty of Rs. 3,30,55,942/- in addition to tax demand and applicable interest.'. https://nsearchives.nseindia.com/corporate/apandya_26122025084914_1_se_intimation_gstpenalty_25122025_signed.pdf",OTHER,False,True,WATCH,7.5,0.95,PATTERN_MATCH_order.*received.*gst,v3.0,,,
YESBANK,NSE_CORP_ANN,,Analysts/Institutional Investor Meet/Con. Call Updates,"Disclosure under Regulation 30 read with clause 15 of Para A of Part A of Schedule III of the SEBI (Listing Obligations and Disclosure Requirements) Regulations, 2015 - Schedule of Analyst/ Institutional Investors Meet(s) / Call(s) / VC(s)   Advance Intimation - Kotak Flagship Conference: Chasing Growth 2026","Analysts/Institutional Investor Meet/Con. Call Updates Disclosure under Regulation 30 read with clause 15 of Para A of Part A of Schedule III of the SEBI (Listing Obligations and Disclosure Requirements) Regulations, 2015 - Schedule of Analyst/ Institutional Investors Meet(s) / Call(s) / VC(s) Advance Intimation - Kotak Flagship Conference: Chasing Growth 2026 https://nsearchives.nseindia.com/corporate/yesbank_22122025194453_ybl_se_intimation_analyst_meet_advance_intimation_kotak_flagship_signed.pdf",OTHER,True,False,NEUTRAL,0.0,0.5,,v3.0,,,
YESBANK,NSE_CORP_ANN,,Analysts/Institutional Investor Meet/Con. Call Updates,"Disclosure under Regulation 30 read with clause 15 of Para A of Part A of Schedule IIIof the SEBI (Listing Obligations and Disclosure Requirements) Regulations, 2015 ( ListingRegulations ) Schedule of Analyst/ Institutional Investors Meet(s) / Call(s) / VC(s)   Advance Intimation - Nuvama India Investor Conference - India: Shoring up Self-Reliance","Analysts/Institutional Investor Meet/Con. Call Updates Disclosure under Regulation 30 read with clause 15 of Para A of Part A of Schedule IIIof the SEBI (Listing Obligations and Disclosure Requirements) Regulations, 2015 ( ListingRegulations ) Schedule of Analyst/ Institutional Investors Meet(s) / Call(s) / VC(s) Advance Intimation - Nuvama India Investor Conference - India: Shoring up Self-Reliance https://nsearchives.nseindia.com/corporate/yesbank_22122025192547_ybl_se_intimation_analyst_meet_advance_intimation_nuvama_india.pdf",OTHER,True,False,NEUTRAL,0.0,0.5,,v3.0,,,
ZYDUSLIFE,NSE_CORP_ANN,,Copy of Newspaper Publication,Zydus Lifesciences Limited has informed the Exchange about Copy of Newspaper Publication,Copy of Newspaper Publication Zydus Lifesciences Limited has informed the Exchange about Copy of Newspaper Publication https://nsearchives.nseindia.com/corporate/cadilahc_27122025144625_newspaperpublication_27122025.pdf,OTHER,True,False,NEUTRAL,0.0,0.5,,v3.0,,,
ZYDUSLIFE,NSE_CORP_ANN,,Updates,Zydus Lifesciences Limited has informed the Exchange regarding 'Intimation of ESG Rating'.,Updates Zydus Lifesciences Limited has informed the Exchange regarding 'Intimation of ESG Rating'. https://nsearchives.nseindia.com/corporate/cadilahc_26122025191148_seintimationesgratingspglobal26122025.pdf,OTHER,False,False,NEUTRAL,0.0,0.5,,v3.0,,,
ZYDUSLIFE,NSE_CORP_ANN,,Trading Window,"Zydus Lifesciences Limited has informed the Exchange regarding the Trading Window closure pursuant to SEBI (Prohibition of Insider Trading) Regulations, 2015","Trading Window Zydus Lifesciences Limited has informed the Exchange regarding the Trading Window closure pursuant to SEBI (Prohibition of Insider Trading) Regulations, 2015 https://nsearchives.nseindia.com/corporate/cadilahc_26122025184849_intimationoftradingwindowclosure.pdf",OTHER,True,False,NEUTRAL,0.0,0.5,,v3.0,,,
ZYDUSLIFE,NSE_CORP_ANN,,Copy of Newspaper Publication,Zydus Lifesciences Limited has informed the Exchange about Copy of Newspaper Publication,Copy of Newspaper Publication Zydus Lifesciences Limited has informed the Exchange about Copy of Newspaper Publication https://nsearchives.nseindia.com/corporate/cadilahc_26122025124238_newspaperadvertisement26122025.pdf,OTHER,True,False,NEUTRAL,0.0,0.5,,v3.0,,,
ZYDUSLIFE,NSE_CORP_ANN,,General Updates,Zydus Lifesciences Limited has informed the Exchange about General Updates,General Updates Zydus Lifesciences Limited has informed the Exchange about General Updates https://nsearchives.nseindia.com/corporate/cadilahc_24122025175414_zydussblapibtaextension4.pdf,OTHER,False,False,NEUTRAL,0.0,0.5,,v3.0,,,
ZYDUSLIFE,NSE_CORP_ANN,,Press Release,"Zydus Lifesciences Limited has informed the Exchange regarding a press release dated December 23, 2025, titled ""Zydus Partners with Bioeq for U.S. Commercialisation rights for NUFYMCO®, an Interchangeable Biosimilar to Lucentis®. NUFYMCO®. BLA has been approved by the USFDA"".","Press Release Zydus Lifesciences Limited has informed the Exchange regarding a press release dated December 23, 2025, titled ""Zydus Partners with Bioeq for U.S. Commercialisation rights for NUFYMCO®, an Interchangeable Biosimilar to Lucentis®. NUFYMCO®. BLA has been approved by the USFDA"". https://nsearchives.nseindia.com/corporate/cadilahc_23122025181740_pr23122025.pdf",OTHER,False,False,NEUTRAL,0.0,0.5,,v3.0,,,
