symbol,source,headline,summary,published_at,nse_category,raw,score
360ONE,NSE_CORP_ANN,Trading Window,"360 ONE WAM LIMITED has informed the Exchange regarding the Trading Window closure pursuant to SEBI (Prohibition of Insider Trading) Regulations, 2015",,,"{'symbol': '360ONE', 'desc': 'Trading Window', 'dt': '29122025154308', 'attchmntFile': 'https://nsearchives.nseindia.com/corporate/IIFLWAM_29122025154026_20251229ClosureofTradingwindow_signed.pdf', 'sm_name': '360 ONE WAM LIMITED', 'sm_isin': 'INE466L01020', 'an_dt': '29-Dec-2025 15:43:08', 'sort_date': '2025-12-29 15:43:08', 'seq_id': '106480952', 'smIndustry': None, 'orgid': None, 'attchmntText': '360 ONE WAM LIMITED has informed the Exchange regarding the Trading Window closure pursuant to SEBI (Prohibition of Insider Trading) Regulations, 2015', 'bflag': None, 'old_new': None, 'csvName': None, 'exchdisstime': '29-Dec-2025 15:43:09', 'difference': '00:00:01', 'fileSize': '178.71 KB', 'attFileSize': '178.71 KB', 'hasXbrl': True}",0.0
360ONE,NSE_CORP_ANN,ESOP/ESOS/ESPS,360 ONE WAM LIMITED has informed the Exchange regarding Grant of 3527736  Employee Stock Options (ESOPs),,,"{'symbol': '360ONE', 'desc': 'ESOP/ESOS/ESPS', 'dt': '24122025173051', 'attchmntFile': 'https://nsearchives.nseindia.com/corporate/IIFLWAM_24122025172805_20251224GrantofESOPssigned.pdf', 'sm_name': '360 ONE WAM LIMITED', 'sm_isin': 'INE466L01020', 'an_dt': '24-Dec-2025 17:30:51', 'sort_date': '2025-12-24 17:30:51', 'seq_id': '106476776', 'smIndustry': None, 'orgid': None, 'attchmntText': '360 ONE WAM LIMITED has informed the Exchange regarding Grant of 3527736  Employee Stock Options (ESOPs)', 'bflag': None, 'old_new': None, 'csvName': None, 'exchdisstime': '24-Dec-2025 17:30:52', 'difference': '00:00:01', 'fileSize': '207.12 KB', 'attFileSize': '207.12 KB', 'hasXbrl': True}",0.0
360ONE,NSE_CORP_ANN,Acquisition,"360 ONE WAM LIMITED has informed the Exchange about incorporation of a wholly owned subsidiary of 360 ONE Asset Management Limited,  a wholly owned subsidiary of the Company for carrying out fund management business in Gujarat International Finance Tec-City GIFT City. We wish to inform you that the aforesaid step-down wholly owned subsidiary of the Company is now incorporated in the name of 360 ONE Global Asset Management (IFSC) Limited with a corporate identity number U66300GJ2025PLC171080 on December 23, 2025.",,,"{'symbol': '360ONE', 'desc': 'Acquisition', 'dt': '24122025155637', 'attchmntFile': 'https://nsearchives.nseindia.com/corporate/IIFLWAM_24122025155427_20251224IncorporationofsubsidiaryGAMsigned.pdf', 'sm_name': '360 ONE WAM LIMITED', 'sm_isin': 'INE466L01020', 'an_dt': '24-Dec-2025 15:56:37', 'sort_date': '2025-12-24 15:56:37', 'seq_id': '106476539', 'smIndustry': None, 'orgid': None, 'attchmntText': '360 ONE WAM LIMITED has informed the Exchange about incorporation of a wholly owned subsidiary of 360 ONE Asset Management Limited,  a wholly owned subsidiary of the Company for carrying out fund management business in Gujarat International Finance Tec-City GIFT City. We wish to inform you that the aforesaid step-down wholly owned subsidiary of the Company is now incorporated in the name of 360 ONE Global Asset Management (IFSC) Limited with a corporate identity number U66300GJ2025PLC171080 on December 23, 2025.', 'bflag': None, 'old_new': None, 'csvName': None, 'exchdisstime': '24-Dec-2025 15:56:37', 'difference': '00:00:00', 'fileSize': '195.26 KB', 'attFileSize': '195.26 KB', 'hasXbrl': True}",0.0
APLAPOLLO,NSE_CORP_ANN,Updates,"APL Apollo Tubes Limited has informed the Exchange regarding 'Environmental, Social and Governance Report for Financial Year 2024-25'.",,,"{'symbol': 'APLAPOLLO', 'desc': 'Updates', 'dt': '27122025113323', 'attchmntFile': 'https://nsearchives.nseindia.com/corporate/APLAPOLLO_27122025113215_REG30-ESG-Report_2024-25.pdf', 'sm_name': 'APL Apollo Tubes Limited', 'sm_isin': 'INE702C01019', 'an_dt': '27-Dec-2025 11:33:23', 'sort_date': '2025-12-27 11:33:23', 'seq_id': '106479556', 'smIndustry': 'Steel And Steel Products', 'orgid': None, 'attchmntText': ""APL Apollo Tubes Limited has informed the Exchange regarding 'Environmental, Social and Governance Report for Financial Year 2024-25'."", 'bflag': None, 'old_new': None, 'csvName': None, 'exchdisstime': '27-Dec-2025 11:33:24', 'difference': '00:00:01', 'fileSize': '8.13 MB', 'attFileSize': '8.13 MB', 'hasXbrl': True}",0.0
APLAPOLLO,NSE_CORP_ANN,Trading Window,"APL Apollo Tubes Limited has informed the Exchange regarding the Trading Window closure pursuant to SEBI (Prohibition of Insider Trading) Regulations, 2015",,,"{'symbol': 'APLAPOLLO', 'desc': 'Trading Window', 'dt': '23122025155301', 'attchmntFile': 'https://nsearchives.nseindia.com/corporate/APLAPOLLO_23122025155048_SE_Trading_window_closure.pdf', 'sm_name': 'APL Apollo Tubes Limited', 'sm_isin': 'INE702C01019', 'an_dt': '23-Dec-2025 15:53:01', 'sort_date': '2025-12-23 15:53:01', 'seq_id': '106475143', 'smIndustry': 'Steel And Steel Products', 'orgid': None, 'attchmntText': 'APL Apollo Tubes Limited has informed the Exchange regarding the Trading Window closure pursuant to SEBI (Prohibition of Insider Trading) Regulations, 2015', 'bflag': None, 'old_new': None, 'csvName': None, 'exchdisstime': '23-Dec-2025 15:53:03', 'difference': '00:00:02', 'fileSize': '325.81 KB', 'attFileSize': '325.81 KB', 'hasXbrl': True}",0.0
AUBANK,NSE_CORP_ANN,Trading Window,"AU Small Finance Bank Limited has informed the Exchange regarding the Trading Window closure pursuant to SEBI (Prohibition of Insider Trading) Regulations, 2015",,,"{'symbol': 'AUBANK', 'desc': 'Trading Window', 'dt': '26122025192149', 'attchmntFile': 'https://nsearchives.nseindia.com/corporate/AUBANK_26122025191944_Window_Closure_Intimation.pdf', 'sm_name': 'AU Small Finance Bank Limited', 'sm_isin': 'INE949L01017', 'an_dt': '26-Dec-2025 19:21:49', 'sort_date': '2025-12-26 19:21:49', 'seq_id': '106479147', 'smIndustry': None, 'orgid': None, 'attchmntText': 'AU Small Finance Bank Limited has informed the Exchange regarding the Trading Window closure pursuant to SEBI (Prohibition of Insider Trading) Regulations, 2015', 'bflag': None, 'old_new': None, 'csvName': None, 'exchdisstime': '26-Dec-2025 19:21:50', 'difference': '00:00:01', 'fileSize': '1.07 MB', 'attFileSize': '1.07 MB', 'hasXbrl': True}",0.0
AUBANK,NSE_CORP_ANN,Shareholders meeting,"AU Small Finance Bank Limited has submitted the Exchange a copy Srutinizers report of  Postal Ballot. Further, the company has informed the Exchange regarding voting results.",,,"{'symbol': 'AUBANK', 'desc': 'Shareholders meeting', 'dt': '26122025191343', 'attchmntFile': 'https://nsearchives.nseindia.com/corporate/AUBANK_26122025191242_PB_Voting_Result_SE_Submission.pdf', 'sm_name': 'AU Small Finance Bank Limited', 'sm_isin': 'INE949L01017', 'an_dt': '26-Dec-2025 19:13:43', 'sort_date': '2025-12-26 19:13:43', 'seq_id': '106479132', 'smIndustry': None, 'orgid': None, 'attchmntText': 'AU Small Finance Bank Limited has submitted the Exchange a copy Srutinizers report of  Postal Ballot. Further, the company has informed the Exchange regarding voting results.', 'bflag': None, 'old_new': None, 'csvName': None, 'exchdisstime': '26-Dec-2025 19:13:44', 'difference': '00:00:01', 'fileSize': '1.58 MB', 'attFileSize': '1.58 MB', 'hasXbrl': True}",0.0
ADANIENSOL,NSE_CORP_ANN,Trading Window,"Adani Energy Solutions Limited has informed the Exchange regarding the Trading Window closure pursuant to SEBI (Prohibition of Insider Trading) Regulations, 2015",,,"{'symbol': 'ADANIENSOL', 'desc': 'Trading Window', 'dt': '25122025191121', 'attchmntFile': 'https://nsearchives.nseindia.com/corporate/ADANITRANS_25122025191114_AESL_Trading_Window_Intimation.pdf', 'sm_name': 'Adani Energy Solutions Limited', 'sm_isin': 'INE931S01010', 'an_dt': '25-Dec-2025 19:11:21', 'sort_date': '2025-12-25 19:11:21', 'seq_id': '106477498', 'smIndustry': None, 'orgid': None, 'attchmntText': 'Adani Energy Solutions Limited has informed the Exchange regarding the Trading Window closure pursuant to SEBI (Prohibition of Insider Trading) Regulations, 2015', 'bflag': None, 'old_new': None, 'csvName': None, 'exchdisstime': '25-Dec-2025 19:11:22', 'difference': '00:00:01', 'fileSize': '152.82 KB', 'attFileSize': '152.82 KB', 'hasXbrl': True}",0.0
ADANIENT,NSE_CORP_ANN,Updates,"Adani Enterprises Limited has informed the Exchange regarding 'Intimation Under The Securities And Exchange Board Of India (Listing Obligations And Disclosure Requirements) Regulations, 2015 As Amended (''''SEBI Listing Regulations'''') In Relation To The Public Issue Of Non-Convertible Debentures'.",,,"{'symbol': 'ADANIENT', 'desc': 'Updates', 'dt': '29122025234149', 'attchmntFile': 'https://nsearchives.nseindia.com/corporate/nishant_joshi_adani_com_29122025234139_Intimationfilingofprospectus29122025.pdf', 'sm_name': 'Adani Enterprises Limited', 'sm_isin': 'INE423A01024', 'an_dt': '29-Dec-2025 23:41:49', 'sort_date': '2025-12-29 23:41:49', 'seq_id': '106481988', 'smIndustry': 'Trading', 'orgid': None, 'attchmntText': ""Adani Enterprises Limited has informed the Exchange regarding 'Intimation Under The Securities And Exchange Board Of India (Listing Obligations And Disclosure Requirements) Regulations, 2015 As Amended (''''SEBI Listing Regulations'''') In Relation To The Public Issue Of Non-Convertible Debentures'."", 'bflag': None, 'old_new': None, 'csvName': None, 'exchdisstime': '29-Dec-2025 23:41:51', 'difference': '00:00:02', 'fileSize': '270.80 KB', 'attFileSize': '270.80 KB', 'hasXbrl': True}",0.0
ADANIENT,NSE_CORP_ANN,Shareholders meeting,"Adani Enterprises Limited has submitted the Exchange a copy Srutinizers report of  Court Convened General Meeting held on December 29, 2025. Further, the company has informed the Exchange regarding voting results.",,,"{'symbol': 'ADANIENT', 'desc': 'Shareholders meeting', 'dt': '29122025202041', 'attchmntFile': 'https://nsearchives.nseindia.com/corporate/nishant_joshi_adani_com_29122025202005_AELScrutinizerReport29122025.pdf', 'sm_name': 'Adani Enterprises Limited', 'sm_isin': 'INE423A01024', 'an_dt': '29-Dec-2025 20:20:41', 'sort_date': '2025-12-29 20:20:41', 'seq_id': '106481696', 'smIndustry': 'Trading', 'orgid': None, 'attchmntText': 'Adani Enterprises Limited has submitted the Exchange a copy Srutinizers report of  Court Convened General Meeting held on December 29, 2025. Further, the company has informed the Exchange regarding voting results.', 'bflag': None, 'old_new': None, 'csvName': None, 'exchdisstime': '29-Dec-2025 20:20:42', 'difference': '00:00:01', 'fileSize': '908.20 KB', 'attFileSize': '908.20 KB', 'hasXbrl': True}",0.0
ADANIENT,NSE_CORP_ANN,Copy of Newspaper Publication,Adani Enterprises Limited has informed the Exchange about Copy of Newspaper Publication regarding First Call Notice.,,,"{'symbol': 'ADANIENT', 'desc': 'Copy of Newspaper Publication', 'dt': '27122025185253', 'attchmntFile': 'https://nsearchives.nseindia.com/corporate/nishant_joshi_adani_com_27122025185242_Intimation_NewspaperAd_call_notice_dispatch_1.pdf', 'sm_name': 'Adani Enterprises Limited', 'sm_isin': 'INE423A01024', 'an_dt': '27-Dec-2025 18:52:53', 'sort_date': '2025-12-27 18:52:53', 'seq_id': '106479884', 'smIndustry': 'Trading', 'orgid': None, 'attchmntText': 'Adani Enterprises Limited has informed the Exchange about Copy of Newspaper Publication regarding First Call Notice.', 'bflag': None, 'old_new': None, 'csvName': None, 'exchdisstime': '27-Dec-2025 18:52:53', 'difference': '00:00:00', 'fileSize': '3.22 MB', 'attFileSize': '3.22 MB', 'hasXbrl': True}",0.0
ADANIENT,NSE_CORP_ANN,Credit Rating,Adani Enterprises Limited has informed the Exchange about Credit Rating,,,"{'symbol': 'ADANIENT', 'desc': 'Credit Rating', 'dt': '24122025001719', 'attchmntFile': 'https://nsearchives.nseindia.com/corporate/nishant_joshi_adani_com_24122025001626_AELIntimationCreditRating23122025.pdf', 'sm_name': 'Adani Enterprises Limited', 'sm_isin': 'INE423A01024', 'an_dt': '24-Dec-2025 00:17:19', 'sort_date': '2025-12-24 00:17:19', 'seq_id': '106475841', 'smIndustry': 'Trading', 'orgid': None, 'attchmntText': 'Adani Enterprises Limited has informed the Exchange about Credit Rating', 'bflag': None, 'old_new': None, 'csvName': None, 'exchdisstime': '24-Dec-2025 00:17:20', 'difference': '00:00:01', 'fileSize': '153.17 KB', 'attFileSize': '153.17 KB', 'hasXbrl': True}",0.0
ADANIGREEN,NSE_CORP_ANN,General Updates,Adani Green Energy Limited has informed the Exchange about Incorporation of step-down subsidiary company,,,"{'symbol': 'ADANIGREEN', 'desc': 'General Updates', 'dt': '26122025184622', 'attchmntFile': 'https://nsearchives.nseindia.com/corporate/ADANIGREEN_26122025184541_Letter.pdf', 'sm_name': 'Adani Green Energy Limited', 'sm_isin': 'INE364U01010', 'an_dt': '26-Dec-2025 18:46:22', 'sort_date': '2025-12-26 18:46:22', 'seq_id': '106479075', 'smIndustry': None, 'orgid': None, 'attchmntText': 'Adani Green Energy Limited has informed the Exchange about Incorporation of step-down subsidiary company', 'bflag': None, 'old_new': None, 'csvName': None, 'exchdisstime': '26-Dec-2025 18:46:23', 'difference': '00:00:01', 'fileSize': '198.39 KB', 'attFileSize': '198.39 KB', 'hasXbrl': True}",0.0
ADANIGREEN,NSE_CORP_ANN,Trading Window,"Adani Green Energy Limited has informed the Exchange regarding the Trading Window closure pursuant to SEBI (Prohibition of Insider Trading) Regulations, 2015",,,"{'symbol': 'ADANIGREEN', 'desc': 'Trading Window', 'dt': '25122025170226', 'attchmntFile': 'https://nsearchives.nseindia.com/corporate/ADANIGREEN_25122025170214_Letter.pdf', 'sm_name': 'Adani Green Energy Limited', 'sm_isin': 'INE364U01010', 'an_dt': '25-Dec-2025 17:02:26', 'sort_date': '2025-12-25 17:02:26', 'seq_id': '106477432', 'smIndustry': None, 'orgid': None, 'attchmntText': 'Adani Green Energy Limited has informed the Exchange regarding the Trading Window closure pursuant to SEBI (Prohibition of Insider Trading) Regulations, 2015', 'bflag': None, 'old_new': None, 'csvName': None, 'exchdisstime': '25-Dec-2025 17:02:27', 'difference': '00:00:01', 'fileSize': '186.36 KB', 'attFileSize': '186.36 KB', 'hasXbrl': True}",0.0
ADANIPORTS,NSE_CORP_ANN,General Updates,Adani Ports and Special Economic Zone Limited has informed the Exchange about General Updates,,,"{'symbol': 'ADANIPORTS', 'desc': 'General Updates', 'dt': '23122025161040', 'attchmntFile': 'https://nsearchives.nseindia.com/corporate/rkbhagia_23122025160914_SEINTIMATION.pdf', 'sm_name': 'Adani Ports and Special Economic Zone Limited', 'sm_isin': 'INE742F01042', 'an_dt': '23-Dec-2025 16:10:40', 'sort_date': '2025-12-23 16:10:40', 'seq_id': '106475175', 'smIndustry': 'Shipping', 'orgid': None, 'attchmntText': 'Adani Ports and Special Economic Zone Limited has informed the Exchange about General Updates', 'bflag': None, 'old_new': None, 'csvName': None, 'exchdisstime': '23-Dec-2025 16:10:41', 'difference': '00:00:01', 'fileSize': '263.88 KB', 'attFileSize': '263.88 KB', 'hasXbrl': True}",0.0
ABCAPITAL,NSE_CORP_ANN,Acquisition,Aditya Birla Capital Limited has informed the Exchange about Acquisition,,,"{'symbol': 'ABCAPITAL', 'desc': 'Acquisition', 'dt': '29122025165418', 'attchmntFile': 'https://nsearchives.nseindia.com/corporate/rsrai_29122025165410_ABCL_SE_Disclosure_ABCDL_Rights_Issue_Final_intimation_29_December_2025.pdf', 'sm_name': 'Aditya Birla Capital Limited', 'sm_isin': 'INE674K01013', 'an_dt': '29-Dec-2025 16:54:18', 'sort_date': '2025-12-29 16:54:18', 'seq_id': '106481206', 'smIndustry': None, 'orgid': None, 'attchmntText': 'Aditya Birla Capital Limited has informed the Exchange about Acquisition', 'bflag': None, 'old_new': None, 'csvName': None, 'exchdisstime': '29-Dec-2025 16:54:19', 'difference': '00:00:01', 'fileSize': '299.72 KB', 'attFileSize': '299.72 KB', 'hasXbrl': True}",0.0
ABCAPITAL,NSE_CORP_ANN,Allotment of Securities,Aditya Birla Capital Limited has informed the Exchange regarding allotment of Non- Convertible Debentures.,,,"{'symbol': 'ABCAPITAL', 'desc': 'Allotment of Securities', 'dt': '26122025175445', 'attchmntFile': 'https://nsearchives.nseindia.com/corporate/palavjain_26122025175432_ABCL_NCD_allotment__December_26_2025_Reg_30.pdf', 'sm_name': 'Aditya Birla Capital Limited', 'sm_isin': 'INE674K01013', 'an_dt': '26-Dec-2025 17:54:45', 'sort_date': '2025-12-26 17:54:45', 'seq_id': '106478909', 'smIndustry': None, 'orgid': None, 'attchmntText': 'Aditya Birla Capital Limited has informed the Exchange regarding allotment of Non- Convertible Debentures.', 'bflag': None, 'old_new': None, 'csvName': None, 'exchdisstime': '26-Dec-2025 17:54:46', 'difference': '00:00:01', 'fileSize': '333.58 KB', 'attFileSize': '333.58 KB', 'hasXbrl': True}",0.0
ABCAPITAL,NSE_CORP_ANN,Trading Window,"Aditya Birla Capital Limited has informed the Exchange regarding the Trading Window closure pursuant to SEBI (Prohibition of Insider Trading) Regulations, 2015",,,"{'symbol': 'ABCAPITAL', 'desc': 'Trading Window', 'dt': '26122025165041', 'attchmntFile': 'https://nsearchives.nseindia.com/corporate/rsrai_26122025165031_Closure_of_trading_window_December_2025signed.pdf', 'sm_name': 'Aditya Birla Capital Limited', 'sm_isin': 'INE674K01013', 'an_dt': '26-Dec-2025 16:50:41', 'sort_date': '2025-12-26 16:50:41', 'seq_id': '106478688', 'smIndustry': None, 'orgid': None, 'attchmntText': 'Aditya Birla Capital Limited has informed the Exchange regarding the Trading Window closure pursuant to SEBI (Prohibition of Insider Trading) Regulations, 2015', 'bflag': None, 'old_new': None, 'csvName': None, 'exchdisstime': '26-Dec-2025 16:50:42', 'difference': '00:00:01', 'fileSize': '289.78 KB', 'attFileSize': '289.78 KB', 'hasXbrl': True}",0.0
ABCAPITAL,NSE_CORP_ANN,ESOP/ESOS/ESPS,Aditya Birla Capital Limited has informed the Exchange regarding Allotment of 120054  Shares.,,,"{'symbol': 'ABCAPITAL', 'desc': 'ESOP/ESOS/ESPS', 'dt': '24122025213137', 'attchmntFile': 'https://nsearchives.nseindia.com/corporate/ABCAPITAL_24122025213045_ESOPse24Dec2025.pdf', 'sm_name': 'Aditya Birla Capital Limited', 'sm_isin': 'INE674K01013', 'an_dt': '24-Dec-2025 21:31:37', 'sort_date': '2025-12-24 21:31:37', 'seq_id': '106476991', 'smIndustry': None, 'orgid': None, 'attchmntText': 'Aditya Birla Capital Limited has informed the Exchange regarding Allotment of 120054  Shares.', 'bflag': None, 'old_new': None, 'csvName': None, 'exchdisstime': '24-Dec-2025 21:31:38', 'difference': '00:00:01', 'fileSize': '259.45 KB', 'attFileSize': '259.45 KB', 'hasXbrl': True}",0.0
ALKEM,NSE_CORP_ANN,Action(s) initiated or orders passed,Alkem Laboratories Limited has informed the Exchange about Action(s) initiated or orders passed,,,"{'symbol': 'ALKEM', 'desc': 'Action(s) initiated or orders passed', 'dt': '29122025150242', 'attchmntFile': 'https://nsearchives.nseindia.com/corporate/ALKEM_29122025150138_Reg30RegulatoryOrder2612025_Signed.pdf', 'sm_name': 'Alkem Laboratories Limited', 'sm_isin': 'INE540L01014', 'an_dt': '29-Dec-2025 15:02:42', 'sort_date': '2025-12-29 15:02:42', 'seq_id': '106480831', 'smIndustry': None, 'orgid': None, 'attchmntText': 'Alkem Laboratories Limited has informed the Exchange about Action(s) initiated or orders passed', 'bflag': None, 'old_new': None, 'csvName': None, 'exchdisstime': '29-Dec-2025 15:02:43', 'difference': '00:00:01', 'fileSize': '635.98 KB', 'attFileSize': '635.98 KB', 'hasXbrl': True}",0.0
ALKEM,NSE_CORP_ANN,General Updates,Alkem Laboratories Limited has informed the Exchange about Disclosure under Regulation 30 of SEBI LODR Regulations.,,,"{'symbol': 'ALKEM', 'desc': 'General Updates', 'dt': '26122025185900', 'attchmntFile': 'https://nsearchives.nseindia.com/corporate/ALKEM_26122025185749_Reg30_EnzeneInvestment_26122025_Signed.pdf', 'sm_name': 'Alkem Laboratories Limited', 'sm_isin': 'INE540L01014', 'an_dt': '26-Dec-2025 18:59:00', 'sort_date': '2025-12-26 18:59:00', 'seq_id': '106479096', 'smIndustry': None, 'orgid': None, 'attchmntText': 'Alkem Laboratories Limited has informed the Exchange about Disclosure under Regulation 30 of SEBI LODR Regulations.', 'bflag': None, 'old_new': None, 'csvName': None, 'exchdisstime': '26-Dec-2025 18:59:00', 'difference': '00:00:00', 'fileSize': '559.35 KB', 'attFileSize': '559.35 KB', 'hasXbrl': True}",0.0
ALKEM,NSE_CORP_ANN,Trading Window,"Alkem Laboratories Limited has informed the Exchange regarding the Trading Window closure pursuant to SEBI (Prohibition of Insider Trading) Regulations, 2015",,,"{'symbol': 'ALKEM', 'desc': 'Trading Window', 'dt': '23122025145414', 'attchmntFile': 'https://nsearchives.nseindia.com/corporate/ALKEM_23122025145342_Tradingwindowclosurepdf_Signed.pdf', 'sm_name': 'Alkem Laboratories Limited', 'sm_isin': 'INE540L01014', 'an_dt': '23-Dec-2025 14:54:14', 'sort_date': '2025-12-23 14:54:14', 'seq_id': '106475050', 'smIndustry': None, 'orgid': None, 'attchmntText': 'Alkem Laboratories Limited has informed the Exchange regarding the Trading Window closure pursuant to SEBI (Prohibition of Insider Trading) Regulations, 2015', 'bflag': None, 'old_new': None, 'csvName': None, 'exchdisstime': '23-Dec-2025 14:54:15', 'difference': '00:00:01', 'fileSize': '598.77 KB', 'attFileSize': '598.77 KB', 'hasXbrl': True}",0.0
ALKEM,NSE_CORP_ANN,Analysts/Institutional Investor Meet/Con. Call Updates,Alkem Laboratories Limited has informed the Exchange about Schedule of meet,,,"{'symbol': 'ALKEM', 'desc': 'Analysts/Institutional Investor Meet/Con. Call Updates', 'dt': '23122025114452', 'attchmntFile': 'https://nsearchives.nseindia.com/corporate/ALKEM_23122025114400_ScheduleofInvestorMeet_December_2025_Signed.pdf', 'sm_name': 'Alkem Laboratories Limited', 'sm_isin': 'INE540L01014', 'an_dt': '23-Dec-2025 11:44:52', 'sort_date': '2025-12-23 11:44:52', 'seq_id': '106474843', 'smIndustry': None, 'orgid': None, 'attchmntText': 'Alkem Laboratories Limited has informed the Exchange about Schedule of meet', 'bflag': None, 'old_new': None, 'csvName': None, 'exchdisstime': '23-Dec-2025 11:44:54', 'difference': '00:00:02', 'fileSize': '365.80 KB', 'attFileSize': '365.80 KB', 'hasXbrl': True}",0.0
AMBER,NSE_CORP_ANN,Trading Window,"Amber Enterprises India Limited has informed the Exchange regarding the Trading Window closure pursuant to SEBI (Prohibition of Insider Trading) Regulations, 2015",,,"{'symbol': 'AMBER', 'desc': 'Trading Window', 'dt': '29122025175901', 'attchmntFile': 'https://nsearchives.nseindia.com/corporate/AMBER_29122025175804_SE_Intimation_Trading_Window_Closure_31122025.pdf', 'sm_name': 'Amber Enterprises India Limited', 'sm_isin': 'INE371P01015', 'an_dt': '29-Dec-2025 17:59:01', 'sort_date': '2025-12-29 17:59:01', 'seq_id': '106481418', 'smIndustry': None, 'orgid': None, 'attchmntText': 'Amber Enterprises India Limited has informed the Exchange regarding the Trading Window closure pursuant to SEBI (Prohibition of Insider Trading) Regulations, 2015', 'bflag': None, 'old_new': None, 'csvName': None, 'exchdisstime': '29-Dec-2025 17:59:02', 'difference': '00:00:01', 'fileSize': '466.66 KB', 'attFileSize': '466.66 KB', 'hasXbrl': True}",0.0
AMBUJACEM,NSE_CORP_ANN,Trading Window,"Ambuja Cements Limited has informed the Exchange regarding the Trading Window closure pursuant to SEBI (Prohibition of Insider Trading) Regulations, 2015",,,"{'symbol': 'AMBUJACEM', 'desc': 'Trading Window', 'dt': '27122025122800', 'attchmntFile': 'https://nsearchives.nseindia.com/corporate/AMBUJACEM_27122025122737_ACL_Closure_of_TW.pdf', 'sm_name': 'Ambuja Cements Limited', 'sm_isin': 'INE079A01024', 'an_dt': '27-Dec-2025 12:28:00', 'sort_date': '2025-12-27 12:28:00', 'seq_id': '106479607', 'smIndustry': 'Cement And Cement Products', 'orgid': None, 'attchmntText': 'Ambuja Cements Limited has informed the Exchange regarding the Trading Window closure pursuant to SEBI (Prohibition of Insider Trading) Regulations, 2015', 'bflag': None, 'old_new': None, 'csvName': None, 'exchdisstime': '27-Dec-2025 12:28:02', 'difference': '00:00:02', 'fileSize': '192.64 KB', 'attFileSize': '192.64 KB', 'hasXbrl': True}",0.0
ANGELONE,NSE_CORP_ANN,Updates,"Angel One Limited has informed the Exchange regarding ' AngelOne Limited has been awarded ISO 22301:2019 Certification for its Business ContinuityManagement System (BCMS) by Intertek Certification Limited on December 22, 2025'.",,,"{'symbol': 'ANGELONE', 'desc': 'Updates', 'dt': '23122025112236', 'attchmntFile': 'https://nsearchives.nseindia.com/corporate/ANGEL8896_23122025112224_Intimation_receipt_of_ISO_certification.pdf', 'sm_name': 'Angel One Limited', 'sm_isin': 'INE732I01013', 'an_dt': '23-Dec-2025 11:22:36', 'sort_date': '2025-12-23 11:22:36', 'seq_id': '106474777', 'smIndustry': None, 'orgid': None, 'attchmntText': ""Angel One Limited has informed the Exchange regarding ' AngelOne Limited has been awarded ISO 22301:2019 Certification for its Business ContinuityManagement System (BCMS) by Intertek Certification Limited on December 22, 2025'."", 'bflag': None, 'old_new': None, 'csvName': None, 'exchdisstime': '23-Dec-2025 11:22:37', 'difference': '00:00:01', 'fileSize': '205.76 KB', 'attFileSize': '205.76 KB', 'hasXbrl': True}",0.0
APOLLOHOSP,NSE_CORP_ANN,Trading Window,"Apollo Hospitals Enterprise Limited has informed the Exchange regarding the Trading Window closure pursuant to SEBI (Prohibition of Insider Trading) Regulations, 2015",,,"{'symbol': 'APOLLOHOSP', 'desc': 'Trading Window', 'dt': '26122025122933', 'attchmntFile': 'https://nsearchives.nseindia.com/corporate/APOLLOHOSP_26122025122923_SE_let_Closure_Trading_window.pdf', 'sm_name': 'Apollo Hospitals Enterprise Limited', 'sm_isin': 'INE437A01016', 'an_dt': '26-Dec-2025 12:29:33', 'sort_date': '2025-12-26 12:29:33', 'seq_id': '106478029', 'smIndustry': 'Miscellaneous', 'orgid': None, 'attchmntText': 'Apollo Hospitals Enterprise Limited has informed the Exchange regarding the Trading Window closure pursuant to SEBI (Prohibition of Insider Trading) Regulations, 2015', 'bflag': None, 'old_new': None, 'csvName': None, 'exchdisstime': '26-Dec-2025 12:29:34', 'difference': '00:00:01', 'fileSize': '548.23 KB', 'attFileSize': '548.23 KB', 'hasXbrl': True}",0.0
APOLLOHOSP,NSE_CORP_ANN,General Updates,Apollo Hospitals Enterprise Limited has informed the Exchange about General Updates,,,"{'symbol': 'APOLLOHOSP', 'desc': 'General Updates', 'dt': '24122025130814', 'attchmntFile': 'https://nsearchives.nseindia.com/corporate/APOLLOHOSP_24122025130730_BSE_observation_letter.pdf', 'sm_name': 'Apollo Hospitals Enterprise Limited', 'sm_isin': 'INE437A01016', 'an_dt': '24-Dec-2025 13:08:14', 'sort_date': '2025-12-24 13:08:14', 'seq_id': '106476306', 'smIndustry': 'Miscellaneous', 'orgid': None, 'attchmntText': 'Apollo Hospitals Enterprise Limited has informed the Exchange about General Updates', 'bflag': None, 'old_new': None, 'csvName': None, 'exchdisstime': '24-Dec-2025 13:08:15', 'difference': '00:00:01', 'fileSize': '865.34 KB', 'attFileSize': '865.34 KB', 'hasXbrl': True}",0.0
ASHOKLEY,NSE_CORP_ANN,Trading Window,"Ashok Leyland Limited has informed the Exchange regarding the Trading Window closure pursuant to SEBI (Prohibition of Insider Trading) Regulations, 2015",,,"{'symbol': 'ASHOKLEY', 'desc': 'Trading Window', 'dt': '26122025144421', 'attchmntFile': 'https://nsearchives.nseindia.com/corporate/ASHOKLEY_26122025144356_72Windowclosure_dec2025.pdf', 'sm_name': 'Ashok Leyland Limited', 'sm_isin': 'INE208A01029', 'an_dt': '26-Dec-2025 14:44:21', 'sort_date': '2025-12-26 14:44:21', 'seq_id': '106478326', 'smIndustry': 'Automobiles - 4 Wheelers', 'orgid': None, 'attchmntText': 'Ashok Leyland Limited has informed the Exchange regarding the Trading Window closure pursuant to SEBI (Prohibition of Insider Trading) Regulations, 2015', 'bflag': None, 'old_new': None, 'csvName': None, 'exchdisstime': '26-Dec-2025 14:44:22', 'difference': '00:00:01', 'fileSize': '530.22 KB', 'attFileSize': '530.22 KB', 'hasXbrl': True}",0.0
ASIANPAINT,NSE_CORP_ANN,Disclosure under SEBI Takeover Regulations,"Prafullika Shailesh Choksi has submitted to the Exchange a copy of Disclosures under Regulation 10(6)-Report to stock Exchange in respect of any acquisition made in reliance upon exemption provided for in regulation 10 of SEBI (SAST) Regulations, 2011.",,,"{'symbol': 'ASIANPAINT', 'desc': 'Disclosure under SEBI Takeover Regulations', 'dt': '29122025151917', 'attchmntFile': 'https://nsearchives.nseindia.com/corporate/team_sandeshc_29122025102917_Prafullika1.pdf', 'sm_name': 'Asian Paints Limited', 'sm_isin': 'INE021A01018', 'an_dt': '29-Dec-2025 15:19:17', 'sort_date': '2025-12-29 15:19:17', 'seq_id': '106480293', 'smIndustry': 'Paints', 'orgid': None, 'attchmntText': 'Prafullika Shailesh Choksi has submitted to the Exchange a copy of Disclosures under Regulation 10(6)-Report to stock Exchange in respect of any acquisition made in reliance upon exemption provided for in regulation 10 of SEBI (SAST) Regulations, 2011.', 'bflag': None, 'old_new': None, 'csvName': None, 'exchdisstime': '29-Dec-2025 15:19:18', 'difference': '00:00:01', 'fileSize': '3.01 MB', 'attFileSize': '3.01 MB', 'hasXbrl': True}",0.0
ASIANPAINT,NSE_CORP_ANN,Copy of Newspaper Publication,"This is to inform that SEBI vide it Circular No. SEBI/HO/MIRSD-PoD/P/CIR/2025/97 dated 2nd July 2025, has decided to open a special window for a period of 6 months from 7th July 2025 to 6th January 2026 to facilitate re-lodgment of transfer requests of physical shares of the Company. Pursuant to said Circular, please find attached copies of notice given to the investors of the Company.",,,"{'symbol': 'ASIANPAINT', 'desc': 'Copy of Newspaper Publication', 'dt': '23122025202957', 'attchmntFile': 'https://nsearchives.nseindia.com/corporate/ASIANPAINT_23122025202814_SEIntimationSpecialWindowsigned.pdf', 'sm_name': 'Asian Paints Limited', 'sm_isin': 'INE021A01018', 'an_dt': '23-Dec-2025 20:29:57', 'sort_date': '2025-12-23 20:29:57', 'seq_id': '106475594', 'smIndustry': 'Paints', 'orgid': None, 'attchmntText': 'This is to inform that SEBI vide it Circular No. SEBI/HO/MIRSD-PoD/P/CIR/2025/97 dated 2nd July 2025, has decided to open a special window for a period of 6 months from 7th July 2025 to 6th January 2026 to facilitate re-lodgment of transfer requests of physical shares of the Company. Pursuant to said Circular, please find attached copies of notice given to the investors of the Company.', 'bflag': None, 'old_new': None, 'csvName': None, 'exchdisstime': '23-Dec-2025 20:29:58', 'difference': '00:00:01', 'fileSize': '8.45 MB', 'attFileSize': '8.45 MB', 'hasXbrl': True}",0.0
ASTRAL,NSE_CORP_ANN,Trading Window,"Astral Limited has informed the Exchange regarding the Trading Window closure pursuant to SEBI (Prohibition of Insider Trading) Regulations, 2015",,,"{'symbol': 'ASTRAL', 'desc': 'Trading Window', 'dt': '26122025174615', 'attchmntFile': 'https://nsearchives.nseindia.com/corporate/ASTRAL_26122025174555_Trading_Window_Closure_Q3_Final.pdf', 'sm_name': 'Astral Limited', 'sm_isin': 'INE006I01012', 'an_dt': '26-Dec-2025 17:46:15', 'sort_date': '2025-12-26 17:46:15', 'seq_id': '106478875', 'smIndustry': 'Plastic And Plastic Products', 'orgid': None, 'attchmntText': 'Astral Limited has informed the Exchange regarding the Trading Window closure pursuant to SEBI (Prohibition of Insider Trading) Regulations, 2015', 'bflag': None, 'old_new': None, 'csvName': None, 'exchdisstime': '26-Dec-2025 17:46:16', 'difference': '00:00:01', 'fileSize': '387.17 KB', 'attFileSize': '387.17 KB', 'hasXbrl': True}",0.0
AUROPHARMA,NSE_CORP_ANN,General Updates,Aurobindo Pharma Limited has informed the Exchange about General Updates,,,"{'symbol': 'AUROPHARMA', 'desc': 'General Updates', 'dt': '27122025115802', 'attchmntFile': 'https://nsearchives.nseindia.com/corporate/AUROPHARMA_27122025115727_LtrToSEsCurateqTerminationAgmnt27122025.pdf', 'sm_name': 'Aurobindo Pharma Limited', 'sm_isin': 'INE406A01029', 'an_dt': '27-Dec-2025 11:58:02', 'sort_date': '2025-12-27 11:58:02', 'seq_id': '106479582', 'smIndustry': 'Pharmaceuticals', 'orgid': None, 'attchmntText': 'Aurobindo Pharma Limited has informed the Exchange about General Updates', 'bflag': None, 'old_new': None, 'csvName': None, 'exchdisstime': '27-Dec-2025 11:58:03', 'difference': '00:00:01', 'fileSize': '263.36 KB', 'attFileSize': '263.36 KB', 'hasXbrl': True}",0.0
AUROPHARMA,NSE_CORP_ANN,Trading Window,"Aurobindo Pharma Limited has informed the Exchange regarding the Trading Window closure pursuant to SEBI (Prohibition of Insider Trading) Regulations, 2015",,,"{'symbol': 'AUROPHARMA', 'desc': 'Trading Window', 'dt': '24122025115410', 'attchmntFile': 'https://nsearchives.nseindia.com/corporate/AUROPHARMA_24122025115337_LtrToSEsTradingWindowClosure24122025.pdf', 'sm_name': 'Aurobindo Pharma Limited', 'sm_isin': 'INE406A01029', 'an_dt': '24-Dec-2025 11:54:10', 'sort_date': '2025-12-24 11:54:10', 'seq_id': '106476170', 'smIndustry': 'Pharmaceuticals', 'orgid': None, 'attchmntText': 'Aurobindo Pharma Limited has informed the Exchange regarding the Trading Window closure pursuant to SEBI (Prohibition of Insider Trading) Regulations, 2015', 'bflag': None, 'old_new': None, 'csvName': None, 'exchdisstime': '24-Dec-2025 11:54:11', 'difference': '00:00:01', 'fileSize': '216.52 KB', 'attFileSize': '216.52 KB', 'hasXbrl': True}",0.0
AUROPHARMA,NSE_CORP_ANN,Acquisition,"Aurobindo Pharma Limited has informed the Exchange about acquisition of additional 20% stake in Luoxin Aurovitas Pharma (Chengdu) Co. Ltd, China, a joint venture company",,,"{'symbol': 'AUROPHARMA', 'desc': 'Acquisition', 'dt': '23122025132803', 'attchmntFile': 'https://nsearchives.nseindia.com/corporate/AUROPHARMA_23122025132653_LtrToSEsAcquisitionLuoxin23122025.pdf', 'sm_name': 'Aurobindo Pharma Limited', 'sm_isin': 'INE406A01029', 'an_dt': '23-Dec-2025 13:28:03', 'sort_date': '2025-12-23 13:28:03', 'seq_id': '106474977', 'smIndustry': 'Pharmaceuticals', 'orgid': None, 'attchmntText': 'Aurobindo Pharma Limited has informed the Exchange about acquisition of additional 20% stake in Luoxin Aurovitas Pharma (Chengdu) Co. Ltd, China, a joint venture company', 'bflag': None, 'old_new': None, 'csvName': None, 'exchdisstime': '23-Dec-2025 13:28:04', 'difference': '00:00:01', 'fileSize': '258.76 KB', 'attFileSize': '258.76 KB', 'hasXbrl': True}",0.0
DMART,NSE_CORP_ANN,Updates,Avenue Supermarts Limited has informed the Exchange regarding Redemption of Commercial Paper (CP).,,,"{'symbol': 'DMART', 'desc': 'Updates', 'dt': '29122025183623', 'attchmntFile': 'https://nsearchives.nseindia.com/corporate/DMART_29122025183449_RedemptionofCP29122025.pdf', 'sm_name': 'Avenue Supermarts Limited', 'sm_isin': 'INE192R01011', 'an_dt': '29-Dec-2025 18:36:23', 'sort_date': '2025-12-29 18:36:23', 'seq_id': '106481522', 'smIndustry': None, 'orgid': None, 'attchmntText': 'Avenue Supermarts Limited has informed the Exchange regarding Redemption of Commercial Paper (CP).', 'bflag': None, 'old_new': None, 'csvName': None, 'exchdisstime': '29-Dec-2025 18:36:25', 'difference': '00:00:02', 'fileSize': '689.74 KB', 'attFileSize': '689.74 KB', 'hasXbrl': True}",0.0
DMART,NSE_CORP_ANN,General Updates,Avenue Supermarts Limited has informed the Exchange about Redemption of Commercial Paper (CP),,,"{'symbol': 'DMART', 'desc': 'General Updates', 'dt': '24122025174147', 'attchmntFile': 'https://nsearchives.nseindia.com/corporate/DMART_24122025174125_RedemptionofCP_24122025.pdf', 'sm_name': 'Avenue Supermarts Limited', 'sm_isin': 'INE192R01011', 'an_dt': '24-Dec-2025 17:41:47', 'sort_date': '2025-12-24 17:41:47', 'seq_id': '106476797', 'smIndustry': None, 'orgid': None, 'attchmntText': 'Avenue Supermarts Limited has informed the Exchange about Redemption of Commercial Paper (CP)', 'bflag': None, 'old_new': None, 'csvName': None, 'exchdisstime': '24-Dec-2025 17:41:48', 'difference': '00:00:01', 'fileSize': '689.72 KB', 'attFileSize': '689.72 KB', 'hasXbrl': True}",0.0
AXISBANK,NSE_CORP_ANN,Updates,Axis Bank Limited has informed the Exchange regarding 'Update to the Global Medium Term Notes Programme of the Bank'.,,,"{'symbol': 'AXISBANK', 'desc': 'Updates', 'dt': '26122025183133', 'attchmntFile': 'https://nsearchives.nseindia.com/corporate/AXISBANK1_26122025183014_SEIntimationGMTNUpdate26122025Signed.pdf', 'sm_name': 'Axis Bank Limited', 'sm_isin': 'INE238A01026', 'an_dt': '26-Dec-2025 18:31:33', 'sort_date': '2025-12-26 18:31:33', 'seq_id': '106479033', 'smIndustry': 'Banks', 'orgid': None, 'attchmntText': ""Axis Bank Limited has informed the Exchange regarding 'Update to the Global Medium Term Notes Programme of the Bank'."", 'bflag': None, 'old_new': None, 'csvName': None, 'exchdisstime': '26-Dec-2025 18:31:34', 'difference': '00:00:01', 'fileSize': '166.65 KB', 'attFileSize': '166.65 KB', 'hasXbrl': True}",0.0
AXISBANK,NSE_CORP_ANN,ESOP/ESOS/ESPS,Axis Bank Limited has informed the Exchange regarding Allotment of 502455  Shares.,,,"{'symbol': 'AXISBANK', 'desc': 'ESOP/ESOS/ESPS', 'dt': '23122025184913', 'attchmntFile': 'https://nsearchives.nseindia.com/corporate/AXISBANK1_23122025184852_SE23122025signed.pdf', 'sm_name': 'Axis Bank Limited', 'sm_isin': 'INE238A01026', 'an_dt': '23-Dec-2025 18:49:13', 'sort_date': '2025-12-23 18:49:13', 'seq_id': '106475511', 'smIndustry': 'Banks', 'orgid': None, 'attchmntText': 'Axis Bank Limited has informed the Exchange regarding Allotment of 502455  Shares.', 'bflag': None, 'old_new': None, 'csvName': None, 'exchdisstime': '23-Dec-2025 18:49:14', 'difference': '00:00:01', 'fileSize': '2.98 MB', 'attFileSize': '2.98 MB', 'hasXbrl': True}",0.0
AXISBANK,NSE_CORP_ANN,Trading Window,"Axis Bank Limited has informed the Exchange regarding the Trading Window closure pursuant to SEBI (Prohibition of Insider Trading) Regulations, 2015",,,"{'symbol': 'AXISBANK', 'desc': 'Trading Window', 'dt': '23122025161016', 'attchmntFile': 'https://nsearchives.nseindia.com/corporate/AXISBANK1_23122025160738_SEIntimationTWCQ3Signed.pdf', 'sm_name': 'Axis Bank Limited', 'sm_isin': 'INE238A01026', 'an_dt': '23-Dec-2025 16:10:16', 'sort_date': '2025-12-23 16:10:16', 'seq_id': '106475173', 'smIndustry': 'Banks', 'orgid': None, 'attchmntText': 'Axis Bank Limited has informed the Exchange regarding the Trading Window closure pursuant to SEBI (Prohibition of Insider Trading) Regulations, 2015', 'bflag': None, 'old_new': None, 'csvName': None, 'exchdisstime': '23-Dec-2025 16:10:17', 'difference': '00:00:01', 'fileSize': '157.45 KB', 'attFileSize': '157.45 KB', 'hasXbrl': True}",0.0
BSE,NSE_CORP_ANN,News Verification,The Exchange has sought clarification from BSE Limited with respect to recent news item captioned BSE shares rise 3.5% as report says stock exchange plans to launch more monthly index option products.  The response from the Company is attached.,,,"{'symbol': 'BSE', 'desc': 'News Verification', 'dt': '23122025105441', 'attchmntFile': 'https://nsearchives.nseindia.com/corporate/BSE1_23122025105317_NSEIntimation.pdf', 'sm_name': 'BSE Limited', 'sm_isin': 'INE118H01025', 'an_dt': '23-Dec-2025 10:54:41', 'sort_date': '2025-12-23 10:54:41', 'seq_id': '106474735', 'smIndustry': None, 'orgid': None, 'attchmntText': 'The Exchange has sought clarification from BSE Limited with respect to recent news item captioned BSE shares rise 3.5% as report says stock exchange plans to launch more monthly index option products.  The response from the Company is attached.', 'bflag': None, 'old_new': None, 'csvName': None, 'exchdisstime': '23-Dec-2025 10:54:42', 'difference': '00:00:01', 'fileSize': '930.76 KB', 'attFileSize': '930.76 KB', 'hasXbrl': True}",0.0
BAJAJ-AUTO,NSE_CORP_ANN,Trading Window,"Bajaj Auto Limited has informed the Exchange regarding the Trading Window closure pursuant to SEBI (Prohibition of Insider Trading) Regulations, 2015",,,"{'symbol': 'BAJAJ-AUTO', 'desc': 'Trading Window', 'dt': '29122025205745', 'attchmntFile': 'https://nsearchives.nseindia.com/corporate/lkwalimbe_bajajauto_co_in_29122025205731_SE_-_Closure_of_Trading_Window.pdf', 'sm_name': 'Bajaj Auto Limited', 'sm_isin': 'INE917I01010', 'an_dt': '29-Dec-2025 20:57:45', 'sort_date': '2025-12-29 20:57:45', 'seq_id': '106481725', 'smIndustry': 'Automobiles - 2 And 3 Wheelers', 'orgid': None, 'attchmntText': 'Bajaj Auto Limited has informed the Exchange regarding the Trading Window closure pursuant to SEBI (Prohibition of Insider Trading) Regulations, 2015', 'bflag': None, 'old_new': None, 'csvName': None, 'exchdisstime': '29-Dec-2025 20:57:46', 'difference': '00:00:01', 'fileSize': '258.32 KB', 'attFileSize': '258.32 KB', 'hasXbrl': True}",0.0
BAJAJ-AUTO,NSE_CORP_ANN,Action(s) taken or orders passed,Bajaj Auto Limited has informed the Exchange about Action(s) taken or orders passed,,,"{'symbol': 'BAJAJ-AUTO', 'desc': 'Action(s) taken or orders passed', 'dt': '27122025150308', 'attchmntFile': 'https://nsearchives.nseindia.com/corporate/lkwalimbe_bajajauto_co_in_27122025150259_SE_Intimation_-_GST_Order_-_26_Dec_25.pdf', 'sm_name': 'Bajaj Auto Limited', 'sm_isin': 'INE917I01010', 'an_dt': '27-Dec-2025 15:03:08', 'sort_date': '2025-12-27 15:03:08', 'seq_id': '106479742', 'smIndustry': 'Automobiles - 2 And 3 Wheelers', 'orgid': None, 'attchmntText': 'Bajaj Auto Limited has informed the Exchange about Action(s) taken or orders passed', 'bflag': None, 'old_new': None, 'csvName': None, 'exchdisstime': '27-Dec-2025 15:03:09', 'difference': '00:00:01', 'fileSize': '282.44 KB', 'attFileSize': '282.44 KB', 'hasXbrl': True}",0.0
BAJFINANCE,NSE_CORP_ANN,Trading Window,"Bajaj Finance Limited has informed the Exchange regarding the Trading Window closure pursuant to SEBI (Prohibition of Insider Trading) Regulations, 2015",,,"{'symbol': 'BAJFINANCE', 'desc': 'Trading Window', 'dt': '29122025184408', 'attchmntFile': 'https://nsearchives.nseindia.com/corporate/BAJFINANCE_29122025184357_BFL_TradingWindowClosure_Dec2025.pdf', 'sm_name': 'Bajaj Finance Limited', 'sm_isin': 'INE296A01016', 'an_dt': '29-Dec-2025 18:44:08', 'sort_date': '2025-12-29 18:44:08', 'seq_id': '106481543', 'smIndustry': 'Finance', 'orgid': None, 'attchmntText': 'Bajaj Finance Limited has informed the Exchange regarding the Trading Window closure pursuant to SEBI (Prohibition of Insider Trading) Regulations, 2015', 'bflag': None, 'old_new': None, 'csvName': None, 'exchdisstime': '29-Dec-2025 18:44:09', 'difference': '00:00:01', 'fileSize': '165.86 KB', 'attFileSize': '165.86 KB', 'hasXbrl': True}",0.0
BAJAJFINSV,NSE_CORP_ANN,Trading Window,"Bajaj Finserv Limited has informed the Exchange regarding the Trading Window closure pursuant to SEBI (Prohibition of Insider Trading) Regulations, 2015",,,"{'symbol': 'BAJAJFINSV', 'desc': 'Trading Window', 'dt': '29122025191735', 'attchmntFile': 'https://nsearchives.nseindia.com/corporate/walimbelk_29122025191712_BFSTradingwindowclosure29122025.pdf', 'sm_name': 'Bajaj Finserv Limited', 'sm_isin': 'INE918I01018', 'an_dt': '29-Dec-2025 19:17:35', 'sort_date': '2025-12-29 19:17:35', 'seq_id': '106481616', 'smIndustry': 'Finance', 'orgid': None, 'attchmntText': 'Bajaj Finserv Limited has informed the Exchange regarding the Trading Window closure pursuant to SEBI (Prohibition of Insider Trading) Regulations, 2015', 'bflag': None, 'old_new': None, 'csvName': None, 'exchdisstime': '29-Dec-2025 19:17:36', 'difference': '00:00:01', 'fileSize': '187.40 KB', 'attFileSize': '187.40 KB', 'hasXbrl': True}",0.0
BANDHANBNK,NSE_CORP_ANN,General Updates,Bandhan Bank Limited has informed the Exchange about conclusion of sale of identified unsecured NPA and Written-off Portfolios of the Bank.,,,"{'symbol': 'BANDHANBNK', 'desc': 'General Updates', 'dt': '29122025205027', 'attchmntFile': 'https://nsearchives.nseindia.com/corporate/BANDHANBNK_29122025204920_SE_Disclosure_ARC_Sale_29122025_sd.pdf', 'sm_name': 'Bandhan Bank Limited', 'sm_isin': 'INE545U01014', 'an_dt': '29-Dec-2025 20:50:27', 'sort_date': '2025-12-29 20:50:27', 'seq_id': '106481715', 'smIndustry': None, 'orgid': None, 'attchmntText': 'Bandhan Bank Limited has informed the Exchange about conclusion of sale of identified unsecured NPA and Written-off Portfolios of the Bank.', 'bflag': None, 'old_new': None, 'csvName': None, 'exchdisstime': '29-Dec-2025 20:50:28', 'difference': '00:00:01', 'fileSize': '249.67 KB', 'attFileSize': '249.67 KB', 'hasXbrl': True}",0.0
BANDHANBNK,NSE_CORP_ANN,Action(s) initiated or orders passed,Bandhan Bank Limited has informed the Exchange about Disclosure under Regulation 30 of the SEBI LODR.,,,"{'symbol': 'BANDHANBNK', 'desc': 'Action(s) initiated or orders passed', 'dt': '26122025183444', 'attchmntFile': 'https://nsearchives.nseindia.com/corporate/BANDHANBNK_26122025183330_SE_Disclosure_GST_Order_2021-22_GJ_26122025_sd.pdf', 'sm_name': 'Bandhan Bank Limited', 'sm_isin': 'INE545U01014', 'an_dt': '26-Dec-2025 18:34:44', 'sort_date': '2025-12-26 18:34:44', 'seq_id': '106479042', 'smIndustry': None, 'orgid': None, 'attchmntText': 'Bandhan Bank Limited has informed the Exchange about Disclosure under Regulation 30 of the SEBI LODR.', 'bflag': None, 'old_new': None, 'csvName': None, 'exchdisstime': '26-Dec-2025 18:34:45', 'difference': '00:00:01', 'fileSize': '235.69 KB', 'attFileSize': '235.69 KB', 'hasXbrl': True}",0.0
BANDHANBNK,NSE_CORP_ANN,Trading Window,"Bandhan Bank Limited has informed the Exchange regarding the Trading Window closure pursuant to SEBI (Prohibition of Insider Trading) Regulations, 2015",,,"{'symbol': 'BANDHANBNK', 'desc': 'Trading Window', 'dt': '26122025174536', 'attchmntFile': 'https://nsearchives.nseindia.com/corporate/BANDHANBNK_26122025174503_TW_Closure_Intimation_26122025.pdf', 'sm_name': 'Bandhan Bank Limited', 'sm_isin': 'INE545U01014', 'an_dt': '26-Dec-2025 17:45:36', 'sort_date': '2025-12-26 17:45:36', 'seq_id': '106478874', 'smIndustry': None, 'orgid': None, 'attchmntText': 'Bandhan Bank Limited has informed the Exchange regarding the Trading Window closure pursuant to SEBI (Prohibition of Insider Trading) Regulations, 2015', 'bflag': None, 'old_new': None, 'csvName': None, 'exchdisstime': '26-Dec-2025 17:45:36', 'difference': '00:00:00', 'fileSize': '258.06 KB', 'attFileSize': '258.06 KB', 'hasXbrl': True}",0.0
BANKBARODA,NSE_CORP_ANN,Trading Window,"Bank Of Baroda has informed the Exchange regarding the Trading Window closure pursuant to SEBI (Prohibition of Insider Trading) Regulations, 2015",,,"{'symbol': 'BANKBARODA', 'desc': 'Trading Window', 'dt': '24122025161911', 'attchmntFile': 'https://nsearchives.nseindia.com/corporate/BANKBARODA_24122025161905_letter_to_stock_exchange_-_window_closure.pdf', 'sm_name': 'Bank of Baroda', 'sm_isin': 'INE028A01013', 'an_dt': '24-Dec-2025 16:19:11', 'sort_date': '2025-12-24 16:19:11', 'seq_id': '106476601', 'smIndustry': 'Banks', 'orgid': None, 'attchmntText': 'Bank Of Baroda has informed the Exchange regarding the Trading Window closure pursuant to SEBI (Prohibition of Insider Trading) Regulations, 2015', 'bflag': None, 'old_new': None, 'csvName': None, 'exchdisstime': '24-Dec-2025 16:19:12', 'difference': '00:00:01', 'fileSize': '272.42 KB', 'attFileSize': '272.42 KB', 'hasXbrl': True}",0.0
BANKINDIA,NSE_CORP_ANN,General Updates,"Bank Of India has informed the Exchange regarding allotment of Long Term Infra Bonds of Rs. 10,000 Crore.",,,"{'symbol': 'BANKINDIA', 'desc': 'General Updates', 'dt': '26122025173611', 'attchmntFile': 'https://nsearchives.nseindia.com/corporate/BANKINDIA5_26122025173547_InfraBondAllotment.pdf', 'sm_name': 'Bank of India', 'sm_isin': 'INE084A01016', 'an_dt': '26-Dec-2025 17:36:11', 'sort_date': '2025-12-26 17:36:11', 'seq_id': '106478823', 'smIndustry': 'Banks', 'orgid': None, 'attchmntText': 'Bank Of India has informed the Exchange regarding allotment of Long Term Infra Bonds of Rs. 10,000 Crore.', 'bflag': None, 'old_new': None, 'csvName': None, 'exchdisstime': '26-Dec-2025 17:36:12', 'difference': '00:00:01', 'fileSize': '79.35 KB', 'attFileSize': '79.35 KB', 'hasXbrl': True}",0.0
BANKINDIA,NSE_CORP_ANN,Analysts/Institutional Investor Meet/Con. Call Updates,Bank Of India has informed the Exchange about Investor/Analyst Meet,,,"{'symbol': 'BANKINDIA', 'desc': 'Analysts/Institutional Investor Meet/Con. Call Updates', 'dt': '23122025173630', 'attchmntFile': 'https://nsearchives.nseindia.com/corporate/BANKINDIA5_23122025173604_Investormeeting.pdf', 'sm_name': 'Bank of India', 'sm_isin': 'INE084A01016', 'an_dt': '23-Dec-2025 17:36:30', 'sort_date': '2025-12-23 17:36:30', 'seq_id': '106475374', 'smIndustry': 'Banks', 'orgid': None, 'attchmntText': 'Bank Of India has informed the Exchange about Investor/Analyst Meet', 'bflag': None, 'old_new': None, 'csvName': None, 'exchdisstime': '23-Dec-2025 17:36:30', 'difference': '00:00:00', 'fileSize': '64.84 KB', 'attFileSize': '64.84 KB', 'hasXbrl': True}",0.0
BANKINDIA,NSE_CORP_ANN,Updates,"Bank Of India has informed the Exchange regarding 'Bank Of India has informed the Exchange regarding Fund raising through issue of Long Term Infra Bonds of Rs.10,000 Crores.'.",,,"{'symbol': 'BANKINDIA', 'desc': 'Updates', 'dt': '23122025152915', 'attchmntFile': 'https://nsearchives.nseindia.com/corporate/BANKINDIA2_23122025152859_Infrabondissue.pdf', 'sm_name': 'Bank of India', 'sm_isin': 'INE084A01016', 'an_dt': '23-Dec-2025 15:29:15', 'sort_date': '2025-12-23 15:29:15', 'seq_id': '106475101', 'smIndustry': 'Banks', 'orgid': None, 'attchmntText': ""Bank Of India has informed the Exchange regarding 'Bank Of India has informed the Exchange regarding Fund raising through issue of Long Term Infra Bonds of Rs.10,000 Crores.'."", 'bflag': None, 'old_new': None, 'csvName': None, 'exchdisstime': '23-Dec-2025 15:29:16', 'difference': '00:00:01', 'fileSize': '88.75 KB', 'attFileSize': '88.75 KB', 'hasXbrl': True}",0.0
BDL,NSE_CORP_ANN,Trading Window,"Bharat Dynamics Limited has informed the Exchange regarding the Trading Window closure pursuant to SEBI (Prohibition of Insider Trading) Regulations, 2015",,,"{'symbol': 'BDL', 'desc': 'Trading Window', 'dt': '26122025163315', 'attchmntFile': 'https://nsearchives.nseindia.com/corporate/BDL_26122025163149_TradingWindowClosure01012026BDL.pdf', 'sm_name': 'Bharat Dynamics Limited', 'sm_isin': 'INE171Z01018', 'an_dt': '26-Dec-2025 16:33:15', 'sort_date': '2025-12-26 16:33:15', 'seq_id': '106478617', 'smIndustry': None, 'orgid': None, 'attchmntText': 'Bharat Dynamics Limited has informed the Exchange regarding the Trading Window closure pursuant to SEBI (Prohibition of Insider Trading) Regulations, 2015', 'bflag': None, 'old_new': None, 'csvName': None, 'exchdisstime': '26-Dec-2025 16:33:16', 'difference': '00:00:01', 'fileSize': '272.86 KB', 'attFileSize': '272.86 KB', 'hasXbrl': True}",0.0
BEL,NSE_CORP_ANN,Press Release,"Bharat Electronics Limited has informed the Exchange regarding a press release dated December 29, 2025, titled ""BEL receives orders worth Rs.569 Crore."".",,,"{'symbol': 'BEL', 'desc': 'Press Release', 'dt': '29122025153044', 'attchmntFile': 'https://nsearchives.nseindia.com/corporate/BEL_29122025152829_Press_Release_Signed.pdf', 'sm_name': 'Bharat Electronics Limited', 'sm_isin': 'INE263A01016', 'an_dt': '29-Dec-2025 15:30:44', 'sort_date': '2025-12-29 15:30:44', 'seq_id': '106480917', 'smIndustry': 'Electronics - Industrial', 'orgid': None, 'attchmntText': 'Bharat Electronics Limited has informed the Exchange regarding a press release dated December 29, 2025, titled ""BEL receives orders worth Rs.569 Crore."".', 'bflag': None, 'old_new': None, 'csvName': None, 'exchdisstime': '29-Dec-2025 15:30:45', 'difference': '00:00:01', 'fileSize': '1.11 MB', 'attFileSize': '1.11 MB', 'hasXbrl': True}",0.0
BHARATFORG,NSE_CORP_ANN,Trading Window,"Bharat Forge Limited has informed the Exchange regarding the Trading Window closure pursuant to SEBI (Prohibition of Insider Trading) Regulations, 2015",,,"{'symbol': 'BHARATFORG', 'desc': 'Trading Window', 'dt': '26122025171533', 'attchmntFile': 'https://nsearchives.nseindia.com/corporate/ANILSHINDE_26122025171236_SEIntimationTradingWindowClosure.pdf', 'sm_name': 'Bharat Forge Limited', 'sm_isin': 'INE465A01025', 'an_dt': '26-Dec-2025 17:15:33', 'sort_date': '2025-12-26 17:15:33', 'seq_id': '106478763', 'smIndustry': 'Castings/Forgings', 'orgid': None, 'attchmntText': 'Bharat Forge Limited has informed the Exchange regarding the Trading Window closure pursuant to SEBI (Prohibition of Insider Trading) Regulations, 2015', 'bflag': None, 'old_new': None, 'csvName': None, 'exchdisstime': '26-Dec-2025 17:15:34', 'difference': '00:00:01', 'fileSize': '510.47 KB', 'attFileSize': '510.47 KB', 'hasXbrl': True}",0.0
BHEL,NSE_CORP_ANN,Trading Window,"Bharat Heavy Electricals Limited has informed the Exchange regarding the Trading Window closure pursuant to SEBI (Prohibition of Insider Trading) Regulations, 2015",,,"{'symbol': 'BHEL', 'desc': 'Trading Window', 'dt': '29122025104937', 'attchmntFile': 'https://nsearchives.nseindia.com/corporate/BHEL_29122025104928_twclosure3112025.pdf', 'sm_name': 'Bharat Heavy Electricals Limited', 'sm_isin': 'INE257A01018', 'an_dt': '29-Dec-2025 10:49:37', 'sort_date': '2025-12-29 10:49:37', 'seq_id': '106480309', 'smIndustry': 'Electrical Equipment', 'orgid': None, 'attchmntText': 'Bharat Heavy Electricals Limited has informed the Exchange regarding the Trading Window closure pursuant to SEBI (Prohibition of Insider Trading) Regulations, 2015', 'bflag': None, 'old_new': None, 'csvName': None, 'exchdisstime': '29-Dec-2025 10:49:38', 'difference': '00:00:01', 'fileSize': '904.42 KB', 'attFileSize': '904.42 KB', 'hasXbrl': True}",0.0
BHEL,NSE_CORP_ANN,Change in Management,Bharat Heavy Electricals Limited has informed the Exchange about change in Management,,,"{'symbol': 'BHEL', 'desc': 'Change in Management', 'dt': '25122025094809', 'attchmntFile': 'https://nsearchives.nseindia.com/corporate/BHELCC_25122025094752_BHEL_ChangeinManagement.pdf', 'sm_name': 'Bharat Heavy Electricals Limited', 'sm_isin': 'INE257A01018', 'an_dt': '25-Dec-2025 09:48:09', 'sort_date': '2025-12-25 09:48:09', 'seq_id': '106477232', 'smIndustry': 'Electrical Equipment', 'orgid': None, 'attchmntText': 'Bharat Heavy Electricals Limited has informed the Exchange about change in Management', 'bflag': None, 'old_new': None, 'csvName': None, 'exchdisstime': '25-Dec-2025 09:48:10', 'difference': '00:00:01', 'fileSize': '206.85 KB', 'attFileSize': '206.85 KB', 'hasXbrl': True}",0.0
BHEL,NSE_CORP_ANN,Action(s) initiated or orders passed,Bharat Heavy Electricals Limited has informed the Exchange about Action(s) initiated or orders passed,,,"{'symbol': 'BHEL', 'desc': 'Action(s) initiated or orders passed', 'dt': '24122025164506', 'attchmntFile': 'https://nsearchives.nseindia.com/corporate/BHELCC_24122025164241_BHELInformation_StockExchanges.pdf', 'sm_name': 'Bharat Heavy Electricals Limited', 'sm_isin': 'INE257A01018', 'an_dt': '24-Dec-2025 16:45:06', 'sort_date': '2025-12-24 16:45:06', 'seq_id': '106476649', 'smIndustry': 'Electrical Equipment', 'orgid': None, 'attchmntText': 'Bharat Heavy Electricals Limited has informed the Exchange about Action(s) initiated or orders passed', 'bflag': None, 'old_new': None, 'csvName': None, 'exchdisstime': '24-Dec-2025 16:45:07', 'difference': '00:00:01', 'fileSize': '205.47 KB', 'attFileSize': '205.47 KB', 'hasXbrl': True}",0.0
BHARTIARTL,NSE_CORP_ANN,Press Release,"Bharti Airtel Limited has informed the Exchange regarding a press release dated December 29, 2025, titled ""Airtel Expands Entertainment Offerings with Exclusive Launch of Airtel Cartoon Network Classics"".",,,"{'symbol': 'BHARTIARTL', 'desc': 'Press Release', 'dt': '29122025124209', 'attchmntFile': 'https://nsearchives.nseindia.com/corporate/BHARTIARTL_29122025124156_BhartiAirtelPRDec29_signed.pdf', 'sm_name': 'Bharti Airtel Limited', 'sm_isin': 'INE397D01024', 'an_dt': '29-Dec-2025 12:42:09', 'sort_date': '2025-12-29 12:42:09', 'seq_id': '106480576', 'smIndustry': 'Telecommunication - Services', 'orgid': None, 'attchmntText': 'Bharti Airtel Limited has informed the Exchange regarding a press release dated December 29, 2025, titled ""Airtel Expands Entertainment Offerings with Exclusive Launch of Airtel Cartoon Network Classics"".', 'bflag': None, 'old_new': None, 'csvName': None, 'exchdisstime': '29-Dec-2025 12:42:11', 'difference': '00:00:02', 'fileSize': '805.21 KB', 'attFileSize': '805.21 KB', 'hasXbrl': True}",0.0
BHARTIARTL,NSE_CORP_ANN,Trading Window,"Bharti Airtel Limited has informed the Exchange regarding the Trading Window closure pursuant to SEBI (Prohibition of Insider Trading) Regulations, 2015",,,"{'symbol': 'BHARTIARTL', 'desc': 'Trading Window', 'dt': '26122025183557', 'attchmntFile': 'https://nsearchives.nseindia.com/corporate/BHARTIARTL_26122025183521_BAL_Trading_Window_Closure.pdf', 'sm_name': 'Bharti Airtel Limited', 'sm_isin': 'INE397D01024', 'an_dt': '26-Dec-2025 18:35:57', 'sort_date': '2025-12-26 18:35:57', 'seq_id': '106479044', 'smIndustry': 'Telecommunication - Services', 'orgid': None, 'attchmntText': 'Bharti Airtel Limited has informed the Exchange regarding the Trading Window closure pursuant to SEBI (Prohibition of Insider Trading) Regulations, 2015', 'bflag': None, 'old_new': None, 'csvName': None, 'exchdisstime': '26-Dec-2025 18:35:58', 'difference': '00:00:01', 'fileSize': '2.99 MB', 'attFileSize': '2.99 MB', 'hasXbrl': True}",0.0
BHARTIARTL,NSE_CORP_ANN,Action(s) taken or orders passed,Bharti Airtel Limited has informed the Exchange about Action(s) taken or orders passed,,,"{'symbol': 'BHARTIARTL', 'desc': 'Action(s) taken or orders passed', 'dt': '26122025170946', 'attchmntFile': 'https://nsearchives.nseindia.com/corporate/BHARTIARTL_26122025170917_Reg30DoTDec25Assam_signed.pdf', 'sm_name': 'Bharti Airtel Limited', 'sm_isin': 'INE397D01024', 'an_dt': '26-Dec-2025 17:09:46', 'sort_date': '2025-12-26 17:09:46', 'seq_id': '106478751', 'smIndustry': 'Telecommunication - Services', 'orgid': None, 'attchmntText': 'Bharti Airtel Limited has informed the Exchange about Action(s) taken or orders passed', 'bflag': None, 'old_new': None, 'csvName': None, 'exchdisstime': '26-Dec-2025 17:09:46', 'difference': '00:00:00', 'fileSize': '290.66 KB', 'attFileSize': '290.66 KB', 'hasXbrl': True}",0.0
BIOCON,NSE_CORP_ANN,Trading Window,"Biocon Limited has informed the Exchange regarding the Trading Window closure pursuant to SEBI (Prohibition of Insider Trading) Regulations, 2015",,,"{'symbol': 'BIOCON', 'desc': 'Trading Window', 'dt': '26122025190831', 'attchmntFile': 'https://nsearchives.nseindia.com/corporate/BIOCON_26122025190818_IntimationTradingWindow31122025.pdf', 'sm_name': 'Biocon Limited', 'sm_isin': 'INE376G01013', 'an_dt': '26-Dec-2025 19:08:31', 'sort_date': '2025-12-26 19:08:31', 'seq_id': '106479118', 'smIndustry': 'Pharmaceuticals', 'orgid': None, 'attchmntText': 'Biocon Limited has informed the Exchange regarding the Trading Window closure pursuant to SEBI (Prohibition of Insider Trading) Regulations, 2015', 'bflag': None, 'old_new': None, 'csvName': None, 'exchdisstime': '26-Dec-2025 19:08:32', 'difference': '00:00:01', 'fileSize': '2.93 MB', 'attFileSize': '2.93 MB', 'hasXbrl': True}",0.0
BIOCON,NSE_CORP_ANN,General Updates,Biocon Limited has informed the Exchange about Intimation of Record Date for Commercial Paper,,,"{'symbol': 'BIOCON', 'desc': 'General Updates', 'dt': '24122025202743', 'attchmntFile': 'https://nsearchives.nseindia.com/corporate/BIOCON_24122025202728_SERecord_date.pdf', 'sm_name': 'Biocon Limited', 'sm_isin': 'INE376G01013', 'an_dt': '24-Dec-2025 20:27:43', 'sort_date': '2025-12-24 20:27:43', 'seq_id': '106476969', 'smIndustry': 'Pharmaceuticals', 'orgid': None, 'attchmntText': 'Biocon Limited has informed the Exchange about Intimation of Record Date for Commercial Paper', 'bflag': None, 'old_new': None, 'csvName': None, 'exchdisstime': '24-Dec-2025 20:27:44', 'difference': '00:00:01', 'fileSize': '2.98 MB', 'attFileSize': '2.98 MB', 'hasXbrl': True}",0.0
BIOCON,NSE_CORP_ANN,Press Release,"Biocon Limited has informed the Exchange regarding a press release dated December 23, 2025, titled ""Biocon Limited signs out-licensing agreement with Ajanta to market Semaglutide in 26 countries"".",,,"{'symbol': 'BIOCON', 'desc': 'Press Release', 'dt': '23122025173431', 'attchmntFile': 'https://nsearchives.nseindia.com/corporate/BIOCON_23122025173405_Cover_Letter_pressrelease.pdf', 'sm_name': 'Biocon Limited', 'sm_isin': 'INE376G01013', 'an_dt': '23-Dec-2025 17:34:31', 'sort_date': '2025-12-23 17:34:31', 'seq_id': '106475371', 'smIndustry': 'Pharmaceuticals', 'orgid': None, 'attchmntText': 'Biocon Limited has informed the Exchange regarding a press release dated December 23, 2025, titled ""Biocon Limited signs out-licensing agreement with Ajanta to market Semaglutide in 26 countries"".', 'bflag': None, 'old_new': None, 'csvName': None, 'exchdisstime': '23-Dec-2025 17:34:32', 'difference': '00:00:01', 'fileSize': '3.15 MB', 'attFileSize': '3.15 MB', 'hasXbrl': True}",0.0
BLUESTARCO,NSE_CORP_ANN,Trading Window,"Blue Star Limited has informed the Exchange regarding the Trading Window closure pursuant to SEBI (Prohibition of Insider Trading) Regulations, 2015",,,"{'symbol': 'BLUESTARCO', 'desc': 'Trading Window', 'dt': '24122025210855', 'attchmntFile': 'https://nsearchives.nseindia.com/corporate/BLUESTARCO_24122025210843_IntimationoftradingwindowclosureQ3FY26.pdf', 'sm_name': 'Blue Star Limited', 'sm_isin': 'INE472A01039', 'an_dt': '24-Dec-2025 21:08:55', 'sort_date': '2025-12-24 21:08:55', 'seq_id': '106476982', 'smIndustry': 'Airconditioners', 'orgid': None, 'attchmntText': 'Blue Star Limited has informed the Exchange regarding the Trading Window closure pursuant to SEBI (Prohibition of Insider Trading) Regulations, 2015', 'bflag': None, 'old_new': None, 'csvName': None, 'exchdisstime': '24-Dec-2025 21:08:56', 'difference': '00:00:01', 'fileSize': '239.94 KB', 'attFileSize': '239.94 KB', 'hasXbrl': True}",0.0
BRITANNIA,NSE_CORP_ANN,Trading Window,"Britannia Industries Limited has informed the Exchange regarding the Trading Window closure pursuant to SEBI (Prohibition of Insider Trading) Regulations, 2015",,,"{'symbol': 'BRITANNIA', 'desc': 'Trading Window', 'dt': '26122025173432', 'attchmntFile': 'https://nsearchives.nseindia.com/corporate/BRITANNIA1_26122025173400_Final_Intimation_Signed.pdf', 'sm_name': 'Britannia Industries Limited', 'sm_isin': 'INE216A01014', 'an_dt': '26-Dec-2025 17:34:32', 'sort_date': '2025-12-26 17:34:32', 'seq_id': '106478814', 'smIndustry': 'Food And Food Processing', 'orgid': None, 'attchmntText': 'Britannia Industries Limited has informed the Exchange regarding the Trading Window closure pursuant to SEBI (Prohibition of Insider Trading) Regulations, 2015', 'bflag': None, 'old_new': None, 'csvName': None, 'exchdisstime': '26-Dec-2025 17:34:33', 'difference': '00:00:01', 'fileSize': '190.87 KB', 'attFileSize': '190.87 KB', 'hasXbrl': True}",0.0
CGPOWER,NSE_CORP_ANN,Trading Window,"CG Power and Industrial Solutions Limited has informed the Exchange regarding the Trading Window closure pursuant to SEBI (Prohibition of Insider Trading) Regulations, 2015",,,"{'symbol': 'CGPOWER', 'desc': 'Trading Window', 'dt': '26122025161409', 'attchmntFile': 'https://nsearchives.nseindia.com/corporate/CGPOWER_26122025161123_Disclosure_ClosureofTradingWindow_31122025.pdf', 'sm_name': 'CG Power and Industrial Solutions Limited', 'sm_isin': 'INE067A01029', 'an_dt': '26-Dec-2025 16:14:09', 'sort_date': '2025-12-26 16:14:09', 'seq_id': '106478555', 'smIndustry': None, 'orgid': None, 'attchmntText': 'CG Power and Industrial Solutions Limited has informed the Exchange regarding the Trading Window closure pursuant to SEBI (Prohibition of Insider Trading) Regulations, 2015', 'bflag': None, 'old_new': None, 'csvName': None, 'exchdisstime': '26-Dec-2025 16:14:10', 'difference': '00:00:01', 'fileSize': '243.43 KB', 'attFileSize': '243.43 KB', 'hasXbrl': True}",0.0
CGPOWER,NSE_CORP_ANN,Allotment of Securities,"CG Power and Industrial Solutions Limited has informed the Exchange regarding allotment of 5000 securities pursuant to ESOP/ESPS at its meeting held on December 23, 2025",,,"{'symbol': 'CGPOWER', 'desc': 'Allotment of Securities', 'dt': '23122025141333', 'attchmntFile': 'https://nsearchives.nseindia.com/corporate/CGPOWER_23122025141158_Disclosure_Allotment_23122025.pdf', 'sm_name': 'CG Power and Industrial Solutions Limited', 'sm_isin': 'INE067A01029', 'an_dt': '23-Dec-2025 14:13:33', 'sort_date': '2025-12-23 14:13:33', 'seq_id': '106475012', 'smIndustry': None, 'orgid': None, 'attchmntText': 'CG Power and Industrial Solutions Limited has informed the Exchange regarding allotment of 5000 securities pursuant to ESOP/ESPS at its meeting held on December 23, 2025', 'bflag': None, 'old_new': None, 'csvName': None, 'exchdisstime': '23-Dec-2025 14:13:35', 'difference': '00:00:02', 'fileSize': '425.31 KB', 'attFileSize': '425.31 KB', 'hasXbrl': True}",0.0
CGPOWER,NSE_CORP_ANN,Analysts/Institutional Investor Meet/Con. Call Updates,CG Power and Industrial Solutions Limited has informed the Exchange about Schedule of meet,,,"{'symbol': 'CGPOWER', 'desc': 'Analysts/Institutional Investor Meet/Con. Call Updates', 'dt': '23122025093730', 'attchmntFile': 'https://nsearchives.nseindia.com/corporate/CGPOWER_23122025093528_Intimation_of_Analyst_call_23_12_2025.pdf', 'sm_name': 'CG Power and Industrial Solutions Limited', 'sm_isin': 'INE067A01029', 'an_dt': '23-Dec-2025 09:37:30', 'sort_date': '2025-12-23 09:37:30', 'seq_id': '106474594', 'smIndustry': None, 'orgid': None, 'attchmntText': 'CG Power and Industrial Solutions Limited has informed the Exchange about Schedule of meet', 'bflag': None, 'old_new': None, 'csvName': None, 'exchdisstime': '23-Dec-2025 09:37:31', 'difference': '00:00:01', 'fileSize': '422.45 KB', 'attFileSize': '422.45 KB', 'hasXbrl': True}",0.0
CANBK,NSE_CORP_ANN,Updates,Canara Bank has informed the Exchange regarding 'Compliance Certificates and Reports on Securities Exchange Board of India-Cybersecurity and Cyber Resilience Framework (SEBI-CSCRF)'.,,,"{'symbol': 'CANBK', 'desc': 'Updates', 'dt': '29122025165212', 'attchmntFile': 'https://nsearchives.nseindia.com/corporate/CANBK_29122025164845_LettertoSE23122025Sd.pdf', 'sm_name': 'Canara Bank', 'sm_isin': 'INE476A01014', 'an_dt': '29-Dec-2025 16:52:12', 'sort_date': '2025-12-29 16:52:12', 'seq_id': '106481202', 'smIndustry': 'Banks', 'orgid': None, 'attchmntText': ""Canara Bank has informed the Exchange regarding 'Compliance Certificates and Reports on Securities Exchange Board of India-Cybersecurity and Cyber Resilience Framework (SEBI-CSCRF)'."", 'bflag': None, 'old_new': None, 'csvName': None, 'exchdisstime': '29-Dec-2025 16:52:14', 'difference': '00:00:02', 'fileSize': '4.61 MB', 'attFileSize': '4.61 MB', 'hasXbrl': True}",0.0
CANBK,NSE_CORP_ANN,Trading Window,"Canara Bank has informed the Exchange regarding the Trading Window closure pursuant to SEBI (Prohibition of Insider Trading) Regulations, 2015",,,"{'symbol': 'CANBK', 'desc': 'Trading Window', 'dt': '24122025124732', 'attchmntFile': 'https://nsearchives.nseindia.com/corporate/CANBK_24122025124720_LettertoSE24122025Sd.pdf', 'sm_name': 'Canara Bank', 'sm_isin': 'INE476A01014', 'an_dt': '24-Dec-2025 12:47:32', 'sort_date': '2025-12-24 12:47:32', 'seq_id': '106476272', 'smIndustry': 'Banks', 'orgid': None, 'attchmntText': 'Canara Bank has informed the Exchange regarding the Trading Window closure pursuant to SEBI (Prohibition of Insider Trading) Regulations, 2015', 'bflag': None, 'old_new': None, 'csvName': None, 'exchdisstime': '24-Dec-2025 12:47:33', 'difference': '00:00:01', 'fileSize': '614.21 KB', 'attFileSize': '614.21 KB', 'hasXbrl': True}",0.0
CDSL,NSE_CORP_ANN,Pendency of Litigation(s)/dispute(s) or the outcome impacting the Company,CDSL has informed the Exchange about Pendency of Litigation(s)/dispute(s) or the outcome impacting the Company.,,,"{'symbol': 'CDSL', 'desc': 'Pendency of Litigation(s)/dispute(s) or the outcome impacting the Company', 'dt': '24122025183538', 'attchmntFile': 'https://nsearchives.nseindia.com/corporate/CDSL_24122025183500_NSE_Intimation-_Nimish_Shah_Signed.pdf', 'sm_name': 'Central Depository Services (India) Limited', 'sm_isin': 'INE736A01011', 'an_dt': '24-Dec-2025 18:35:38', 'sort_date': '2025-12-24 18:35:38', 'seq_id': '106476887', 'smIndustry': None, 'orgid': None, 'attchmntText': 'CDSL has informed the Exchange about Pendency of Litigation(s)/dispute(s) or the outcome impacting the Company.', 'bflag': None, 'old_new': None, 'csvName': None, 'exchdisstime': '24-Dec-2025 18:35:39', 'difference': '00:00:01', 'fileSize': '308.39 KB', 'attFileSize': '308.39 KB', 'hasXbrl': True}",0.0
CHOLAFIN,NSE_CORP_ANN,Allotment of Securities,"Cholamandalam Investment and Finance Company Limited has informed the Exchange regarding allotment of 100100 securities pursuant to Non Convertible Securities at its meeting held on December 24, 2025",,,"{'symbol': 'CHOLAFIN', 'desc': 'Allotment of Securities', 'dt': '24122025194549', 'attchmntFile': 'https://nsearchives.nseindia.com/corporate/JashJS_24122025194530_NSEIntimationSEBIReg30Allotment657.pdf', 'sm_name': 'Cholamandalam Investment and Finance Company Limited', 'sm_isin': 'INE121A01016', 'an_dt': '24-Dec-2025 19:45:49', 'sort_date': '2025-12-24 19:45:49', 'seq_id': '106476956', 'smIndustry': 'Finance', 'orgid': None, 'attchmntText': 'Cholamandalam Investment and Finance Company Limited has informed the Exchange regarding allotment of 100100 securities pursuant to Non Convertible Securities at its meeting held on December 24, 2025', 'bflag': None, 'old_new': None, 'csvName': None, 'exchdisstime': '24-Dec-2025 19:45:50', 'difference': '00:00:01', 'fileSize': '316.77 KB', 'attFileSize': '316.77 KB', 'hasXbrl': True}",0.0
CHOLAFIN,NSE_CORP_ANN,Analysts/Institutional Investor Meet/Con. Call Updates,Cholamandalam Investment and Finance Company Limited has informed the Exchange about Link of Recording,,,"{'symbol': 'CHOLAFIN', 'desc': 'Analysts/Institutional Investor Meet/Con. Call Updates', 'dt': '23122025162834', 'attchmntFile': 'https://nsearchives.nseindia.com/corporate/lakshmits_23122025160949_Intimation_AudioRecordingUpload_23Dec2025.pdf', 'sm_name': 'Cholamandalam Investment and Finance Company Limited', 'sm_isin': 'INE121A01016', 'an_dt': '23-Dec-2025 16:28:34', 'sort_date': '2025-12-23 16:28:34', 'seq_id': '106475221', 'smIndustry': 'Finance', 'orgid': None, 'attchmntText': 'Cholamandalam Investment and Finance Company Limited has informed the Exchange about Link of Recording', 'bflag': None, 'old_new': None, 'csvName': None, 'exchdisstime': '23-Dec-2025 16:28:35', 'difference': '00:00:01', 'fileSize': '280.72 KB', 'attFileSize': '280.72 KB', 'hasXbrl': True}",0.0
CHOLAFIN,NSE_CORP_ANN,Rumour Verification - Regulation 30(11),Cholamandalam Investment and Finance Company Limited has informed the Exchange about Rumour Verification - Regulation 30(11),,,"{'symbol': 'CHOLAFIN', 'desc': 'Rumour Verification - Regulation 30(11)', 'dt': '23122025100142', 'attchmntFile': 'https://nsearchives.nseindia.com/corporate/lakshmits_23122025100127_SEletterfordsc.pdf', 'sm_name': 'Cholamandalam Investment and Finance Company Limited', 'sm_isin': 'INE121A01016', 'an_dt': '23-Dec-2025 10:01:42', 'sort_date': '2025-12-23 10:01:42', 'seq_id': '106474646', 'smIndustry': 'Finance', 'orgid': None, 'attchmntText': 'Cholamandalam Investment and Finance Company Limited has informed the Exchange about Rumour Verification - Regulation 30(11)', 'bflag': None, 'old_new': None, 'csvName': None, 'exchdisstime': '23-Dec-2025 10:01:44', 'difference': '00:00:02', 'fileSize': '3.02 MB', 'attFileSize': '3.02 MB', 'hasXbrl': True}",0.0
COALINDIA,NSE_CORP_ANN,Trading Window,"Coal India Limited has informed the Exchange regarding the Trading Window closure pursuant to SEBI (Prohibition of Insider Trading) Regulations, 2015",,,"{'symbol': 'COALINDIA', 'desc': 'Trading Window', 'dt': '29122025164610', 'attchmntFile': 'https://nsearchives.nseindia.com/corporate/COALINDIA_29122025164546_Letter_Stock_Exchange.pdf', 'sm_name': 'Coal India Limited', 'sm_isin': 'INE522F01014', 'an_dt': '29-Dec-2025 16:46:10', 'sort_date': '2025-12-29 16:46:10', 'seq_id': '106481178', 'smIndustry': 'Mining', 'orgid': None, 'attchmntText': 'Coal India Limited has informed the Exchange regarding the Trading Window closure pursuant to SEBI (Prohibition of Insider Trading) Regulations, 2015', 'bflag': None, 'old_new': None, 'csvName': None, 'exchdisstime': '29-Dec-2025 16:46:10', 'difference': '00:00:00', 'fileSize': '768.18 KB', 'attFileSize': '768.18 KB', 'hasXbrl': True}",0.0
COALINDIA,NSE_CORP_ANN,Appointment,"Coal India Limited has informed the Exchange regarding Appointment of Mr R K Singh as Other of the company w.e.f. December 29, 2025.",,,"{'symbol': 'COALINDIA', 'desc': 'Appointment', 'dt': '29122025130652', 'attchmntFile': 'https://nsearchives.nseindia.com/corporate/COALINDIA_29122025130524_NSERajiva.pdf', 'sm_name': 'Coal India Limited', 'sm_isin': 'INE522F01014', 'an_dt': '29-Dec-2025 13:06:52', 'sort_date': '2025-12-29 13:06:52', 'seq_id': '106480636', 'smIndustry': 'Mining', 'orgid': None, 'attchmntText': 'Coal India Limited has informed the Exchange regarding Appointment of Mr R K Singh as Other of the company w.e.f. December 29, 2025.', 'bflag': None, 'old_new': None, 'csvName': None, 'exchdisstime': '29-Dec-2025 13:06:53', 'difference': '00:00:01', 'fileSize': '516.35 KB', 'attFileSize': '516.35 KB', 'hasXbrl': True}",0.0
COALINDIA,NSE_CORP_ANN,Updates,Coal India Limited has informed the Exchange regarding ''.,,,"{'symbol': 'COALINDIA', 'desc': 'Updates', 'dt': '26122025171040', 'attchmntFile': 'https://nsearchives.nseindia.com/corporate/COALINDIA_26122025170911_NSEgarg.pdf', 'sm_name': 'Coal India Limited', 'sm_isin': 'INE522F01014', 'an_dt': '26-Dec-2025 17:10:40', 'sort_date': '2025-12-26 17:10:40', 'seq_id': '106478753', 'smIndustry': 'Mining', 'orgid': None, 'attchmntText': ""Coal India Limited has informed the Exchange regarding ''."", 'bflag': None, 'old_new': None, 'csvName': None, 'exchdisstime': '26-Dec-2025 17:10:41', 'difference': '00:00:01', 'fileSize': '515.61 KB', 'attFileSize': '515.61 KB', 'hasXbrl': True}",0.0
COALINDIA,NSE_CORP_ANN,General Updates,"Coal India Limited has informed the Exchange about General Updates-In-principle approval of Listing of South Eastern Coalfields Limited (SECL), a Wholly owned subsidiary of Coal India Limited.",,,"{'symbol': 'COALINDIA', 'desc': 'General Updates', 'dt': '23122025170622', 'attchmntFile': 'https://nsearchives.nseindia.com/corporate/COALINDIA_23122025170609_SECLsigned.pdf', 'sm_name': 'Coal India Limited', 'sm_isin': 'INE522F01014', 'an_dt': '23-Dec-2025 17:06:22', 'sort_date': '2025-12-23 17:06:22', 'seq_id': '106475316', 'smIndustry': 'Mining', 'orgid': None, 'attchmntText': 'Coal India Limited has informed the Exchange about General Updates-In-principle approval of Listing of South Eastern Coalfields Limited (SECL), a Wholly owned subsidiary of Coal India Limited.', 'bflag': None, 'old_new': None, 'csvName': None, 'exchdisstime': '23-Dec-2025 17:06:22', 'difference': '00:00:00', 'fileSize': '651.30 KB', 'attFileSize': '651.30 KB', 'hasXbrl': True}",0.0
COALINDIA,NSE_CORP_ANN,Rumour Verification - Regulation 30(11),"Coal India Limited has informed the Exchange about Rumour Verification - Regulation 30(11)-Intimation under Regulation 30(11) of SEBI (Listing Obligations &Disclosure Requirements) Regulations, 2015",,,"{'symbol': 'COALINDIA', 'desc': 'Rumour Verification - Regulation 30(11)', 'dt': '23122025160542', 'attchmntFile': 'https://nsearchives.nseindia.com/corporate/COALINDIA_23122025160527_signedMPM.pdf', 'sm_name': 'Coal India Limited', 'sm_isin': 'INE522F01014', 'an_dt': '23-Dec-2025 16:05:42', 'sort_date': '2025-12-23 16:05:42', 'seq_id': '106475164', 'smIndustry': 'Mining', 'orgid': None, 'attchmntText': 'Coal India Limited has informed the Exchange about Rumour Verification - Regulation 30(11)-Intimation under Regulation 30(11) of SEBI (Listing Obligations &Disclosure Requirements) Regulations, 2015', 'bflag': None, 'old_new': None, 'csvName': None, 'exchdisstime': '23-Dec-2025 16:05:43', 'difference': '00:00:01', 'fileSize': '649.09 KB', 'attFileSize': '649.09 KB', 'hasXbrl': True}",0.0
COFORGE,NSE_CORP_ANN,Analysts/Institutional Investor Meet/Con. Call Updates,Coforge Limited has informed the Exchange about Transcript of Investor Conference call.,,,"{'symbol': 'COFORGE', 'desc': 'Analysts/Institutional Investor Meet/Con. Call Updates', 'dt': '29122025160817', 'attchmntFile': 'https://nsearchives.nseindia.com/corporate/COFORGE_29122025155754_Transcript_Intimation.pdf', 'sm_name': 'Coforge Limited', 'sm_isin': 'INE591G01017', 'an_dt': '29-Dec-2025 16:08:17', 'sort_date': '2025-12-29 16:08:17', 'seq_id': '106481030', 'smIndustry': None, 'orgid': None, 'attchmntText': 'Coforge Limited has informed the Exchange about Transcript of Investor Conference call.', 'bflag': None, 'old_new': None, 'csvName': None, 'exchdisstime': '29-Dec-2025 16:08:18', 'difference': '00:00:01', 'fileSize': '375.78 KB', 'attFileSize': '375.78 KB', 'hasXbrl': True}",0.0
COFORGE,NSE_CORP_ANN,News Verification,"The Exchange has sought clarification from Coforge Limited with respect to recent news item captioned Coforge shares slip in early trade as $1-billion Encora deal talk, fundraising plans weigh.  The response from the Company is attached.",,,"{'symbol': 'COFORGE', 'desc': 'News Verification', 'dt': '29122025155941', 'attchmntFile': 'https://nsearchives.nseindia.com/corporate/COFORGE_29122025155915_Intimation_under_Regulation_30_MR.pdf', 'sm_name': 'Coforge Limited', 'sm_isin': 'INE591G01017', 'an_dt': '29-Dec-2025 15:59:41', 'sort_date': '2025-12-29 15:59:41', 'seq_id': '106481003', 'smIndustry': None, 'orgid': None, 'attchmntText': 'The Exchange has sought clarification from Coforge Limited with respect to recent news item captioned Coforge shares slip in early trade as $1-billion Encora deal talk, fundraising plans weigh.  The response from the Company is attached.', 'bflag': None, 'old_new': None, 'csvName': None, 'exchdisstime': '29-Dec-2025 15:59:42', 'difference': '00:00:01', 'fileSize': '251.23 KB', 'attFileSize': '251.23 KB', 'hasXbrl': True}",0.0
COFORGE,NSE_CORP_ANN,Rumour Verification - Regulation 30(11),Coforge Limited has informed the Exchange about Rumour Verification - Regulation 30(11),,,"{'symbol': 'COFORGE', 'desc': 'Rumour Verification - Regulation 30(11)', 'dt': '29122025154749', 'attchmntFile': 'https://nsearchives.nseindia.com/corporate/COFORGE_29122025121352_Intimation_under_Regulation_30_MR.pdf', 'sm_name': 'Coforge Limited', 'sm_isin': 'INE591G01017', 'an_dt': '29-Dec-2025 15:47:49', 'sort_date': '2025-12-29 15:47:49', 'seq_id': '106480969', 'smIndustry': None, 'orgid': None, 'attchmntText': 'Coforge Limited has informed the Exchange about Rumour Verification - Regulation 30(11)', 'bflag': None, 'old_new': None, 'csvName': None, 'exchdisstime': '29-Dec-2025 15:47:50', 'difference': '00:00:01', 'fileSize': '251.23 KB', 'attFileSize': '251.23 KB', 'hasXbrl': True}",0.0
COFORGE,NSE_CORP_ANN,Investor Presentation,Coforge Limited has informed the Exchange about Investor Presentation,,,"{'symbol': 'COFORGE', 'desc': 'Investor Presentation', 'dt': '28122025130255', 'attchmntFile': 'https://nsearchives.nseindia.com/corporate/COFORGE_28122025130244_Investor_Presentation_Intimation.pdf', 'sm_name': 'Coforge Limited', 'sm_isin': 'INE591G01017', 'an_dt': '28-Dec-2025 13:02:55', 'sort_date': '2025-12-28 13:02:55', 'seq_id': '106480058', 'smIndustry': None, 'orgid': None, 'attchmntText': 'Coforge Limited has informed the Exchange about Investor Presentation', 'bflag': None, 'old_new': None, 'csvName': None, 'exchdisstime': '28-Dec-2025 13:02:56', 'difference': '00:00:01', 'fileSize': '915.31 KB', 'attFileSize': '915.31 KB', 'hasXbrl': True}",0.0
COFORGE,NSE_CORP_ANN,Copy of Newspaper Publication,Coforge Limited has informed the Exchange about Dispatch completion of Notice of Postal Ballot including the details of remote e-voting facility offered to the Members,,,"{'symbol': 'COFORGE', 'desc': 'Copy of Newspaper Publication', 'dt': '27122025180036', 'attchmntFile': 'https://nsearchives.nseindia.com/corporate/COFORGE_27122025175948_NP_Intimation27Dec.pdf', 'sm_name': 'Coforge Limited', 'sm_isin': 'INE591G01017', 'an_dt': '27-Dec-2025 18:00:36', 'sort_date': '2025-12-27 18:00:36', 'seq_id': '106479851', 'smIndustry': None, 'orgid': None, 'attchmntText': 'Coforge Limited has informed the Exchange about Dispatch completion of Notice of Postal Ballot including the details of remote e-voting facility offered to the Members', 'bflag': None, 'old_new': None, 'csvName': None, 'exchdisstime': '27-Dec-2025 18:00:38', 'difference': '00:00:02', 'fileSize': '5.99 MB', 'attFileSize': '5.99 MB', 'hasXbrl': True}",0.0
COFORGE,NSE_CORP_ANN,General Updates,Coforge Limited has informed the Exchange about General Updates,,,"{'symbol': 'COFORGE', 'desc': 'General Updates', 'dt': '27122025012347', 'attchmntFile': 'https://nsearchives.nseindia.com/corporate/COFORGE_27122025012331_Intimation_under_Regulation_30_MR__005_.pdf', 'sm_name': 'Coforge Limited', 'sm_isin': 'INE591G01017', 'an_dt': '27-Dec-2025 01:23:47', 'sort_date': '2025-12-27 01:23:47', 'seq_id': '106479404', 'smIndustry': None, 'orgid': None, 'attchmntText': 'Coforge Limited has informed the Exchange about General Updates', 'bflag': None, 'old_new': None, 'csvName': None, 'exchdisstime': '27-Dec-2025 01:23:49', 'difference': '00:00:02', 'fileSize': '269.82 KB', 'attFileSize': '269.82 KB', 'hasXbrl': True}",0.0
COFORGE,NSE_CORP_ANN,Preferential issue,Coforge Limited has informed the Exchange about Preferential issue,,,"{'symbol': 'COFORGE', 'desc': 'Preferential issue', 'dt': '26122025222949', 'attchmntFile': 'https://nsearchives.nseindia.com/corporate/COFORGE_26122025222915_Reg30SEIntimation.pdf', 'sm_name': 'Coforge Limited', 'sm_isin': 'INE591G01017', 'an_dt': '26-Dec-2025 22:29:49', 'sort_date': '2025-12-26 22:29:49', 'seq_id': '106479266', 'smIndustry': None, 'orgid': None, 'attchmntText': 'Coforge Limited has informed the Exchange about Preferential issue', 'bflag': None, 'old_new': None, 'csvName': None, 'exchdisstime': '26-Dec-2025 22:29:50', 'difference': '00:00:01', 'fileSize': '321.40 KB', 'attFileSize': '321.40 KB', 'hasXbrl': True}",0.0
COFORGE,NSE_CORP_ANN,Shareholders meeting,Coforge Limited has informed the Exchange regarding Notice of Postal Ballot,,,"{'symbol': 'COFORGE', 'desc': 'Shareholders meeting', 'dt': '26122025220138', 'attchmntFile': 'https://nsearchives.nseindia.com/corporate/COFORGE_26122025220126_PB_final.pdf', 'sm_name': 'Coforge Limited', 'sm_isin': 'INE591G01017', 'an_dt': '26-Dec-2025 22:01:38', 'sort_date': '2025-12-26 22:01:38', 'seq_id': '106479257', 'smIndustry': None, 'orgid': None, 'attchmntText': 'Coforge Limited has informed the Exchange regarding Notice of Postal Ballot', 'bflag': None, 'old_new': None, 'csvName': None, 'exchdisstime': '26-Dec-2025 22:01:39', 'difference': '00:00:01', 'fileSize': '943.63 KB', 'attFileSize': '943.63 KB', 'hasXbrl': True}",0.0
COFORGE,NSE_CORP_ANN,Increase in Authorised Capital,Coforge Limited has informed the Exchange about Increase in Authorised Share Capital and consequent Alteration to the Capital Clause of the Memorandum of Association,,,"{'symbol': 'COFORGE', 'desc': 'Increase in Authorised Capital', 'dt': '26122025181411', 'attchmntFile': 'https://nsearchives.nseindia.com/corporate/COFORGE_26122025181357_OC.pdf', 'sm_name': 'Coforge Limited', 'sm_isin': 'INE591G01017', 'an_dt': '26-Dec-2025 18:14:11', 'sort_date': '2025-12-26 18:14:11', 'seq_id': '106478966', 'smIndustry': None, 'orgid': None, 'attchmntText': 'Coforge Limited has informed the Exchange about Increase in Authorised Share Capital and consequent Alteration to the Capital Clause of the Memorandum of Association', 'bflag': None, 'old_new': None, 'csvName': None, 'exchdisstime': '26-Dec-2025 18:14:12', 'difference': '00:00:01', 'fileSize': '582.58 KB', 'attFileSize': '582.58 KB', 'hasXbrl': True}",0.0
COFORGE,NSE_CORP_ANN,Amendment to AOA/MOA,Coforge Limited has informed the Exchange regarding the Amendment to AOA/MOA of the company.,,,"{'symbol': 'COFORGE', 'desc': 'Amendment to AOA/MOA', 'dt': '26122025180832', 'attchmntFile': 'https://nsearchives.nseindia.com/corporate/COFORGE_26122025180808_OC.pdf', 'sm_name': 'Coforge Limited', 'sm_isin': 'INE591G01017', 'an_dt': '26-Dec-2025 18:08:32', 'sort_date': '2025-12-26 18:08:32', 'seq_id': '106478957', 'smIndustry': None, 'orgid': None, 'attchmntText': 'Coforge Limited has informed the Exchange regarding the Amendment to AOA/MOA of the company.', 'bflag': None, 'old_new': None, 'csvName': None, 'exchdisstime': '26-Dec-2025 18:08:33', 'difference': '00:00:01', 'fileSize': '582.58 KB', 'attFileSize': '582.58 KB', 'hasXbrl': True}",0.0
COFORGE,NSE_CORP_ANN,Acquisition,"Coforge Limited has informed the Exchange about ""Authorization for execution of Share Subscription and Share Purchase Agreement and Acquisition of Equity Shares of Encora US Holdco, Inc. and Encora Holdings Ltd. (Cayman)",,,"{'symbol': 'COFORGE', 'desc': 'Acquisition', 'dt': '26122025180545', 'attchmntFile': 'https://nsearchives.nseindia.com/corporate/COFORGE_26122025180530_OC.pdf', 'sm_name': 'Coforge Limited', 'sm_isin': 'INE591G01017', 'an_dt': '26-Dec-2025 18:05:45', 'sort_date': '2025-12-26 18:05:45', 'seq_id': '106478946', 'smIndustry': None, 'orgid': None, 'attchmntText': 'Coforge Limited has informed the Exchange about ""Authorization for execution of Share Subscription and Share Purchase Agreement and Acquisition of Equity Shares of Encora US Holdco, Inc. and Encora Holdings Ltd. (Cayman)', 'bflag': None, 'old_new': None, 'csvName': None, 'exchdisstime': '26-Dec-2025 18:05:46', 'difference': '00:00:01', 'fileSize': '582.58 KB', 'attFileSize': '582.58 KB', 'hasXbrl': True}",0.0
COFORGE,NSE_CORP_ANN,Qualified Institutional Placement,"Coforge Limited has informed the Exchange about ""Authorization to raise capital by way of a Qualified Institutions Placement or any permitted means to eligible investors through an issuance of Equity Shares and/or other eligible Securities""",,,"{'symbol': 'COFORGE', 'desc': 'Qualified Institutional Placement', 'dt': '26122025175540', 'attchmntFile': 'https://nsearchives.nseindia.com/corporate/COFORGE_26122025175405_OC.pdf', 'sm_name': 'Coforge Limited', 'sm_isin': 'INE591G01017', 'an_dt': '26-Dec-2025 17:55:40', 'sort_date': '2025-12-26 17:55:40', 'seq_id': '106478913', 'smIndustry': None, 'orgid': None, 'attchmntText': 'Coforge Limited has informed the Exchange about ""Authorization to raise capital by way of a Qualified Institutions Placement or any permitted means to eligible investors through an issuance of Equity Shares and/or other eligible Securities""', 'bflag': None, 'old_new': None, 'csvName': None, 'exchdisstime': '26-Dec-2025 17:55:41', 'difference': '00:00:01', 'fileSize': '582.58 KB', 'attFileSize': '582.58 KB', 'hasXbrl': True}",0.0
COFORGE,NSE_CORP_ANN,Press Release,"Coforge Limited has informed the Exchange regarding a press release dated December 26, 2025, titled ""Coforge to acquire Encora. Reaffirms intent to be the leading AI&#8209;driven engineering firm for the new era."".",,,"{'symbol': 'COFORGE', 'desc': 'Press Release', 'dt': '26122025172523', 'attchmntFile': 'https://nsearchives.nseindia.com/corporate/COFORGE_26122025172509_PRDec26.pdf', 'sm_name': 'Coforge Limited', 'sm_isin': 'INE591G01017', 'an_dt': '26-Dec-2025 17:25:23', 'sort_date': '2025-12-26 17:25:23', 'seq_id': '106478787', 'smIndustry': None, 'orgid': None, 'attchmntText': 'Coforge Limited has informed the Exchange regarding a press release dated December 26, 2025, titled ""Coforge to acquire Encora. Reaffirms intent to be the leading AI&#8209;driven engineering firm for the new era."".', 'bflag': None, 'old_new': None, 'csvName': None, 'exchdisstime': '26-Dec-2025 17:25:24', 'difference': '00:00:01', 'fileSize': '462.65 KB', 'attFileSize': '462.65 KB', 'hasXbrl': True}",0.0
COFORGE,NSE_CORP_ANN,Outcome of Board Meeting,"Coforge Limited has informed the Exchange regarding Outcome of Board Meeting held on December 26, 2025.",,,"{'symbol': 'COFORGE', 'desc': 'Outcome of Board Meeting', 'dt': '26122025172214', 'attchmntFile': 'https://nsearchives.nseindia.com/corporate/COFORGE_26122025171446_OC.pdf', 'sm_name': 'Coforge Limited', 'sm_isin': 'INE591G01017', 'an_dt': '26-Dec-2025 17:22:14', 'sort_date': '2025-12-26 17:22:14', 'seq_id': '106478777', 'smIndustry': None, 'orgid': None, 'attchmntText': 'Coforge Limited has informed the Exchange regarding Outcome of Board Meeting held on December 26, 2025.', 'bflag': None, 'old_new': None, 'csvName': None, 'exchdisstime': '26-Dec-2025 17:22:14', 'difference': '00:00:00', 'fileSize': '582.58 KB', 'attFileSize': '582.58 KB', 'hasXbrl': True}",0.0
COFORGE,NSE_CORP_ANN,Trading Window,"Coforge Limited has informed the Exchange regarding the Trading Window closure pursuant to SEBI (Prohibition of Insider Trading) Regulations, 2015",,,"{'symbol': 'COFORGE', 'desc': 'Trading Window', 'dt': '23122025000224', 'attchmntFile': 'https://nsearchives.nseindia.com/corporate/COFORGE_23122025000213_Intimation.pdf', 'sm_name': 'Coforge Limited', 'sm_isin': 'INE591G01017', 'an_dt': '23-Dec-2025 00:02:24', 'sort_date': '2025-12-23 00:02:24', 'seq_id': '106474489', 'smIndustry': None, 'orgid': None, 'attchmntText': 'Coforge Limited has informed the Exchange regarding the Trading Window closure pursuant to SEBI (Prohibition of Insider Trading) Regulations, 2015', 'bflag': None, 'old_new': None, 'csvName': None, 'exchdisstime': '23-Dec-2025 00:02:25', 'difference': '00:00:01', 'fileSize': '353.01 KB', 'attFileSize': '353.01 KB', 'hasXbrl': True}",0.0
COLPAL,NSE_CORP_ANN,Trading Window,"Colgate Palmolive (India) Limited has informed the Exchange regarding the Trading Window closure pursuant to SEBI (Prohibition of Insider Trading) Regulations, 2015",,,"{'symbol': 'COLPAL', 'desc': 'Trading Window', 'dt': '27122025154556', 'attchmntFile': 'https://nsearchives.nseindia.com/corporate/CPIL_27122025154545_SEITWC.pdf', 'sm_name': 'Colgate Palmolive (India) Limited', 'sm_isin': 'INE259A01022', 'an_dt': '27-Dec-2025 15:45:56', 'sort_date': '2025-12-27 15:45:56', 'seq_id': '106479760', 'smIndustry': 'Personal Care', 'orgid': None, 'attchmntText': 'Colgate Palmolive (India) Limited has informed the Exchange regarding the Trading Window closure pursuant to SEBI (Prohibition of Insider Trading) Regulations, 2015', 'bflag': None, 'old_new': None, 'csvName': None, 'exchdisstime': '27-Dec-2025 15:45:57', 'difference': '00:00:01', 'fileSize': '166.60 KB', 'attFileSize': '166.60 KB', 'hasXbrl': True}",0.0
COLPAL,NSE_CORP_ANN,Pendency of Litigation(s)/dispute(s) or the outcome impacting the Company,Colgate Palmolive (India) Limited has informed the Exchange about Pendency of Litigation(s)/dispute(s) or the outcome impacting the Company,,,"{'symbol': 'COLPAL', 'desc': 'Pendency of Litigation(s)/dispute(s) or the outcome impacting the Company', 'dt': '26122025120521', 'attchmntFile': 'https://nsearchives.nseindia.com/corporate/CPIL_26122025120409_CPIL_-_Reg_30_Disclosure_-_SE_Intimation.pdf', 'sm_name': 'Colgate Palmolive (India) Limited', 'sm_isin': 'INE259A01022', 'an_dt': '26-Dec-2025 12:05:21', 'sort_date': '2025-12-26 12:05:21', 'seq_id': '106477968', 'smIndustry': 'Personal Care', 'orgid': None, 'attchmntText': 'Colgate Palmolive (India) Limited has informed the Exchange about Pendency of Litigation(s)/dispute(s) or the outcome impacting the Company', 'bflag': None, 'old_new': None, 'csvName': None, 'exchdisstime': '26-Dec-2025 12:05:22', 'difference': '00:00:01', 'fileSize': '178.56 KB', 'attFileSize': '178.56 KB', 'hasXbrl': True}",0.0
CAMS,NSE_CORP_ANN,Shareholders meeting,Computer Age Management Services Limited has informed the Exchange regarding Notice of Postal Ballot,,,"{'symbol': 'CAMS', 'desc': 'Shareholders meeting', 'dt': '29122025120350', 'attchmntFile': 'https://nsearchives.nseindia.com/corporate/Jaiganesh_29122025120336_CAMS_Notice_of_Postal_Ballot_Draft_Exchange_Letter_Signed.pdf', 'sm_name': 'Computer Age Management Services Limited', 'sm_isin': 'INE596I01012', 'an_dt': '29-Dec-2025 12:03:50', 'sort_date': '2025-12-29 12:03:50', 'seq_id': '106480493', 'smIndustry': None, 'orgid': None, 'attchmntText': 'Computer Age Management Services Limited has informed the Exchange regarding Notice of Postal Ballot', 'bflag': None, 'old_new': None, 'csvName': None, 'exchdisstime': '29-Dec-2025 12:03:52', 'difference': '00:00:02', 'fileSize': '1.48 MB', 'attFileSize': '1.48 MB', 'hasXbrl': True}",0.0
CAMS,NSE_CORP_ANN,Analysts/Institutional Investor Meet/Con. Call Updates,Computer Age Management Services Limited has informed the Exchange about Schedule of meet,,,"{'symbol': 'CAMS', 'desc': 'Analysts/Institutional Investor Meet/Con. Call Updates', 'dt': '23122025115023', 'attchmntFile': 'https://nsearchives.nseindia.com/corporate/Jaiganesh_23122025115014_Earnings_Call_Intimation_Final.pdf', 'sm_name': 'Computer Age Management Services Limited', 'sm_isin': 'INE596I01012', 'an_dt': '23-Dec-2025 11:50:23', 'sort_date': '2025-12-23 11:50:23', 'seq_id': '106474854', 'smIndustry': None, 'orgid': None, 'attchmntText': 'Computer Age Management Services Limited has informed the Exchange about Schedule of meet', 'bflag': None, 'old_new': None, 'csvName': None, 'exchdisstime': '23-Dec-2025 11:50:24', 'difference': '00:00:01', 'fileSize': '770.15 KB', 'attFileSize': '770.15 KB', 'hasXbrl': True}",0.0
CAMS,NSE_CORP_ANN,Trading Window,"Computer Age Management Services Limited has informed the Exchange regarding the Trading Window closure pursuant to SEBI (Prohibition of Insider Trading) Regulations, 2015",,,"{'symbol': 'CAMS', 'desc': 'Trading Window', 'dt': '23122025112018', 'attchmntFile': 'https://nsearchives.nseindia.com/corporate/Palaki_23122025112005_Trading_window_closure.pdf', 'sm_name': 'Computer Age Management Services Limited', 'sm_isin': 'INE596I01012', 'an_dt': '23-Dec-2025 11:20:18', 'sort_date': '2025-12-23 11:20:18', 'seq_id': '106474770', 'smIndustry': None, 'orgid': None, 'attchmntText': 'Computer Age Management Services Limited has informed the Exchange regarding the Trading Window closure pursuant to SEBI (Prohibition of Insider Trading) Regulations, 2015', 'bflag': None, 'old_new': None, 'csvName': None, 'exchdisstime': '23-Dec-2025 11:20:19', 'difference': '00:00:01', 'fileSize': '670.12 KB', 'attFileSize': '670.12 KB', 'hasXbrl': True}",0.0
CROMPTON,NSE_CORP_ANN,Trading Window,"Crompton Greaves Consumer Electricals Limited has informed the Exchange regarding the Trading Window closure pursuant to SEBI (Prohibition of Insider Trading) Regulations, 2015",,,"{'symbol': 'CROMPTON', 'desc': 'Trading Window', 'dt': '29122025161442', 'attchmntFile': 'https://nsearchives.nseindia.com/corporate/Crompton123_29122025161431_SEIntimationforTradingWindowClosure.pdf', 'sm_name': 'Crompton Greaves Consumer Electricals Limited', 'sm_isin': 'INE299U01018', 'an_dt': '29-Dec-2025 16:14:42', 'sort_date': '2025-12-29 16:14:42', 'seq_id': '106481055', 'smIndustry': None, 'orgid': None, 'attchmntText': 'Crompton Greaves Consumer Electricals Limited has informed the Exchange regarding the Trading Window closure pursuant to SEBI (Prohibition of Insider Trading) Regulations, 2015', 'bflag': None, 'old_new': None, 'csvName': None, 'exchdisstime': '29-Dec-2025 16:14:43', 'difference': '00:00:01', 'fileSize': '282.57 KB', 'attFileSize': '282.57 KB', 'hasXbrl': True}",0.0
CROMPTON,NSE_CORP_ANN,Change in Management,Crompton Greaves Consumer Electricals Limited has informed the Exchange about change in Management,,,"{'symbol': 'CROMPTON', 'desc': 'Change in Management', 'dt': '26122025162500', 'attchmntFile': 'https://nsearchives.nseindia.com/corporate/Crompton123_26122025162439_ChangeinSMP.pdf', 'sm_name': 'Crompton Greaves Consumer Electricals Limited', 'sm_isin': 'INE299U01018', 'an_dt': '26-Dec-2025 16:25:00', 'sort_date': '2025-12-26 16:25:00', 'seq_id': '106478600', 'smIndustry': None, 'orgid': None, 'attchmntText': 'Crompton Greaves Consumer Electricals Limited has informed the Exchange about change in Management', 'bflag': None, 'old_new': None, 'csvName': None, 'exchdisstime': '26-Dec-2025 16:25:01', 'difference': '00:00:01', 'fileSize': '239.42 KB', 'attFileSize': '239.42 KB', 'hasXbrl': True}",0.0
CROMPTON,NSE_CORP_ANN,Action(s) taken or orders passed,Crompton Greaves Consumer Electricals Limited has informed the Exchange about Action(s) taken or orders passed,,,"{'symbol': 'CROMPTON', 'desc': 'Action(s) taken or orders passed', 'dt': '25122025222514', 'attchmntFile': 'https://nsearchives.nseindia.com/corporate/Crompton123_25122025222438_IntimationforOrderspassed251225.pdf', 'sm_name': 'Crompton Greaves Consumer Electricals Limited', 'sm_isin': 'INE299U01018', 'an_dt': '25-Dec-2025 22:25:14', 'sort_date': '2025-12-25 22:25:14', 'seq_id': '106477523', 'smIndustry': None, 'orgid': None, 'attchmntText': 'Crompton Greaves Consumer Electricals Limited has informed the Exchange about Action(s) taken or orders passed', 'bflag': None, 'old_new': None, 'csvName': None, 'exchdisstime': '25-Dec-2025 22:25:14', 'difference': '00:00:00', 'fileSize': '300.99 KB', 'attFileSize': '300.99 KB', 'hasXbrl': True}",0.0
CROMPTON,NSE_CORP_ANN,Bagging/Receiving of orders/contracts,Crompton Greaves Consumer Electricals Limited has informed the Exchange about Bagging/Receiving of orders/contracts,,,"{'symbol': 'CROMPTON', 'desc': 'Bagging/Receiving of orders/contracts', 'dt': '24122025105534', 'attchmntFile': 'https://nsearchives.nseindia.com/corporate/Crompton123_24122025105500_Letter_of_Award.pdf', 'sm_name': 'Crompton Greaves Consumer Electricals Limited', 'sm_isin': 'INE299U01018', 'an_dt': '24-Dec-2025 10:55:34', 'sort_date': '2025-12-24 10:55:34', 'seq_id': '106476032', 'smIndustry': None, 'orgid': None, 'attchmntText': 'Crompton Greaves Consumer Electricals Limited has informed the Exchange about Bagging/Receiving of orders/contracts', 'bflag': None, 'old_new': None, 'csvName': None, 'exchdisstime': '24-Dec-2025 10:55:35', 'difference': '00:00:01', 'fileSize': '3.07 MB', 'attFileSize': '3.07 MB', 'hasXbrl': True}",0.0
CUMMINSIND,NSE_CORP_ANN,General Updates,"Cummins India Limited has informed the Exchange about General Updates - Acquisition - Disclosure under Regulation 30 of SEBI (LODR) Regulation, 2015",,,"{'symbol': 'CUMMINSIND', 'desc': 'General Updates', 'dt': '29122025215340', 'attchmntFile': 'https://nsearchives.nseindia.com/corporate/CILINDIA_29122025215328_SEIntimation_sale_acq_Signed.pdf', 'sm_name': 'Cummins India Limited', 'sm_isin': 'INE298A01020', 'an_dt': '29-Dec-2025 21:53:40', 'sort_date': '2025-12-29 21:53:40', 'seq_id': '106481756', 'smIndustry': 'Diesel Engines', 'orgid': None, 'attchmntText': 'Cummins India Limited has informed the Exchange about General Updates - Acquisition - Disclosure under Regulation 30 of SEBI (LODR) Regulation, 2015', 'bflag': None, 'old_new': None, 'csvName': None, 'exchdisstime': '29-Dec-2025 21:53:42', 'difference': '00:00:02', 'fileSize': '211.66 KB', 'attFileSize': '211.66 KB', 'hasXbrl': True}",0.0
CUMMINSIND,NSE_CORP_ANN,Trading Window,"Cummins India Limited has informed the Exchange regarding the Trading Window closure pursuant to SEBI (Prohibition of Insider Trading) Regulations, 2015",,,"{'symbol': 'CUMMINSIND', 'desc': 'Trading Window', 'dt': '29122025190639', 'attchmntFile': 'https://nsearchives.nseindia.com/corporate/CILINDIA_29122025190614_SEIntimationTWCJan_Signed.pdf', 'sm_name': 'Cummins India Limited', 'sm_isin': 'INE298A01020', 'an_dt': '29-Dec-2025 19:06:39', 'sort_date': '2025-12-29 19:06:39', 'seq_id': '106481589', 'smIndustry': 'Diesel Engines', 'orgid': None, 'attchmntText': 'Cummins India Limited has informed the Exchange regarding the Trading Window closure pursuant to SEBI (Prohibition of Insider Trading) Regulations, 2015', 'bflag': None, 'old_new': None, 'csvName': None, 'exchdisstime': '29-Dec-2025 19:06:40', 'difference': '00:00:01', 'fileSize': '3.00 MB', 'attFileSize': '3.00 MB', 'hasXbrl': True}",0.0
CYIENT,NSE_CORP_ANN,Trading Window,"Cyient Limited has informed the Exchange regarding the Trading Window closure pursuant to SEBI (Prohibition of Insider Trading) Regulations, 2015",,,"{'symbol': 'CYIENT', 'desc': 'Trading Window', 'dt': '29122025162326', 'attchmntFile': 'https://nsearchives.nseindia.com/corporate/CYIENT_29122025162304_29122025ClosureofwindowSigned.pdf', 'sm_name': 'Cyient Limited', 'sm_isin': 'INE136B01020', 'an_dt': '29-Dec-2025 16:23:26', 'sort_date': '2025-12-29 16:23:26', 'seq_id': '106481081', 'smIndustry': None, 'orgid': None, 'attchmntText': 'Cyient Limited has informed the Exchange regarding the Trading Window closure pursuant to SEBI (Prohibition of Insider Trading) Regulations, 2015', 'bflag': None, 'old_new': None, 'csvName': None, 'exchdisstime': '29-Dec-2025 16:23:26', 'difference': '00:00:00', 'fileSize': '322.74 KB', 'attFileSize': '322.74 KB', 'hasXbrl': True}",0.0
CYIENT,NSE_CORP_ANN,Analysts/Institutional Investor Meet/Con. Call Updates,Cyient Limited has informed the Exchange about Transcript,,,"{'symbol': 'CYIENT', 'desc': 'Analysts/Institutional Investor Meet/Con. Call Updates', 'dt': '24122025180401', 'attchmntFile': 'https://nsearchives.nseindia.com/corporate/CYIENT_24122025180349_TranscriptConferenceCall18122025Final.pdf', 'sm_name': 'Cyient Limited', 'sm_isin': 'INE136B01020', 'an_dt': '24-Dec-2025 18:04:01', 'sort_date': '2025-12-24 18:04:01', 'seq_id': '106476834', 'smIndustry': None, 'orgid': None, 'attchmntText': 'Cyient Limited has informed the Exchange about Transcript', 'bflag': None, 'old_new': None, 'csvName': None, 'exchdisstime': '24-Dec-2025 18:04:02', 'difference': '00:00:01', 'fileSize': '3.15 MB', 'attFileSize': '3.15 MB', 'hasXbrl': True}",0.0
DALBHARAT,NSE_CORP_ANN,General Updates,Dalmia Bharat Limited has informed the Exchange about General Updates,,,"{'symbol': 'DALBHARAT', 'desc': 'General Updates', 'dt': '28122025121136', 'attchmntFile': 'https://nsearchives.nseindia.com/corporate/DALBHARAT_28122025121043_SEBI_LODR_DCBL_28122025.pdf', 'sm_name': 'Dalmia Bharat Limited', 'sm_isin': 'INE00R701025', 'an_dt': '28-Dec-2025 12:11:36', 'sort_date': '2025-12-28 12:11:36', 'seq_id': '106480054', 'smIndustry': None, 'orgid': None, 'attchmntText': 'Dalmia Bharat Limited has informed the Exchange about General Updates', 'bflag': None, 'old_new': None, 'csvName': None, 'exchdisstime': '28-Dec-2025 12:11:37', 'difference': '00:00:01', 'fileSize': '792.47 KB', 'attFileSize': '792.47 KB', 'hasXbrl': True}",0.0
DALBHARAT,NSE_CORP_ANN,Trading Window,"Dalmia Bharat Limited has informed the Exchange regarding the Trading Window closure pursuant to SEBI (Prohibition of Insider Trading) Regulations, 2015",,,"{'symbol': 'DALBHARAT', 'desc': 'Trading Window', 'dt': '26122025160226', 'attchmntFile': 'https://nsearchives.nseindia.com/corporate/DALBHARAT_26122025160123_CTW_Intimation_26122025.pdf', 'sm_name': 'Dalmia Bharat Limited', 'sm_isin': 'INE00R701025', 'an_dt': '26-Dec-2025 16:02:26', 'sort_date': '2025-12-26 16:02:26', 'seq_id': '106478519', 'smIndustry': None, 'orgid': None, 'attchmntText': 'Dalmia Bharat Limited has informed the Exchange regarding the Trading Window closure pursuant to SEBI (Prohibition of Insider Trading) Regulations, 2015', 'bflag': None, 'old_new': None, 'csvName': None, 'exchdisstime': '26-Dec-2025 16:02:28', 'difference': '00:00:02', 'fileSize': '832.33 KB', 'attFileSize': '832.33 KB', 'hasXbrl': True}",0.0
DALBHARAT,NSE_CORP_ANN,Updates,Dalmia Bharat Limited has informed the Exchange regarding 'Allotment of equity shares upon exercise of stock options'.,,,"{'symbol': 'DALBHARAT', 'desc': 'Updates', 'dt': '23122025184049', 'attchmntFile': 'https://nsearchives.nseindia.com/corporate/DALBHARAT_23122025183708_DBL_ESOP_Allotment_Intimation_23122025.pdf', 'sm_name': 'Dalmia Bharat Limited', 'sm_isin': 'INE00R701025', 'an_dt': '23-Dec-2025 18:40:49', 'sort_date': '2025-12-23 18:40:49', 'seq_id': '106475499', 'smIndustry': None, 'orgid': None, 'attchmntText': ""Dalmia Bharat Limited has informed the Exchange regarding 'Allotment of equity shares upon exercise of stock options'."", 'bflag': None, 'old_new': None, 'csvName': None, 'exchdisstime': '23-Dec-2025 18:40:50', 'difference': '00:00:01', 'fileSize': '835.28 KB', 'attFileSize': '835.28 KB', 'hasXbrl': True}",0.0
DELHIVERY,NSE_CORP_ANN,Trading Window,"Delhivery Limited has informed the Exchange regarding the Trading Window closure pursuant to SEBI (Prohibition of Insider Trading) Regulations, 2015",,,"{'symbol': 'DELHIVERY', 'desc': 'Trading Window', 'dt': '29122025172939', 'attchmntFile': 'https://nsearchives.nseindia.com/corporate/DELHIVERYLTD_29122025172921_ClosureTW.pdf', 'sm_name': 'Delhivery Limited', 'sm_isin': 'INE148O01028', 'an_dt': '29-Dec-2025 17:29:39', 'sort_date': '2025-12-29 17:29:39', 'seq_id': '106481336', 'smIndustry': None, 'orgid': None, 'attchmntText': 'Delhivery Limited has informed the Exchange regarding the Trading Window closure pursuant to SEBI (Prohibition of Insider Trading) Regulations, 2015', 'bflag': None, 'old_new': None, 'csvName': None, 'exchdisstime': '29-Dec-2025 17:29:40', 'difference': '00:00:01', 'fileSize': '269.87 KB', 'attFileSize': '269.87 KB', 'hasXbrl': True}",0.0
DIXON,NSE_CORP_ANN,Trading Window,"Dixon Technologies (India) Limited has informed the Exchange regarding the Trading Window closure pursuant to SEBI (Prohibition of Insider Trading) Regulations, 2015",,,"{'symbol': 'DIXON', 'desc': 'Trading Window', 'dt': '29122025161414', 'attchmntFile': 'https://nsearchives.nseindia.com/corporate/DIXON_29122025161332_TradingWindowClosureIntimation29122025.pdf', 'sm_name': 'Dixon Technologies (India) Limited', 'sm_isin': 'INE935N01012', 'an_dt': '29-Dec-2025 16:14:14', 'sort_date': '2025-12-29 16:14:14', 'seq_id': '106481051', 'smIndustry': None, 'orgid': None, 'attchmntText': 'Dixon Technologies (India) Limited has informed the Exchange regarding the Trading Window closure pursuant to SEBI (Prohibition of Insider Trading) Regulations, 2015', 'bflag': None, 'old_new': None, 'csvName': None, 'exchdisstime': '29-Dec-2025 16:14:15', 'difference': '00:00:01', 'fileSize': '551.33 KB', 'attFileSize': '551.33 KB', 'hasXbrl': True}",0.0
DIXON,NSE_CORP_ANN,Analysts/Institutional Investor Meet/Con. Call Updates,Dixon Technologies (India) Limited has informed the Exchange about Investor Meet Outcome,,,"{'symbol': 'DIXON', 'desc': 'Analysts/Institutional Investor Meet/Con. Call Updates', 'dt': '27122025201310', 'attchmntFile': 'https://nsearchives.nseindia.com/corporate/DIXON_27122025201041_InvestorMeetOutcome27122025.pdf', 'sm_name': 'Dixon Technologies (India) Limited', 'sm_isin': 'INE935N01012', 'an_dt': '27-Dec-2025 20:13:10', 'sort_date': '2025-12-27 20:13:10', 'seq_id': '106479905', 'smIndustry': None, 'orgid': None, 'attchmntText': 'Dixon Technologies (India) Limited has informed the Exchange about Investor Meet Outcome', 'bflag': None, 'old_new': None, 'csvName': None, 'exchdisstime': '27-Dec-2025 20:13:11', 'difference': '00:00:01', 'fileSize': '624.18 KB', 'attFileSize': '624.18 KB', 'hasXbrl': True}",0.0
DIXON,NSE_CORP_ANN,Change in Director(s),Dixon Technologies (India) Limited has informed the Exchange regarding Change in Director(s) of the company.,,,"{'symbol': 'DIXON', 'desc': 'Change in Director(s)', 'dt': '23122025173303', 'attchmntFile': 'https://nsearchives.nseindia.com/corporate/DIXON_23122025173234_Regulation30DisclosureAppointment23122025.pdf', 'sm_name': 'Dixon Technologies (India) Limited', 'sm_isin': 'INE935N01012', 'an_dt': '23-Dec-2025 17:33:03', 'sort_date': '2025-12-23 17:33:03', 'seq_id': '106475369', 'smIndustry': None, 'orgid': None, 'attchmntText': 'Dixon Technologies (India) Limited has informed the Exchange regarding Change in Director(s) of the company.', 'bflag': None, 'old_new': None, 'csvName': None, 'exchdisstime': '23-Dec-2025 17:33:04', 'difference': '00:00:01', 'fileSize': '580.45 KB', 'attFileSize': '580.45 KB', 'hasXbrl': True}",0.0
DIXON,NSE_CORP_ANN,Shareholders meeting,Dixon Technologies (India) Limited has informed the Exchange regarding Proceedings of Postal Ballot,,,"{'symbol': 'DIXON', 'desc': 'Shareholders meeting', 'dt': '23122025172439', 'attchmntFile': 'https://nsearchives.nseindia.com/corporate/DIXON_23122025172333_ProceedigsofPostalBallot23122025.pdf', 'sm_name': 'Dixon Technologies (India) Limited', 'sm_isin': 'INE935N01012', 'an_dt': '23-Dec-2025 17:24:39', 'sort_date': '2025-12-23 17:24:39', 'seq_id': '106475360', 'smIndustry': None, 'orgid': None, 'attchmntText': 'Dixon Technologies (India) Limited has informed the Exchange regarding Proceedings of Postal Ballot', 'bflag': None, 'old_new': None, 'csvName': None, 'exchdisstime': '23-Dec-2025 17:24:40', 'difference': '00:00:01', 'fileSize': '385.97 KB', 'attFileSize': '385.97 KB', 'hasXbrl': True}",0.0
DRREDDY,NSE_CORP_ANN,Trading Window,"Dr. Reddy's Laboratories Limited has informed the Exchange regarding the Trading Window closure pursuant to SEBI (Prohibition of Insider Trading) Regulations, 2015",,,"{'symbol': 'DRREDDY', 'desc': 'Trading Window', 'dt': '23122025162959', 'attchmntFile': 'https://nsearchives.nseindia.com/corporate/DRREDDY_23122025162950_DRLSEintimation_Tradingwindowclosure_23122025.pdf', 'sm_name': ""Dr. Reddy's Laboratories Limited"", 'sm_isin': 'INE089A01023', 'an_dt': '23-Dec-2025 16:29:59', 'sort_date': '2025-12-23 16:29:59', 'seq_id': '106475225', 'smIndustry': 'Pharmaceuticals', 'orgid': None, 'attchmntText': ""Dr. Reddy's Laboratories Limited has informed the Exchange regarding the Trading Window closure pursuant to SEBI (Prohibition of Insider Trading) Regulations, 2015"", 'bflag': None, 'old_new': None, 'csvName': None, 'exchdisstime': '23-Dec-2025 16:29:59', 'difference': '00:00:00', 'fileSize': '392.34 KB', 'attFileSize': '392.34 KB', 'hasXbrl': True}",0.0
EICHERMOT,NSE_CORP_ANN,Trading Window,"Eicher Motors Limited has informed the Exchange regarding the Trading Window closure pursuant to SEBI (Prohibition of Insider Trading) Regulations, 2015",,,"{'symbol': 'EICHERMOT', 'desc': 'Trading Window', 'dt': '23122025115950', 'attchmntFile': 'https://nsearchives.nseindia.com/corporate/EICHERMOT_23122025115928_EMLTradingWindowClosureDecember232025Signed.pdf', 'sm_name': 'Eicher Motors Limited', 'sm_isin': 'INE066A01013', 'an_dt': '23-Dec-2025 11:59:50', 'sort_date': '2025-12-23 11:59:50', 'seq_id': '106474867', 'smIndustry': 'Automobiles - 4 Wheelers', 'orgid': None, 'attchmntText': 'Eicher Motors Limited has informed the Exchange regarding the Trading Window closure pursuant to SEBI (Prohibition of Insider Trading) Regulations, 2015', 'bflag': None, 'old_new': None, 'csvName': None, 'exchdisstime': '23-Dec-2025 11:59:50', 'difference': '00:00:00', 'fileSize': '667.46 KB', 'attFileSize': '667.46 KB', 'hasXbrl': True}",0.0
EXIDEIND,NSE_CORP_ANN,General Updates,"Exide Industries Limited has informed the Exchange about further investment in Exide Energy Solutions Limited, wholly owned subsidiary of the Company.",,,"{'symbol': 'EXIDEIND', 'desc': 'General Updates', 'dt': '23122025110941', 'attchmntFile': 'https://nsearchives.nseindia.com/corporate/EXIDEIND_23122025110931_sdSE23122025.pdf', 'sm_name': 'Exide Industries Limited', 'sm_isin': 'INE302A01020', 'an_dt': '23-Dec-2025 11:09:41', 'sort_date': '2025-12-23 11:09:41', 'seq_id': '106474760', 'smIndustry': 'Auto Ancillaries', 'orgid': None, 'attchmntText': 'Exide Industries Limited has informed the Exchange about further investment in Exide Energy Solutions Limited, wholly owned subsidiary of the Company.', 'bflag': None, 'old_new': None, 'csvName': None, 'exchdisstime': '23-Dec-2025 11:09:42', 'difference': '00:00:01', 'fileSize': '398.24 KB', 'attFileSize': '398.24 KB', 'hasXbrl': True}",0.0
EXIDEIND,NSE_CORP_ANN,Updates,"Exide Industries Limited has informed the Exchange regarding change in KMP of Exide Energy Solutions Limited, Wholly owned subsidiary of the Company.",,,"{'symbol': 'EXIDEIND', 'desc': 'Updates', 'dt': '23122025110357', 'attchmntFile': 'https://nsearchives.nseindia.com/corporate/EXIDEIND_23122025110325_sdSE23122025.pdf', 'sm_name': 'Exide Industries Limited', 'sm_isin': 'INE302A01020', 'an_dt': '23-Dec-2025 11:03:57', 'sort_date': '2025-12-23 11:03:57', 'seq_id': '106474743', 'smIndustry': 'Auto Ancillaries', 'orgid': None, 'attchmntText': 'Exide Industries Limited has informed the Exchange regarding change in KMP of Exide Energy Solutions Limited, Wholly owned subsidiary of the Company.', 'bflag': None, 'old_new': None, 'csvName': None, 'exchdisstime': '23-Dec-2025 11:03:58', 'difference': '00:00:01', 'fileSize': '398.24 KB', 'attFileSize': '398.24 KB', 'hasXbrl': True}",0.0
NYKAA,NSE_CORP_ANN,Shareholders meeting,"FSN E Commerce Ventures Limited has informed the Exchange regarding Notice of Postal Ballot for seeking Members' approval for re-appointment of Ms. Falguni Nayar as the Executive Chairperson, Managing Director and Chief Executive Officer (EC, MD & CEO) of the Company for a term of 5 years and payment of remuneration.",,,"{'symbol': 'NYKAA', 'desc': 'Shareholders meeting', 'dt': '29122025154636', 'attchmntFile': 'https://nsearchives.nseindia.com/corporate/NYKAA_29122025154322_FinalPBNotice29122025.pdf', 'sm_name': 'FSN E-Commerce Ventures Limited', 'sm_isin': 'INE388Y01029', 'an_dt': '29-Dec-2025 15:46:36', 'sort_date': '2025-12-29 15:46:36', 'seq_id': '106480961', 'smIndustry': None, 'orgid': None, 'attchmntText': ""FSN E Commerce Ventures Limited has informed the Exchange regarding Notice of Postal Ballot for seeking Members' approval for re-appointment of Ms. Falguni Nayar as the Executive Chairperson, Managing Director and Chief Executive Officer (EC, MD & CEO) of the Company for a term of 5 years and payment of remuneration."", 'bflag': None, 'old_new': None, 'csvName': None, 'exchdisstime': '29-Dec-2025 15:46:37', 'difference': '00:00:01', 'fileSize': '530.97 KB', 'attFileSize': '530.97 KB', 'hasXbrl': True}",0.0
NYKAA,NSE_CORP_ANN,Trading Window,"FSN E Commerce Ventures Limited has informed the Exchange regarding the Trading Window closure pursuant to SEBI (Prohibition of Insider Trading) Regulations, 2015",,,"{'symbol': 'NYKAA', 'desc': 'Trading Window', 'dt': '24122025135150', 'attchmntFile': 'https://nsearchives.nseindia.com/corporate/NYKAA_24122025135135_Intimation_Trading_Window.pdf', 'sm_name': 'FSN E-Commerce Ventures Limited', 'sm_isin': 'INE388Y01029', 'an_dt': '24-Dec-2025 13:51:50', 'sort_date': '2025-12-24 13:51:50', 'seq_id': '106476349', 'smIndustry': None, 'orgid': None, 'attchmntText': 'FSN E Commerce Ventures Limited has informed the Exchange regarding the Trading Window closure pursuant to SEBI (Prohibition of Insider Trading) Regulations, 2015', 'bflag': None, 'old_new': None, 'csvName': None, 'exchdisstime': '24-Dec-2025 13:51:51', 'difference': '00:00:01', 'fileSize': '516.65 KB', 'attFileSize': '516.65 KB', 'hasXbrl': True}",0.0
FORTIS,NSE_CORP_ANN,Copy of Newspaper Publication,Fortis Healthcare Limited has informed the Exchange about Copy of Newspaper Publication,,,"{'symbol': 'FORTIS', 'desc': 'Copy of Newspaper Publication', 'dt': '24122025132028', 'attchmntFile': 'https://nsearchives.nseindia.com/corporate/FORTIS_24122025132017_newspaperpublicationFHL.pdf', 'sm_name': 'Fortis Healthcare Limited', 'sm_isin': 'INE061F01013', 'an_dt': '24-Dec-2025 13:20:28', 'sort_date': '2025-12-24 13:20:28', 'seq_id': '106476327', 'smIndustry': 'Miscellaneous', 'orgid': None, 'attchmntText': 'Fortis Healthcare Limited has informed the Exchange about Copy of Newspaper Publication', 'bflag': None, 'old_new': None, 'csvName': None, 'exchdisstime': '24-Dec-2025 13:20:29', 'difference': '00:00:01', 'fileSize': '4.92 MB', 'attFileSize': '4.92 MB', 'hasXbrl': True}",0.0
FORTIS,NSE_CORP_ANN,General Updates,Notice of Postal Ballot,,,"{'symbol': 'FORTIS', 'desc': 'General Updates', 'dt': '23122025201837', 'attchmntFile': 'https://nsearchives.nseindia.com/corporate/FORTIS_23122025201811_intimationPB.pdf', 'sm_name': 'Fortis Healthcare Limited', 'sm_isin': 'INE061F01013', 'an_dt': '23-Dec-2025 20:18:37', 'sort_date': '2025-12-23 20:18:37', 'seq_id': '106475590', 'smIndustry': 'Miscellaneous', 'orgid': None, 'attchmntText': 'Notice of Postal Ballot', 'bflag': None, 'old_new': None, 'csvName': None, 'exchdisstime': '23-Dec-2025 20:18:38', 'difference': '00:00:01', 'fileSize': '1.32 MB', 'attFileSize': '1.32 MB', 'hasXbrl': True}",0.0
FORTIS,NSE_CORP_ANN,Shareholders meeting,Fortis Healthcare Limited has informed the Exchange regarding Notice of Postal Ballot,,,"{'symbol': 'FORTIS', 'desc': 'Shareholders meeting', 'dt': '23122025201403', 'attchmntFile': 'https://nsearchives.nseindia.com/corporate/FORTIS_23122025201340_intimationPB.pdf', 'sm_name': 'Fortis Healthcare Limited', 'sm_isin': 'INE061F01013', 'an_dt': '23-Dec-2025 20:14:03', 'sort_date': '2025-12-23 20:14:03', 'seq_id': '106475588', 'smIndustry': 'Miscellaneous', 'orgid': None, 'attchmntText': 'Fortis Healthcare Limited has informed the Exchange regarding Notice of Postal Ballot', 'bflag': None, 'old_new': None, 'csvName': None, 'exchdisstime': '23-Dec-2025 20:14:04', 'difference': '00:00:01', 'fileSize': '1.32 MB', 'attFileSize': '1.32 MB', 'hasXbrl': True}",0.0
GAIL,NSE_CORP_ANN,Press Release,"GAIL (India) Limited has informed the Exchange regarding a press release dated December 23, 2025, titled ""GAIL signs MoU with Government of Chhattisgarh to develop a gas-based fertilizer project in Chhattisgarh"".",,,"{'symbol': 'GAIL', 'desc': 'Press Release', 'dt': '23122025153626', 'attchmntFile': 'https://nsearchives.nseindia.com/corporate/Himanshugail_23122025153609_Pressrelease23122025.pdf', 'sm_name': 'GAIL (India) Limited', 'sm_isin': 'INE129A01019', 'an_dt': '23-Dec-2025 15:36:26', 'sort_date': '2025-12-23 15:36:26', 'seq_id': '106475114', 'smIndustry': 'Gas', 'orgid': None, 'attchmntText': 'GAIL (India) Limited has informed the Exchange regarding a press release dated December 23, 2025, titled ""GAIL signs MoU with Government of Chhattisgarh to develop a gas-based fertilizer project in Chhattisgarh"".', 'bflag': None, 'old_new': None, 'csvName': None, 'exchdisstime': '23-Dec-2025 15:36:27', 'difference': '00:00:01', 'fileSize': '258.29 KB', 'attFileSize': '258.29 KB', 'hasXbrl': True}",0.0
GMRAIRPORT,NSE_CORP_ANN,Trading Window,"GMR AIRPORTS LIMITED has informed the Exchange regarding the Trading Window closure pursuant to SEBI (Prohibition of Insider Trading) Regulations, 2015",,,"{'symbol': 'GMRAIRPORT', 'desc': 'Trading Window', 'dt': '29122025172007', 'attchmntFile': 'https://nsearchives.nseindia.com/corporate/GMRINFRA_29122025171601_Trading_Window_Closure-December__2025.pdf', 'sm_name': 'GMR AIRPORTS LIMITED', 'sm_isin': 'INE776C01039', 'an_dt': '29-Dec-2025 17:20:07', 'sort_date': '2025-12-29 17:20:07', 'seq_id': '106481289', 'smIndustry': None, 'orgid': None, 'attchmntText': 'GMR AIRPORTS LIMITED has informed the Exchange regarding the Trading Window closure pursuant to SEBI (Prohibition of Insider Trading) Regulations, 2015', 'bflag': None, 'old_new': None, 'csvName': None, 'exchdisstime': '29-Dec-2025 17:20:08', 'difference': '00:00:01', 'fileSize': '192.55 KB', 'attFileSize': '192.55 KB', 'hasXbrl': True}",0.0
GLENMARK,NSE_CORP_ANN,Press Release,"Glenmark Pharmaceuticals Limited has informed the Exchange regarding a press release dated December 23, 2025, titled ""Glenmark Pharmaceuticals Inc., USA launches Epinephrine Injection USP,30 mg/30 mL (1 mg/mL) Multiple-Dose Vial"".",,,"{'symbol': 'GLENMARK', 'desc': 'Press Release', 'dt': '23122025084244', 'attchmntFile': 'https://nsearchives.nseindia.com/corporate/GLENMARK_23122025084228_PR23122025_signed.pdf', 'sm_name': 'Glenmark Pharmaceuticals Limited', 'sm_isin': 'INE935A01035', 'an_dt': '23-Dec-2025 08:42:44', 'sort_date': '2025-12-23 08:42:44', 'seq_id': '106474527', 'smIndustry': 'Pharmaceuticals', 'orgid': None, 'attchmntText': 'Glenmark Pharmaceuticals Limited has informed the Exchange regarding a press release dated December 23, 2025, titled ""Glenmark Pharmaceuticals Inc., USA launches Epinephrine Injection USP,30 mg/30 mL (1 mg/mL) Multiple-Dose Vial"".', 'bflag': None, 'old_new': None, 'csvName': None, 'exchdisstime': '23-Dec-2025 08:42:45', 'difference': '00:00:01', 'fileSize': '481.44 KB', 'attFileSize': '481.44 KB', 'hasXbrl': True}",0.0
GODREJCP,NSE_CORP_ANN,Trading Window,"Godrej Consumer Products Limited has informed the Exchange regarding the Trading Window closure pursuant to SEBI (Prohibition of Insider Trading) Regulations, 2015",,,"{'symbol': 'GODREJCP', 'desc': 'Trading Window', 'dt': '29122025131922', 'attchmntFile': 'https://nsearchives.nseindia.com/corporate/GODREJCP_29122025131830_GCPL_-_BSE_NSE_Trading_Window_Intimation_December_2025_Signed.pdf', 'sm_name': 'Godrej Consumer Products Limited', 'sm_isin': 'INE102D01028', 'an_dt': '29-Dec-2025 13:19:22', 'sort_date': '2025-12-29 13:19:22', 'seq_id': '106480662', 'smIndustry': 'Personal Care', 'orgid': None, 'attchmntText': 'Godrej Consumer Products Limited has informed the Exchange regarding the Trading Window closure pursuant to SEBI (Prohibition of Insider Trading) Regulations, 2015', 'bflag': None, 'old_new': None, 'csvName': None, 'exchdisstime': '29-Dec-2025 13:19:23', 'difference': '00:00:01', 'fileSize': '275.06 KB', 'attFileSize': '275.06 KB', 'hasXbrl': True}",0.0
GRASIM,NSE_CORP_ANN,General Updates,"Composite Scheme of Arrangement amongst Aditya Birla Renewables Limited, Essel Mining & Industries Limited, Electrotherm Renewables Private Limited, ABREL EPCCO Services Limited, ABREL Renewables EPC Limited, ABREL EPC Limited and their respective shareholders and creditors",,,"{'symbol': 'GRASIM', 'desc': 'General Updates', 'dt': '29122025190727', 'attchmntFile': 'https://nsearchives.nseindia.com/corporate/GRASIM_29122025190712_SEIntimation.pdf', 'sm_name': 'Grasim Industries Limited', 'sm_isin': 'INE047A01013', 'an_dt': '29-Dec-2025 19:07:27', 'sort_date': '2025-12-29 19:07:27', 'seq_id': '106481591', 'smIndustry': 'Cement And Cement Products', 'orgid': None, 'attchmntText': 'Composite Scheme of Arrangement amongst Aditya Birla Renewables Limited, Essel Mining & Industries Limited, Electrotherm Renewables Private Limited, ABREL EPCCO Services Limited, ABREL Renewables EPC Limited, ABREL EPC Limited and their respective shareholders and creditors', 'bflag': None, 'old_new': None, 'csvName': None, 'exchdisstime': '29-Dec-2025 19:07:28', 'difference': '00:00:01', 'fileSize': '689.26 KB', 'attFileSize': '689.26 KB', 'hasXbrl': True}",0.0
GRASIM,NSE_CORP_ANN,Trading Window,"Grasim Industries Limited has informed the Exchange regarding the Trading Window closure pursuant to SEBI (Prohibition of Insider Trading) Regulations, 2015",,,"{'symbol': 'GRASIM', 'desc': 'Trading Window', 'dt': '26122025151413', 'attchmntFile': 'https://nsearchives.nseindia.com/corporate/GRASIM_26122025151403_SEIntimation.pdf', 'sm_name': 'Grasim Industries Limited', 'sm_isin': 'INE047A01013', 'an_dt': '26-Dec-2025 15:14:13', 'sort_date': '2025-12-26 15:14:13', 'seq_id': '106478397', 'smIndustry': 'Cement And Cement Products', 'orgid': None, 'attchmntText': 'Grasim Industries Limited has informed the Exchange regarding the Trading Window closure pursuant to SEBI (Prohibition of Insider Trading) Regulations, 2015', 'bflag': None, 'old_new': None, 'csvName': None, 'exchdisstime': '26-Dec-2025 15:14:13', 'difference': '00:00:00', 'fileSize': '274.14 KB', 'attFileSize': '274.14 KB', 'hasXbrl': True}",0.0
GRASIM,NSE_CORP_ANN,Action(s) taken or orders passed,"Disclosure under Regulation 30 of SEBI (LODR) Regulations, 2015",,,"{'symbol': 'GRASIM', 'desc': 'Action(s) taken or orders passed', 'dt': '24122025181738', 'attchmntFile': 'https://nsearchives.nseindia.com/corporate/GRASIM_24122025181729_SEIntimation.pdf', 'sm_name': 'Grasim Industries Limited', 'sm_isin': 'INE047A01013', 'an_dt': '24-Dec-2025 18:17:38', 'sort_date': '2025-12-24 18:17:38', 'seq_id': '106476856', 'smIndustry': 'Cement And Cement Products', 'orgid': None, 'attchmntText': 'Disclosure under Regulation 30 of SEBI (LODR) Regulations, 2015', 'bflag': None, 'old_new': None, 'csvName': None, 'exchdisstime': '24-Dec-2025 18:17:39', 'difference': '00:00:01', 'fileSize': '323.09 KB', 'attFileSize': '323.09 KB', 'hasXbrl': True}",0.0
HCLTECH,NSE_CORP_ANN,Updates,HCL Technologies Limited has informed the Exchange regarding 'Release    HCLTech joins Microsoft Discovery Platform to accelerate research innovation '.,,,"{'symbol': 'HCLTECH', 'desc': 'Updates', 'dt': '23122025152811', 'attchmntFile': 'https://nsearchives.nseindia.com/corporate/HCLTECH_23122025152628_Release23December2025.pdf', 'sm_name': 'HCL Technologies Limited', 'sm_isin': 'INE860A01027', 'an_dt': '23-Dec-2025 15:28:11', 'sort_date': '2025-12-23 15:28:11', 'seq_id': '106475097', 'smIndustry': 'Computers - Software', 'orgid': None, 'attchmntText': ""HCL Technologies Limited has informed the Exchange regarding 'Release    HCLTech joins Microsoft Discovery Platform to accelerate research innovation '."", 'bflag': None, 'old_new': None, 'csvName': None, 'exchdisstime': '23-Dec-2025 15:28:12', 'difference': '00:00:01', 'fileSize': '315.21 KB', 'attFileSize': '315.21 KB', 'hasXbrl': True}",0.0
HDFCAMC,NSE_CORP_ANN,Copy of Newspaper Publication,HDFC Asset Management Company Limited has informed the Exchange about Copy of Newspaper Publication,,,"{'symbol': 'HDFCAMC', 'desc': 'Copy of Newspaper Publication', 'dt': '24122025141651', 'attchmntFile': 'https://nsearchives.nseindia.com/corporate/DEEPTI_24122025141521_NSEBSE_65.pdf', 'sm_name': 'HDFC Asset Management Company Limited', 'sm_isin': 'INE127D01025', 'an_dt': '24-Dec-2025 14:16:51', 'sort_date': '2025-12-24 14:16:51', 'seq_id': '106476373', 'smIndustry': None, 'orgid': None, 'attchmntText': 'HDFC Asset Management Company Limited has informed the Exchange about Copy of Newspaper Publication', 'bflag': None, 'old_new': None, 'csvName': None, 'exchdisstime': '24-Dec-2025 14:16:51', 'difference': '00:00:00', 'fileSize': '8.64 MB', 'attFileSize': '8.64 MB', 'hasXbrl': True}",0.0
HDFCLIFE,NSE_CORP_ANN,General Updates,HDFC Life Insurance Company Limited has informed the Exchange about Newspaper Advertisement- Transfer of Dividend/Equity Shares to IEPF account,,,"{'symbol': 'HDFCLIFE', 'desc': 'General Updates', 'dt': '23122025232026', 'attchmntFile': 'https://nsearchives.nseindia.com/corporate/PRASAD_23122025232006_IEPFRevisedsigned.pdf', 'sm_name': 'HDFC Life Insurance Company Limited', 'sm_isin': 'INE795G01014', 'an_dt': '23-Dec-2025 23:20:26', 'sort_date': '2025-12-23 23:20:26', 'seq_id': '106475769', 'smIndustry': None, 'orgid': None, 'attchmntText': 'HDFC Life Insurance Company Limited has informed the Exchange about Newspaper Advertisement- Transfer of Dividend/Equity Shares to IEPF account', 'bflag': None, 'old_new': None, 'csvName': None, 'exchdisstime': '23-Dec-2025 23:20:26', 'difference': '00:00:00', 'fileSize': '584.46 KB', 'attFileSize': '584.46 KB', 'hasXbrl': True}",0.0
HFCL,NSE_CORP_ANN,General Updates,HFCL Limited has informed the Exchange about Allotment of Securities,,,"{'symbol': 'HFCL', 'desc': 'General Updates', 'dt': '24122025120019', 'attchmntFile': 'https://nsearchives.nseindia.com/corporate/AHMED_24122025115959_HFCL_STX_Allotment_24122025.pdf', 'sm_name': 'HFCL Limited', 'sm_isin': 'INE548A01028', 'an_dt': '24-Dec-2025 12:00:19', 'sort_date': '2025-12-24 12:00:19', 'seq_id': '106476181', 'smIndustry': 'Telecommunication - Equipment', 'orgid': None, 'attchmntText': 'HFCL Limited has informed the Exchange about Allotment of Securities', 'bflag': None, 'old_new': None, 'csvName': None, 'exchdisstime': '24-Dec-2025 12:00:20', 'difference': '00:00:01', 'fileSize': '339.09 KB', 'attFileSize': '339.09 KB', 'hasXbrl': True}",0.0
HFCL,NSE_CORP_ANN,Updates,HFCL Limited has informed the Exchange regarding 'Outcome of FRC Committee  of Directors dated 24.12.2025'.,,,"{'symbol': 'HFCL', 'desc': 'Updates', 'dt': '24122025093705', 'attchmntFile': 'https://nsearchives.nseindia.com/corporate/AHMED_24122025093652_HFCL_STX_IssueClosure_24122025.pdf', 'sm_name': 'HFCL Limited', 'sm_isin': 'INE548A01028', 'an_dt': '24-Dec-2025 09:37:05', 'sort_date': '2025-12-24 09:37:05', 'seq_id': '106475915', 'smIndustry': 'Telecommunication - Equipment', 'orgid': None, 'attchmntText': ""HFCL Limited has informed the Exchange regarding 'Outcome of FRC Committee  of Directors dated 24.12.2025'."", 'bflag': None, 'old_new': None, 'csvName': None, 'exchdisstime': '24-Dec-2025 09:37:06', 'difference': '00:00:01', 'fileSize': '358.71 KB', 'attFileSize': '358.71 KB', 'hasXbrl': True}",0.0
HINDALCO,NSE_CORP_ANN,General Updates,Novelis Inc. a wholly owned subsidiary of the Company announced entry into subscription agreement with AV Minerals (Netherlands) N.V.,,,"{'symbol': 'HINDALCO', 'desc': 'General Updates', 'dt': '29122025203152', 'attchmntFile': 'https://nsearchives.nseindia.com/corporate/HINDALCOIND_29122025203129_Novelis_8K_2912_signed.pdf', 'sm_name': 'Hindalco Industries Limited', 'sm_isin': 'INE038A01020', 'an_dt': '29-Dec-2025 20:31:52', 'sort_date': '2025-12-29 20:31:52', 'seq_id': '106481703', 'smIndustry': 'Aluminium', 'orgid': None, 'attchmntText': 'Novelis Inc. a wholly owned subsidiary of the Company announced entry into subscription agreement with AV Minerals (Netherlands) N.V.', 'bflag': None, 'old_new': None, 'csvName': None, 'exchdisstime': '29-Dec-2025 20:31:53', 'difference': '00:00:01', 'fileSize': '268.15 KB', 'attFileSize': '268.15 KB', 'hasXbrl': True}",0.0
HINDALCO,NSE_CORP_ANN,Trading Window,"Hindalco Industries Limited has informed the Exchange regarding the Trading Window closure pursuant to SEBI (Prohibition of Insider Trading) Regulations, 2015",,,"{'symbol': 'HINDALCO', 'desc': 'Trading Window', 'dt': '29122025172133', 'attchmntFile': 'https://nsearchives.nseindia.com/corporate/HINDALCOIND_29122025172033_BM_Intimation_291225_signed.pdf', 'sm_name': 'Hindalco Industries Limited', 'sm_isin': 'INE038A01020', 'an_dt': '29-Dec-2025 17:21:33', 'sort_date': '2025-12-29 17:21:33', 'seq_id': '106481296', 'smIndustry': 'Aluminium', 'orgid': None, 'attchmntText': 'Hindalco Industries Limited has informed the Exchange regarding the Trading Window closure pursuant to SEBI (Prohibition of Insider Trading) Regulations, 2015', 'bflag': None, 'old_new': None, 'csvName': None, 'exchdisstime': '29-Dec-2025 17:21:34', 'difference': '00:00:01', 'fileSize': '257.64 KB', 'attFileSize': '257.64 KB', 'hasXbrl': True}",0.0
HAL,NSE_CORP_ANN,Trading Window,"Hindustan Aeronautics Limited has informed the Exchange regarding the Trading Window closure pursuant to SEBI (Prohibition of Insider Trading) Regulations, 2015",,,"{'symbol': 'HAL', 'desc': 'Trading Window', 'dt': '29122025153423', 'attchmntFile': 'https://nsearchives.nseindia.com/corporate/HAL_29122025153411_TradingWindow_29122025.pdf', 'sm_name': 'Hindustan Aeronautics Limited', 'sm_isin': 'INE066F01012', 'an_dt': '29-Dec-2025 15:34:23', 'sort_date': '2025-12-29 15:34:23', 'seq_id': '106480931', 'smIndustry': None, 'orgid': None, 'attchmntText': 'Hindustan Aeronautics Limited has informed the Exchange regarding the Trading Window closure pursuant to SEBI (Prohibition of Insider Trading) Regulations, 2015', 'bflag': None, 'old_new': None, 'csvName': None, 'exchdisstime': '29-Dec-2025 15:34:23', 'difference': '00:00:00', 'fileSize': '470.49 KB', 'attFileSize': '470.49 KB', 'hasXbrl': True}",0.0
HINDPETRO,NSE_CORP_ANN,Trading Window,"Hindustan Petroleum Corporation Limited has informed the Exchange regarding the Trading Window closure pursuant to SEBI (Prohibition of Insider Trading) Regulations, 2015",,,"{'symbol': 'HINDPETRO', 'desc': 'Trading Window', 'dt': '26122025142149', 'attchmntFile': 'https://nsearchives.nseindia.com/corporate/HINDPETRO1_26122025142139_TradingwindowIntimationQ3.pdf', 'sm_name': 'Hindustan Petroleum Corporation Limited', 'sm_isin': 'INE094A01015', 'an_dt': '26-Dec-2025 14:21:49', 'sort_date': '2025-12-26 14:21:49', 'seq_id': '106478229', 'smIndustry': 'Refineries', 'orgid': None, 'attchmntText': 'Hindustan Petroleum Corporation Limited has informed the Exchange regarding the Trading Window closure pursuant to SEBI (Prohibition of Insider Trading) Regulations, 2015', 'bflag': None, 'old_new': None, 'csvName': None, 'exchdisstime': '26-Dec-2025 14:21:51', 'difference': '00:00:02', 'fileSize': '373.13 KB', 'attFileSize': '373.13 KB', 'hasXbrl': True}",0.0
HINDZINC,NSE_CORP_ANN,Trading Window,"Hindustan Zinc Limited has informed the Exchange regarding the Trading Window closure pursuant to SEBI (Prohibition of Insider Trading) Regulations, 2015",,,"{'symbol': 'HINDZINC', 'desc': 'Trading Window', 'dt': '29122025173216', 'attchmntFile': 'https://nsearchives.nseindia.com/corporate/HINDZINCNSE_29122025173204_SEIntimationtradingwindowclosure.pdf', 'sm_name': 'Hindustan Zinc Limited', 'sm_isin': 'INE267A01017', 'an_dt': '29-Dec-2025 17:32:16', 'sort_date': '2025-12-29 17:32:16', 'seq_id': '106481344', 'smIndustry': 'Metals', 'orgid': None, 'attchmntText': 'Hindustan Zinc Limited has informed the Exchange regarding the Trading Window closure pursuant to SEBI (Prohibition of Insider Trading) Regulations, 2015', 'bflag': None, 'old_new': None, 'csvName': None, 'exchdisstime': '29-Dec-2025 17:32:17', 'difference': '00:00:01', 'fileSize': '347.04 KB', 'attFileSize': '347.04 KB', 'hasXbrl': True}",0.0
HINDZINC,NSE_CORP_ANN,Action(s) taken or orders passed,Hindustan Zinc Limited has informed the Exchange about Action(s) taken or orders passed,,,"{'symbol': 'HINDZINC', 'desc': 'Action(s) taken or orders passed', 'dt': '28122025104753', 'attchmntFile': 'https://nsearchives.nseindia.com/corporate/HINDZINCNSE_28122025104722_FinalSEIntimation.pdf', 'sm_name': 'Hindustan Zinc Limited', 'sm_isin': 'INE267A01017', 'an_dt': '28-Dec-2025 10:47:53', 'sort_date': '2025-12-28 10:47:53', 'seq_id': '106480048', 'smIndustry': 'Metals', 'orgid': None, 'attchmntText': 'Hindustan Zinc Limited has informed the Exchange about Action(s) taken or orders passed', 'bflag': None, 'old_new': None, 'csvName': None, 'exchdisstime': '28-Dec-2025 10:47:54', 'difference': '00:00:01', 'fileSize': '581.95 KB', 'attFileSize': '581.95 KB', 'hasXbrl': True}",0.0
HINDZINC,NSE_CORP_ANN,General Updates,"Hindustan Zinc Limited has informed the Exchange about Intimation under the Securities and Exchange Board of India (Listing Obligations and Disclosure Requirements) Regulations, 2015 ( Listing Regulations )   ESG Rating(s)",,,"{'symbol': 'HINDZINC', 'desc': 'General Updates', 'dt': '23122025104352', 'attchmntFile': 'https://nsearchives.nseindia.com/corporate/HINDZINCNSE_23122025104309_SEIntimationESG_Rating.pdf', 'sm_name': 'Hindustan Zinc Limited', 'sm_isin': 'INE267A01017', 'an_dt': '23-Dec-2025 10:43:52', 'sort_date': '2025-12-23 10:43:52', 'seq_id': '106474722', 'smIndustry': 'Metals', 'orgid': None, 'attchmntText': 'Hindustan Zinc Limited has informed the Exchange about Intimation under the Securities and Exchange Board of India (Listing Obligations and Disclosure Requirements) Regulations, 2015 ( Listing Regulations )   ESG Rating(s)', 'bflag': None, 'old_new': None, 'csvName': None, 'exchdisstime': '23-Dec-2025 10:43:54', 'difference': '00:00:02', 'fileSize': '396.57 KB', 'attFileSize': '396.57 KB', 'hasXbrl': True}",0.0
HUDCO,NSE_CORP_ANN,Trading Window,"Housing & Urban Development Corporation Limited has informed the Exchange regarding the Trading Window closure pursuant to SEBI (Prohibition of Insider Trading) Regulations, 2015",,,"{'symbol': 'HUDCO', 'desc': 'Trading Window', 'dt': '23122025162641', 'attchmntFile': 'https://nsearchives.nseindia.com/corporate/HUDCO_23122025162529_SE_CTW.pdf', 'sm_name': 'Housing & Urban Development Corporation Limited', 'sm_isin': 'INE031A07873', 'an_dt': '23-Dec-2025 16:26:41', 'sort_date': '2025-12-23 16:26:41', 'seq_id': '106475217', 'smIndustry': None, 'orgid': None, 'attchmntText': 'Housing & Urban Development Corporation Limited has informed the Exchange regarding the Trading Window closure pursuant to SEBI (Prohibition of Insider Trading) Regulations, 2015', 'bflag': None, 'old_new': None, 'csvName': None, 'exchdisstime': '23-Dec-2025 16:26:42', 'difference': '00:00:01', 'fileSize': '287.94 KB', 'attFileSize': '287.94 KB', 'hasXbrl': True}",0.0
HUDCO,NSE_CORP_ANN,Updates,Housing & Urban Development Corporation Limited has informed the Exchange regarding 'Report on Re-lodgement of transfer request for physical shares'.,,,"{'symbol': 'HUDCO', 'desc': 'Updates', 'dt': '23122025161950', 'attchmntFile': 'https://nsearchives.nseindia.com/corporate/HUDCO_23122025161815_SE_Disclosure_Report_RTA.pdf', 'sm_name': 'Housing & Urban Development Corporation Limited', 'sm_isin': 'INE031A07873', 'an_dt': '23-Dec-2025 16:19:50', 'sort_date': '2025-12-23 16:19:50', 'seq_id': '106475194', 'smIndustry': None, 'orgid': None, 'attchmntText': ""Housing & Urban Development Corporation Limited has informed the Exchange regarding 'Report on Re-lodgement of transfer request for physical shares'."", 'bflag': None, 'old_new': None, 'csvName': None, 'exchdisstime': '23-Dec-2025 16:19:50', 'difference': '00:00:00', 'fileSize': '725.50 KB', 'attFileSize': '725.50 KB', 'hasXbrl': True}",0.0
ICICIBANK,NSE_CORP_ANN,Updates,ICICI Bank Limited has informed the Exchange regarding 'Filing of Semi- Annual Report with Director of Kanto Local Finance Bureau'.,,,"{'symbol': 'ICICIBANK', 'desc': 'Updates', 'dt': '23122025213314', 'attchmntFile': 'https://nsearchives.nseindia.com/corporate/ICICI2022_23122025213256_NSEBSE_23122025.pdf', 'sm_name': 'ICICI Bank Limited', 'sm_isin': 'INE090A01013', 'an_dt': '23-Dec-2025 21:33:14', 'sort_date': '2025-12-23 21:33:14', 'seq_id': '106475619', 'smIndustry': 'Banks', 'orgid': None, 'attchmntText': ""ICICI Bank Limited has informed the Exchange regarding 'Filing of Semi- Annual Report with Director of Kanto Local Finance Bureau'."", 'bflag': None, 'old_new': None, 'csvName': None, 'exchdisstime': '23-Dec-2025 21:33:15', 'difference': '00:00:01', 'fileSize': '1.91 MB', 'attFileSize': '1.91 MB', 'hasXbrl': True}",0.0
ICICIBANK,NSE_CORP_ANN,ESOP/ESOS/ESPS,ICICI Bank Limited has informed the Exchange regarding Allotment of 480952  Shares.,,,"{'symbol': 'ICICIBANK', 'desc': 'ESOP/ESOS/ESPS', 'dt': '23122025171925', 'attchmntFile': 'https://nsearchives.nseindia.com/corporate/ICICI2022_23122025171913_Lettertoexchange.pdf', 'sm_name': 'ICICI Bank Limited', 'sm_isin': 'INE090A01013', 'an_dt': '23-Dec-2025 17:19:25', 'sort_date': '2025-12-23 17:19:25', 'seq_id': '106475342', 'smIndustry': 'Banks', 'orgid': None, 'attchmntText': 'ICICI Bank Limited has informed the Exchange regarding Allotment of 480952  Shares.', 'bflag': None, 'old_new': None, 'csvName': None, 'exchdisstime': '23-Dec-2025 17:19:26', 'difference': '00:00:01', 'fileSize': '357.53 KB', 'attFileSize': '357.53 KB', 'hasXbrl': True}",0.0
ICICIGI,NSE_CORP_ANN,Action(s) taken or orders passed,ICICI Lombard General Insurance Company Limited has informed the Exchange about Action(s) taken or orders passed,,,"{'symbol': 'ICICIGI', 'desc': 'Action(s) taken or orders passed', 'dt': '26122025211335', 'attchmntFile': 'https://nsearchives.nseindia.com/corporate/ICICIGI_26122025211215_SE_Intimation_Rajasthan_FY_2021-22.pdf', 'sm_name': 'ICICI Lombard General Insurance Company Limited', 'sm_isin': 'INE765G01017', 'an_dt': '26-Dec-2025 21:13:35', 'sort_date': '2025-12-26 21:13:35', 'seq_id': '106479239', 'smIndustry': None, 'orgid': None, 'attchmntText': 'ICICI Lombard General Insurance Company Limited has informed the Exchange about Action(s) taken or orders passed', 'bflag': None, 'old_new': None, 'csvName': None, 'exchdisstime': '26-Dec-2025 21:13:36', 'difference': '00:00:01', 'fileSize': '3.07 MB', 'attFileSize': '3.07 MB', 'hasXbrl': True}",0.0
ICICIGI,NSE_CORP_ANN,Trading Window,"ICICI Lombard General Insurance Company Limited has informed the Exchange regarding the Trading Window closure pursuant to SEBI (Prohibition of Insider Trading) Regulations, 2015",,,"{'symbol': 'ICICIGI', 'desc': 'Trading Window', 'dt': '23122025170037', 'attchmntFile': 'https://nsearchives.nseindia.com/corporate/ICICIGI_23122025170016_BM_intimation_Dec_2025.pdf', 'sm_name': 'ICICI Lombard General Insurance Company Limited', 'sm_isin': 'INE765G01017', 'an_dt': '23-Dec-2025 17:00:37', 'sort_date': '2025-12-23 17:00:37', 'seq_id': '106475302', 'smIndustry': None, 'orgid': None, 'attchmntText': 'ICICI Lombard General Insurance Company Limited has informed the Exchange regarding the Trading Window closure pursuant to SEBI (Prohibition of Insider Trading) Regulations, 2015', 'bflag': None, 'old_new': None, 'csvName': None, 'exchdisstime': '23-Dec-2025 17:00:39', 'difference': '00:00:02', 'fileSize': '2.93 MB', 'attFileSize': '2.93 MB', 'hasXbrl': True}",0.0
ICICIGI,NSE_CORP_ANN,ESOP/ESOS/ESPS,ICICI Lombard General Insurance Company Limited has informed the Exchange regarding  allotment of 40020 equity shares.,,,"{'symbol': 'ICICIGI', 'desc': 'ESOP/ESOS/ESPS', 'dt': '23122025105825', 'attchmntFile': 'https://nsearchives.nseindia.com/corporate/ICICIGI_23122025105338_ESOSIntimationDecIII.pdf', 'sm_name': 'ICICI Lombard General Insurance Company Limited', 'sm_isin': 'INE765G01017', 'an_dt': '23-Dec-2025 10:58:25', 'sort_date': '2025-12-23 10:58:25', 'seq_id': '106474739', 'smIndustry': None, 'orgid': None, 'attchmntText': 'ICICI Lombard General Insurance Company Limited has informed the Exchange regarding  allotment of 40020 equity shares.', 'bflag': None, 'old_new': None, 'csvName': None, 'exchdisstime': '23-Dec-2025 10:58:26', 'difference': '00:00:01', 'fileSize': '2.94 MB', 'attFileSize': '2.94 MB', 'hasXbrl': True}",0.0
ICICIPRULI,NSE_CORP_ANN,Action(s) taken or orders passed,ICICI Prudential Life Insurance Company Limited has informed the Exchange about Action(s) taken or orders passed,,,"{'symbol': 'ICICIPRULI', 'desc': 'Action(s) taken or orders passed', 'dt': '27122025103851', 'attchmntFile': 'https://nsearchives.nseindia.com/corporate/ICICIPRULI_27122025103842_Disclosure_order_dated_December_26_2025.pdf', 'sm_name': 'ICICI Prudential Life Insurance Company Limited', 'sm_isin': 'INE726G01019', 'an_dt': '27-Dec-2025 10:38:51', 'sort_date': '2025-12-27 10:38:51', 'seq_id': '106479523', 'smIndustry': None, 'orgid': None, 'attchmntText': 'ICICI Prudential Life Insurance Company Limited has informed the Exchange about Action(s) taken or orders passed', 'bflag': None, 'old_new': None, 'csvName': None, 'exchdisstime': '27-Dec-2025 10:38:52', 'difference': '00:00:01', 'fileSize': '146.54 KB', 'attFileSize': '146.54 KB', 'hasXbrl': True}",0.0
ICICIPRULI,NSE_CORP_ANN,Trading Window,"ICICI Prudential Life Insurance Company Limited has informed the Exchange regarding the Trading Window closure pursuant to SEBI (Prohibition of Insider Trading) Regulations, 2015",,,"{'symbol': 'ICICIPRULI', 'desc': 'Trading Window', 'dt': '24122025180037', 'attchmntFile': 'https://nsearchives.nseindia.com/corporate/ICICIPRULI_24122025180027_SE_intimation_for_Window_closure.pdf', 'sm_name': 'ICICI Prudential Life Insurance Company Limited', 'sm_isin': 'INE726G01019', 'an_dt': '24-Dec-2025 18:00:37', 'sort_date': '2025-12-24 18:00:37', 'seq_id': '106476828', 'smIndustry': None, 'orgid': None, 'attchmntText': 'ICICI Prudential Life Insurance Company Limited has informed the Exchange regarding the Trading Window closure pursuant to SEBI (Prohibition of Insider Trading) Regulations, 2015', 'bflag': None, 'old_new': None, 'csvName': None, 'exchdisstime': '24-Dec-2025 18:00:39', 'difference': '00:00:02', 'fileSize': '156.55 KB', 'attFileSize': '156.55 KB', 'hasXbrl': True}",0.0
ICICIPRULI,NSE_CORP_ANN,ESOP/ESOS/ESPS,ICICI Prudential Life Insurance Company Limited has informed the Exchange regarding allotment of 161107 shares.,,,"{'symbol': 'ICICIPRULI', 'desc': 'ESOP/ESOS/ESPS', 'dt': '23122025121001', 'attchmntFile': 'https://nsearchives.nseindia.com/corporate/ICICIPRULI_23122025120909_SE_Intimation_Dec_23_2025.pdf', 'sm_name': 'ICICI Prudential Life Insurance Company Limited', 'sm_isin': 'INE726G01019', 'an_dt': '23-Dec-2025 12:10:01', 'sort_date': '2025-12-23 12:10:01', 'seq_id': '106474880', 'smIndustry': None, 'orgid': None, 'attchmntText': 'ICICI Prudential Life Insurance Company Limited has informed the Exchange regarding allotment of 161107 shares.', 'bflag': None, 'old_new': None, 'csvName': None, 'exchdisstime': '23-Dec-2025 12:10:02', 'difference': '00:00:01', 'fileSize': '143.96 KB', 'attFileSize': '143.96 KB', 'hasXbrl': True}",0.0
IDFCFIRSTB,NSE_CORP_ANN,Trading Window,"IDFC First Bank Limited has informed the Exchange regarding the Trading Window closure pursuant to SEBI (Prohibition of Insider Trading) Regulations, 2015",,,"{'symbol': 'IDFCFIRSTB', 'desc': 'Trading Window', 'dt': '26122025163751', 'attchmntFile': 'https://nsearchives.nseindia.com/corporate/IDFCFIRSTB_26122025163740_IDFCFIRSTB_BM_Intimation_Q3_FY26.pdf', 'sm_name': 'IDFC First Bank Limited', 'sm_isin': 'INE092T01019', 'an_dt': '26-Dec-2025 16:37:51', 'sort_date': '2025-12-26 16:37:51', 'seq_id': '106478639', 'smIndustry': None, 'orgid': None, 'attchmntText': 'IDFC First Bank Limited has informed the Exchange regarding the Trading Window closure pursuant to SEBI (Prohibition of Insider Trading) Regulations, 2015', 'bflag': None, 'old_new': None, 'csvName': None, 'exchdisstime': '26-Dec-2025 16:37:52', 'difference': '00:00:01', 'fileSize': '258.60 KB', 'attFileSize': '258.60 KB', 'hasXbrl': True}",0.0
IIFL,NSE_CORP_ANN,Credit Rating,IIFL Finance Limited has informed the Exchange about Credit Rating,,,"{'symbol': 'IIFL', 'desc': 'Credit Rating', 'dt': '29122025195908', 'attchmntFile': 'https://nsearchives.nseindia.com/corporate/IIFL_29122025195751_RatingSEIntimation_IndiaRatings.pdf', 'sm_name': 'IIFL Finance Limited', 'sm_isin': 'INE530B01024', 'an_dt': '29-Dec-2025 19:59:08', 'sort_date': '2025-12-29 19:59:08', 'seq_id': '106481675', 'smIndustry': None, 'orgid': None, 'attchmntText': 'IIFL Finance Limited has informed the Exchange about Credit Rating', 'bflag': None, 'old_new': None, 'csvName': None, 'exchdisstime': '29-Dec-2025 19:59:10', 'difference': '00:00:02', 'fileSize': '258.57 KB', 'attFileSize': '258.57 KB', 'hasXbrl': True}",0.0
IIFL,NSE_CORP_ANN,Trading Window,"IIFL Finance Limited has informed the Exchange regarding the Trading Window closure pursuant to SEBI (Prohibition of Insider Trading) Regulations, 2015",,,"{'symbol': 'IIFL', 'desc': 'Trading Window', 'dt': '26122025193422', 'attchmntFile': 'https://nsearchives.nseindia.com/corporate/IIFL_26122025193407_SE_TradingWindow_31122025.pdf', 'sm_name': 'IIFL Finance Limited', 'sm_isin': 'INE530B01024', 'an_dt': '26-Dec-2025 19:34:22', 'sort_date': '2025-12-26 19:34:22', 'seq_id': '106479158', 'smIndustry': None, 'orgid': None, 'attchmntText': 'IIFL Finance Limited has informed the Exchange regarding the Trading Window closure pursuant to SEBI (Prohibition of Insider Trading) Regulations, 2015', 'bflag': None, 'old_new': None, 'csvName': None, 'exchdisstime': '26-Dec-2025 19:34:23', 'difference': '00:00:01', 'fileSize': '726.62 KB', 'attFileSize': '726.62 KB', 'hasXbrl': True}",0.0
ITC,NSE_CORP_ANN,Trading Window,"ITC Limited has informed the Exchange regarding the Trading Window closure pursuant to SEBI (Prohibition of Insider Trading) Regulations, 2015",,,"{'symbol': 'ITC', 'desc': 'Trading Window', 'dt': '24122025165923', 'attchmntFile': 'https://nsearchives.nseindia.com/corporate/ITC_24122025165910_ClosureofTradingWindow24122025.pdf', 'sm_name': 'ITC Limited', 'sm_isin': 'INE154A01025', 'an_dt': '24-Dec-2025 16:59:23', 'sort_date': '2025-12-24 16:59:23', 'seq_id': '106476688', 'smIndustry': 'Cigarettes', 'orgid': None, 'attchmntText': 'ITC Limited has informed the Exchange regarding the Trading Window closure pursuant to SEBI (Prohibition of Insider Trading) Regulations, 2015', 'bflag': None, 'old_new': None, 'csvName': None, 'exchdisstime': '24-Dec-2025 16:59:24', 'difference': '00:00:01', 'fileSize': '141.77 KB', 'attFileSize': '141.77 KB', 'hasXbrl': True}",0.0
INDIANB,NSE_CORP_ANN,Trading Window,"Indian Bank has informed the Exchange regarding the Trading Window closure pursuant to SEBI (Prohibition of Insider Trading) Regulations, 2015",,,"{'symbol': 'INDIANB', 'desc': 'Trading Window', 'dt': '23122025190726', 'attchmntFile': 'https://nsearchives.nseindia.com/corporate/INDIANB_23122025190551_SE_Trading_Window_Closure.pdf', 'sm_name': 'Indian Bank', 'sm_isin': 'INE562A01011', 'an_dt': '23-Dec-2025 19:07:26', 'sort_date': '2025-12-23 19:07:26', 'seq_id': '106475534', 'smIndustry': 'Banks', 'orgid': None, 'attchmntText': 'Indian Bank has informed the Exchange regarding the Trading Window closure pursuant to SEBI (Prohibition of Insider Trading) Regulations, 2015', 'bflag': None, 'old_new': None, 'csvName': None, 'exchdisstime': '23-Dec-2025 19:07:28', 'difference': '00:00:02', 'fileSize': '230.81 KB', 'attFileSize': '230.81 KB', 'hasXbrl': True}",0.0
IEX,NSE_CORP_ANN,Trading Window,"Indian Energy Exchange Limited has informed the Exchange regarding the Trading Window closure pursuant to SEBI (Prohibition of Insider Trading) Regulations, 2015",,,"{'symbol': 'IEX', 'desc': 'Trading Window', 'dt': '26122025114903', 'attchmntFile': 'https://nsearchives.nseindia.com/corporate/IEX_26122025114811_Signed_IEX_Intimation_Trading_window_Closure_Q3_FY25_26.pdf', 'sm_name': 'Indian Energy Exchange Limited', 'sm_isin': 'INE022Q01012', 'an_dt': '26-Dec-2025 11:49:03', 'sort_date': '2025-12-26 11:49:03', 'seq_id': '106477921', 'smIndustry': None, 'orgid': None, 'attchmntText': 'Indian Energy Exchange Limited has informed the Exchange regarding the Trading Window closure pursuant to SEBI (Prohibition of Insider Trading) Regulations, 2015', 'bflag': None, 'old_new': None, 'csvName': None, 'exchdisstime': '26-Dec-2025 11:49:05', 'difference': '00:00:02', 'fileSize': '304.84 KB', 'attFileSize': '304.84 KB', 'hasXbrl': True}",0.0
IEX,NSE_CORP_ANN,Analysts/Institutional Investor Meet/Con. Call Updates,Indian Energy Exchange Limited has informed the Exchange about Schedule of meet,,,"{'symbol': 'IEX', 'desc': 'Analysts/Institutional Investor Meet/Con. Call Updates', 'dt': '26122025114604', 'attchmntFile': 'https://nsearchives.nseindia.com/corporate/IEX_26122025114548_Signed_IEX_Analsyt_Meet_26_12_2025.pdf', 'sm_name': 'Indian Energy Exchange Limited', 'sm_isin': 'INE022Q01012', 'an_dt': '26-Dec-2025 11:46:04', 'sort_date': '2025-12-26 11:46:04', 'seq_id': '106477913', 'smIndustry': None, 'orgid': None, 'attchmntText': 'Indian Energy Exchange Limited has informed the Exchange about Schedule of meet', 'bflag': None, 'old_new': None, 'csvName': None, 'exchdisstime': '26-Dec-2025 11:46:05', 'difference': '00:00:01', 'fileSize': '333.01 KB', 'attFileSize': '333.01 KB', 'hasXbrl': True}",0.0
IOC,NSE_CORP_ANN,Trading Window,"Indian Oil Corporation Limited has informed the Exchange regarding the Trading Window closure pursuant to SEBI (Prohibition of Insider Trading) Regulations, 2015",,,"{'symbol': 'IOC', 'desc': 'Trading Window', 'dt': '26122025142859', 'attchmntFile': 'https://nsearchives.nseindia.com/corporate/IOC_26122025142850_Window_Closure_Notice_Q3_2025_26_S.pdf', 'sm_name': 'Indian Oil Corporation Limited', 'sm_isin': 'INE242A01010', 'an_dt': '26-Dec-2025 14:28:59', 'sort_date': '2025-12-26 14:28:59', 'seq_id': '106478293', 'smIndustry': 'Refineries', 'orgid': None, 'attchmntText': 'Indian Oil Corporation Limited has informed the Exchange regarding the Trading Window closure pursuant to SEBI (Prohibition of Insider Trading) Regulations, 2015', 'bflag': None, 'old_new': None, 'csvName': None, 'exchdisstime': '26-Dec-2025 14:29:00', 'difference': '00:00:01', 'fileSize': '522.09 KB', 'attFileSize': '522.09 KB', 'hasXbrl': True}",0.0
IRCTC,NSE_CORP_ANN,Change in Management,Indian Railway Catering And Tourism Corporation Limited has informed the Exchange about change in Senior Management-Cessation.,,,"{'symbol': 'IRCTC', 'desc': 'Change in Management', 'dt': '26122025212750', 'attchmntFile': 'https://nsearchives.nseindia.com/corporate/IRCTC_26122025212742_STXintimationEZ.pdf', 'sm_name': 'Indian Railway Catering And Tourism Corporation Limited', 'sm_isin': 'INE335Y01012', 'an_dt': '26-Dec-2025 21:27:50', 'sort_date': '2025-12-26 21:27:50', 'seq_id': '106479245', 'smIndustry': None, 'orgid': None, 'attchmntText': 'Indian Railway Catering And Tourism Corporation Limited has informed the Exchange about change in Senior Management-Cessation.', 'bflag': None, 'old_new': None, 'csvName': None, 'exchdisstime': '26-Dec-2025 21:27:51', 'difference': '00:00:01', 'fileSize': '849.11 KB', 'attFileSize': '849.11 KB', 'hasXbrl': True}",0.0
IRFC,NSE_CORP_ANN,Trading Window,"Indian Railway Finance Corporation Limited has informed the Exchange regarding the Trading Window closure pursuant to SEBI (Prohibition of Insider Trading) Regulations, 2015",,,"{'symbol': 'IRFC', 'desc': 'Trading Window', 'dt': '26122025175938', 'attchmntFile': 'https://nsearchives.nseindia.com/corporate/IRFC_26122025175921_Closuretradingwindow31122025.pdf', 'sm_name': 'Indian Railway Finance Corporation Limited', 'sm_isin': 'INE053F07520', 'an_dt': '26-Dec-2025 17:59:38', 'sort_date': '2025-12-26 17:59:38', 'seq_id': '106478926', 'smIndustry': '-', 'orgid': None, 'attchmntText': 'Indian Railway Finance Corporation Limited has informed the Exchange regarding the Trading Window closure pursuant to SEBI (Prohibition of Insider Trading) Regulations, 2015', 'bflag': None, 'old_new': None, 'csvName': None, 'exchdisstime': '26-Dec-2025 17:59:38', 'difference': '00:00:00', 'fileSize': '314.40 KB', 'attFileSize': '314.40 KB', 'hasXbrl': True}",0.0
IRFC,NSE_CORP_ANN,Press Release,"Indian Railway Finance Corporation Limited has informed the Exchange regarding a press release dated December 24, 2025, titled ""IRFC Executes Landmark Refinancing of World Bank Loan for Dedicated Freight Corridor Project"".",,,"{'symbol': 'IRFC', 'desc': 'Press Release', 'dt': '24122025181738', 'attchmntFile': 'https://nsearchives.nseindia.com/corporate/IRFC_24122025181649_Pressrelease24122025.pdf', 'sm_name': 'Indian Railway Finance Corporation Limited', 'sm_isin': 'INE053F07520', 'an_dt': '24-Dec-2025 18:17:38', 'sort_date': '2025-12-24 18:17:38', 'seq_id': '106476857', 'smIndustry': '-', 'orgid': None, 'attchmntText': 'Indian Railway Finance Corporation Limited has informed the Exchange regarding a press release dated December 24, 2025, titled ""IRFC Executes Landmark Refinancing of World Bank Loan for Dedicated Freight Corridor Project"".', 'bflag': None, 'old_new': None, 'csvName': None, 'exchdisstime': '24-Dec-2025 18:17:39', 'difference': '00:00:01', 'fileSize': '566.37 KB', 'attFileSize': '566.37 KB', 'hasXbrl': True}",0.0
IREDA,NSE_CORP_ANN,Trading Window,"Indian Renewable Energy Development Agency Limited has informed the Exchange regarding the Trading Window closure pursuant to SEBI (Prohibition of Insider Trading) Regulations, 2015",,,"{'symbol': 'IREDA', 'desc': 'Trading Window', 'dt': '26122025110146', 'attchmntFile': 'https://nsearchives.nseindia.com/corporate/IREDAEQ_26122025110017_Signed_ClosureofTradingWindow31122025.pdf', 'sm_name': 'Indian Renewable Energy Development Agency Limited', 'sm_isin': 'INE202E07104', 'an_dt': '26-Dec-2025 11:01:46', 'sort_date': '2025-12-26 11:01:46', 'seq_id': '106477824', 'smIndustry': None, 'orgid': None, 'attchmntText': 'Indian Renewable Energy Development Agency Limited has informed the Exchange regarding the Trading Window closure pursuant to SEBI (Prohibition of Insider Trading) Regulations, 2015', 'bflag': None, 'old_new': None, 'csvName': None, 'exchdisstime': '26-Dec-2025 11:01:47', 'difference': '00:00:01', 'fileSize': '394.00 KB', 'attFileSize': '394.00 KB', 'hasXbrl': True}",0.0
INDUSTOWER,NSE_CORP_ANN,Trading Window,"Indus Towers Limited has informed the Exchange regarding the Trading Window closure pursuant to SEBI (Prohibition of Insider Trading) Regulations, 2015",,,"{'symbol': 'INDUSTOWER', 'desc': 'Trading Window', 'dt': '26122025154629', 'attchmntFile': 'https://nsearchives.nseindia.com/corporate/BHARTIINFRATEL_26122025154352_SETradingWindowIndus31122025.pdf', 'sm_name': 'Indus Towers Limited', 'sm_isin': 'INE121J01017', 'an_dt': '26-Dec-2025 15:46:29', 'sort_date': '2025-12-26 15:46:29', 'seq_id': '106478466', 'smIndustry': None, 'orgid': None, 'attchmntText': 'Indus Towers Limited has informed the Exchange regarding the Trading Window closure pursuant to SEBI (Prohibition of Insider Trading) Regulations, 2015', 'bflag': None, 'old_new': None, 'csvName': None, 'exchdisstime': '26-Dec-2025 15:46:30', 'difference': '00:00:01', 'fileSize': '282.31 KB', 'attFileSize': '282.31 KB', 'hasXbrl': True}",0.0
INDUSTOWER,NSE_CORP_ANN,General Updates,Indus Towers Limited has informed the Exchange regarding ESG Rating,,,"{'symbol': 'INDUSTOWER', 'desc': 'General Updates', 'dt': '25122025170105', 'attchmntFile': 'https://nsearchives.nseindia.com/corporate/BHARTIINFRATEL_25122025170055_SEIntimation25122025.pdf', 'sm_name': 'Indus Towers Limited', 'sm_isin': 'INE121J01017', 'an_dt': '25-Dec-2025 17:01:05', 'sort_date': '2025-12-25 17:01:05', 'seq_id': '106477429', 'smIndustry': None, 'orgid': None, 'attchmntText': 'Indus Towers Limited has informed the Exchange regarding ESG Rating', 'bflag': None, 'old_new': None, 'csvName': None, 'exchdisstime': '25-Dec-2025 17:01:06', 'difference': '00:00:01', 'fileSize': '550.31 KB', 'attFileSize': '550.31 KB', 'hasXbrl': True}",0.0
INDUSINDBK,NSE_CORP_ANN,General Updates,"Indusind Bank Limited has informed the Exchange about intimation under Regulation 30 of the SEBI (Listing Obligations and Disclosure Requirements) Regulations, 2015",,,"{'symbol': 'INDUSINDBK', 'desc': 'General Updates', 'dt': '24122025170917', 'attchmntFile': 'https://nsearchives.nseindia.com/corporate/INDUSINDBK3_24122025165905_SESFIOletter24122025.pdf', 'sm_name': 'IndusInd Bank Limited', 'sm_isin': 'INE095A01012', 'an_dt': '24-Dec-2025 17:09:17', 'sort_date': '2025-12-24 17:09:17', 'seq_id': '106476730', 'smIndustry': 'Banks', 'orgid': None, 'attchmntText': 'Indusind Bank Limited has informed the Exchange about intimation under Regulation 30 of the SEBI (Listing Obligations and Disclosure Requirements) Regulations, 2015', 'bflag': None, 'old_new': None, 'csvName': None, 'exchdisstime': '24-Dec-2025 17:09:18', 'difference': '00:00:01', 'fileSize': '284.71 KB', 'attFileSize': '284.71 KB', 'hasXbrl': True}",0.0
NAUKRI,NSE_CORP_ANN,Acquisition,"Info Edge (India) Limited has informed the Exchange about disclosure under Regulation 30 of the Securities and Exchange Board of India (Listing Obligations and Disclosure Requirements) Regulations, 2015",,,"{'symbol': 'NAUKRI', 'desc': 'Acquisition', 'dt': '23122025162110', 'attchmntFile': 'https://nsearchives.nseindia.com/corporate/NAUKRI2_23122025161812_SEIntimationRedstarttoUnbox_2.pdf', 'sm_name': 'Info Edge (India) Limited', 'sm_isin': 'INE663F01024', 'an_dt': '23-Dec-2025 16:21:10', 'sort_date': '2025-12-23 16:21:10', 'seq_id': '106475197', 'smIndustry': 'Computers - Software', 'orgid': None, 'attchmntText': 'Info Edge (India) Limited has informed the Exchange about disclosure under Regulation 30 of the Securities and Exchange Board of India (Listing Obligations and Disclosure Requirements) Regulations, 2015', 'bflag': None, 'old_new': None, 'csvName': None, 'exchdisstime': '23-Dec-2025 16:21:11', 'difference': '00:00:01', 'fileSize': '416.05 KB', 'attFileSize': '416.05 KB', 'hasXbrl': True}",0.0
INFY,NSE_CORP_ANN,General Updates,Infosys Limited has informed the Exchange about Update on McCamish Cyber Incident,,,"{'symbol': 'INFY', 'desc': 'General Updates', 'dt': '23122025222745', 'attchmntFile': 'https://nsearchives.nseindia.com/corporate/INFY_23122025222726_SE_McCamish_Systems_23122025.pdf', 'sm_name': 'Infosys Limited', 'sm_isin': 'INE009A01021', 'an_dt': '23-Dec-2025 22:27:45', 'sort_date': '2025-12-23 22:27:45', 'seq_id': '106475633', 'smIndustry': 'Computers - Software', 'orgid': None, 'attchmntText': 'Infosys Limited has informed the Exchange about Update on McCamish Cyber Incident', 'bflag': None, 'old_new': None, 'csvName': None, 'exchdisstime': '23-Dec-2025 22:27:46', 'difference': '00:00:01', 'fileSize': '227.40 KB', 'attFileSize': '227.40 KB', 'hasXbrl': True}",0.0
INDIGO,NSE_CORP_ANN,Trading Window,"InterGlobe Aviation Limited has informed the Exchange regarding the Trading Window closure pursuant to SEBI (Prohibition of Insider Trading) Regulations, 2015",,,"{'symbol': 'INDIGO', 'desc': 'Trading Window', 'dt': '26122025143945', 'attchmntFile': 'https://nsearchives.nseindia.com/corporate/Indigo1_26122025143850_SE_Disclosure_for_Closure_of_trading_Window.pdf', 'sm_name': 'InterGlobe Aviation Limited', 'sm_isin': 'INE646L01027', 'an_dt': '26-Dec-2025 14:39:45', 'sort_date': '2025-12-26 14:39:45', 'seq_id': '106478310', 'smIndustry': None, 'orgid': None, 'attchmntText': 'InterGlobe Aviation Limited has informed the Exchange regarding the Trading Window closure pursuant to SEBI (Prohibition of Insider Trading) Regulations, 2015', 'bflag': None, 'old_new': None, 'csvName': None, 'exchdisstime': '26-Dec-2025 14:39:45', 'difference': '00:00:00', 'fileSize': '488.36 KB', 'attFileSize': '488.36 KB', 'hasXbrl': True}",0.0
INDIGO,NSE_CORP_ANN,Action(s) taken or orders passed,InterGlobe Aviation Limited has informed the Exchange about Action(s) taken or orders passed,,,"{'symbol': 'INDIGO', 'desc': 'Action(s) taken or orders passed', 'dt': '25122025142543', 'attchmntFile': 'https://nsearchives.nseindia.com/corporate/Indigo1_25122025142512_SE__Tax_Disclosure__24122025.pdf', 'sm_name': 'InterGlobe Aviation Limited', 'sm_isin': 'INE646L01027', 'an_dt': '25-Dec-2025 14:25:43', 'sort_date': '2025-12-25 14:25:43', 'seq_id': '106477308', 'smIndustry': None, 'orgid': None, 'attchmntText': 'InterGlobe Aviation Limited has informed the Exchange about Action(s) taken or orders passed', 'bflag': None, 'old_new': None, 'csvName': None, 'exchdisstime': '25-Dec-2025 14:25:43', 'difference': '00:00:00', 'fileSize': '495.37 KB', 'attFileSize': '495.37 KB', 'hasXbrl': True}",0.0
INDIGO,NSE_CORP_ANN,General Updates,InterGlobe Aviation Limited has informed the Exchange about General Updates,,,"{'symbol': 'INDIGO', 'desc': 'General Updates', 'dt': '24122025193310', 'attchmntFile': 'https://nsearchives.nseindia.com/corporate/Indigo1_24122025193252_Press_Statement_24122025_Sign.pdf', 'sm_name': 'InterGlobe Aviation Limited', 'sm_isin': 'INE646L01027', 'an_dt': '24-Dec-2025 19:33:10', 'sort_date': '2025-12-24 19:33:10', 'seq_id': '106476945', 'smIndustry': None, 'orgid': None, 'attchmntText': 'InterGlobe Aviation Limited has informed the Exchange about General Updates', 'bflag': None, 'old_new': None, 'csvName': None, 'exchdisstime': '24-Dec-2025 19:33:11', 'difference': '00:00:01', 'fileSize': '390.96 KB', 'attFileSize': '390.96 KB', 'hasXbrl': True}",0.0
JINDALSTEL,NSE_CORP_ANN,Trading Window,"JINDAL STEEL LIMITED has informed the Exchange regarding the Trading Window closure pursuant to SEBI (Prohibition of Insider Trading) Regulations, 2015",,,"{'symbol': 'JINDALSTEL', 'desc': 'Trading Window', 'dt': '29122025115037', 'attchmntFile': 'https://nsearchives.nseindia.com/corporate/JINDALSTEL_29122025115028_stx.pdf', 'sm_name': 'JINDAL STEEL LIMITED', 'sm_isin': 'INE749A01030', 'an_dt': '29-Dec-2025 11:50:37', 'sort_date': '2025-12-29 11:50:37', 'seq_id': '106480461', 'smIndustry': 'Steel And Steel Products', 'orgid': None, 'attchmntText': 'JINDAL STEEL LIMITED has informed the Exchange regarding the Trading Window closure pursuant to SEBI (Prohibition of Insider Trading) Regulations, 2015', 'bflag': None, 'old_new': None, 'csvName': None, 'exchdisstime': '29-Dec-2025 11:50:38', 'difference': '00:00:01', 'fileSize': '345.88 KB', 'attFileSize': '345.88 KB', 'hasXbrl': True}",0.0
JINDALSTEL,NSE_CORP_ANN,Press Release,"JINDAL STEEL LIMITED has informed the Exchange regarding a press release dated December 29, 2025, titled ""Jindal Steel to Double Structural Steel Capacity at Raigarh to 2.4 MTPA"".",,,"{'symbol': 'JINDALSTEL', 'desc': 'Press Release', 'dt': '29122025090537', 'attchmntFile': 'https://nsearchives.nseindia.com/corporate/JINDALSTEL_29122025090517_stx_signed.pdf', 'sm_name': 'JINDAL STEEL LIMITED', 'sm_isin': 'INE749A01030', 'an_dt': '29-Dec-2025 09:05:37', 'sort_date': '2025-12-29 09:05:37', 'seq_id': '106480115', 'smIndustry': 'Steel And Steel Products', 'orgid': None, 'attchmntText': 'JINDAL STEEL LIMITED has informed the Exchange regarding a press release dated December 29, 2025, titled ""Jindal Steel to Double Structural Steel Capacity at Raigarh to 2.4 MTPA"".', 'bflag': None, 'old_new': None, 'csvName': None, 'exchdisstime': '29-Dec-2025 09:05:38', 'difference': '00:00:01', 'fileSize': '456.81 KB', 'attFileSize': '456.81 KB', 'hasXbrl': True}",0.0
JINDALSTEL,NSE_CORP_ANN,General Updates,JINDAL STEEL LIMITED has informed the Exchange about General Updates,,,"{'symbol': 'JINDALSTEL', 'desc': 'General Updates', 'dt': '25122025120629', 'attchmntFile': 'https://nsearchives.nseindia.com/corporate/JINDALSTEL_25122025120514_stx_24_12_2025.pdf', 'sm_name': 'JINDAL STEEL LIMITED', 'sm_isin': 'INE749A01030', 'an_dt': '25-Dec-2025 12:06:29', 'sort_date': '2025-12-25 12:06:29', 'seq_id': '106477257', 'smIndustry': 'Steel And Steel Products', 'orgid': None, 'attchmntText': 'JINDAL STEEL LIMITED has informed the Exchange about General Updates', 'bflag': None, 'old_new': None, 'csvName': None, 'exchdisstime': '25-Dec-2025 12:06:30', 'difference': '00:00:01', 'fileSize': '361.91 KB', 'attFileSize': '361.91 KB', 'hasXbrl': True}",0.0
JSWENERGY,NSE_CORP_ANN,Analysts/Institutional Investor Meet/Con. Call Updates,JSW Energy Limited has informed the Exchange about Schedule of Analyst/ Institutional Investors meeting,,,"{'symbol': 'JSWENERGY', 'desc': 'Analysts/Institutional Investor Meet/Con. Call Updates', 'dt': '29122025204156', 'attchmntFile': 'https://nsearchives.nseindia.com/corporate/AJAYJSWEL_29122025203915_LettertoBSENSEInstitutionalInvestorsMeeting29122025.pdf', 'sm_name': 'JSW Energy Limited', 'sm_isin': 'INE121E01018', 'an_dt': '29-Dec-2025 20:41:56', 'sort_date': '2025-12-29 20:41:56', 'seq_id': '106481707', 'smIndustry': 'Power', 'orgid': None, 'attchmntText': 'JSW Energy Limited has informed the Exchange about Schedule of Analyst/ Institutional Investors meeting', 'bflag': None, 'old_new': None, 'csvName': None, 'exchdisstime': '29-Dec-2025 20:41:57', 'difference': '00:00:01', 'fileSize': '501.05 KB', 'attFileSize': '501.05 KB', 'hasXbrl': True}",0.0
JSWENERGY,NSE_CORP_ANN,Trading Window,"JSW Energy Limited has informed the Exchange regarding the Trading Window closure pursuant to SEBI (Prohibition of Insider Trading) Regulations, 2015",,,"{'symbol': 'JSWENERGY', 'desc': 'Trading Window', 'dt': '29122025194512', 'attchmntFile': 'https://nsearchives.nseindia.com/corporate/AJAYJSWEL_29122025194435_LettertoBSEandNSETradingWindowClosureDecember2025.pdf', 'sm_name': 'JSW Energy Limited', 'sm_isin': 'INE121E01018', 'an_dt': '29-Dec-2025 19:45:12', 'sort_date': '2025-12-29 19:45:12', 'seq_id': '106481660', 'smIndustry': 'Power', 'orgid': None, 'attchmntText': 'JSW Energy Limited has informed the Exchange regarding the Trading Window closure pursuant to SEBI (Prohibition of Insider Trading) Regulations, 2015', 'bflag': None, 'old_new': None, 'csvName': None, 'exchdisstime': '29-Dec-2025 19:45:13', 'difference': '00:00:01', 'fileSize': '135.35 KB', 'attFileSize': '135.35 KB', 'hasXbrl': True}",0.0
JSWENERGY,NSE_CORP_ANN,Copy of Newspaper Publication,JSW Energy Limited has informed the Exchange about Copy of Newspaper Publication of Corrigendum to the Notice of Extraordinary General Meeting,,,"{'symbol': 'JSWENERGY', 'desc': 'Copy of Newspaper Publication', 'dt': '27122025161945', 'attchmntFile': 'https://nsearchives.nseindia.com/corporate/AJAYJSWEL_27122025161919_CorriendumNewspaperpublicationStockExchageIntimation.pdf', 'sm_name': 'JSW Energy Limited', 'sm_isin': 'INE121E01018', 'an_dt': '27-Dec-2025 16:19:45', 'sort_date': '2025-12-27 16:19:45', 'seq_id': '106479791', 'smIndustry': 'Power', 'orgid': None, 'attchmntText': 'JSW Energy Limited has informed the Exchange about Copy of Newspaper Publication of Corrigendum to the Notice of Extraordinary General Meeting', 'bflag': None, 'old_new': None, 'csvName': None, 'exchdisstime': '27-Dec-2025 16:19:46', 'difference': '00:00:01', 'fileSize': '3.21 MB', 'attFileSize': '3.21 MB', 'hasXbrl': True}",0.0
JSWENERGY,NSE_CORP_ANN,Corrigendum,"JSW Energy Limited has informed the Exchange regarding Corrigendum to Notice of Extra Ordinary General Meeting to be held on January 03, 2026",,,"{'symbol': 'JSWENERGY', 'desc': 'Corrigendum', 'dt': '26122025213846', 'attchmntFile': 'https://nsearchives.nseindia.com/corporate/AJAYJSWEL_26122025213616_JSWELSEIntimationCorrigendumtoEGMNotice_sd.pdf', 'sm_name': 'JSW Energy Limited', 'sm_isin': 'INE121E01018', 'an_dt': '26-Dec-2025 21:38:46', 'sort_date': '2025-12-26 21:38:46', 'seq_id': '106479248', 'smIndustry': 'Power', 'orgid': None, 'attchmntText': 'JSW Energy Limited has informed the Exchange regarding Corrigendum to Notice of Extra Ordinary General Meeting to be held on January 03, 2026', 'bflag': None, 'old_new': None, 'csvName': None, 'exchdisstime': '26-Dec-2025 21:38:46', 'difference': '00:00:00', 'fileSize': '690.10 KB', 'attFileSize': '690.10 KB', 'hasXbrl': True}",0.0
JSWENERGY,NSE_CORP_ANN,General Updates,"JSW Energy Limited has informed the Exchange about Update - Material litigation under Regulation 30(4) of the Securities Exchange Board of India (Listing Obligations and Disclosure Requirements) Regulations, 2015 ( Listing Regulations )",,,"{'symbol': 'JSWENERGY', 'desc': 'General Updates', 'dt': '25122025152838', 'attchmntFile': 'https://nsearchives.nseindia.com/corporate/AJAYJSWEL_25122025152610_Disclosure_MERC_Order.pdf', 'sm_name': 'JSW Energy Limited', 'sm_isin': 'INE121E01018', 'an_dt': '25-Dec-2025 15:28:38', 'sort_date': '2025-12-25 15:28:38', 'seq_id': '106477346', 'smIndustry': 'Power', 'orgid': None, 'attchmntText': 'JSW Energy Limited has informed the Exchange about Update - Material litigation under Regulation 30(4) of the Securities Exchange Board of India (Listing Obligations and Disclosure Requirements) Regulations, 2015 ( Listing Regulations )', 'bflag': None, 'old_new': None, 'csvName': None, 'exchdisstime': '25-Dec-2025 15:28:39', 'difference': '00:00:01', 'fileSize': '383.39 KB', 'attFileSize': '383.39 KB', 'hasXbrl': True}",0.0
JSWSTEEL,NSE_CORP_ANN,Credit Rating- New,JSW Steel Limited has informed the Exchange about Credit Rating- New,,,"{'symbol': 'JSWSTEEL', 'desc': 'Credit Rating- New', 'dt': '24122025150812', 'attchmntFile': 'https://nsearchives.nseindia.com/corporate/Supriya_24122025150800_SE.pdf', 'sm_name': 'JSW Steel Limited', 'sm_isin': 'INE019A01020', 'an_dt': '24-Dec-2025 15:08:12', 'sort_date': '2025-12-24 15:08:12', 'seq_id': '106476444', 'smIndustry': 'Steel And Steel Products', 'orgid': None, 'attchmntText': 'JSW Steel Limited has informed the Exchange about Credit Rating- New', 'bflag': None, 'old_new': None, 'csvName': None, 'exchdisstime': '24-Dec-2025 15:08:13', 'difference': '00:00:01', 'fileSize': '909.48 KB', 'attFileSize': '909.48 KB', 'hasXbrl': True}",0.0
JIOFIN,NSE_CORP_ANN,Acquisition,"Investment in Jio Leasing Services Limited, wholly owned subsidiary of the Company",,,"{'symbol': 'JIOFIN', 'desc': 'Acquisition', 'dt': '23122025175622', 'attchmntFile': 'https://nsearchives.nseindia.com/corporate/JIOFINANCIAL_23122025175519_JLSL_disclosure.pdf', 'sm_name': 'Jio Financial Services Limited', 'sm_isin': 'INE758E01017', 'an_dt': '23-Dec-2025 17:56:22', 'sort_date': '2025-12-23 17:56:22', 'seq_id': '106475416', 'smIndustry': None, 'orgid': None, 'attchmntText': 'Investment in Jio Leasing Services Limited, wholly owned subsidiary of the Company', 'bflag': None, 'old_new': None, 'csvName': None, 'exchdisstime': '23-Dec-2025 17:56:23', 'difference': '00:00:01', 'fileSize': '352.54 KB', 'attFileSize': '352.54 KB', 'hasXbrl': True}",0.0
JUBLFOOD,NSE_CORP_ANN,Sale or disposal,"Jubilant FoodWorks Limited has informed the Exchange about Intimation of sale of stake in Hashtag Loyalty Private Ltd., an associate company",,,"{'symbol': 'JUBLFOOD', 'desc': 'Sale or disposal', 'dt': '29122025210844', 'attchmntFile': 'https://nsearchives.nseindia.com/corporate/JUBLFOOD_29122025210758_SEIntimationSaleofstakeHashtag.pdf', 'sm_name': 'Jubilant Foodworks Limited', 'sm_isin': 'INE797F01012', 'an_dt': '29-Dec-2025 21:08:44', 'sort_date': '2025-12-29 21:08:44', 'seq_id': '106481730', 'smIndustry': 'Food And Food Processing', 'orgid': None, 'attchmntText': 'Jubilant FoodWorks Limited has informed the Exchange about Intimation of sale of stake in Hashtag Loyalty Private Ltd., an associate company', 'bflag': None, 'old_new': None, 'csvName': None, 'exchdisstime': '29-Dec-2025 21:08:45', 'difference': '00:00:01', 'fileSize': '376.53 KB', 'attFileSize': '376.53 KB', 'hasXbrl': True}",0.0
JUBLFOOD,NSE_CORP_ANN,Action(s) initiated or orders passed,"Jubilant FoodWorks Limited has informed the Exchange about Disclosure under Regulation 30 of the SEBI (Listing Obligations and Disclosure Requirements) Regulations, 2015",,,"{'symbol': 'JUBLFOOD', 'desc': 'Action(s) initiated or orders passed', 'dt': '26122025213242', 'attchmntFile': 'https://nsearchives.nseindia.com/corporate/JUBLFOOD_26122025213215_SELODRIDTCasePBOrder.pdf', 'sm_name': 'Jubilant Foodworks Limited', 'sm_isin': 'INE797F01012', 'an_dt': '26-Dec-2025 21:32:42', 'sort_date': '2025-12-26 21:32:42', 'seq_id': '106479247', 'smIndustry': 'Food And Food Processing', 'orgid': None, 'attchmntText': 'Jubilant FoodWorks Limited has informed the Exchange about Disclosure under Regulation 30 of the SEBI (Listing Obligations and Disclosure Requirements) Regulations, 2015', 'bflag': None, 'old_new': None, 'csvName': None, 'exchdisstime': '26-Dec-2025 21:32:43', 'difference': '00:00:01', 'fileSize': '387.09 KB', 'attFileSize': '387.09 KB', 'hasXbrl': True}",0.0
JUBLFOOD,NSE_CORP_ANN,Trading Window,"Jubilant Foodworks Limited has informed the Exchange regarding the Trading Window closure pursuant to SEBI (Prohibition of Insider Trading) Regulations, 2015",,,"{'symbol': 'JUBLFOOD', 'desc': 'Trading Window', 'dt': '24122025172958', 'attchmntFile': 'https://nsearchives.nseindia.com/corporate/JUBLFOOD_24122025172924_SETWClsoureDec25.pdf', 'sm_name': 'Jubilant Foodworks Limited', 'sm_isin': 'INE797F01012', 'an_dt': '24-Dec-2025 17:29:58', 'sort_date': '2025-12-24 17:29:58', 'seq_id': '106476771', 'smIndustry': 'Food And Food Processing', 'orgid': None, 'attchmntText': 'Jubilant Foodworks Limited has informed the Exchange regarding the Trading Window closure pursuant to SEBI (Prohibition of Insider Trading) Regulations, 2015', 'bflag': None, 'old_new': None, 'csvName': None, 'exchdisstime': '24-Dec-2025 17:29:59', 'difference': '00:00:01', 'fileSize': '351.81 KB', 'attFileSize': '351.81 KB', 'hasXbrl': True}",0.0
KEI,NSE_CORP_ANN,Trading Window,"KEI Industries Limited has informed the Exchange regarding the Trading Window closure pursuant to SEBI (Prohibition of Insider Trading) Regulations, 2015",,,"{'symbol': 'KEI', 'desc': 'Trading Window', 'dt': '26122025182554', 'attchmntFile': 'https://nsearchives.nseindia.com/corporate/KEI_26122025182542_Trading_Window.pdf', 'sm_name': 'KEI Industries Limited', 'sm_isin': 'INE878B01027', 'an_dt': '26-Dec-2025 18:25:54', 'sort_date': '2025-12-26 18:25:54', 'seq_id': '106479005', 'smIndustry': 'Miscellaneous', 'orgid': None, 'attchmntText': 'KEI Industries Limited has informed the Exchange regarding the Trading Window closure pursuant to SEBI (Prohibition of Insider Trading) Regulations, 2015', 'bflag': None, 'old_new': None, 'csvName': None, 'exchdisstime': '26-Dec-2025 18:25:55', 'difference': '00:00:01', 'fileSize': '733.76 KB', 'attFileSize': '733.76 KB', 'hasXbrl': True}",0.0
KEI,NSE_CORP_ANN,Updates,KEI Industries Limited has informed the Exchange regarding 'Report on Transfer Requests of Physical Shares re-lodged under the special window'.,,,"{'symbol': 'KEI', 'desc': 'Updates', 'dt': '23122025154921', 'attchmntFile': 'https://nsearchives.nseindia.com/corporate/KEI_23122025154906_Special_Window.pdf', 'sm_name': 'KEI Industries Limited', 'sm_isin': 'INE878B01027', 'an_dt': '23-Dec-2025 15:49:21', 'sort_date': '2025-12-23 15:49:21', 'seq_id': '106475137', 'smIndustry': 'Miscellaneous', 'orgid': None, 'attchmntText': ""KEI Industries Limited has informed the Exchange regarding 'Report on Transfer Requests of Physical Shares re-lodged under the special window'."", 'bflag': None, 'old_new': None, 'csvName': None, 'exchdisstime': '23-Dec-2025 15:49:22', 'difference': '00:00:01', 'fileSize': '635.76 KB', 'attFileSize': '635.76 KB', 'hasXbrl': True}",0.0
KPITTECH,NSE_CORP_ANN,Trading Window,"KPIT Technologies Limited has informed the Exchange regarding the Trading Window closure pursuant to SEBI (Prohibition of Insider Trading) Regulations, 2015",,,"{'symbol': 'KPITTECH', 'desc': 'Trading Window', 'dt': '23122025162244', 'attchmntFile': 'https://nsearchives.nseindia.com/corporate/KPITTECH_23122025162008_TWCDEC31_Signed.pdf', 'sm_name': 'KPIT Technologies Limited', 'sm_isin': 'INE04I401011', 'an_dt': '23-Dec-2025 16:22:44', 'sort_date': '2025-12-23 16:22:44', 'seq_id': '106475199', 'smIndustry': None, 'orgid': None, 'attchmntText': 'KPIT Technologies Limited has informed the Exchange regarding the Trading Window closure pursuant to SEBI (Prohibition of Insider Trading) Regulations, 2015', 'bflag': None, 'old_new': None, 'csvName': None, 'exchdisstime': '23-Dec-2025 16:22:44', 'difference': '00:00:00', 'fileSize': '414.48 KB', 'attFileSize': '414.48 KB', 'hasXbrl': True}",0.0
KALYANKJIL,NSE_CORP_ANN,Trading Window,"Kalyan Jewellers India Limited has informed the Exchange regarding the Trading Window closure pursuant to SEBI (Prohibition of Insider Trading) Regulations, 2015",,,"{'symbol': 'KALYANKJIL', 'desc': 'Trading Window', 'dt': '23122025104541', 'attchmntFile': 'https://nsearchives.nseindia.com/corporate/KALYANKJIL_23122025104523_Intimation_TradingWindow.pdf', 'sm_name': 'Kalyan Jewellers India Limited', 'sm_isin': 'INE303R01014', 'an_dt': '23-Dec-2025 10:45:41', 'sort_date': '2025-12-23 10:45:41', 'seq_id': '106474724', 'smIndustry': None, 'orgid': None, 'attchmntText': 'Kalyan Jewellers India Limited has informed the Exchange regarding the Trading Window closure pursuant to SEBI (Prohibition of Insider Trading) Regulations, 2015', 'bflag': None, 'old_new': None, 'csvName': None, 'exchdisstime': '23-Dec-2025 10:45:42', 'difference': '00:00:01', 'fileSize': '564.17 KB', 'attFileSize': '564.17 KB', 'hasXbrl': True}",0.0
KAYNES,NSE_CORP_ANN,Trading Window,"Kaynes Technology India Limited has informed the Exchange regarding the Trading Window closure pursuant to SEBI (Prohibition of Insider Trading) Regulations, 2015",,,"{'symbol': 'KAYNES', 'desc': 'Trading Window', 'dt': '23122025155138', 'attchmntFile': 'https://nsearchives.nseindia.com/corporate/KAYNESTECH_23122025155117_TradingwindowQ3Signed.pdf', 'sm_name': 'Kaynes Technology India Limited', 'sm_isin': 'INE918Z01012', 'an_dt': '23-Dec-2025 15:51:38', 'sort_date': '2025-12-23 15:51:38', 'seq_id': '106475139', 'smIndustry': None, 'orgid': None, 'attchmntText': 'Kaynes Technology India Limited has informed the Exchange regarding the Trading Window closure pursuant to SEBI (Prohibition of Insider Trading) Regulations, 2015', 'bflag': None, 'old_new': None, 'csvName': None, 'exchdisstime': '23-Dec-2025 15:51:39', 'difference': '00:00:01', 'fileSize': '262.52 KB', 'attFileSize': '262.52 KB', 'hasXbrl': True}",0.0
KFINTECH,NSE_CORP_ANN,Trading Window,"Kfin Technologies Limited has informed the Exchange regarding the Trading Window closure pursuant to SEBI (Prohibition of Insider Trading) Regulations, 2015",,,"{'symbol': 'KFINTECH', 'desc': 'Trading Window', 'dt': '24122025190621', 'attchmntFile': 'https://nsearchives.nseindia.com/corporate/KFINTECHNSE_24122025190548_Intimation_Trading_Window_Closure.pdf', 'sm_name': 'Kfin Technologies Limited', 'sm_isin': 'INE138Y01010', 'an_dt': '24-Dec-2025 19:06:21', 'sort_date': '2025-12-24 19:06:21', 'seq_id': '106476924', 'smIndustry': None, 'orgid': None, 'attchmntText': 'Kfin Technologies Limited has informed the Exchange regarding the Trading Window closure pursuant to SEBI (Prohibition of Insider Trading) Regulations, 2015', 'bflag': None, 'old_new': None, 'csvName': None, 'exchdisstime': '24-Dec-2025 19:06:22', 'difference': '00:00:01', 'fileSize': '597.95 KB', 'attFileSize': '597.95 KB', 'hasXbrl': True}",0.0
KOTAKBANK,NSE_CORP_ANN,Record Date,Kotak Mahindra Bank Limited has informed the Exchange that Record date for the purpose of Split/Subdivision  is 14-Jan-2026.,,,"{'symbol': 'KOTAKBANK', 'desc': 'Record Date', 'dt': '27122025175024', 'attchmntFile': 'https://nsearchives.nseindia.com/corporate/Kotakmahindrabank_27122025174822_SEIntimationRecordDateforSplit.pdf', 'sm_name': 'Kotak Mahindra Bank Limited', 'sm_isin': 'INE237A01010', 'an_dt': '27-Dec-2025 17:50:24', 'sort_date': '2025-12-27 17:50:24', 'seq_id': '106479841', 'smIndustry': 'Banks', 'orgid': None, 'attchmntText': 'Kotak Mahindra Bank Limited has informed the Exchange that Record date for the purpose of Split/Subdivision  is 14-Jan-2026.', 'bflag': None, 'old_new': None, 'csvName': None, 'exchdisstime': '27-Dec-2025 17:50:25', 'difference': '00:00:01', 'fileSize': '208.44 KB', 'attFileSize': '208.44 KB', 'hasXbrl': True}",0.0
KOTAKBANK,NSE_CORP_ANN,Amendment to AOA/MOA,Kotak Mahindra Bank Limited has informed the Exchange regarding the Amendment to AOA/MOA of the company.,,,"{'symbol': 'KOTAKBANK', 'desc': 'Amendment to AOA/MOA', 'dt': '27122025143704', 'attchmntFile': 'https://nsearchives.nseindia.com/corporate/Kotakmahindrabank_27122025143606_SEIntimationAmendmenttoMOADecember272025.pdf', 'sm_name': 'Kotak Mahindra Bank Limited', 'sm_isin': 'INE237A01010', 'an_dt': '27-Dec-2025 14:37:04', 'sort_date': '2025-12-27 14:37:04', 'seq_id': '106479715', 'smIndustry': 'Banks', 'orgid': None, 'attchmntText': 'Kotak Mahindra Bank Limited has informed the Exchange regarding the Amendment to AOA/MOA of the company.', 'bflag': None, 'old_new': None, 'csvName': None, 'exchdisstime': '27-Dec-2025 14:37:05', 'difference': '00:00:01', 'fileSize': '213.91 KB', 'attFileSize': '213.91 KB', 'hasXbrl': True}",0.0
KOTAKBANK,NSE_CORP_ANN,Shareholders meeting,Kotak Mahindra Bank Limited has submitted the Exchange a copy of Srutinizers report of  Postal Ballot .,,,"{'symbol': 'KOTAKBANK', 'desc': 'Shareholders meeting', 'dt': '27122025094456', 'attchmntFile': 'https://nsearchives.nseindia.com/corporate/Kotakmahindrabank_27122025094049_Combined.pdf', 'sm_name': 'Kotak Mahindra Bank Limited', 'sm_isin': 'INE237A01010', 'an_dt': '27-Dec-2025 09:44:56', 'sort_date': '2025-12-27 09:44:56', 'seq_id': '106479505', 'smIndustry': 'Banks', 'orgid': None, 'attchmntText': 'Kotak Mahindra Bank Limited has submitted the Exchange a copy of Srutinizers report of  Postal Ballot .', 'bflag': None, 'old_new': None, 'csvName': None, 'exchdisstime': '27-Dec-2025 09:44:57', 'difference': '00:00:01', 'fileSize': '3.08 MB', 'attFileSize': '3.08 MB', 'hasXbrl': True}",0.0
KOTAKBANK,NSE_CORP_ANN,Copy of Newspaper Publication,Kotak Mahindra Bank Limited has informed the Exchange about Copy of Newspaper Clipping - Special Window for Re-lodgement of Transfer  Requests of Physical Shares of the Bank,,,"{'symbol': 'KOTAKBANK', 'desc': 'Copy of Newspaper Publication', 'dt': '24122025180828', 'attchmntFile': 'https://nsearchives.nseindia.com/corporate/Kotakmahindrabank_24122025180747_SEIntimationNewspaperpublicationrelodgementoftransferrequestsDec2425.pdf', 'sm_name': 'Kotak Mahindra Bank Limited', 'sm_isin': 'INE237A01010', 'an_dt': '24-Dec-2025 18:08:28', 'sort_date': '2025-12-24 18:08:28', 'seq_id': '106476840', 'smIndustry': 'Banks', 'orgid': None, 'attchmntText': 'Kotak Mahindra Bank Limited has informed the Exchange about Copy of Newspaper Clipping - Special Window for Re-lodgement of Transfer  Requests of Physical Shares of the Bank', 'bflag': None, 'old_new': None, 'csvName': None, 'exchdisstime': '24-Dec-2025 18:08:28', 'difference': '00:00:00', 'fileSize': '3.39 MB', 'attFileSize': '3.39 MB', 'hasXbrl': True}",0.0
LTF,NSE_CORP_ANN,Trading Window,"L&T Finance Limited has informed the Exchange regarding the Trading Window closure pursuant to SEBI (Prohibition of Insider Trading) Regulations, 2015",,,"{'symbol': 'LTF', 'desc': 'Trading Window', 'dt': '29122025143143', 'attchmntFile': 'https://nsearchives.nseindia.com/corporate/naguiyer_29122025143129_NSEBSEINTIMATION.pdf', 'sm_name': 'L&T Finance Limited', 'sm_isin': 'INE498L01015', 'an_dt': '29-Dec-2025 14:31:43', 'sort_date': '2025-12-29 14:31:43', 'seq_id': '106480760', 'smIndustry': None, 'orgid': None, 'attchmntText': 'L&T Finance Limited has informed the Exchange regarding the Trading Window closure pursuant to SEBI (Prohibition of Insider Trading) Regulations, 2015', 'bflag': None, 'old_new': None, 'csvName': None, 'exchdisstime': '29-Dec-2025 14:31:44', 'difference': '00:00:01', 'fileSize': '293.68 KB', 'attFileSize': '293.68 KB', 'hasXbrl': True}",0.0
LICHSGFIN,NSE_CORP_ANN,Updates,"LIC Housing Finance Limited has informed the Exchange regarding 'Pursuant to regulation 30 of the Listing Regulations, it is to inform that the LIC Housing Finance Limited (  the Company ) has received communication / demand for Goods & Service Tax and Penalty for Jharkhand State. The order is appealable before the Commissioner (Appeals), Ranchi, Jharkhand.'.",,,"{'symbol': 'LICHSGFIN', 'desc': 'Updates', 'dt': '29122025180359', 'attchmntFile': 'https://nsearchives.nseindia.com/corporate/LICHSGFIN_29122025180349_GST_Demad_Notice_December25.pdf', 'sm_name': 'LIC Housing Finance Limited', 'sm_isin': 'INE115A01018', 'an_dt': '29-Dec-2025 18:03:59', 'sort_date': '2025-12-29 18:03:59', 'seq_id': '106481434', 'smIndustry': 'Finance - Housing', 'orgid': None, 'attchmntText': ""LIC Housing Finance Limited has informed the Exchange regarding 'Pursuant to regulation 30 of the Listing Regulations, it is to inform that the LIC Housing Finance Limited (  the Company ) has received communication / demand for Goods & Service Tax and Penalty for Jharkhand State. The order is appealable before the Commissioner (Appeals), Ranchi, Jharkhand.'."", 'bflag': None, 'old_new': None, 'csvName': None, 'exchdisstime': '29-Dec-2025 18:04:00', 'difference': '00:00:01', 'fileSize': '179.09 KB', 'attFileSize': '179.09 KB', 'hasXbrl': True}",0.0
LICHSGFIN,NSE_CORP_ANN,Trading Window,"LIC Housing Finance Limited has informed the Exchange regarding the Trading Window closure pursuant to SEBI (Prohibition of Insider Trading) Regulations, 2015",,,"{'symbol': 'LICHSGFIN', 'desc': 'Trading Window', 'dt': '26122025144401', 'attchmntFile': 'https://nsearchives.nseindia.com/corporate/LICHSGFIN_26122025144353_Trading_Window_Closure_December25.PDF', 'sm_name': 'LIC Housing Finance Limited', 'sm_isin': 'INE115A01018', 'an_dt': '26-Dec-2025 14:44:01', 'sort_date': '2025-12-26 14:44:01', 'seq_id': '106478324', 'smIndustry': 'Finance - Housing', 'orgid': None, 'attchmntText': 'LIC Housing Finance Limited has informed the Exchange regarding the Trading Window closure pursuant to SEBI (Prohibition of Insider Trading) Regulations, 2015', 'bflag': None, 'old_new': None, 'csvName': None, 'exchdisstime': '26-Dec-2025 14:44:01', 'difference': '00:00:00', 'fileSize': '178.99 KB', 'attFileSize': '178.99 KB', 'hasXbrl': True}",0.0
LT,NSE_CORP_ANN,Bagging/Receiving of orders/contracts,Larsen & Toubro Limited has informed the Exchange about Bagging/Receiving of orders/contracts,,,"{'symbol': 'LT', 'desc': 'Bagging/Receiving of orders/contracts', 'dt': '29122025104315', 'attchmntFile': 'https://nsearchives.nseindia.com/corporate/PAM_29122025104253_PressRelease29122025.pdf', 'sm_name': 'Larsen & Toubro Limited', 'sm_isin': 'INE018A01030', 'an_dt': '29-Dec-2025 10:43:15', 'sort_date': '2025-12-29 10:43:15', 'seq_id': '106480300', 'smIndustry': 'Engineering', 'orgid': None, 'attchmntText': 'Larsen & Toubro Limited has informed the Exchange about Bagging/Receiving of orders/contracts', 'bflag': None, 'old_new': None, 'csvName': None, 'exchdisstime': '29-Dec-2025 10:43:16', 'difference': '00:00:01', 'fileSize': '465.54 KB', 'attFileSize': '465.54 KB', 'hasXbrl': True}",0.0
LT,NSE_CORP_ANN,Trading Window,"Larsen & Toubro Limited has informed the Exchange regarding the Trading Window closure pursuant to SEBI (Prohibition of Insider Trading) Regulations, 2015",,,"{'symbol': 'LT', 'desc': 'Trading Window', 'dt': '26122025214233', 'attchmntFile': 'https://nsearchives.nseindia.com/corporate/PAM_26122025214217_FixedClosedPeriodDec2025.pdf', 'sm_name': 'Larsen & Toubro Limited', 'sm_isin': 'INE018A01030', 'an_dt': '26-Dec-2025 21:42:33', 'sort_date': '2025-12-26 21:42:33', 'seq_id': '106479249', 'smIndustry': 'Engineering', 'orgid': None, 'attchmntText': 'Larsen & Toubro Limited has informed the Exchange regarding the Trading Window closure pursuant to SEBI (Prohibition of Insider Trading) Regulations, 2015', 'bflag': None, 'old_new': None, 'csvName': None, 'exchdisstime': '26-Dec-2025 21:42:34', 'difference': '00:00:01', 'fileSize': '240.24 KB', 'attFileSize': '240.24 KB', 'hasXbrl': True}",0.0
LAURUSLABS,NSE_CORP_ANN,Trading Window,"Laurus Labs Limited has informed the Exchange regarding the Trading Window closure pursuant to SEBI (Prohibition of Insider Trading) Regulations, 2015",,,"{'symbol': 'LAURUSLABS', 'desc': 'Trading Window', 'dt': '29122025175153', 'attchmntFile': 'https://nsearchives.nseindia.com/corporate/LAURUSLABS_29122025175103_Q3FY26TradingWindowClosure.pdf', 'sm_name': 'Laurus Labs Limited', 'sm_isin': 'INE947Q01010', 'an_dt': '29-Dec-2025 17:51:53', 'sort_date': '2025-12-29 17:51:53', 'seq_id': '106481402', 'smIndustry': None, 'orgid': None, 'attchmntText': 'Laurus Labs Limited has informed the Exchange regarding the Trading Window closure pursuant to SEBI (Prohibition of Insider Trading) Regulations, 2015', 'bflag': None, 'old_new': None, 'csvName': None, 'exchdisstime': '29-Dec-2025 17:51:55', 'difference': '00:00:02', 'fileSize': '410.37 KB', 'attFileSize': '410.37 KB', 'hasXbrl': True}",0.0
LAURUSLABS,NSE_CORP_ANN,General Updates,Laurus Labs Limited has informed the Exchange about Update on Acquisition,,,"{'symbol': 'LAURUSLABS', 'desc': 'General Updates', 'dt': '23122025173726', 'attchmntFile': 'https://nsearchives.nseindia.com/corporate/LAURUSLABS_23122025173626_UpdateonInvIinBio23122025.pdf', 'sm_name': 'Laurus Labs Limited', 'sm_isin': 'INE947Q01010', 'an_dt': '23-Dec-2025 17:37:26', 'sort_date': '2025-12-23 17:37:26', 'seq_id': '106475377', 'smIndustry': None, 'orgid': None, 'attchmntText': 'Laurus Labs Limited has informed the Exchange about Update on Acquisition', 'bflag': None, 'old_new': None, 'csvName': None, 'exchdisstime': '23-Dec-2025 17:37:26', 'difference': '00:00:00', 'fileSize': '414.72 KB', 'attFileSize': '414.72 KB', 'hasXbrl': True}",0.0
LICI,NSE_CORP_ANN,Updates,"Life Insurance Corporation of India has informed the Exchange regarding 'receipt of demand order for Goods & Service Tax, Interest and penalty for Karnataka State.'",,,"{'symbol': 'LICI', 'desc': 'Updates', 'dt': '29122025120043', 'attchmntFile': 'https://nsearchives.nseindia.com/corporate/LIC_BOARD_29122025120034_GST_Penalty_Karnataka.pdf', 'sm_name': 'Life Insurance Corporation Of India', 'sm_isin': 'INE0J1Y01017', 'an_dt': '29-Dec-2025 12:00:43', 'sort_date': '2025-12-29 12:00:43', 'seq_id': '106480487', 'smIndustry': None, 'orgid': None, 'attchmntText': ""Life Insurance Corporation of India has informed the Exchange regarding 'receipt of demand order for Goods & Service Tax, Interest and penalty for Karnataka State.'"", 'bflag': None, 'old_new': None, 'csvName': None, 'exchdisstime': '29-Dec-2025 12:00:43', 'difference': '00:00:00', 'fileSize': '256.10 KB', 'attFileSize': '256.10 KB', 'hasXbrl': True}",0.0
LICI,NSE_CORP_ANN,Trading Window,"Life Insurance Corporation Of India has informed the Exchange regarding the Trading Window closure pursuant to SEBI (Prohibition of Insider Trading) Regulations, 2015",,,"{'symbol': 'LICI', 'desc': 'Trading Window', 'dt': '24122025163626', 'attchmntFile': 'https://nsearchives.nseindia.com/corporate/LIC_BOARD_24122025163612_Disclosure_TradingWindowClosure.pdf', 'sm_name': 'Life Insurance Corporation Of India', 'sm_isin': 'INE0J1Y01017', 'an_dt': '24-Dec-2025 16:36:26', 'sort_date': '2025-12-24 16:36:26', 'seq_id': '106476629', 'smIndustry': None, 'orgid': None, 'attchmntText': 'Life Insurance Corporation Of India has informed the Exchange regarding the Trading Window closure pursuant to SEBI (Prohibition of Insider Trading) Regulations, 2015', 'bflag': None, 'old_new': None, 'csvName': None, 'exchdisstime': '24-Dec-2025 16:36:26', 'difference': '00:00:00', 'fileSize': '209.28 KB', 'attFileSize': '209.28 KB', 'hasXbrl': True}",0.0
LODHA,NSE_CORP_ANN,Granting/withdrawal/surrender/cancellation/suspension of key licenses/ regulatory approvals,Lodha Developers Limited has informed the Exchange about Granting/withdrawal/surrender/cancellation/suspension of key licenses/ regulatory approvals,,,"{'symbol': 'LODHA', 'desc': 'Granting/withdrawal/surrender/cancellation/suspension of key licenses/ regulatory approvals', 'dt': '24122025211209', 'attchmntFile': 'https://nsearchives.nseindia.com/corporate/LODHA_24122025210953_LDL_disclosure_24122025.pdf', 'sm_name': 'Lodha Developers Limited', 'sm_isin': 'INE670K01029', 'an_dt': '24-Dec-2025 21:12:09', 'sort_date': '2025-12-24 21:12:09', 'seq_id': '106476984', 'smIndustry': None, 'orgid': None, 'attchmntText': 'Lodha Developers Limited has informed the Exchange about Granting/withdrawal/surrender/cancellation/suspension of key licenses/ regulatory approvals', 'bflag': None, 'old_new': None, 'csvName': None, 'exchdisstime': '24-Dec-2025 21:12:09', 'difference': '00:00:00', 'fileSize': '297.49 KB', 'attFileSize': '297.49 KB', 'hasXbrl': True}",0.0
LODHA,NSE_CORP_ANN,Allotment of Securities,"Lodha Developers Limited has informed the Exchange regarding allotment of 42630 securities pursuant to ESOP/ESPS at its meeting held on December 24, 2025",,,"{'symbol': 'LODHA', 'desc': 'Allotment of Securities', 'dt': '24122025115549', 'attchmntFile': 'https://nsearchives.nseindia.com/corporate/LODHA_24122025115442_AllotmentunderESOP24122025_signed.pdf', 'sm_name': 'Lodha Developers Limited', 'sm_isin': 'INE670K01029', 'an_dt': '24-Dec-2025 11:55:49', 'sort_date': '2025-12-24 11:55:49', 'seq_id': '106476174', 'smIndustry': None, 'orgid': None, 'attchmntText': 'Lodha Developers Limited has informed the Exchange regarding allotment of 42630 securities pursuant to ESOP/ESPS at its meeting held on December 24, 2025', 'bflag': None, 'old_new': None, 'csvName': None, 'exchdisstime': '24-Dec-2025 11:55:50', 'difference': '00:00:01', 'fileSize': '661.99 KB', 'attFileSize': '661.99 KB', 'hasXbrl': True}",0.0
LUPIN,NSE_CORP_ANN,Press Release,"Lupin Limited has informed the Exchange regarding a press release dated December 29, 2025, titled ""Lupin Signs Exclusive Licensing Agreement with Gan & Lee Pharmaceuticals for novel GLP-1 receptor agonist"".",,,"{'symbol': 'LUPIN', 'desc': 'Press Release', 'dt': '29122025182558', 'attchmntFile': 'https://nsearchives.nseindia.com/corporate/Lupin2_29122025181919_SE_LetterwithPressRelease_29122025.pdf', 'sm_name': 'Lupin Limited', 'sm_isin': 'INE326A01029', 'an_dt': '29-Dec-2025 18:25:58', 'sort_date': '2025-12-29 18:25:58', 'seq_id': '106481498', 'smIndustry': 'Pharmaceuticals', 'orgid': None, 'attchmntText': 'Lupin Limited has informed the Exchange regarding a press release dated December 29, 2025, titled ""Lupin Signs Exclusive Licensing Agreement with Gan & Lee Pharmaceuticals for novel GLP-1 receptor agonist"".', 'bflag': None, 'old_new': None, 'csvName': None, 'exchdisstime': '29-Dec-2025 18:25:59', 'difference': '00:00:01', 'fileSize': '371.15 KB', 'attFileSize': '371.15 KB', 'hasXbrl': True}",0.0
LUPIN,NSE_CORP_ANN,Trading Window,"Lupin Limited has informed the Exchange regarding the Trading Window closure pursuant to SEBI (Prohibition of Insider Trading) Regulations, 2015",,,"{'symbol': 'LUPIN', 'desc': 'Trading Window', 'dt': '26122025153623', 'attchmntFile': 'https://nsearchives.nseindia.com/corporate/Lupin2_26122025153529_SELetterTWC.pdf', 'sm_name': 'Lupin Limited', 'sm_isin': 'INE326A01029', 'an_dt': '26-Dec-2025 15:36:23', 'sort_date': '2025-12-26 15:36:23', 'seq_id': '106478442', 'smIndustry': 'Pharmaceuticals', 'orgid': None, 'attchmntText': 'Lupin Limited has informed the Exchange regarding the Trading Window closure pursuant to SEBI (Prohibition of Insider Trading) Regulations, 2015', 'bflag': None, 'old_new': None, 'csvName': None, 'exchdisstime': '26-Dec-2025 15:36:23', 'difference': '00:00:00', 'fileSize': '162.22 KB', 'attFileSize': '162.22 KB', 'hasXbrl': True}",0.0
M&M,NSE_CORP_ANN,Trading Window,"Mahindra & Mahindra Limited has informed the Exchange regarding the Trading Window closure pursuant to SEBI (Prohibition of Insider Trading) Regulations, 2015",,,"{'symbol': 'M&M', 'desc': 'Trading Window', 'dt': '24122025180449', 'attchmntFile': 'https://nsearchives.nseindia.com/corporate/ferozebaria_24122025180439_SEIntimationBoardMeeting110226.pdf', 'sm_name': 'Mahindra & Mahindra Limited', 'sm_isin': 'INE101A01026', 'an_dt': '24-Dec-2025 18:04:49', 'sort_date': '2025-12-24 18:04:49', 'seq_id': '106476835', 'smIndustry': 'Automobiles - 4 Wheelers', 'orgid': None, 'attchmntText': 'Mahindra & Mahindra Limited has informed the Exchange regarding the Trading Window closure pursuant to SEBI (Prohibition of Insider Trading) Regulations, 2015', 'bflag': None, 'old_new': None, 'csvName': None, 'exchdisstime': '24-Dec-2025 18:04:49', 'difference': '00:00:00', 'fileSize': '3.45 MB', 'attFileSize': '3.45 MB', 'hasXbrl': True}",0.0
M&M,NSE_CORP_ANN,Updates,Mahindra & Mahindra Limited has informed the Exchange regarding 'Transfer of Equity Shares by Mahindra & Mahindra Employees  Stock Option Trust to the Stock Option Grantees'.,,,"{'symbol': 'M&M', 'desc': 'Updates', 'dt': '23122025190638', 'attchmntFile': 'https://nsearchives.nseindia.com/corporate/Shaibya_23122025190631_Employeeslist23122025.pdf', 'sm_name': 'Mahindra & Mahindra Limited', 'sm_isin': 'INE101A01026', 'an_dt': '23-Dec-2025 19:06:38', 'sort_date': '2025-12-23 19:06:38', 'seq_id': '106475532', 'smIndustry': 'Automobiles - 4 Wheelers', 'orgid': None, 'attchmntText': ""Mahindra & Mahindra Limited has informed the Exchange regarding 'Transfer of Equity Shares by Mahindra & Mahindra Employees  Stock Option Trust to the Stock Option Grantees'."", 'bflag': None, 'old_new': None, 'csvName': None, 'exchdisstime': '23-Dec-2025 19:06:38', 'difference': '00:00:00', 'fileSize': '747.63 KB', 'attFileSize': '747.63 KB', 'hasXbrl': True}",0.0
MANAPPURAM,NSE_CORP_ANN,Shareholders meeting,"Manappuram Finance Limited has informed the Exchange regarding Notice of Extraordinary General Meeting to be held on January 22, 2026",,,"{'symbol': 'MANAPPURAM', 'desc': 'Shareholders meeting', 'dt': '29122025230650', 'attchmntFile': 'https://nsearchives.nseindia.com/corporate/MANAPPURAM_29122025230554_MAFILEGMnoticecovering_letterfinal.pdf', 'sm_name': 'Manappuram Finance Limited', 'sm_isin': 'INE522D01027', 'an_dt': '29-Dec-2025 23:06:50', 'sort_date': '2025-12-29 23:06:50', 'seq_id': '106481895', 'smIndustry': 'Finance', 'orgid': None, 'attchmntText': 'Manappuram Finance Limited has informed the Exchange regarding Notice of Extraordinary General Meeting to be held on January 22, 2026', 'bflag': None, 'old_new': None, 'csvName': None, 'exchdisstime': '29-Dec-2025 23:06:51', 'difference': '00:00:01', 'fileSize': '1.34 MB', 'attFileSize': '1.34 MB', 'hasXbrl': True}",0.0
MANAPPURAM,NSE_CORP_ANN,Trading Window,"Manappuram Finance Limited has informed the Exchange regarding the Trading Window closure pursuant to SEBI (Prohibition of Insider Trading) Regulations, 2015",,,"{'symbol': 'MANAPPURAM', 'desc': 'Trading Window', 'dt': '27122025123738', 'attchmntFile': 'https://nsearchives.nseindia.com/corporate/MANAPPURAM_27122025123720_IntimationTradingWindowClosurefinal.pdf', 'sm_name': 'Manappuram Finance Limited', 'sm_isin': 'INE522D01027', 'an_dt': '27-Dec-2025 12:37:38', 'sort_date': '2025-12-27 12:37:38', 'seq_id': '106479617', 'smIndustry': 'Finance', 'orgid': None, 'attchmntText': 'Manappuram Finance Limited has informed the Exchange regarding the Trading Window closure pursuant to SEBI (Prohibition of Insider Trading) Regulations, 2015', 'bflag': None, 'old_new': None, 'csvName': None, 'exchdisstime': '27-Dec-2025 12:37:39', 'difference': '00:00:01', 'fileSize': '246.47 KB', 'attFileSize': '246.47 KB', 'hasXbrl': True}",0.0
MANAPPURAM,NSE_CORP_ANN,Change in Management,Manappuram Finance Limited has informed the Exchange about change in Management,,,"{'symbol': 'MANAPPURAM', 'desc': 'Change in Management', 'dt': '26122025134759', 'attchmntFile': 'https://nsearchives.nseindia.com/corporate/MANAPPURAM_26122025134736_MAFILOutcomeofBoardMeetingfinal.pdf', 'sm_name': 'Manappuram Finance Limited', 'sm_isin': 'INE522D01027', 'an_dt': '26-Dec-2025 13:47:59', 'sort_date': '2025-12-26 13:47:59', 'seq_id': '106478200', 'smIndustry': 'Finance', 'orgid': None, 'attchmntText': 'Manappuram Finance Limited has informed the Exchange about change in Management', 'bflag': None, 'old_new': None, 'csvName': None, 'exchdisstime': '26-Dec-2025 13:48:00', 'difference': '00:00:01', 'fileSize': '392.16 KB', 'attFileSize': '392.16 KB', 'hasXbrl': True}",0.0
MANAPPURAM,NSE_CORP_ANN,Outcome of Board Meeting,"Manappuram Finance Limited has informed the Exchange regarding Outcome of Board Meeting held on December 26, 2025.",,,"{'symbol': 'MANAPPURAM', 'desc': 'Outcome of Board Meeting', 'dt': '26122025134452', 'attchmntFile': 'https://nsearchives.nseindia.com/corporate/MANAPPURAM_26122025134346_MAFILOutcomeofBoardMeetingfinal.pdf', 'sm_name': 'Manappuram Finance Limited', 'sm_isin': 'INE522D01027', 'an_dt': '26-Dec-2025 13:44:52', 'sort_date': '2025-12-26 13:44:52', 'seq_id': '106478198', 'smIndustry': 'Finance', 'orgid': None, 'attchmntText': 'Manappuram Finance Limited has informed the Exchange regarding Outcome of Board Meeting held on December 26, 2025.', 'bflag': None, 'old_new': None, 'csvName': None, 'exchdisstime': '26-Dec-2025 13:44:53', 'difference': '00:00:01', 'fileSize': '392.16 KB', 'attFileSize': '392.16 KB', 'hasXbrl': True}",0.0
MANKIND,NSE_CORP_ANN,Trading Window,"Mankind Pharma Limited has informed the Exchange regarding the Trading Window closure pursuant to SEBI (Prohibition of Insider Trading) Regulations, 2015",,,"{'symbol': 'MANKIND', 'desc': 'Trading Window', 'dt': '24122025134301', 'attchmntFile': 'https://nsearchives.nseindia.com/corporate/MANKIND1_24122025134247_TWC.pdf', 'sm_name': 'Mankind Pharma Limited', 'sm_isin': 'INE634S01028', 'an_dt': '24-Dec-2025 13:43:01', 'sort_date': '2025-12-24 13:43:01', 'seq_id': '106476344', 'smIndustry': None, 'orgid': None, 'attchmntText': 'Mankind Pharma Limited has informed the Exchange regarding the Trading Window closure pursuant to SEBI (Prohibition of Insider Trading) Regulations, 2015', 'bflag': None, 'old_new': None, 'csvName': None, 'exchdisstime': '24-Dec-2025 13:43:01', 'difference': '00:00:00', 'fileSize': '357.94 KB', 'attFileSize': '357.94 KB', 'hasXbrl': True}",0.0
MARUTI,NSE_CORP_ANN,Analysts/Institutional Investor Meet/Con. Call Updates,Maruti Suzuki India Limited has informed the Exchange about Schedule of meet,,,"{'symbol': 'MARUTI', 'desc': 'Analysts/Institutional Investor Meet/Con. Call Updates', 'dt': '29122025175748', 'attchmntFile': 'https://nsearchives.nseindia.com/corporate/MARUTIASHISH_29122025175310_STxIntimation_InvestorCall_8to9Jan2025.pdf', 'sm_name': 'Maruti Suzuki India Limited', 'sm_isin': 'INE585B01010', 'an_dt': '29-Dec-2025 17:57:48', 'sort_date': '2025-12-29 17:57:48', 'seq_id': '106481413', 'smIndustry': 'Automobiles - 4 Wheelers', 'orgid': None, 'attchmntText': 'Maruti Suzuki India Limited has informed the Exchange about Schedule of meet', 'bflag': None, 'old_new': None, 'csvName': None, 'exchdisstime': '29-Dec-2025 17:57:49', 'difference': '00:00:01', 'fileSize': '297.67 KB', 'attFileSize': '297.67 KB', 'hasXbrl': True}",0.0
MARUTI,NSE_CORP_ANN,Trading Window,"Maruti Suzuki India Limited has informed the Exchange regarding the Trading Window closure pursuant to SEBI (Prohibition of Insider Trading) Regulations, 2015",,,"{'symbol': 'MARUTI', 'desc': 'Trading Window', 'dt': '25122025161704', 'attchmntFile': 'https://nsearchives.nseindia.com/corporate/MARUTIASHISH_25122025161520_TradingWindow_Dec25.pdf', 'sm_name': 'Maruti Suzuki India Limited', 'sm_isin': 'INE585B01010', 'an_dt': '25-Dec-2025 16:17:04', 'sort_date': '2025-12-25 16:17:04', 'seq_id': '106477391', 'smIndustry': 'Automobiles - 4 Wheelers', 'orgid': None, 'attchmntText': 'Maruti Suzuki India Limited has informed the Exchange regarding the Trading Window closure pursuant to SEBI (Prohibition of Insider Trading) Regulations, 2015', 'bflag': None, 'old_new': None, 'csvName': None, 'exchdisstime': '25-Dec-2025 16:17:06', 'difference': '00:00:02', 'fileSize': '1.55 MB', 'attFileSize': '1.55 MB', 'hasXbrl': True}",0.0
MARUTI,NSE_CORP_ANN,General Updates,"Maruti Suzuki India Limited has informed the Exchange about Intimation under Regulation 30 of the SEBI (Listing Obligations and Disclosure Requirements) Regulations, 2015",,,"{'symbol': 'MARUTI', 'desc': 'General Updates', 'dt': '23122025184728', 'attchmntFile': 'https://nsearchives.nseindia.com/corporate/MARUTIASHISH_23122025184609_Reg30_23122025.pdf', 'sm_name': 'Maruti Suzuki India Limited', 'sm_isin': 'INE585B01010', 'an_dt': '23-Dec-2025 18:47:28', 'sort_date': '2025-12-23 18:47:28', 'seq_id': '106475509', 'smIndustry': 'Automobiles - 4 Wheelers', 'orgid': None, 'attchmntText': 'Maruti Suzuki India Limited has informed the Exchange about Intimation under Regulation 30 of the SEBI (Listing Obligations and Disclosure Requirements) Regulations, 2015', 'bflag': None, 'old_new': None, 'csvName': None, 'exchdisstime': '23-Dec-2025 18:47:29', 'difference': '00:00:01', 'fileSize': '1.72 MB', 'attFileSize': '1.72 MB', 'hasXbrl': True}",0.0
MFSL,NSE_CORP_ANN,Trading Window,"Max Financial Services Limited has informed the Exchange regarding the Trading Window closure pursuant to SEBI (Prohibition of Insider Trading) Regulations, 2015",,,"{'symbol': 'MFSL', 'desc': 'Trading Window', 'dt': '26122025120005', 'attchmntFile': 'https://nsearchives.nseindia.com/corporate/Max_26122025115940_DISBMANDTRADINGWINDOWMFSL.pdf', 'sm_name': 'Max Financial Services Limited', 'sm_isin': 'INE180A01020', 'an_dt': '26-Dec-2025 12:00:05', 'sort_date': '2025-12-26 12:00:05', 'seq_id': '106477952', 'smIndustry': None, 'orgid': None, 'attchmntText': 'Max Financial Services Limited has informed the Exchange regarding the Trading Window closure pursuant to SEBI (Prohibition of Insider Trading) Regulations, 2015', 'bflag': None, 'old_new': None, 'csvName': None, 'exchdisstime': '26-Dec-2025 12:00:06', 'difference': '00:00:01', 'fileSize': '3.12 MB', 'attFileSize': '3.12 MB', 'hasXbrl': True}",0.0
MAXHEALTH,NSE_CORP_ANN,Trading Window,"Max Healthcare Institute Limited has informed the Exchange regarding the Trading Window closure pursuant to SEBI (Prohibition of Insider Trading) Regulations, 2015",,,"{'symbol': 'MAXHEALTH', 'desc': 'Trading Window', 'dt': '29122025183936', 'attchmntFile': 'https://nsearchives.nseindia.com/corporate/MAXHEALTH_29122025183913_SE_Intimation_Closure_of_Trading_Window.pdf', 'sm_name': 'Max Healthcare Institute Limited', 'sm_isin': 'INE027H01010', 'an_dt': '29-Dec-2025 18:39:36', 'sort_date': '2025-12-29 18:39:36', 'seq_id': '106481531', 'smIndustry': None, 'orgid': None, 'attchmntText': 'Max Healthcare Institute Limited has informed the Exchange regarding the Trading Window closure pursuant to SEBI (Prohibition of Insider Trading) Regulations, 2015', 'bflag': None, 'old_new': None, 'csvName': None, 'exchdisstime': '29-Dec-2025 18:39:37', 'difference': '00:00:01', 'fileSize': '300.45 KB', 'attFileSize': '300.45 KB', 'hasXbrl': True}",0.0
MPHASIS,NSE_CORP_ANN,Action(s) taken or orders passed,MphasiS Limited has informed the Exchange about Action(s) taken or orders passed,,,"{'symbol': 'MPHASIS', 'desc': 'Action(s) taken or orders passed', 'dt': '25122025234913', 'attchmntFile': 'https://nsearchives.nseindia.com/corporate/MPHASIS_25122025234903_Mphasis_SE_Intimation_letter_dec_25.pdf', 'sm_name': 'MphasiS Limited', 'sm_isin': 'INE356A01018', 'an_dt': '25-Dec-2025 23:49:13', 'sort_date': '2025-12-25 23:49:13', 'seq_id': '106477537', 'smIndustry': 'Computers - Software', 'orgid': None, 'attchmntText': 'MphasiS Limited has informed the Exchange about Action(s) taken or orders passed', 'bflag': None, 'old_new': None, 'csvName': None, 'exchdisstime': '25-Dec-2025 23:49:15', 'difference': '00:00:02', 'fileSize': '269.80 KB', 'attFileSize': '269.80 KB', 'hasXbrl': True}",0.0
MPHASIS,NSE_CORP_ANN,Analysts/Institutional Investor Meet/Con. Call Updates,MphasiS Limited has informed the Exchange about Schedule of meet,,,"{'symbol': 'MPHASIS', 'desc': 'Analysts/Institutional Investor Meet/Con. Call Updates', 'dt': '24122025185543', 'attchmntFile': 'https://nsearchives.nseindia.com/corporate/MPHASIS_24122025185527_Intimation_of_Investor_or_Analyst_Meet.pdf', 'sm_name': 'MphasiS Limited', 'sm_isin': 'INE356A01018', 'an_dt': '24-Dec-2025 18:55:43', 'sort_date': '2025-12-24 18:55:43', 'seq_id': '106476915', 'smIndustry': 'Computers - Software', 'orgid': None, 'attchmntText': 'MphasiS Limited has informed the Exchange about Schedule of meet', 'bflag': None, 'old_new': None, 'csvName': None, 'exchdisstime': '24-Dec-2025 18:55:45', 'difference': '00:00:02', 'fileSize': '354.17 KB', 'attFileSize': '354.17 KB', 'hasXbrl': True}",0.0
NBCC,NSE_CORP_ANN,Updates,"NBCC (India) Limited has informed the Exchange regarding 'Settlement of land disputes between NBCC (India) Limited and the Government, NCT of Delhi (GNCTD)'.",,,"{'symbol': 'NBCC', 'desc': 'Updates', 'dt': '26122025191840', 'attchmntFile': 'https://nsearchives.nseindia.com/corporate/NBCC_26122025191715_Settlement_of_Disputes26122025.pdf', 'sm_name': 'NBCC (India) Limited', 'sm_isin': 'INE095N01015', 'an_dt': '26-Dec-2025 19:18:40', 'sort_date': '2025-12-26 19:18:40', 'seq_id': '106479143', 'smIndustry': 'Construction', 'orgid': None, 'attchmntText': ""NBCC (India) Limited has informed the Exchange regarding 'Settlement of land disputes between NBCC (India) Limited and the Government, NCT of Delhi (GNCTD)'."", 'bflag': None, 'old_new': None, 'csvName': None, 'exchdisstime': '26-Dec-2025 19:18:41', 'difference': '00:00:01', 'fileSize': '284.41 KB', 'attFileSize': '284.41 KB', 'hasXbrl': True}",0.0
NBCC,NSE_CORP_ANN,Trading Window,"NBCC (India) Limited has informed the Exchange regarding the Trading Window closure pursuant to SEBI (Prohibition of Insider Trading) Regulations, 2015",,,"{'symbol': 'NBCC', 'desc': 'Trading Window', 'dt': '26122025160609', 'attchmntFile': 'https://nsearchives.nseindia.com/corporate/NBCC_26122025160420_NSEBSETWCnotice_Q3.pdf', 'sm_name': 'NBCC (India) Limited', 'sm_isin': 'INE095N01015', 'an_dt': '26-Dec-2025 16:06:09', 'sort_date': '2025-12-26 16:06:09', 'seq_id': '106478532', 'smIndustry': 'Construction', 'orgid': None, 'attchmntText': 'NBCC (India) Limited has informed the Exchange regarding the Trading Window closure pursuant to SEBI (Prohibition of Insider Trading) Regulations, 2015', 'bflag': None, 'old_new': None, 'csvName': None, 'exchdisstime': '26-Dec-2025 16:06:10', 'difference': '00:00:01', 'fileSize': '287.60 KB', 'attFileSize': '287.60 KB', 'hasXbrl': True}",0.0
NBCC,NSE_CORP_ANN,Change in Director(s),NBCC (India) Limited has informed the Exchange regarding Change in Director(s) of the company.,,,"{'symbol': 'NBCC', 'desc': 'Change in Director(s)', 'dt': '23122025191137', 'attchmntFile': 'https://nsearchives.nseindia.com/corporate/NBCC_23122025190914_Change_in_Management_Shri_Saleem_Ahmad.pdf', 'sm_name': 'NBCC (India) Limited', 'sm_isin': 'INE095N01015', 'an_dt': '23-Dec-2025 19:11:37', 'sort_date': '2025-12-23 19:11:37', 'seq_id': '106475536', 'smIndustry': 'Construction', 'orgid': None, 'attchmntText': 'NBCC (India) Limited has informed the Exchange regarding Change in Director(s) of the company.', 'bflag': None, 'old_new': None, 'csvName': None, 'exchdisstime': '23-Dec-2025 19:11:37', 'difference': '00:00:00', 'fileSize': '611.71 KB', 'attFileSize': '611.71 KB', 'hasXbrl': True}",0.0
NCC,NSE_CORP_ANN,Copy of Newspaper Publication,NCC Limited has informed the Exchange about Copy of Newspaper Publication,,,"{'symbol': 'NCC', 'desc': 'Copy of Newspaper Publication', 'dt': '27122025144008', 'attchmntFile': 'https://nsearchives.nseindia.com/corporate/NCC_27122025143950_SubmissionofNewspaperpublication.pdf', 'sm_name': 'NCC Limited', 'sm_isin': 'INE868B01028', 'an_dt': '27-Dec-2025 14:40:08', 'sort_date': '2025-12-27 14:40:08', 'seq_id': '106479717', 'smIndustry': 'Construction', 'orgid': None, 'attchmntText': 'NCC Limited has informed the Exchange about Copy of Newspaper Publication', 'bflag': None, 'old_new': None, 'csvName': None, 'exchdisstime': '27-Dec-2025 14:40:10', 'difference': '00:00:02', 'fileSize': '1.40 MB', 'attFileSize': '1.40 MB', 'hasXbrl': True}",0.0
NCC,NSE_CORP_ANN,Shareholders meeting,NCC Limited has informed the Exchange about Shareholders meeting,,,"{'symbol': 'NCC', 'desc': 'Shareholders meeting', 'dt': '26122025165907', 'attchmntFile': 'https://nsearchives.nseindia.com/corporate/NCC_26122025165607_Reg_30_PB__Notice.pdf', 'sm_name': 'NCC Limited', 'sm_isin': 'INE868B01028', 'an_dt': '26-Dec-2025 16:59:07', 'sort_date': '2025-12-26 16:59:07', 'seq_id': '106478713', 'smIndustry': 'Construction', 'orgid': None, 'attchmntText': 'NCC Limited has informed the Exchange about Shareholders meeting', 'bflag': None, 'old_new': None, 'csvName': None, 'exchdisstime': '26-Dec-2025 16:59:07', 'difference': '00:00:00', 'fileSize': '563.67 KB', 'attFileSize': '563.67 KB', 'hasXbrl': True}",0.0
NCC,NSE_CORP_ANN,Trading Window,"NCC Limited has informed the Exchange regarding the Trading Window closure pursuant to SEBI (Prohibition of Insider Trading) Regulations, 2015",,,"{'symbol': 'NCC', 'desc': 'Trading Window', 'dt': '26122025113056', 'attchmntFile': 'https://nsearchives.nseindia.com/corporate/NCC_26122025113031_Tradingwindowclosure26Dec25.pdf', 'sm_name': 'NCC Limited', 'sm_isin': 'INE868B01028', 'an_dt': '26-Dec-2025 11:30:56', 'sort_date': '2025-12-26 11:30:56', 'seq_id': '106477873', 'smIndustry': 'Construction', 'orgid': None, 'attchmntText': 'NCC Limited has informed the Exchange regarding the Trading Window closure pursuant to SEBI (Prohibition of Insider Trading) Regulations, 2015', 'bflag': None, 'old_new': None, 'csvName': None, 'exchdisstime': '26-Dec-2025 11:30:57', 'difference': '00:00:01', 'fileSize': '687.05 KB', 'attFileSize': '687.05 KB', 'hasXbrl': True}",0.0
NHPC,NSE_CORP_ANN,General Updates,NHPC Limited has informed the Exchange about General Updates-Intimation regarding change in holding of subsidiary Company of NHPC Limited,,,"{'symbol': 'NHPC', 'desc': 'General Updates', 'dt': '29122025191931', 'attchmntFile': 'https://nsearchives.nseindia.com/corporate/NHPC_29122025191914_Intimation_change_holding_RHPCL_.pdf', 'sm_name': 'NHPC Limited', 'sm_isin': 'INE848E01016', 'an_dt': '29-Dec-2025 19:19:31', 'sort_date': '2025-12-29 19:19:31', 'seq_id': '106481620', 'smIndustry': 'Power', 'orgid': None, 'attchmntText': 'NHPC Limited has informed the Exchange about General Updates-Intimation regarding change in holding of subsidiary Company of NHPC Limited', 'bflag': None, 'old_new': None, 'csvName': None, 'exchdisstime': '29-Dec-2025 19:19:32', 'difference': '00:00:01', 'fileSize': '712.78 KB', 'attFileSize': '712.78 KB', 'hasXbrl': True}",0.0
NHPC,NSE_CORP_ANN,Trading Window,"NHPC Limited has informed the Exchange regarding the Trading Window closure pursuant to SEBI (Prohibition of Insider Trading) Regulations, 2015",,,"{'symbol': 'NHPC', 'desc': 'Trading Window', 'dt': '29122025143613', 'attchmntFile': 'https://nsearchives.nseindia.com/corporate/NHPC_29122025143554_Stx_BM_tradingwindow_closure.pdf', 'sm_name': 'NHPC Limited', 'sm_isin': 'INE848E01016', 'an_dt': '29-Dec-2025 14:36:13', 'sort_date': '2025-12-29 14:36:13', 'seq_id': '106480767', 'smIndustry': 'Power', 'orgid': None, 'attchmntText': 'NHPC Limited has informed the Exchange regarding the Trading Window closure pursuant to SEBI (Prohibition of Insider Trading) Regulations, 2015', 'bflag': None, 'old_new': None, 'csvName': None, 'exchdisstime': '29-Dec-2025 14:36:14', 'difference': '00:00:01', 'fileSize': '806.14 KB', 'attFileSize': '806.14 KB', 'hasXbrl': True}",0.0
NMDC,NSE_CORP_ANN,Trading Window,"NMDC Limited has informed the Exchange regarding the Trading Window closure pursuant to SEBI (Prohibition of Insider Trading) Regulations, 2015",,,"{'symbol': 'NMDC', 'desc': 'Trading Window', 'dt': '29122025161626', 'attchmntFile': 'https://nsearchives.nseindia.com/corporate/NMDC_29122025161614_20251229_SEA2025062_TRADINGWINDOWCLOSER.pdf', 'sm_name': 'NMDC Limited', 'sm_isin': 'INE584A01023', 'an_dt': '29-Dec-2025 16:16:26', 'sort_date': '2025-12-29 16:16:26', 'seq_id': '106481060', 'smIndustry': 'Mining', 'orgid': None, 'attchmntText': 'NMDC Limited has informed the Exchange regarding the Trading Window closure pursuant to SEBI (Prohibition of Insider Trading) Regulations, 2015', 'bflag': None, 'old_new': None, 'csvName': None, 'exchdisstime': '29-Dec-2025 16:16:27', 'difference': '00:00:01', 'fileSize': '656.15 KB', 'attFileSize': '656.15 KB', 'hasXbrl': True}",0.0
NMDC,NSE_CORP_ANN,General Updates,NMDC Limited has informed the Exchange about General Updates - MoU with the Colorado School of Mines for Academic & Research Collaboration,,,"{'symbol': 'NMDC', 'desc': 'General Updates', 'dt': '24122025171139', 'attchmntFile': 'https://nsearchives.nseindia.com/corporate/NMDC_24122025171127_20251224_SEA2025061_MOU_Signed.pdf', 'sm_name': 'NMDC Limited', 'sm_isin': 'INE584A01023', 'an_dt': '24-Dec-2025 17:11:39', 'sort_date': '2025-12-24 17:11:39', 'seq_id': '106476736', 'smIndustry': 'Mining', 'orgid': None, 'attchmntText': 'NMDC Limited has informed the Exchange about General Updates - MoU with the Colorado School of Mines for Academic & Research Collaboration', 'bflag': None, 'old_new': None, 'csvName': None, 'exchdisstime': '24-Dec-2025 17:11:40', 'difference': '00:00:01', 'fileSize': '1.28 MB', 'attFileSize': '1.28 MB', 'hasXbrl': True}",0.0
NTPC,NSE_CORP_ANN,General Updates,NTPC Limited has informed the Exchange about Declaration of Commercial Operation of Second & Last Part Capacity of 13 MW out of 23 MW of Solapur Solar PV Project at NTPC Solapur,,,"{'symbol': 'NTPC', 'desc': 'General Updates', 'dt': '24122025210259', 'attchmntFile': 'https://nsearchives.nseindia.com/corporate/ishkumar_24122025205832_DisclosureCOD_Solapur13MW.pdf', 'sm_name': 'NTPC Limited', 'sm_isin': 'INE733E01010', 'an_dt': '24-Dec-2025 21:02:59', 'sort_date': '2025-12-24 21:02:59', 'seq_id': '106476979', 'smIndustry': 'Power', 'orgid': None, 'attchmntText': 'NTPC Limited has informed the Exchange about Declaration of Commercial Operation of Second & Last Part Capacity of 13 MW out of 23 MW of Solapur Solar PV Project at NTPC Solapur', 'bflag': None, 'old_new': None, 'csvName': None, 'exchdisstime': '24-Dec-2025 21:03:00', 'difference': '00:00:01', 'fileSize': '248.11 KB', 'attFileSize': '248.11 KB', 'hasXbrl': True}",0.0
NTPC,NSE_CORP_ANN,Trading Window,"NTPC Limited has informed the Exchange regarding the Trading Window closure pursuant to SEBI (Prohibition of Insider Trading) Regulations, 2015",,,"{'symbol': 'NTPC', 'desc': 'Trading Window', 'dt': '24122025131842', 'attchmntFile': 'https://nsearchives.nseindia.com/corporate/NTPC2_24122025131834_STEXINTIMATIONCLOSUREOFTRADINGWINDOW24122025.pdf', 'sm_name': 'NTPC Limited', 'sm_isin': 'INE733E01010', 'an_dt': '24-Dec-2025 13:18:42', 'sort_date': '2025-12-24 13:18:42', 'seq_id': '106476325', 'smIndustry': 'Power', 'orgid': None, 'attchmntText': 'NTPC Limited has informed the Exchange regarding the Trading Window closure pursuant to SEBI (Prohibition of Insider Trading) Regulations, 2015', 'bflag': None, 'old_new': None, 'csvName': None, 'exchdisstime': '24-Dec-2025 13:18:43', 'difference': '00:00:01', 'fileSize': '658.47 KB', 'attFileSize': '658.47 KB', 'hasXbrl': True}",0.0
NUVAMA,NSE_CORP_ANN,Trading Window,"Nuvama Wealth Management Limited has informed the Exchange regarding the Trading Window closure pursuant to SEBI (Prohibition of Insider Trading) Regulations, 2015",,,"{'symbol': 'NUVAMA', 'desc': 'Trading Window', 'dt': '29122025172516', 'attchmntFile': 'https://nsearchives.nseindia.com/corporate/NWML_29122025172402_SE_TradingWindow_December2025.pdf', 'sm_name': 'Nuvama Wealth Management Limited', 'sm_isin': 'INE531F01015', 'an_dt': '29-Dec-2025 17:25:16', 'sort_date': '2025-12-29 17:25:16', 'seq_id': '106481314', 'smIndustry': None, 'orgid': None, 'attchmntText': 'Nuvama Wealth Management Limited has informed the Exchange regarding the Trading Window closure pursuant to SEBI (Prohibition of Insider Trading) Regulations, 2015', 'bflag': None, 'old_new': None, 'csvName': None, 'exchdisstime': '29-Dec-2025 17:25:17', 'difference': '00:00:01', 'fileSize': '338.62 KB', 'attFileSize': '338.62 KB', 'hasXbrl': True}",0.0
NUVAMA,NSE_CORP_ANN,General Updates,Nuvama Wealth Management Limited has informed the Exchange about General Updates,,,"{'symbol': 'NUVAMA', 'desc': 'General Updates', 'dt': '28122025134629', 'attchmntFile': 'https://nsearchives.nseindia.com/corporate/NWML_28122025134601_SE_TaxPenalty_2812.pdf', 'sm_name': 'Nuvama Wealth Management Limited', 'sm_isin': 'INE531F01015', 'an_dt': '28-Dec-2025 13:46:29', 'sort_date': '2025-12-28 13:46:29', 'seq_id': '106480066', 'smIndustry': None, 'orgid': None, 'attchmntText': 'Nuvama Wealth Management Limited has informed the Exchange about General Updates', 'bflag': None, 'old_new': None, 'csvName': None, 'exchdisstime': '28-Dec-2025 13:46:30', 'difference': '00:00:01', 'fileSize': '343.17 KB', 'attFileSize': '343.17 KB', 'hasXbrl': True}",0.0
OBEROIRLTY,NSE_CORP_ANN,Resignation,"Oberoi Realty Limited has informed the Exchange regarding Resignation of Mr Sameep Pathak as a senior management personnel of the company w.e.f. December 26, 2025.",,,"{'symbol': 'OBEROIRLTY', 'desc': 'Resignation', 'dt': '26122025182951', 'attchmntFile': 'https://nsearchives.nseindia.com/corporate/OBEROIRLTY_26122025182942_Intimation_Resignation_Sameep_Pathak.pdf', 'sm_name': 'Oberoi Realty Limited', 'sm_isin': 'INE093I01010', 'an_dt': '26-Dec-2025 18:29:51', 'sort_date': '2025-12-26 18:29:51', 'seq_id': '106479024', 'smIndustry': 'Construction', 'orgid': None, 'attchmntText': 'Oberoi Realty Limited has informed the Exchange regarding Resignation of Mr Sameep Pathak as a senior management personnel of the company w.e.f. December 26, 2025.', 'bflag': None, 'old_new': None, 'csvName': None, 'exchdisstime': '26-Dec-2025 18:29:52', 'difference': '00:00:01', 'fileSize': '298.91 KB', 'attFileSize': '298.91 KB', 'hasXbrl': True}",0.0
OIL,NSE_CORP_ANN,Trading Window,"Oil India Limited has informed the Exchange regarding the Trading Window closure pursuant to SEBI (Prohibition of Insider Trading) Regulations, 2015",,,"{'symbol': 'OIL', 'desc': 'Trading Window', 'dt': '26122025162332', 'attchmntFile': 'https://nsearchives.nseindia.com/corporate/OIL_26122025162159_ClosureofTradiongWindow26122025.pdf', 'sm_name': 'Oil India Limited', 'sm_isin': 'INE274J01014', 'an_dt': '26-Dec-2025 16:23:32', 'sort_date': '2025-12-26 16:23:32', 'seq_id': '106478578', 'smIndustry': 'Oil Exploration/Production', 'orgid': None, 'attchmntText': 'Oil India Limited has informed the Exchange regarding the Trading Window closure pursuant to SEBI (Prohibition of Insider Trading) Regulations, 2015', 'bflag': None, 'old_new': None, 'csvName': None, 'exchdisstime': '26-Dec-2025 16:23:33', 'difference': '00:00:01', 'fileSize': '596.00 KB', 'attFileSize': '596.00 KB', 'hasXbrl': True}",0.0
PAYTM,NSE_CORP_ANN,Shareholders meeting,One 97 Communications Limited has informed the Exchange regarding Notice of Postal Ballot,,,"{'symbol': 'PAYTM', 'desc': 'Shareholders meeting', 'dt': '29122025175125', 'attchmntFile': 'https://nsearchives.nseindia.com/corporate/PAYTM_29122025175038_SE_Disclosure_Postal_Ballot_Notice_Dec292025_sd.pdf', 'sm_name': 'One 97 Communications Limited', 'sm_isin': 'INE982J01020', 'an_dt': '29-Dec-2025 17:51:25', 'sort_date': '2025-12-29 17:51:25', 'seq_id': '106481398', 'smIndustry': None, 'orgid': None, 'attchmntText': 'One 97 Communications Limited has informed the Exchange regarding Notice of Postal Ballot', 'bflag': None, 'old_new': None, 'csvName': None, 'exchdisstime': '29-Dec-2025 17:51:26', 'difference': '00:00:01', 'fileSize': '566.32 KB', 'attFileSize': '566.32 KB', 'hasXbrl': True}",0.0
PAYTM,NSE_CORP_ANN,Trading Window,"One 97 Communications Limited has informed the Exchange regarding the Trading Window closure pursuant to SEBI (Prohibition of Insider Trading) Regulations, 2015",,,"{'symbol': 'PAYTM', 'desc': 'Trading Window', 'dt': '29122025174428', 'attchmntFile': 'https://nsearchives.nseindia.com/corporate/PAYTM_29122025174328_SE_Disclosure_-_Trading_Window_closure_Dec312025_Sd.pdf', 'sm_name': 'One 97 Communications Limited', 'sm_isin': 'INE982J01020', 'an_dt': '29-Dec-2025 17:44:28', 'sort_date': '2025-12-29 17:44:28', 'seq_id': '106481376', 'smIndustry': None, 'orgid': None, 'attchmntText': 'One 97 Communications Limited has informed the Exchange regarding the Trading Window closure pursuant to SEBI (Prohibition of Insider Trading) Regulations, 2015', 'bflag': None, 'old_new': None, 'csvName': None, 'exchdisstime': '29-Dec-2025 17:44:29', 'difference': '00:00:01', 'fileSize': '156.94 KB', 'attFileSize': '156.94 KB', 'hasXbrl': True}",0.0
PGEL,NSE_CORP_ANN,Trading Window,"PG Electroplast Limited has informed the Exchange regarding the Trading Window closure pursuant to SEBI (Prohibition of Insider Trading) Regulations, 2015",,,"{'symbol': 'PGEL', 'desc': 'Trading Window', 'dt': '24122025171948', 'attchmntFile': 'https://nsearchives.nseindia.com/corporate/PGEL_24122025171914_Trading_Window_STX.pdf', 'sm_name': 'PG Electroplast Limited', 'sm_isin': 'INE457L01011', 'an_dt': '24-Dec-2025 17:19:48', 'sort_date': '2025-12-24 17:19:48', 'seq_id': '106476755', 'smIndustry': 'Consumer Durables', 'orgid': None, 'attchmntText': 'PG Electroplast Limited has informed the Exchange regarding the Trading Window closure pursuant to SEBI (Prohibition of Insider Trading) Regulations, 2015', 'bflag': None, 'old_new': None, 'csvName': None, 'exchdisstime': '24-Dec-2025 17:19:49', 'difference': '00:00:01', 'fileSize': '3.05 MB', 'attFileSize': '3.05 MB', 'hasXbrl': True}",0.0
PIIND,NSE_CORP_ANN,Trading Window,"PI Industries Limited has informed the Exchange regarding the Trading Window closure pursuant to SEBI (Prohibition of Insider Trading) Regulations, 2015",,,"{'symbol': 'PIIND', 'desc': 'Trading Window', 'dt': '24122025160835', 'attchmntFile': 'https://nsearchives.nseindia.com/corporate/PIIND_24122025160815_Trading_Window_Closure_Dec_2025.pdf', 'sm_name': 'PI Industries Limited', 'sm_isin': 'INE603J01014', 'an_dt': '24-Dec-2025 16:08:35', 'sort_date': '2025-12-24 16:08:35', 'seq_id': '106476572', 'smIndustry': 'Pesticides And Agrochemicals', 'orgid': None, 'attchmntText': 'PI Industries Limited has informed the Exchange regarding the Trading Window closure pursuant to SEBI (Prohibition of Insider Trading) Regulations, 2015', 'bflag': None, 'old_new': None, 'csvName': None, 'exchdisstime': '24-Dec-2025 16:08:36', 'difference': '00:00:01', 'fileSize': '240.39 KB', 'attFileSize': '240.39 KB', 'hasXbrl': True}",0.0
PNBHOUSING,NSE_CORP_ANN,Credit Rating,PNB Housing Finance Limited has informed the Exchange about Credit Rating,,,"{'symbol': 'PNBHOUSING', 'desc': 'Credit Rating', 'dt': '29122025181802', 'attchmntFile': 'https://nsearchives.nseindia.com/corporate/PNBHOUSING_29122025181721_IntimationIndiaRating.pdf', 'sm_name': 'PNB Housing Finance Limited', 'sm_isin': 'INE572E01012', 'an_dt': '29-Dec-2025 18:18:02', 'sort_date': '2025-12-29 18:18:02', 'seq_id': '106481483', 'smIndustry': None, 'orgid': None, 'attchmntText': 'PNB Housing Finance Limited has informed the Exchange about Credit Rating', 'bflag': None, 'old_new': None, 'csvName': None, 'exchdisstime': '29-Dec-2025 18:18:03', 'difference': '00:00:01', 'fileSize': '603.84 KB', 'attFileSize': '603.84 KB', 'hasXbrl': True}",0.0
PNBHOUSING,NSE_CORP_ANN,Trading Window,"PNB Housing Finance Limited has informed the Exchange regarding the Trading Window closure pursuant to SEBI (Prohibition of Insider Trading) Regulations, 2015",,,"{'symbol': 'PNBHOUSING', 'desc': 'Trading Window', 'dt': '27122025122003', 'attchmntFile': 'https://nsearchives.nseindia.com/corporate/PNBHOUSING_27122025121852_SE_Intimation_closure_of_Trading_window_31_Dec_25_sd.pdf', 'sm_name': 'PNB Housing Finance Limited', 'sm_isin': 'INE572E01012', 'an_dt': '27-Dec-2025 12:20:03', 'sort_date': '2025-12-27 12:20:03', 'seq_id': '106479598', 'smIndustry': None, 'orgid': None, 'attchmntText': 'PNB Housing Finance Limited has informed the Exchange regarding the Trading Window closure pursuant to SEBI (Prohibition of Insider Trading) Regulations, 2015', 'bflag': None, 'old_new': None, 'csvName': None, 'exchdisstime': '27-Dec-2025 12:20:04', 'difference': '00:00:01', 'fileSize': '224.98 KB', 'attFileSize': '224.98 KB', 'hasXbrl': True}",0.0
PNBHOUSING,NSE_CORP_ANN,ESOP/ESOS/ESPS,"PNB Housing Finance Limited has informed the Exchange regarding Grant of 200,000 ESOPs and 32,508 RSUs.",,,"{'symbol': 'PNBHOUSING', 'desc': 'ESOP/ESOS/ESPS', 'dt': '24122025204513', 'attchmntFile': 'https://nsearchives.nseindia.com/corporate/PNBHOUSING_24122025204116_SEgrantOfESOPRSU_24Dec25sd.pdf', 'sm_name': 'PNB Housing Finance Limited', 'sm_isin': 'INE572E01012', 'an_dt': '24-Dec-2025 20:45:13', 'sort_date': '2025-12-24 20:45:13', 'seq_id': '106476973', 'smIndustry': None, 'orgid': None, 'attchmntText': 'PNB Housing Finance Limited has informed the Exchange regarding Grant of 200,000 ESOPs and 32,508 RSUs.', 'bflag': None, 'old_new': None, 'csvName': None, 'exchdisstime': '24-Dec-2025 20:45:13', 'difference': '00:00:00', 'fileSize': '290.38 KB', 'attFileSize': '290.38 KB', 'hasXbrl': True}",0.0
PNBHOUSING,NSE_CORP_ANN,Pendency of Litigation(s)/dispute(s) or the outcome impacting the Company,PNB Housing Finance Limited has informed the Exchange about Pendency of Litigation(s)/dispute(s),,,"{'symbol': 'PNBHOUSING', 'desc': 'Pendency of Litigation(s)/dispute(s) or the outcome impacting the Company', 'dt': '23122025215920', 'attchmntFile': 'https://nsearchives.nseindia.com/corporate/PNBHOUSING_23122025215732_SE_Intimation_R30_CS.pdf', 'sm_name': 'PNB Housing Finance Limited', 'sm_isin': 'INE572E01012', 'an_dt': '23-Dec-2025 21:59:20', 'sort_date': '2025-12-23 21:59:20', 'seq_id': '106475624', 'smIndustry': None, 'orgid': None, 'attchmntText': 'PNB Housing Finance Limited has informed the Exchange about Pendency of Litigation(s)/dispute(s)', 'bflag': None, 'old_new': None, 'csvName': None, 'exchdisstime': '23-Dec-2025 21:59:21', 'difference': '00:00:01', 'fileSize': '533.14 KB', 'attFileSize': '533.14 KB', 'hasXbrl': True}",0.0
PAGEIND,NSE_CORP_ANN,Trading Window,"Page Industries Limited has informed the Exchange regarding the Trading Window closure pursuant to SEBI (Prohibition of Insider Trading) Regulations, 2015",,,"{'symbol': 'PAGEIND', 'desc': 'Trading Window', 'dt': '26122025204106', 'attchmntFile': 'https://nsearchives.nseindia.com/corporate/PAGEIND_26122025203909_TRADINGWINDOWCLOSUREQ3FY26.pdf', 'sm_name': 'Page Industries Limited', 'sm_isin': 'INE761H01022', 'an_dt': '26-Dec-2025 20:41:06', 'sort_date': '2025-12-26 20:41:06', 'seq_id': '106479221', 'smIndustry': 'Textile Products', 'orgid': None, 'attchmntText': 'Page Industries Limited has informed the Exchange regarding the Trading Window closure pursuant to SEBI (Prohibition of Insider Trading) Regulations, 2015', 'bflag': None, 'old_new': None, 'csvName': None, 'exchdisstime': '26-Dec-2025 20:41:07', 'difference': '00:00:01', 'fileSize': '410.59 KB', 'attFileSize': '410.59 KB', 'hasXbrl': True}",0.0
PATANJALI,NSE_CORP_ANN,Trading Window,"Patanjali Foods Limited has informed the Exchange regarding the Trading Window closure pursuant to SEBI (Prohibition of Insider Trading) Regulations, 2015",,,"{'symbol': 'PATANJALI', 'desc': 'Trading Window', 'dt': '24122025110839', 'attchmntFile': 'https://nsearchives.nseindia.com/corporate/RUCHI_24122025110819_TWCBSENSE.pdf', 'sm_name': 'Patanjali Foods Limited', 'sm_isin': 'INE619A01035', 'an_dt': '24-Dec-2025 11:08:39', 'sort_date': '2025-12-24 11:08:39', 'seq_id': '106476046', 'smIndustry': None, 'orgid': None, 'attchmntText': 'Patanjali Foods Limited has informed the Exchange regarding the Trading Window closure pursuant to SEBI (Prohibition of Insider Trading) Regulations, 2015', 'bflag': None, 'old_new': None, 'csvName': None, 'exchdisstime': '24-Dec-2025 11:08:40', 'difference': '00:00:01', 'fileSize': '2.94 MB', 'attFileSize': '2.94 MB', 'hasXbrl': True}",0.0
PERSISTENT,NSE_CORP_ANN,Other Restructuring,Persistent Systems Limited has informed the Exchange about Other Restructuring,,,"{'symbol': 'PERSISTENT', 'desc': 'Other Restructuring', 'dt': '24122025234355', 'attchmntFile': 'https://nsearchives.nseindia.com/corporate/PERSISTENTUSER1_24122025234342_PSLIntimationofExecutionoftheSPADecember2025signed.pdf', 'sm_name': 'Persistent Systems Limited', 'sm_isin': 'INE262H01013', 'an_dt': '24-Dec-2025 23:43:55', 'sort_date': '2025-12-24 23:43:55', 'seq_id': '106477226', 'smIndustry': 'Computers - Software', 'orgid': None, 'attchmntText': 'Persistent Systems Limited has informed the Exchange about Other Restructuring', 'bflag': None, 'old_new': None, 'csvName': None, 'exchdisstime': '24-Dec-2025 23:43:56', 'difference': '00:00:01', 'fileSize': '249.57 KB', 'attFileSize': '249.57 KB', 'hasXbrl': True}",0.0
PERSISTENT,NSE_CORP_ANN,Trading Window,"Persistent Systems Limited has informed the Exchange regarding the Trading Window closure pursuant to SEBI (Prohibition of Insider Trading) Regulations, 2015",,,"{'symbol': 'PERSISTENT', 'desc': 'Trading Window', 'dt': '24122025232957', 'attchmntFile': 'https://nsearchives.nseindia.com/corporate/PERSISTENTUSER1_24122025232940_PSL_Intimation_of_closure_of_trading_window_Dec2025signed.pdf', 'sm_name': 'Persistent Systems Limited', 'sm_isin': 'INE262H01013', 'an_dt': '24-Dec-2025 23:29:57', 'sort_date': '2025-12-24 23:29:57', 'seq_id': '106477191', 'smIndustry': 'Computers - Software', 'orgid': None, 'attchmntText': 'Persistent Systems Limited has informed the Exchange regarding the Trading Window closure pursuant to SEBI (Prohibition of Insider Trading) Regulations, 2015', 'bflag': None, 'old_new': None, 'csvName': None, 'exchdisstime': '24-Dec-2025 23:29:58', 'difference': '00:00:01', 'fileSize': '178.30 KB', 'attFileSize': '178.30 KB', 'hasXbrl': True}",0.0
PERSISTENT,NSE_CORP_ANN,Analysts/Institutional Investor Meet/Con. Call Updates,Persistent Systems Limited has informed the Exchange about Presentation,,,"{'symbol': 'PERSISTENT', 'desc': 'Analysts/Institutional Investor Meet/Con. Call Updates', 'dt': '24122025183258', 'attchmntFile': 'https://nsearchives.nseindia.com/corporate/PERSISTENTUSER1_24122025183247_PSLOutcomeDecember242025sd.pdf', 'sm_name': 'Persistent Systems Limited', 'sm_isin': 'INE262H01013', 'an_dt': '24-Dec-2025 18:32:58', 'sort_date': '2025-12-24 18:32:58', 'seq_id': '106476883', 'smIndustry': 'Computers - Software', 'orgid': None, 'attchmntText': 'Persistent Systems Limited has informed the Exchange about Presentation', 'bflag': None, 'old_new': None, 'csvName': None, 'exchdisstime': '24-Dec-2025 18:32:58', 'difference': '00:00:00', 'fileSize': '472.63 KB', 'attFileSize': '472.63 KB', 'hasXbrl': True}",0.0
PERSISTENT,NSE_CORP_ANN,General Updates,Persistent Systems Limited has informed the Exchange about General Updates,,,"{'symbol': 'PERSISTENT', 'desc': 'General Updates', 'dt': '23122025223600', 'attchmntFile': 'https://nsearchives.nseindia.com/corporate/PERSISTENTUSER1_23122025223550_PersistentSystemsUpdateonShareTransferAGLsigned.pdf', 'sm_name': 'Persistent Systems Limited', 'sm_isin': 'INE262H01013', 'an_dt': '23-Dec-2025 22:36:00', 'sort_date': '2025-12-23 22:36:00', 'seq_id': '106475691', 'smIndustry': 'Computers - Software', 'orgid': None, 'attchmntText': 'Persistent Systems Limited has informed the Exchange about General Updates', 'bflag': None, 'old_new': None, 'csvName': None, 'exchdisstime': '23-Dec-2025 22:36:00', 'difference': '00:00:00', 'fileSize': '197.44 KB', 'attFileSize': '197.44 KB', 'hasXbrl': True}",0.0
POLYCAB,NSE_CORP_ANN,Trading Window,"Polycab India Limited has informed the Exchange regarding the Trading Window closure pursuant to SEBI (Prohibition of Insider Trading) Regulations, 2015",,,"{'symbol': 'POLYCAB', 'desc': 'Trading Window', 'dt': '29122025111712', 'attchmntFile': 'https://nsearchives.nseindia.com/corporate/POLYCAB_29122025111614_Intimation_Trading_Window_Closure.pdf', 'sm_name': 'Polycab India Limited', 'sm_isin': 'INE455K01017', 'an_dt': '29-Dec-2025 11:17:12', 'sort_date': '2025-12-29 11:17:12', 'seq_id': '106480349', 'smIndustry': None, 'orgid': None, 'attchmntText': 'Polycab India Limited has informed the Exchange regarding the Trading Window closure pursuant to SEBI (Prohibition of Insider Trading) Regulations, 2015', 'bflag': None, 'old_new': None, 'csvName': None, 'exchdisstime': '29-Dec-2025 11:17:14', 'difference': '00:00:02', 'fileSize': '220.92 KB', 'attFileSize': '220.92 KB', 'hasXbrl': True}",0.0
PFC,NSE_CORP_ANN,Trading Window,"Power Finance Corporation Limited has informed the Exchange regarding the Trading Window closure pursuant to SEBI (Prohibition of Insider Trading) Regulations, 2015",,,"{'symbol': 'PFC', 'desc': 'Trading Window', 'dt': '29122025160141', 'attchmntFile': 'https://nsearchives.nseindia.com/corporate/PFC2023_29122025160131_intimation29122025_SIGNED.pdf', 'sm_name': 'Power Finance Corporation Limited', 'sm_isin': 'INE134E01011', 'an_dt': '29-Dec-2025 16:01:41', 'sort_date': '2025-12-29 16:01:41', 'seq_id': '106481011', 'smIndustry': 'Financial Institution', 'orgid': None, 'attchmntText': 'Power Finance Corporation Limited has informed the Exchange regarding the Trading Window closure pursuant to SEBI (Prohibition of Insider Trading) Regulations, 2015', 'bflag': None, 'old_new': None, 'csvName': None, 'exchdisstime': '29-Dec-2025 16:01:41', 'difference': '00:00:00', 'fileSize': '251.95 KB', 'attFileSize': '251.95 KB', 'hasXbrl': True}",0.0
POWERGRID,NSE_CORP_ANN,Trading Window,"Power Grid Corporation of India Limited has informed the Exchange regarding the Trading Window closure pursuant to SEBI (Prohibition of Insider Trading) Regulations, 2015",,,"{'symbol': 'POWERGRID', 'desc': 'Trading Window', 'dt': '24122025145959', 'attchmntFile': 'https://nsearchives.nseindia.com/corporate/POWERGRID1_24122025145949_NSEBSECTW24122025.pdf', 'sm_name': 'Power Grid Corporation of India Limited', 'sm_isin': 'INE752E01010', 'an_dt': '24-Dec-2025 14:59:59', 'sort_date': '2025-12-24 14:59:59', 'seq_id': '106476429', 'smIndustry': 'Power', 'orgid': None, 'attchmntText': 'Power Grid Corporation of India Limited has informed the Exchange regarding the Trading Window closure pursuant to SEBI (Prohibition of Insider Trading) Regulations, 2015', 'bflag': None, 'old_new': None, 'csvName': None, 'exchdisstime': '24-Dec-2025 15:00:00', 'difference': '00:00:01', 'fileSize': '365.13 KB', 'attFileSize': '365.13 KB', 'hasXbrl': True}",0.0
PNB,NSE_CORP_ANN,Trading Window,"Punjab National Bank has informed the Exchange regarding the Trading Window closure pursuant to SEBI (Prohibition of Insider Trading) Regulations, 2015",,,"{'symbol': 'PNB', 'desc': 'Trading Window', 'dt': '29122025185317', 'attchmntFile': 'https://nsearchives.nseindia.com/corporate/pnb2_29122025185302_Intimation_Trading_window_29122025_DS.pdf', 'sm_name': 'Punjab National Bank', 'sm_isin': 'INE160A01014', 'an_dt': '29-Dec-2025 18:53:17', 'sort_date': '2025-12-29 18:53:17', 'seq_id': '106481566', 'smIndustry': 'Banks', 'orgid': None, 'attchmntText': 'Punjab National Bank has informed the Exchange regarding the Trading Window closure pursuant to SEBI (Prohibition of Insider Trading) Regulations, 2015', 'bflag': None, 'old_new': None, 'csvName': None, 'exchdisstime': '29-Dec-2025 18:53:18', 'difference': '00:00:01', 'fileSize': '332.05 KB', 'attFileSize': '332.05 KB', 'hasXbrl': True}",0.0
PNB,NSE_CORP_ANN,General Updates,Punjab National Bank has informed the Exchange about General Updates,,,"{'symbol': 'PNB', 'desc': 'General Updates', 'dt': '26122025191756', 'attchmntFile': 'https://nsearchives.nseindia.com/corporate/pnb2_26122025191704_Intimation_Fraud_26122025_DS.pdf', 'sm_name': 'Punjab National Bank', 'sm_isin': 'INE160A01014', 'an_dt': '26-Dec-2025 19:17:56', 'sort_date': '2025-12-26 19:17:56', 'seq_id': '106479140', 'smIndustry': 'Banks', 'orgid': None, 'attchmntText': 'Punjab National Bank has informed the Exchange about General Updates', 'bflag': None, 'old_new': None, 'csvName': None, 'exchdisstime': '26-Dec-2025 19:17:57', 'difference': '00:00:01', 'fileSize': '211.58 KB', 'attFileSize': '211.58 KB', 'hasXbrl': True}",0.0
RBLBANK,NSE_CORP_ANN,Analysts/Institutional Investor Meet/Con. Call Updates,RBL Bank Limited has informed the Exchange about Schedule of meet,,,"{'symbol': 'RBLBANK', 'desc': 'Analysts/Institutional Investor Meet/Con. Call Updates', 'dt': '23122025145151', 'attchmntFile': 'https://nsearchives.nseindia.com/corporate/RBLBANK_23122025145115_IntimationofInvestorMeetDec232025Signed.pdf', 'sm_name': 'RBL Bank Limited', 'sm_isin': 'INE976G01028', 'an_dt': '23-Dec-2025 14:51:51', 'sort_date': '2025-12-23 14:51:51', 'seq_id': '106475045', 'smIndustry': None, 'orgid': None, 'attchmntText': 'RBL Bank Limited has informed the Exchange about Schedule of meet', 'bflag': None, 'old_new': None, 'csvName': None, 'exchdisstime': '23-Dec-2025 14:51:53', 'difference': '00:00:02', 'fileSize': '216.52 KB', 'attFileSize': '216.52 KB', 'hasXbrl': True}",0.0
RBLBANK,NSE_CORP_ANN,Trading Window,"RBL Bank Limited has informed the Exchange regarding the Trading Window closure pursuant to SEBI (Prohibition of Insider Trading) Regulations, 2015",,,"{'symbol': 'RBLBANK', 'desc': 'Trading Window', 'dt': '23122025112935', 'attchmntFile': 'https://nsearchives.nseindia.com/corporate/RBLBANK_23122025112838_IntimationofTWclosureQ3FY2025_26Signed.pdf', 'sm_name': 'RBL Bank Limited', 'sm_isin': 'INE976G01028', 'an_dt': '23-Dec-2025 11:29:35', 'sort_date': '2025-12-23 11:29:35', 'seq_id': '106474786', 'smIndustry': None, 'orgid': None, 'attchmntText': 'RBL Bank Limited has informed the Exchange regarding the Trading Window closure pursuant to SEBI (Prohibition of Insider Trading) Regulations, 2015', 'bflag': None, 'old_new': None, 'csvName': None, 'exchdisstime': '23-Dec-2025 11:29:36', 'difference': '00:00:01', 'fileSize': '302.04 KB', 'attFileSize': '302.04 KB', 'hasXbrl': True}",0.0
RECLTD,NSE_CORP_ANN,Copy of Newspaper Publication,REC Limited has informed the Exchange about Newspaper Clippings regarding notice for transfer of Unclaimed Dividends / Equity Shares to IEPF Authority.,,,"{'symbol': 'RECLTD', 'desc': 'Copy of Newspaper Publication', 'dt': '29122025171020', 'attchmntFile': 'https://nsearchives.nseindia.com/corporate/RECLTD_29122025170954_DSC_REC_Newspaper_Clippings_29122025.pdf', 'sm_name': 'REC Limited', 'sm_isin': 'INE020B01018', 'an_dt': '29-Dec-2025 17:10:20', 'sort_date': '2025-12-29 17:10:20', 'seq_id': '106481255', 'smIndustry': 'Financial Institution', 'orgid': None, 'attchmntText': 'REC Limited has informed the Exchange about Newspaper Clippings regarding notice for transfer of Unclaimed Dividends / Equity Shares to IEPF Authority.', 'bflag': None, 'old_new': None, 'csvName': None, 'exchdisstime': '29-Dec-2025 17:10:22', 'difference': '00:00:02', 'fileSize': '856.31 KB', 'attFileSize': '856.31 KB', 'hasXbrl': True}",0.0
RECLTD,NSE_CORP_ANN,General Updates,Intimation of incorporation of subsidiary companies.,,,"{'symbol': 'RECLTD', 'desc': 'General Updates', 'dt': '26122025170505', 'attchmntFile': 'https://nsearchives.nseindia.com/corporate/RECLTD_26122025170422_Signed_Intimation_of_incorporation_of_subsidiary_companies.pdf', 'sm_name': 'REC Limited', 'sm_isin': 'INE020B01018', 'an_dt': '26-Dec-2025 17:05:05', 'sort_date': '2025-12-26 17:05:05', 'seq_id': '106478731', 'smIndustry': 'Financial Institution', 'orgid': None, 'attchmntText': 'Intimation of incorporation of subsidiary companies.', 'bflag': None, 'old_new': None, 'csvName': None, 'exchdisstime': '26-Dec-2025 17:05:06', 'difference': '00:00:01', 'fileSize': '1.20 MB', 'attFileSize': '1.20 MB', 'hasXbrl': True}",0.0
RECLTD,NSE_CORP_ANN,Trading Window,"REC Limited has informed the Exchange regarding the Trading Window closure pursuant to SEBI (Prohibition of Insider Trading) Regulations, 2015",,,"{'symbol': 'RECLTD', 'desc': 'Trading Window', 'dt': '26122025163540', 'attchmntFile': 'https://nsearchives.nseindia.com/corporate/RECLTD_26122025163500_Signed_Intimation_for_closure_of_trading_window.pdf', 'sm_name': 'REC Limited', 'sm_isin': 'INE020B01018', 'an_dt': '26-Dec-2025 16:35:40', 'sort_date': '2025-12-26 16:35:40', 'seq_id': '106478629', 'smIndustry': 'Financial Institution', 'orgid': None, 'attchmntText': 'REC Limited has informed the Exchange regarding the Trading Window closure pursuant to SEBI (Prohibition of Insider Trading) Regulations, 2015', 'bflag': None, 'old_new': None, 'csvName': None, 'exchdisstime': '26-Dec-2025 16:35:41', 'difference': '00:00:01', 'fileSize': '381.43 KB', 'attFileSize': '381.43 KB', 'hasXbrl': True}",0.0
RVNL,NSE_CORP_ANN,Price movement,"Significant movement in price has been observed in Rail Vikas Nigam Limited. The Exchange, in order to ensure that investors have latest relevant information about the company and to inform the market place so that the interest of the investors is safeguarded, has written to the company. The response from the company is awaited.",,,"{'symbol': 'RVNL', 'desc': 'Price movement', 'dt': '29122025185224', 'attchmntFile': '-', 'sm_name': 'Rail Vikas Nigam Limited', 'sm_isin': 'INE415G01027', 'an_dt': '29-Dec-2025 18:52:24', 'sort_date': '2025-12-29 18:52:24', 'seq_id': '106481557', 'smIndustry': None, 'orgid': None, 'attchmntText': 'Significant movement in price has been observed in Rail Vikas Nigam Limited. The Exchange, in order to ensure that investors have latest relevant information about the company and to inform the market place so that the interest of the investors is safeguarded, has written to the company. The response from the company is awaited.', 'bflag': None, 'old_new': None, 'csvName': None, 'exchdisstime': '29-Dec-2025 18:52:25', 'difference': '00:00:01', 'fileSize': '0 Bytes', 'attFileSize': '0 Bytes', 'hasXbrl': True}",0.0
RVNL,NSE_CORP_ANN,Updates,Rail Vikas Nigam Limited emerges as the Lowest Bidder (L1) from East Coast Railway- Normal course of business of the Company.,,,"{'symbol': 'RVNL', 'desc': 'Updates', 'dt': '29122025170832', 'attchmntFile': 'https://nsearchives.nseindia.com/corporate/RVNL_29122025170818_Coveringletter29122025.pdf', 'sm_name': 'Rail Vikas Nigam Limited', 'sm_isin': 'INE415G01027', 'an_dt': '29-Dec-2025 17:08:32', 'sort_date': '2025-12-29 17:08:32', 'seq_id': '106481248', 'smIndustry': None, 'orgid': None, 'attchmntText': 'Rail Vikas Nigam Limited emerges as the Lowest Bidder (L1) from East Coast Railway- Normal course of business of the Company.', 'bflag': None, 'old_new': None, 'csvName': None, 'exchdisstime': '29-Dec-2025 17:08:33', 'difference': '00:00:01', 'fileSize': '776.68 KB', 'attFileSize': '776.68 KB', 'hasXbrl': True}",0.0
RVNL,NSE_CORP_ANN,Action(s) taken or orders passed,"Demand Notice received from the Office of the Deputy Commissioner Jurisdiction: BEGUMPETSTU3, Telangana State, Hyderabad",,,"{'symbol': 'RVNL', 'desc': 'Action(s) taken or orders passed', 'dt': '24122025133637', 'attchmntFile': 'https://nsearchives.nseindia.com/corporate/RVNL_24122025133626_Coveringletter24122025.pdf', 'sm_name': 'Rail Vikas Nigam Limited', 'sm_isin': 'INE415G01027', 'an_dt': '24-Dec-2025 13:36:37', 'sort_date': '2025-12-24 13:36:37', 'seq_id': '106476339', 'smIndustry': None, 'orgid': None, 'attchmntText': 'Demand Notice received from the Office of the Deputy Commissioner Jurisdiction: BEGUMPETSTU3, Telangana State, Hyderabad', 'bflag': None, 'old_new': None, 'csvName': None, 'exchdisstime': '24-Dec-2025 13:36:38', 'difference': '00:00:01', 'fileSize': '579.88 KB', 'attFileSize': '579.88 KB', 'hasXbrl': True}",0.0
RVNL,NSE_CORP_ANN,Trading Window,"Rail Vikas Nigam Limited has informed the Exchange regarding the Trading Window closure pursuant to SEBI (Prohibition of Insider Trading) Regulations, 2015",,,"{'symbol': 'RVNL', 'desc': 'Trading Window', 'dt': '24122025120427', 'attchmntFile': 'https://nsearchives.nseindia.com/corporate/RVNL_24122025120414_TWC23122025_signed.pdf', 'sm_name': 'Rail Vikas Nigam Limited', 'sm_isin': 'INE415G01027', 'an_dt': '24-Dec-2025 12:04:27', 'sort_date': '2025-12-24 12:04:27', 'seq_id': '106476194', 'smIndustry': None, 'orgid': None, 'attchmntText': 'Rail Vikas Nigam Limited has informed the Exchange regarding the Trading Window closure pursuant to SEBI (Prohibition of Insider Trading) Regulations, 2015', 'bflag': None, 'old_new': None, 'csvName': None, 'exchdisstime': '24-Dec-2025 12:04:28', 'difference': '00:00:01', 'fileSize': '257.93 KB', 'attFileSize': '257.93 KB', 'hasXbrl': True}",0.0
RVNL,NSE_CORP_ANN,Appointment,Rail Vikas Nigam Limited has informed the Exchange regarding Appointment of Mr. Saleem Ahmad as Chairman & Managing Director of the company w.e.f. 23.12.2025 (A/N).,,,"{'symbol': 'RVNL', 'desc': 'Appointment', 'dt': '23122025191806', 'attchmntFile': 'https://nsearchives.nseindia.com/corporate/RVNL_23122025191755_ChangeinMgt23122025.pdf', 'sm_name': 'Rail Vikas Nigam Limited', 'sm_isin': 'INE415G01027', 'an_dt': '23-Dec-2025 19:18:06', 'sort_date': '2025-12-23 19:18:06', 'seq_id': '106475546', 'smIndustry': None, 'orgid': None, 'attchmntText': 'Rail Vikas Nigam Limited has informed the Exchange regarding Appointment of Mr. Saleem Ahmad as Chairman & Managing Director of the company w.e.f. 23.12.2025 (A/N).', 'bflag': None, 'old_new': None, 'csvName': None, 'exchdisstime': '23-Dec-2025 19:18:07', 'difference': '00:00:01', 'fileSize': '513.76 KB', 'attFileSize': '513.76 KB', 'hasXbrl': True}",0.0
RVNL,NSE_CORP_ANN,Cessation,Rail Vikas Nigam Limited has informed the Exchange regarding Cessation of Mr. Sukhmal Chand Jain as Chairman & Managing Director of the company w.e.f. 23.12.2025 (A/N).,,,"{'symbol': 'RVNL', 'desc': 'Cessation', 'dt': '23122025191557', 'attchmntFile': 'https://nsearchives.nseindia.com/corporate/RVNL_23122025191548_ChangeinMgt23122025.pdf', 'sm_name': 'Rail Vikas Nigam Limited', 'sm_isin': 'INE415G01027', 'an_dt': '23-Dec-2025 19:15:57', 'sort_date': '2025-12-23 19:15:57', 'seq_id': '106475543', 'smIndustry': None, 'orgid': None, 'attchmntText': 'Rail Vikas Nigam Limited has informed the Exchange regarding Cessation of Mr. Sukhmal Chand Jain as Chairman & Managing Director of the company w.e.f. 23.12.2025 (A/N).', 'bflag': None, 'old_new': None, 'csvName': None, 'exchdisstime': '23-Dec-2025 19:15:58', 'difference': '00:00:01', 'fileSize': '513.76 KB', 'attFileSize': '513.76 KB', 'hasXbrl': True}",0.0
RELIANCE,NSE_CORP_ANN,Updates,A media statement issued by the Company is attached.,,,"{'symbol': 'RELIANCE', 'desc': 'Updates', 'dt': '29122025212434', 'attchmntFile': 'https://nsearchives.nseindia.com/corporate/kavinavora_29122025212359_SE_29122025.pdf', 'sm_name': 'Reliance Industries Limited', 'sm_isin': 'INE002A01018', 'an_dt': '29-Dec-2025 21:24:34', 'sort_date': '2025-12-29 21:24:34', 'seq_id': '106481744', 'smIndustry': 'Refineries', 'orgid': None, 'attchmntText': 'A media statement issued by the Company is attached.', 'bflag': None, 'old_new': None, 'csvName': None, 'exchdisstime': '29-Dec-2025 21:24:35', 'difference': '00:00:01', 'fileSize': '304.13 KB', 'attFileSize': '304.13 KB', 'hasXbrl': True}",0.0
RELIANCE,NSE_CORP_ANN,Action(s) taken or orders passed,"Disclosure under Regulation 30 of the Securities and Exchange Board of India (Listing Obligations and Disclosure Requirements) Regulations, 2015 is attached.",,,"{'symbol': 'RELIANCE', 'desc': 'Action(s) taken or orders passed', 'dt': '24122025190247', 'attchmntFile': 'https://nsearchives.nseindia.com/corporate/PVIVINMA_24122025190151_RIL_SE24122025.pdf', 'sm_name': 'Reliance Industries Limited', 'sm_isin': 'INE002A01018', 'an_dt': '24-Dec-2025 19:02:47', 'sort_date': '2025-12-24 19:02:47', 'seq_id': '106476922', 'smIndustry': 'Refineries', 'orgid': None, 'attchmntText': 'Disclosure under Regulation 30 of the Securities and Exchange Board of India (Listing Obligations and Disclosure Requirements) Regulations, 2015 is attached.', 'bflag': None, 'old_new': None, 'csvName': None, 'exchdisstime': '24-Dec-2025 19:02:48', 'difference': '00:00:01', 'fileSize': '174.51 KB', 'attFileSize': '174.51 KB', 'hasXbrl': True}",0.0
RELIANCE,NSE_CORP_ANN,Credit Rating,Reliance Industries Limited has informed the Exchange about Credit Rating,,,"{'symbol': 'RELIANCE', 'desc': 'Credit Rating', 'dt': '23122025200219', 'attchmntFile': 'https://nsearchives.nseindia.com/corporate/NIYER_23122025200055_SE_IndiaRating.pdf', 'sm_name': 'Reliance Industries Limited', 'sm_isin': 'INE002A01018', 'an_dt': '23-Dec-2025 20:02:19', 'sort_date': '2025-12-23 20:02:19', 'seq_id': '106475585', 'smIndustry': 'Refineries', 'orgid': None, 'attchmntText': 'Reliance Industries Limited has informed the Exchange about Credit Rating', 'bflag': None, 'old_new': None, 'csvName': None, 'exchdisstime': '23-Dec-2025 20:02:20', 'difference': '00:00:01', 'fileSize': '173.67 KB', 'attFileSize': '173.67 KB', 'hasXbrl': True}",0.0
SBICARD,NSE_CORP_ANN,Trading Window,"Sbi Cards And Payment Services Limited has informed the Exchange regarding the Trading Window closure pursuant to SEBI (Prohibition of Insider Trading) Regulations, 2015",,,"{'symbol': 'SBICARD', 'desc': 'Trading Window', 'dt': '26122025173438', 'attchmntFile': 'https://nsearchives.nseindia.com/corporate/SBICPSL_26122025173137_SEFilingclosureoftradingwindow.pdf', 'sm_name': 'SBI Cards and Payment Services Limited', 'sm_isin': 'INE018E01016', 'an_dt': '26-Dec-2025 17:34:38', 'sort_date': '2025-12-26 17:34:38', 'seq_id': '106478815', 'smIndustry': None, 'orgid': None, 'attchmntText': 'Sbi Cards And Payment Services Limited has informed the Exchange regarding the Trading Window closure pursuant to SEBI (Prohibition of Insider Trading) Regulations, 2015', 'bflag': None, 'old_new': None, 'csvName': None, 'exchdisstime': '26-Dec-2025 17:34:39', 'difference': '00:00:01', 'fileSize': '893.56 KB', 'attFileSize': '893.56 KB', 'hasXbrl': True}",0.0
SBILIFE,NSE_CORP_ANN,General Updates,SBI Life Insurance Company Limited has informed the Exchange about General Updates,,,"{'symbol': 'SBILIFE', 'desc': 'General Updates', 'dt': '29122025223350', 'attchmntFile': 'https://nsearchives.nseindia.com/corporate/SBILIFE_29122025223320_IT29122025.pdf', 'sm_name': 'SBI Life Insurance Company Limited', 'sm_isin': 'INE123W01016', 'an_dt': '29-Dec-2025 22:33:50', 'sort_date': '2025-12-29 22:33:50', 'seq_id': '106481775', 'smIndustry': None, 'orgid': None, 'attchmntText': 'SBI Life Insurance Company Limited has informed the Exchange about General Updates', 'bflag': None, 'old_new': None, 'csvName': None, 'exchdisstime': '29-Dec-2025 22:33:52', 'difference': '00:00:02', 'fileSize': '2.95 MB', 'attFileSize': '2.95 MB', 'hasXbrl': True}",0.0
SBILIFE,NSE_CORP_ANN,Trading Window,"SBI Life Insurance Company Limited has informed the Exchange regarding the Trading Window closure pursuant to SEBI (Prohibition of Insider Trading) Regulations, 2015",,,"{'symbol': 'SBILIFE', 'desc': 'Trading Window', 'dt': '26122025182406', 'attchmntFile': 'https://nsearchives.nseindia.com/corporate/SBILIFE_26122025182323_CTW26122025_signed.pdf', 'sm_name': 'SBI Life Insurance Company Limited', 'sm_isin': 'INE123W01016', 'an_dt': '26-Dec-2025 18:24:06', 'sort_date': '2025-12-26 18:24:06', 'seq_id': '106479000', 'smIndustry': None, 'orgid': None, 'attchmntText': 'SBI Life Insurance Company Limited has informed the Exchange regarding the Trading Window closure pursuant to SEBI (Prohibition of Insider Trading) Regulations, 2015', 'bflag': None, 'old_new': None, 'csvName': None, 'exchdisstime': '26-Dec-2025 18:24:06', 'difference': '00:00:00', 'fileSize': '2.89 MB', 'attFileSize': '2.89 MB', 'hasXbrl': True}",0.0
SHREECEM,NSE_CORP_ANN,General Updates,"SHREE CEMENT LIMITED has informed the Exchange regarding receipt of demand order from Excise & Taxation Officer, State Mohali, Ropar, Punjab",,,"{'symbol': 'SHREECEM', 'desc': 'General Updates', 'dt': '29122025135110', 'attchmntFile': 'https://nsearchives.nseindia.com/corporate/SHREECEM_29122025135057_NSE_BSE_Demand_order_291225.pdf', 'sm_name': 'SHREE CEMENT LIMITED', 'sm_isin': 'INE070A01015', 'an_dt': '29-Dec-2025 13:51:10', 'sort_date': '2025-12-29 13:51:10', 'seq_id': '106480698', 'smIndustry': 'Cement And Cement Products', 'orgid': None, 'attchmntText': 'SHREE CEMENT LIMITED has informed the Exchange regarding receipt of demand order from Excise & Taxation Officer, State Mohali, Ropar, Punjab', 'bflag': None, 'old_new': None, 'csvName': None, 'exchdisstime': '29-Dec-2025 13:51:11', 'difference': '00:00:01', 'fileSize': '222.75 KB', 'attFileSize': '222.75 KB', 'hasXbrl': True}",0.0
SHREECEM,NSE_CORP_ANN,Strikes/Lockouts/Disturbances,SHREE CEMENT LIMITED has informed the Exchange about strikes/lockouts/disturbances,,,"{'symbol': 'SHREECEM', 'desc': 'Strikes/Lockouts/Disturbances', 'dt': '23122025124344', 'attchmntFile': 'https://nsearchives.nseindia.com/corporate/SHREECEM_23122025124324_NSE_BSE_Raipur_strike_end_231225.pdf', 'sm_name': 'SHREE CEMENT LIMITED', 'sm_isin': 'INE070A01015', 'an_dt': '23-Dec-2025 12:43:44', 'sort_date': '2025-12-23 12:43:44', 'seq_id': '106474935', 'smIndustry': 'Cement And Cement Products', 'orgid': None, 'attchmntText': 'SHREE CEMENT LIMITED has informed the Exchange about strikes/lockouts/disturbances', 'bflag': None, 'old_new': None, 'csvName': None, 'exchdisstime': '23-Dec-2025 12:43:45', 'difference': '00:00:01', 'fileSize': '504.54 KB', 'attFileSize': '504.54 KB', 'hasXbrl': True}",0.0
SAMMAANCAP,NSE_CORP_ANN,Updates,"Sammaan Capital Limited has informed the Exchange regarding 'Pursuant to Regulation 57 of Securities and Exchange Board of India (Listing Obligations and Disclosure Requirements) Regulations, 2015, we hereby certify that our Company has made timely payment of Scheduled principal and interest amount in respect of the NCDs issued by our Company, on private placement basis'.",,,"{'symbol': 'SAMMAANCAP', 'desc': 'Updates', 'dt': '29122025191036', 'attchmntFile': 'https://nsearchives.nseindia.com/corporate/IHFL_29122025191018_SCL_Exchange_PP_intimation_57_29122025_DN6.pdf', 'sm_name': 'Sammaan Capital Limited', 'sm_isin': 'INE148I01020', 'an_dt': '29-Dec-2025 19:10:36', 'sort_date': '2025-12-29 19:10:36', 'seq_id': '106481600', 'smIndustry': None, 'orgid': None, 'attchmntText': ""Sammaan Capital Limited has informed the Exchange regarding 'Pursuant to Regulation 57 of Securities and Exchange Board of India (Listing Obligations and Disclosure Requirements) Regulations, 2015, we hereby certify that our Company has made timely payment of Scheduled principal and interest amount in respect of the NCDs issued by our Company, on private placement basis'."", 'bflag': None, 'old_new': None, 'csvName': None, 'exchdisstime': '29-Dec-2025 19:10:37', 'difference': '00:00:01', 'fileSize': '682.55 KB', 'attFileSize': '682.55 KB', 'hasXbrl': True}",0.0
SAMMAANCAP,NSE_CORP_ANN,Allotment of Securities,"Sammaan Capital Limited has informed the Exchange Pursuant to the applicable provisions of Securities and Exchange Board of India (Listing Obligations and Disclosure Requirements) Regulations, 2015, we wish to inform that Nomination & Remuneration Committee of the Board of Directors of the Company vide its resolution passed through Circulation today i.e. on December 25, 2025, has issued and allotted 3,00,617 (Three Lacs Six Hundred and Seventeen) fully paid-up Equity shares of face value INR 2/- each, to eligible employees, upon exercise of equivalent number of options vested in their favour under  Indiabulls Housing Finance Limited Employees Stock Option Scheme   2013  ( ESOP 2013 ).For details refer attach PDF.",,,"{'symbol': 'SAMMAANCAP', 'desc': 'Allotment of Securities', 'dt': '25122025225239', 'attchmntFile': 'https://nsearchives.nseindia.com/corporate/IHFL_25122025225132_SCL_ESOP_allotment_25Dec25.pdf', 'sm_name': 'Sammaan Capital Limited', 'sm_isin': 'INE148I01020', 'an_dt': '25-Dec-2025 22:52:39', 'sort_date': '2025-12-25 22:52:39', 'seq_id': '106477530', 'smIndustry': None, 'orgid': None, 'attchmntText': 'Sammaan Capital Limited has informed the Exchange Pursuant to the applicable provisions of Securities and Exchange Board of India (Listing Obligations and Disclosure Requirements) Regulations, 2015, we wish to inform that Nomination & Remuneration Committee of the Board of Directors of the Company vide its resolution passed through Circulation today i.e. on December 25, 2025, has issued and allotted 3,00,617 (Three Lacs Six Hundred and Seventeen) fully paid-up Equity shares of face value INR 2/- each, to eligible employees, upon exercise of equivalent number of options vested in their favour under  Indiabulls Housing Finance Limited Employees Stock Option Scheme   2013  ( ESOP 2013 ).For details refer attach PDF.', 'bflag': None, 'old_new': None, 'csvName': None, 'exchdisstime': '25-Dec-2025 22:52:41', 'difference': '00:00:02', 'fileSize': '316.93 KB', 'attFileSize': '316.93 KB', 'hasXbrl': True}",0.0
MOTHERSON,NSE_CORP_ANN,General Updates,Samvardhana Motherson International Limited has informed the exchange regarding update on acquisition.,,,"{'symbol': 'MOTHERSON', 'desc': 'General Updates', 'dt': '25122025214906', 'attchmntFile': 'https://nsearchives.nseindia.com/corporate/MOTHERSON_25122025214858_Disclosure_HRDPL.pdf', 'sm_name': 'Samvardhana Motherson International Limited', 'sm_isin': 'INE775A01035', 'an_dt': '25-Dec-2025 21:49:06', 'sort_date': '2025-12-25 21:49:06', 'seq_id': '106477519', 'smIndustry': None, 'orgid': None, 'attchmntText': 'Samvardhana Motherson International Limited has informed the exchange regarding update on acquisition.', 'bflag': None, 'old_new': None, 'csvName': None, 'exchdisstime': '25-Dec-2025 21:49:07', 'difference': '00:00:01', 'fileSize': '445.02 KB', 'attFileSize': '445.02 KB', 'hasXbrl': True}",0.0
MOTHERSON,NSE_CORP_ANN,Trading Window,"Samvardhana Motherson International Limited has informed the Exchange regarding the Trading Window closure pursuant to SEBI (Prohibition of Insider Trading) Regulations, 2015",,,"{'symbol': 'MOTHERSON', 'desc': 'Trading Window', 'dt': '24122025161547', 'attchmntFile': 'https://nsearchives.nseindia.com/corporate/MOTHERSON_24122025161539_Disclosure_TWC.pdf', 'sm_name': 'Samvardhana Motherson International Limited', 'sm_isin': 'INE775A01035', 'an_dt': '24-Dec-2025 16:15:47', 'sort_date': '2025-12-24 16:15:47', 'seq_id': '106476589', 'smIndustry': None, 'orgid': None, 'attchmntText': 'Samvardhana Motherson International Limited has informed the Exchange regarding the Trading Window closure pursuant to SEBI (Prohibition of Insider Trading) Regulations, 2015', 'bflag': None, 'old_new': None, 'csvName': None, 'exchdisstime': '24-Dec-2025 16:15:48', 'difference': '00:00:01', 'fileSize': '298.04 KB', 'attFileSize': '298.04 KB', 'hasXbrl': True}",0.0
SHRIRAMFIN,NSE_CORP_ANN,Credit Rating- Revision,Shriram Finance Limited has informed the Exchange about Credit Rating- Revision,,,"{'symbol': 'SHRIRAMFIN', 'desc': 'Credit Rating- Revision', 'dt': '29122025202524', 'attchmntFile': 'https://nsearchives.nseindia.com/corporate/Mathew_29122025202515_BSENSEIntimationofCreditRatingUpgradeCARE29122025.pdf', 'sm_name': 'Shriram Finance Limited', 'sm_isin': 'INE721A01013', 'an_dt': '29-Dec-2025 20:25:24', 'sort_date': '2025-12-29 20:25:24', 'seq_id': '106481700', 'smIndustry': None, 'orgid': None, 'attchmntText': 'Shriram Finance Limited has informed the Exchange about Credit Rating- Revision', 'bflag': None, 'old_new': None, 'csvName': None, 'exchdisstime': '29-Dec-2025 20:25:25', 'difference': '00:00:01', 'fileSize': '588.04 KB', 'attFileSize': '588.04 KB', 'hasXbrl': True}",0.0
SHRIRAMFIN,NSE_CORP_ANN,Analysts/Institutional Investor Meet/Con. Call Updates,Shriram Finance Limited has informed the Exchange about Intimation of Conference Call,,,"{'symbol': 'SHRIRAMFIN', 'desc': 'Analysts/Institutional Investor Meet/Con. Call Updates', 'dt': '24122025172958', 'attchmntFile': 'https://nsearchives.nseindia.com/corporate/Mathew_24122025172912_NSEBSE_Concall_Invite.pdf', 'sm_name': 'Shriram Finance Limited', 'sm_isin': 'INE721A01013', 'an_dt': '24-Dec-2025 17:29:58', 'sort_date': '2025-12-24 17:29:58', 'seq_id': '106476772', 'smIndustry': None, 'orgid': None, 'attchmntText': 'Shriram Finance Limited has informed the Exchange about Intimation of Conference Call', 'bflag': None, 'old_new': None, 'csvName': None, 'exchdisstime': '24-Dec-2025 17:30:00', 'difference': '00:00:02', 'fileSize': '207.36 KB', 'attFileSize': '207.36 KB', 'hasXbrl': True}",0.0
SHRIRAMFIN,NSE_CORP_ANN,Copy of Newspaper Publication,Shriram Finance Limited has informed the Exchange about Copy of Newspaper Publication with respect to dispatch of EGM notice,,,"{'symbol': 'SHRIRAMFIN', 'desc': 'Copy of Newspaper Publication', 'dt': '24122025144016', 'attchmntFile': 'https://nsearchives.nseindia.com/corporate/Mathew_24122025143914_NSEBSEnewspaperadvtpost.pdf', 'sm_name': 'Shriram Finance Limited', 'sm_isin': 'INE721A01013', 'an_dt': '24-Dec-2025 14:40:16', 'sort_date': '2025-12-24 14:40:16', 'seq_id': '106476399', 'smIndustry': None, 'orgid': None, 'attchmntText': 'Shriram Finance Limited has informed the Exchange about Copy of Newspaper Publication with respect to dispatch of EGM notice', 'bflag': None, 'old_new': None, 'csvName': None, 'exchdisstime': '24-Dec-2025 14:40:17', 'difference': '00:00:01', 'fileSize': '3.31 MB', 'attFileSize': '3.31 MB', 'hasXbrl': True}",0.0
SHRIRAMFIN,NSE_CORP_ANN,"Certificate under SEBI (Depositories and Participants) Regulations, 2018","Shriram Finance Limited has informed the Exchange about Certificate under SEBI (Depositories and Participants) Regulations, 2018",,,"{'symbol': 'SHRIRAMFIN', 'desc': 'Certificate under SEBI (Depositories and Participants) Regulations, 2018', 'dt': '23122025184358', 'attchmntFile': 'https://nsearchives.nseindia.com/corporate/Mathew_23122025184346_BSENSE_23122025.pdf', 'sm_name': 'Shriram Finance Limited', 'sm_isin': 'INE721A01013', 'an_dt': '23-Dec-2025 18:43:58', 'sort_date': '2025-12-23 18:43:58', 'seq_id': '106475502', 'smIndustry': None, 'orgid': None, 'attchmntText': 'Shriram Finance Limited has informed the Exchange about Certificate under SEBI (Depositories and Participants) Regulations, 2018', 'bflag': None, 'old_new': None, 'csvName': None, 'exchdisstime': '23-Dec-2025 18:43:59', 'difference': '00:00:01', 'fileSize': '1.24 MB', 'attFileSize': '1.24 MB', 'hasXbrl': True}",0.0
SHRIRAMFIN,NSE_CORP_ANN,Shareholders meeting,"Shriram Finance Limited has informed the Exchange regarding Notice of Extraordinary General Meeting to be held on January 14, 2026",,,"{'symbol': 'SHRIRAMFIN', 'desc': 'Shareholders meeting', 'dt': '23122025171502', 'attchmntFile': 'https://nsearchives.nseindia.com/corporate/Mathew_23122025171449_NSEBSENoticeofEGM.pdf', 'sm_name': 'Shriram Finance Limited', 'sm_isin': 'INE721A01013', 'an_dt': '23-Dec-2025 17:15:02', 'sort_date': '2025-12-23 17:15:02', 'seq_id': '106475330', 'smIndustry': None, 'orgid': None, 'attchmntText': 'Shriram Finance Limited has informed the Exchange regarding Notice of Extraordinary General Meeting to be held on January 14, 2026', 'bflag': None, 'old_new': None, 'csvName': None, 'exchdisstime': '23-Dec-2025 17:15:03', 'difference': '00:00:01', 'fileSize': '667.89 KB', 'attFileSize': '667.89 KB', 'hasXbrl': True}",0.0
SIEMENS,NSE_CORP_ANN,Trading Window,"Siemens Limited has informed the Exchange regarding the Trading Window closure pursuant to SEBI (Prohibition of Insider Trading) Regulations, 2015",,,"{'symbol': 'SIEMENS', 'desc': 'Trading Window', 'dt': '29122025171129', 'attchmntFile': 'https://nsearchives.nseindia.com/corporate/SiemensRaj_29122025171120_SEIntimationTWCsigned.pdf', 'sm_name': 'Siemens Limited', 'sm_isin': 'INE003A01024', 'an_dt': '29-Dec-2025 17:11:29', 'sort_date': '2025-12-29 17:11:29', 'seq_id': '106481258', 'smIndustry': 'Electrical Equipment', 'orgid': None, 'attchmntText': 'Siemens Limited has informed the Exchange regarding the Trading Window closure pursuant to SEBI (Prohibition of Insider Trading) Regulations, 2015', 'bflag': None, 'old_new': None, 'csvName': None, 'exchdisstime': '29-Dec-2025 17:11:29', 'difference': '00:00:00', 'fileSize': '185.09 KB', 'attFileSize': '185.09 KB', 'hasXbrl': True}",0.0
SIEMENS,NSE_CORP_ANN,Updates,"Siemens Limited has informed the Exchange regarding 'Information pursuant to Regulation 30(5) of the SEBI (Listing Obligations and Disclosure Requirements) Regulations, 2015'.",,,"{'symbol': 'SIEMENS', 'desc': 'Updates', 'dt': '26122025171032', 'attchmntFile': 'https://nsearchives.nseindia.com/corporate/SiemensRaj_26122025171019_Siemens_-_Intimation_under_Regulation_30_5___1_.pdf', 'sm_name': 'Siemens Limited', 'sm_isin': 'INE003A01024', 'an_dt': '26-Dec-2025 17:10:32', 'sort_date': '2025-12-26 17:10:32', 'seq_id': '106478752', 'smIndustry': 'Electrical Equipment', 'orgid': None, 'attchmntText': ""Siemens Limited has informed the Exchange regarding 'Information pursuant to Regulation 30(5) of the SEBI (Listing Obligations and Disclosure Requirements) Regulations, 2015'."", 'bflag': None, 'old_new': None, 'csvName': None, 'exchdisstime': '26-Dec-2025 17:10:33', 'difference': '00:00:01', 'fileSize': '185.82 KB', 'attFileSize': '185.82 KB', 'hasXbrl': True}",0.0
SIEMENS,NSE_CORP_ANN,Copy of Newspaper Publication,Siemens Limited has informed the Exchange about Copy of Newspaper Publication,,,"{'symbol': 'SIEMENS', 'desc': 'Copy of Newspaper Publication', 'dt': '26122025170731', 'attchmntFile': 'https://nsearchives.nseindia.com/corporate/SiemensRaj_26122025170721_SE-Disclosure.pdf', 'sm_name': 'Siemens Limited', 'sm_isin': 'INE003A01024', 'an_dt': '26-Dec-2025 17:07:31', 'sort_date': '2025-12-26 17:07:31', 'seq_id': '106478740', 'smIndustry': 'Electrical Equipment', 'orgid': None, 'attchmntText': 'Siemens Limited has informed the Exchange about Copy of Newspaper Publication', 'bflag': None, 'old_new': None, 'csvName': None, 'exchdisstime': '26-Dec-2025 17:07:31', 'difference': '00:00:00', 'fileSize': '1.76 MB', 'attFileSize': '1.76 MB', 'hasXbrl': True}",0.0
SOLARINDS,NSE_CORP_ANN,Trading Window,"Solar Industries India Limited has informed the Exchange regarding the Trading Window closure pursuant to SEBI (Prohibition of Insider Trading) Regulations, 2015",,,"{'symbol': 'SOLARINDS', 'desc': 'Trading Window', 'dt': '26122025181523', 'attchmntFile': 'https://nsearchives.nseindia.com/corporate/SOLARINDS_26122025180728_TWsigned.pdf', 'sm_name': 'Solar Industries India Limited', 'sm_isin': 'INE343H01011', 'an_dt': '26-Dec-2025 18:15:23', 'sort_date': '2025-12-26 18:15:23', 'seq_id': '106478969', 'smIndustry': 'Chemicals - Speciality', 'orgid': None, 'attchmntText': 'Solar Industries India Limited has informed the Exchange regarding the Trading Window closure pursuant to SEBI (Prohibition of Insider Trading) Regulations, 2015', 'bflag': None, 'old_new': None, 'csvName': None, 'exchdisstime': '26-Dec-2025 18:15:24', 'difference': '00:00:01', 'fileSize': '3.22 MB', 'attFileSize': '3.22 MB', 'hasXbrl': True}",0.0
SOLARINDS,NSE_CORP_ANN,Issue of Securities,Solar Industries India Limited has informed the Exchange about issue of Securities,,,"{'symbol': 'SOLARINDS', 'desc': 'Issue of Securities', 'dt': '23122025182950', 'attchmntFile': 'https://nsearchives.nseindia.com/corporate/SOLARINDS_23122025182854_CP_disc_december.pdf', 'sm_name': 'Solar Industries India Limited', 'sm_isin': 'INE343H01011', 'an_dt': '23-Dec-2025 18:29:50', 'sort_date': '2025-12-23 18:29:50', 'seq_id': '106475482', 'smIndustry': 'Chemicals - Speciality', 'orgid': None, 'attchmntText': 'Solar Industries India Limited has informed the Exchange about issue of Securities', 'bflag': None, 'old_new': None, 'csvName': None, 'exchdisstime': '23-Dec-2025 18:29:52', 'difference': '00:00:02', 'fileSize': '3.07 MB', 'attFileSize': '3.07 MB', 'hasXbrl': True}",0.0
SBIN,NSE_CORP_ANN,Trading Window,"State Bank Of India has informed the Exchange regarding the Trading Window closure pursuant to SEBI (Prohibition of Insider Trading) Regulations, 2015",,,"{'symbol': 'SBIN', 'desc': 'Trading Window', 'dt': '29122025172658', 'attchmntFile': 'https://nsearchives.nseindia.com/corporate/SBIN_29122025172638_BSE_NSE_TradingWindowClosure_29122025.pdf', 'sm_name': 'State Bank of India', 'sm_isin': 'INE062A01012', 'an_dt': '29-Dec-2025 17:26:58', 'sort_date': '2025-12-29 17:26:58', 'seq_id': '106481321', 'smIndustry': 'Banks', 'orgid': None, 'attchmntText': 'State Bank Of India has informed the Exchange regarding the Trading Window closure pursuant to SEBI (Prohibition of Insider Trading) Regulations, 2015', 'bflag': None, 'old_new': None, 'csvName': None, 'exchdisstime': '29-Dec-2025 17:26:58', 'difference': '00:00:00', 'fileSize': '239.91 KB', 'attFileSize': '239.91 KB', 'hasXbrl': True}",0.0
SAIL,NSE_CORP_ANN,Trading Window,"Steel Authority of India Limited has informed the Exchange regarding the Trading Window closure pursuant to SEBI (Prohibition of Insider Trading) Regulations, 2015",,,"{'symbol': 'SAIL', 'desc': 'Trading Window', 'dt': '26122025105920', 'attchmntFile': 'https://nsearchives.nseindia.com/corporate/SAIL_26122025105902_cltw_dec2025.pdf', 'sm_name': 'Steel Authority of India Limited', 'sm_isin': 'INE114A01011', 'an_dt': '26-Dec-2025 10:59:20', 'sort_date': '2025-12-26 10:59:20', 'seq_id': '106477819', 'smIndustry': 'Steel And Steel Products', 'orgid': None, 'attchmntText': 'Steel Authority of India Limited has informed the Exchange regarding the Trading Window closure pursuant to SEBI (Prohibition of Insider Trading) Regulations, 2015', 'bflag': None, 'old_new': None, 'csvName': None, 'exchdisstime': '26-Dec-2025 10:59:21', 'difference': '00:00:01', 'fileSize': '35.00 KB', 'attFileSize': '35.00 KB', 'hasXbrl': True}",0.0
SAIL,NSE_CORP_ANN,Appointment,"Steel Authority of India Limited has informed the Exchange regarding Appointment of Mr Priya Ranjan as Executive Director of the company w.e.f. December 24, 2025.",,,"{'symbol': 'SAIL', 'desc': 'Appointment', 'dt': '25122025201104', 'attchmntFile': 'https://nsearchives.nseindia.com/corporate/SAIL_25122025201044_24122025.pdf', 'sm_name': 'Steel Authority of India Limited', 'sm_isin': 'INE114A01011', 'an_dt': '25-Dec-2025 20:11:04', 'sort_date': '2025-12-25 20:11:04', 'seq_id': '106477508', 'smIndustry': 'Steel And Steel Products', 'orgid': None, 'attchmntText': 'Steel Authority of India Limited has informed the Exchange regarding Appointment of Mr Priya Ranjan as Executive Director of the company w.e.f. December 24, 2025.', 'bflag': None, 'old_new': None, 'csvName': None, 'exchdisstime': '25-Dec-2025 20:11:06', 'difference': '00:00:02', 'fileSize': '87.48 KB', 'attFileSize': '87.48 KB', 'hasXbrl': True}",0.0
SUNPHARMA,NSE_CORP_ANN,Trading Window,"Sun Pharmaceutical Industries Limited has informed the Exchange regarding the Trading Window closure pursuant to SEBI (Prohibition of Insider Trading) Regulations, 2015",,,"{'symbol': 'SUNPHARMA', 'desc': 'Trading Window', 'dt': '29122025163736', 'attchmntFile': 'https://nsearchives.nseindia.com/corporate/SUNSEC_29122025163650_SEintimationforCTW.pdf', 'sm_name': 'Sun Pharmaceutical Industries Limited', 'sm_isin': 'INE044A01028', 'an_dt': '29-Dec-2025 16:37:36', 'sort_date': '2025-12-29 16:37:36', 'seq_id': '106481131', 'smIndustry': 'Pharmaceuticals', 'orgid': None, 'attchmntText': 'Sun Pharmaceutical Industries Limited has informed the Exchange regarding the Trading Window closure pursuant to SEBI (Prohibition of Insider Trading) Regulations, 2015', 'bflag': None, 'old_new': None, 'csvName': None, 'exchdisstime': '29-Dec-2025 16:37:37', 'difference': '00:00:01', 'fileSize': '252.18 KB', 'attFileSize': '252.18 KB', 'hasXbrl': True}",0.0
SUNPHARMA,NSE_CORP_ANN,Investor Presentation,Sun Pharmaceutical Industries Limited has informed the Exchange about Investor Presentation,,,"{'symbol': 'SUNPHARMA', 'desc': 'Investor Presentation', 'dt': '26122025144808', 'attchmntFile': 'https://nsearchives.nseindia.com/corporate/SUNPHARMA456_26122025144727_IntimationSE20251226_Investor_Presenatation_Dec_2025_Signed.pdf', 'sm_name': 'Sun Pharmaceutical Industries Limited', 'sm_isin': 'INE044A01028', 'an_dt': '26-Dec-2025 14:48:08', 'sort_date': '2025-12-26 14:48:08', 'seq_id': '106478334', 'smIndustry': 'Pharmaceuticals', 'orgid': None, 'attchmntText': 'Sun Pharmaceutical Industries Limited has informed the Exchange about Investor Presentation', 'bflag': None, 'old_new': None, 'csvName': None, 'exchdisstime': '26-Dec-2025 14:48:09', 'difference': '00:00:01', 'fileSize': '3.14 MB', 'attFileSize': '3.14 MB', 'hasXbrl': True}",0.0
SUNPHARMA,NSE_CORP_ANN,Copy of Newspaper Publication,Sun Pharmaceutical Industries Limited has informed the Exchange about Newspaper Advertisement,,,"{'symbol': 'SUNPHARMA', 'desc': 'Copy of Newspaper Publication', 'dt': '23122025131507', 'attchmntFile': 'https://nsearchives.nseindia.com/corporate/SUNSEC_23122025131453_SEIntimationforSpecialWindow.pdf', 'sm_name': 'Sun Pharmaceutical Industries Limited', 'sm_isin': 'INE044A01028', 'an_dt': '23-Dec-2025 13:15:07', 'sort_date': '2025-12-23 13:15:07', 'seq_id': '106474967', 'smIndustry': 'Pharmaceuticals', 'orgid': None, 'attchmntText': 'Sun Pharmaceutical Industries Limited has informed the Exchange about Newspaper Advertisement', 'bflag': None, 'old_new': None, 'csvName': None, 'exchdisstime': '23-Dec-2025 13:15:08', 'difference': '00:00:01', 'fileSize': '2.77 MB', 'attFileSize': '2.77 MB', 'hasXbrl': True}",0.0
SUPREMEIND,NSE_CORP_ANN,Trading Window,"Supreme Industries Limited has informed the Exchange regarding the Trading Window closure pursuant to SEBI (Prohibition of Insider Trading) Regulations, 2015",,,"{'symbol': 'SUPREMEIND', 'desc': 'Trading Window', 'dt': '26122025152055', 'attchmntFile': 'https://nsearchives.nseindia.com/corporate/SUPREMEIND_26122025152022_StockExcahngeIntimationofClosureofTradingWindow26122025.pdf', 'sm_name': 'Supreme Industries Limited', 'sm_isin': 'INE195A01010', 'an_dt': '26-Dec-2025 15:20:55', 'sort_date': '2025-12-26 15:20:55', 'seq_id': '106478411', 'smIndustry': 'Plastic And Plastic Products', 'orgid': None, 'attchmntText': 'Supreme Industries Limited has informed the Exchange regarding the Trading Window closure pursuant to SEBI (Prohibition of Insider Trading) Regulations, 2015', 'bflag': None, 'old_new': None, 'csvName': None, 'exchdisstime': '26-Dec-2025 15:20:55', 'difference': '00:00:00', 'fileSize': '488.04 KB', 'attFileSize': '488.04 KB', 'hasXbrl': True}",0.0
SUPREMEIND,NSE_CORP_ANN,Credit Rating,Supreme Industries Limited has informed the Exchange about Credit Rating,,,"{'symbol': 'SUPREMEIND', 'desc': 'Credit Rating', 'dt': '25122025154523', 'attchmntFile': 'https://nsearchives.nseindia.com/corporate/SUPREMEIND_25122025154459_IntimationregardingCreditRating.pdf', 'sm_name': 'Supreme Industries Limited', 'sm_isin': 'INE195A01010', 'an_dt': '25-Dec-2025 15:45:23', 'sort_date': '2025-12-25 15:45:23', 'seq_id': '106477363', 'smIndustry': 'Plastic And Plastic Products', 'orgid': None, 'attchmntText': 'Supreme Industries Limited has informed the Exchange about Credit Rating', 'bflag': None, 'old_new': None, 'csvName': None, 'exchdisstime': '25-Dec-2025 15:45:24', 'difference': '00:00:01', 'fileSize': '186.52 KB', 'attFileSize': '186.52 KB', 'hasXbrl': True}",0.0
SUPREMEIND,NSE_CORP_ANN,Bagging/Receiving of orders/contracts,Letter of Acceptance (LOA) received from Bharat Petroleum Corporation Ltd (BPCL) for Repeat Order for supply of 10 KG Composite LPG Cylinders,,,"{'symbol': 'SUPREMEIND', 'desc': 'Bagging/Receiving of orders/contracts', 'dt': '24122025161900', 'attchmntFile': 'https://nsearchives.nseindia.com/corporate/SUPREMEIND_24122025161816_LetterofacceptancerecefromBharatPetroleumCorLtddt24122025.pdf', 'sm_name': 'Supreme Industries Limited', 'sm_isin': 'INE195A01010', 'an_dt': '24-Dec-2025 16:19:00', 'sort_date': '2025-12-24 16:19:00', 'seq_id': '106476599', 'smIndustry': 'Plastic And Plastic Products', 'orgid': None, 'attchmntText': 'Letter of Acceptance (LOA) received from Bharat Petroleum Corporation Ltd (BPCL) for Repeat Order for supply of 10 KG Composite LPG Cylinders', 'bflag': None, 'old_new': None, 'csvName': None, 'exchdisstime': '24-Dec-2025 16:19:01', 'difference': '00:00:01', 'fileSize': '1.07 MB', 'attFileSize': '1.07 MB', 'hasXbrl': True}",0.0
SUZLON,NSE_CORP_ANN,Resignation,"Suzlon Energy Limited has informed the Exchange regarding Resignation of Mr Vivek Srivastava as Other of the company w.e.f. December 26, 2025.",,,"{'symbol': 'SUZLON', 'desc': 'Resignation', 'dt': '26122025193937', 'attchmntFile': 'https://nsearchives.nseindia.com/corporate/SUZLON1_26122025193721_Suzlon26122025.pdf', 'sm_name': 'Suzlon Energy Limited', 'sm_isin': 'INE040H01021', 'an_dt': '26-Dec-2025 19:39:37', 'sort_date': '2025-12-26 19:39:37', 'seq_id': '106479165', 'smIndustry': 'Electrical Equipment', 'orgid': None, 'attchmntText': 'Suzlon Energy Limited has informed the Exchange regarding Resignation of Mr Vivek Srivastava as Other of the company w.e.f. December 26, 2025.', 'bflag': None, 'old_new': None, 'csvName': None, 'exchdisstime': '26-Dec-2025 19:39:38', 'difference': '00:00:01', 'fileSize': '265.36 KB', 'attFileSize': '265.36 KB', 'hasXbrl': True}",0.0
SUZLON,NSE_CORP_ANN,Trading Window,"Suzlon Energy Limited has informed the Exchange regarding the Trading Window closure pursuant to SEBI (Prohibition of Insider Trading) Regulations, 2015",,,"{'symbol': 'SUZLON', 'desc': 'Trading Window', 'dt': '24122025152540', 'attchmntFile': 'https://nsearchives.nseindia.com/corporate/SUZLON2_24122025152136_Suzlon24122025.pdf', 'sm_name': 'Suzlon Energy Limited', 'sm_isin': 'INE040H01021', 'an_dt': '24-Dec-2025 15:25:40', 'sort_date': '2025-12-24 15:25:40', 'seq_id': '106476471', 'smIndustry': 'Electrical Equipment', 'orgid': None, 'attchmntText': 'Suzlon Energy Limited has informed the Exchange regarding the Trading Window closure pursuant to SEBI (Prohibition of Insider Trading) Regulations, 2015', 'bflag': None, 'old_new': None, 'csvName': None, 'exchdisstime': '24-Dec-2025 15:25:41', 'difference': '00:00:01', 'fileSize': '605.75 KB', 'attFileSize': '605.75 KB', 'hasXbrl': True}",0.0
SYNGENE,NSE_CORP_ANN,Trading Window,"Syngene International Limited has informed the Exchange regarding the Trading Window closure pursuant to SEBI (Prohibition of Insider Trading) Regulations, 2015",,,"{'symbol': 'SYNGENE', 'desc': 'Trading Window', 'dt': '27122025162021', 'attchmntFile': 'https://nsearchives.nseindia.com/corporate/SYNGENE2_27122025161842_Tradingwindowclosureintimation27122025.pdf', 'sm_name': 'Syngene International Limited', 'sm_isin': 'INE398R01022', 'an_dt': '27-Dec-2025 16:20:21', 'sort_date': '2025-12-27 16:20:21', 'seq_id': '106479792', 'smIndustry': None, 'orgid': None, 'attchmntText': 'Syngene International Limited has informed the Exchange regarding the Trading Window closure pursuant to SEBI (Prohibition of Insider Trading) Regulations, 2015', 'bflag': None, 'old_new': None, 'csvName': None, 'exchdisstime': '27-Dec-2025 16:20:21', 'difference': '00:00:00', 'fileSize': '204.92 KB', 'attFileSize': '204.92 KB', 'hasXbrl': True}",0.0
SYNGENE,NSE_CORP_ANN,Acquisition,Syngene International Limited has informed the Exchange about Acquisition,,,"{'symbol': 'SYNGENE', 'desc': 'Acquisition', 'dt': '23122025211856', 'attchmntFile': 'https://nsearchives.nseindia.com/corporate/SYNGENE2_23122025211722_IntimationofInvestment.pdf', 'sm_name': 'Syngene International Limited', 'sm_isin': 'INE398R01022', 'an_dt': '23-Dec-2025 21:18:56', 'sort_date': '2025-12-23 21:18:56', 'seq_id': '106475612', 'smIndustry': None, 'orgid': None, 'attchmntText': 'Syngene International Limited has informed the Exchange about Acquisition', 'bflag': None, 'old_new': None, 'csvName': None, 'exchdisstime': '23-Dec-2025 21:18:57', 'difference': '00:00:01', 'fileSize': '253.17 KB', 'attFileSize': '253.17 KB', 'hasXbrl': True}",0.0
TITAGARH,NSE_CORP_ANN,Trading Window,"TITAGARH RAIL SYSTEMS LIMITED has informed the Exchange regarding the Trading Window closure pursuant to SEBI (Prohibition of Insider Trading) Regulations, 2015",,,"{'symbol': 'TITAGARH', 'desc': 'Trading Window', 'dt': '26122025193204', 'attchmntFile': 'https://nsearchives.nseindia.com/corporate/TWL_26122025193150_TradingWindowClosure26122025.pdf', 'sm_name': 'TITAGARH RAIL SYSTEMS LIMITED', 'sm_isin': 'INE615H01020', 'an_dt': '26-Dec-2025 19:32:04', 'sort_date': '2025-12-26 19:32:04', 'seq_id': '106479154', 'smIndustry': None, 'orgid': None, 'attchmntText': 'TITAGARH RAIL SYSTEMS LIMITED has informed the Exchange regarding the Trading Window closure pursuant to SEBI (Prohibition of Insider Trading) Regulations, 2015', 'bflag': None, 'old_new': None, 'csvName': None, 'exchdisstime': '26-Dec-2025 19:32:05', 'difference': '00:00:01', 'fileSize': '195.40 KB', 'attFileSize': '195.40 KB', 'hasXbrl': True}",0.0
TVSMOTOR,NSE_CORP_ANN,Trading Window,"TVS Motor Company Limited has informed the Exchange regarding the Trading Window closure pursuant to SEBI (Prohibition of Insider Trading) Regulations, 2015",,,"{'symbol': 'TVSMOTOR', 'desc': 'Trading Window', 'dt': '29122025175401', 'attchmntFile': 'https://nsearchives.nseindia.com/corporate/TVSMOTOR_29122025175340_TVSM_NSEBSE_TWC_sd.pdf', 'sm_name': 'TVS Motor Company Limited', 'sm_isin': 'INE494B01015', 'an_dt': '29-Dec-2025 17:54:01', 'sort_date': '2025-12-29 17:54:01', 'seq_id': '106481406', 'smIndustry': 'Automobiles - 2 And 3 Wheelers', 'orgid': None, 'attchmntText': 'TVS Motor Company Limited has informed the Exchange regarding the Trading Window closure pursuant to SEBI (Prohibition of Insider Trading) Regulations, 2015', 'bflag': None, 'old_new': None, 'csvName': None, 'exchdisstime': '29-Dec-2025 17:54:02', 'difference': '00:00:01', 'fileSize': '206.93 KB', 'attFileSize': '206.93 KB', 'hasXbrl': True}",0.0
TVSMOTOR,NSE_CORP_ANN,Copy of Newspaper Publication,TVS Motor Company Limited has informed the Exchange about Copy of Newspaper Publication,,,"{'symbol': 'TVSMOTOR', 'desc': 'Copy of Newspaper Publication', 'dt': '29122025163331', 'attchmntFile': 'https://nsearchives.nseindia.com/corporate/TVSMOTOR_29122025163319_NSEBSEIntimation_sd.pdf', 'sm_name': 'TVS Motor Company Limited', 'sm_isin': 'INE494B01015', 'an_dt': '29-Dec-2025 16:33:31', 'sort_date': '2025-12-29 16:33:31', 'seq_id': '106481110', 'smIndustry': 'Automobiles - 2 And 3 Wheelers', 'orgid': None, 'attchmntText': 'TVS Motor Company Limited has informed the Exchange about Copy of Newspaper Publication', 'bflag': None, 'old_new': None, 'csvName': None, 'exchdisstime': '29-Dec-2025 16:33:32', 'difference': '00:00:01', 'fileSize': '5.40 MB', 'attFileSize': '5.40 MB', 'hasXbrl': True}",0.0
TVSMOTOR,NSE_CORP_ANN,Shareholders meeting,TVS Motor Company Limited has informed the Exchange regarding Notice of Postal Ballot,,,"{'symbol': 'TVSMOTOR', 'desc': 'Shareholders meeting', 'dt': '23122025130945', 'attchmntFile': 'https://nsearchives.nseindia.com/corporate/TVSMOTOR_23122025130930_NSEBSEIntimation_sd.pdf', 'sm_name': 'TVS Motor Company Limited', 'sm_isin': 'INE494B01015', 'an_dt': '23-Dec-2025 13:09:45', 'sort_date': '2025-12-23 13:09:45', 'seq_id': '106474963', 'smIndustry': 'Automobiles - 2 And 3 Wheelers', 'orgid': None, 'attchmntText': 'TVS Motor Company Limited has informed the Exchange regarding Notice of Postal Ballot', 'bflag': None, 'old_new': None, 'csvName': None, 'exchdisstime': '23-Dec-2025 13:09:46', 'difference': '00:00:01', 'fileSize': '488.22 KB', 'attFileSize': '488.22 KB', 'hasXbrl': True}",0.0
TCS,NSE_CORP_ANN,Analysts/Institutional Investor Meet/Con. Call Updates,Tata Consultancy Services Limited has informed the Exchange about Transcript,,,"{'symbol': 'TCS', 'desc': 'Analysts/Institutional Investor Meet/Con. Call Updates', 'dt': '23122025195728', 'attchmntFile': 'https://nsearchives.nseindia.com/corporate/TCS_CORPCS_23122025195649_Signed_SEInt_letter.pdf', 'sm_name': 'Tata Consultancy Services Limited', 'sm_isin': 'INE467B01029', 'an_dt': '23-Dec-2025 19:57:28', 'sort_date': '2025-12-23 19:57:28', 'seq_id': '106475579', 'smIndustry': 'Computers - Software', 'orgid': None, 'attchmntText': 'Tata Consultancy Services Limited has informed the Exchange about Transcript', 'bflag': None, 'old_new': None, 'csvName': None, 'exchdisstime': '23-Dec-2025 19:57:29', 'difference': '00:00:01', 'fileSize': '1.07 MB', 'attFileSize': '1.07 MB', 'hasXbrl': True}",0.0
TCS,NSE_CORP_ANN,Record Date,Tata Consultancy Services Limited has informed the Exchange that Record date for the purpose of Dividend  is 17-Jan-2026.,,,"{'symbol': 'TCS', 'desc': 'Record Date', 'dt': '23122025191851', 'attchmntFile': 'https://nsearchives.nseindia.com/corporate/TCS_CORPCS_23122025191627_PreBMSEIntsigned.pdf', 'sm_name': 'Tata Consultancy Services Limited', 'sm_isin': 'INE467B01029', 'an_dt': '23-Dec-2025 19:18:51', 'sort_date': '2025-12-23 19:18:51', 'seq_id': '106475548', 'smIndustry': 'Computers - Software', 'orgid': None, 'attchmntText': 'Tata Consultancy Services Limited has informed the Exchange that Record date for the purpose of Dividend  is 17-Jan-2026.', 'bflag': None, 'old_new': None, 'csvName': None, 'exchdisstime': '23-Dec-2025 19:18:52', 'difference': '00:00:01', 'fileSize': '291.07 KB', 'attFileSize': '291.07 KB', 'hasXbrl': True}",0.0
TATAELXSI,NSE_CORP_ANN,Trading Window,"Tata Elxsi Limited has informed the Exchange regarding the Trading Window closure pursuant to SEBI (Prohibition of Insider Trading) Regulations, 2015",,,"{'symbol': 'TATAELXSI', 'desc': 'Trading Window', 'dt': '23122025155220', 'attchmntFile': 'https://nsearchives.nseindia.com/corporate/TELNSE_23122025155108_SEIntimationTradingWindowClosure.pdf', 'sm_name': 'Tata Elxsi Limited', 'sm_isin': 'INE670A01012', 'an_dt': '23-Dec-2025 15:52:20', 'sort_date': '2025-12-23 15:52:20', 'seq_id': '106475141', 'smIndustry': 'Computers - Software', 'orgid': None, 'attchmntText': 'Tata Elxsi Limited has informed the Exchange regarding the Trading Window closure pursuant to SEBI (Prohibition of Insider Trading) Regulations, 2015', 'bflag': None, 'old_new': None, 'csvName': None, 'exchdisstime': '23-Dec-2025 15:52:20', 'difference': '00:00:00', 'fileSize': '225.90 KB', 'attFileSize': '225.90 KB', 'hasXbrl': True}",0.0
TMPV,NSE_CORP_ANN,Shareholders meeting,Tata Motors Passenger Vehicles Limited has submitted the Exchange a copy Srutinizers report of  Postal Ballot,,,"{'symbol': 'TMPV', 'desc': 'Shareholders meeting', 'dt': '29122025204531', 'attchmntFile': 'https://nsearchives.nseindia.com/corporate/TATAMOTORSSJS_29122025204453_NSEBSEPOSTALBALLOTRESULTSPV.pdf', 'sm_name': 'Tata Motors Passenger Vehicles Limited', 'sm_isin': 'INE155A01022', 'an_dt': '29-Dec-2025 20:45:31', 'sort_date': '2025-12-29 20:45:31', 'seq_id': '106481710', 'smIndustry': None, 'orgid': None, 'attchmntText': 'Tata Motors Passenger Vehicles Limited has submitted the Exchange a copy Srutinizers report of  Postal Ballot', 'bflag': None, 'old_new': None, 'csvName': None, 'exchdisstime': '29-Dec-2025 20:45:33', 'difference': '00:00:02', 'fileSize': '6.26 MB', 'attFileSize': '6.26 MB', 'hasXbrl': True}",0.0
TMPV,NSE_CORP_ANN,Trading Window,"Tata Motors Passenger Vehicles Limited has informed the Exchange regarding the Trading Window closure pursuant to SEBI (Prohibition of Insider Trading) Regulations, 2015",,,"{'symbol': 'TMPV', 'desc': 'Trading Window', 'dt': '24122025205414', 'attchmntFile': 'https://nsearchives.nseindia.com/corporate/TATAMOTORSSJS_24122025205358_NSEBSELETTERtradingwindowPV.pdf', 'sm_name': 'Tata Motors Passenger Vehicles Limited', 'sm_isin': 'INE155A01022', 'an_dt': '24-Dec-2025 20:54:14', 'sort_date': '2025-12-24 20:54:14', 'seq_id': '106476976', 'smIndustry': None, 'orgid': None, 'attchmntText': 'Tata Motors Passenger Vehicles Limited has informed the Exchange regarding the Trading Window closure pursuant to SEBI (Prohibition of Insider Trading) Regulations, 2015', 'bflag': None, 'old_new': None, 'csvName': None, 'exchdisstime': '24-Dec-2025 20:54:15', 'difference': '00:00:01', 'fileSize': '223.11 KB', 'attFileSize': '223.11 KB', 'hasXbrl': True}",0.0
TATAPOWER,NSE_CORP_ANN,Analysts/Institutional Investor Meet/Con. Call Updates,Tata Power Company Limited has informed the Exchange about Schedule of meet,,,"{'symbol': 'TATAPOWER', 'desc': 'Analysts/Institutional Investor Meet/Con. Call Updates', 'dt': '29122025123154', 'attchmntFile': 'https://nsearchives.nseindia.com/corporate/VPTPCL_29122025123146_Intimation_Analyst_Meet_Dec_29.pdf', 'sm_name': 'Tata Power Company Limited', 'sm_isin': 'INE245A01013', 'an_dt': '29-Dec-2025 12:31:54', 'sort_date': '2025-12-29 12:31:54', 'seq_id': '106480554', 'smIndustry': 'Power', 'orgid': None, 'attchmntText': 'Tata Power Company Limited has informed the Exchange about Schedule of meet', 'bflag': None, 'old_new': None, 'csvName': None, 'exchdisstime': '29-Dec-2025 12:31:54', 'difference': '00:00:00', 'fileSize': '226.34 KB', 'attFileSize': '226.34 KB', 'hasXbrl': True}",0.0
TATASTEEL,NSE_CORP_ANN,Pendency of Litigation(s)/dispute(s) or the outcome impacting the Company,Tata Steel Limited has informed the Exchange about Pendency of Litigation(s)/dispute(s) or the outcome impacting the Company,,,"{'symbol': 'TATASTEEL', 'desc': 'Pendency of Litigation(s)/dispute(s) or the outcome impacting the Company', 'dt': '28122025163349', 'attchmntFile': 'https://nsearchives.nseindia.com/corporate/NIDHIFADNAVIS_28122025162901_BSENSE.pdf', 'sm_name': 'Tata Steel Limited', 'sm_isin': 'INE081A01012', 'an_dt': '28-Dec-2025 16:33:49', 'sort_date': '2025-12-28 16:33:49', 'seq_id': '106480077', 'smIndustry': 'Steel And Steel Products', 'orgid': None, 'attchmntText': 'Tata Steel Limited has informed the Exchange about Pendency of Litigation(s)/dispute(s) or the outcome impacting the Company', 'bflag': None, 'old_new': None, 'csvName': None, 'exchdisstime': '28-Dec-2025 16:33:51', 'difference': '00:00:02', 'fileSize': '361.93 KB', 'attFileSize': '361.93 KB', 'hasXbrl': True}",0.0
TATASTEEL,NSE_CORP_ANN,Credit Rating,Tata Steel Limited has informed the Exchange about Credit Rating,,,"{'symbol': 'TATASTEEL', 'desc': 'Credit Rating', 'dt': '24122025172726', 'attchmntFile': 'https://nsearchives.nseindia.com/corporate/NIDHIFADNAVIS_24122025172630_BSENSE.pdf', 'sm_name': 'Tata Steel Limited', 'sm_isin': 'INE081A01012', 'an_dt': '24-Dec-2025 17:27:26', 'sort_date': '2025-12-24 17:27:26', 'seq_id': '106476766', 'smIndustry': 'Steel And Steel Products', 'orgid': None, 'attchmntText': 'Tata Steel Limited has informed the Exchange about Credit Rating', 'bflag': None, 'old_new': None, 'csvName': None, 'exchdisstime': '24-Dec-2025 17:27:27', 'difference': '00:00:01', 'fileSize': '396.12 KB', 'attFileSize': '396.12 KB', 'hasXbrl': True}",0.0
TATASTEEL,NSE_CORP_ANN,Trading Window,"Tata Steel Limited has informed the Exchange regarding the Trading Window closure pursuant to SEBI (Prohibition of Insider Trading) Regulations, 2015",,,"{'symbol': 'TATASTEEL', 'desc': 'Trading Window', 'dt': '23122025192048', 'attchmntFile': 'https://nsearchives.nseindia.com/corporate/SWATISHETH_23122025191800_BSENSETWC.pdf', 'sm_name': 'Tata Steel Limited', 'sm_isin': 'INE081A01012', 'an_dt': '23-Dec-2025 19:20:48', 'sort_date': '2025-12-23 19:20:48', 'seq_id': '106475551', 'smIndustry': 'Steel And Steel Products', 'orgid': None, 'attchmntText': 'Tata Steel Limited has informed the Exchange regarding the Trading Window closure pursuant to SEBI (Prohibition of Insider Trading) Regulations, 2015', 'bflag': None, 'old_new': None, 'csvName': None, 'exchdisstime': '23-Dec-2025 19:20:49', 'difference': '00:00:01', 'fileSize': '240.96 KB', 'attFileSize': '240.96 KB', 'hasXbrl': True}",0.0
TATATECH,NSE_CORP_ANN,Copy of Newspaper Publication,Tata Technologies Limited has informed the Exchange about Copy of Newspaper Publication regarding Notice to shareholders regarding transfer of equity shares of the Company to Investor Education and Protection Fund,,,"{'symbol': 'TATATECH', 'desc': 'Copy of Newspaper Publication', 'dt': '29122025170821', 'attchmntFile': 'https://nsearchives.nseindia.com/corporate/TTLNSE_29122025170608_SE_Intimation_IEPF_advt_29122025_.pdf', 'sm_name': 'Tata Technologies Limited', 'sm_isin': 'INE142M01025', 'an_dt': '29-Dec-2025 17:08:21', 'sort_date': '2025-12-29 17:08:21', 'seq_id': '106481245', 'smIndustry': None, 'orgid': None, 'attchmntText': 'Tata Technologies Limited has informed the Exchange about Copy of Newspaper Publication regarding Notice to shareholders regarding transfer of equity shares of the Company to Investor Education and Protection Fund', 'bflag': None, 'old_new': None, 'csvName': None, 'exchdisstime': '29-Dec-2025 17:08:22', 'difference': '00:00:01', 'fileSize': '1.54 MB', 'attFileSize': '1.54 MB', 'hasXbrl': True}",0.0
TATATECH,NSE_CORP_ANN,Trading Window,"Tata Technologies Limited has informed the Exchange regarding the Trading Window closure pursuant to SEBI (Prohibition of Insider Trading) Regulations, 2015",,,"{'symbol': 'TATATECH', 'desc': 'Trading Window', 'dt': '23122025162056', 'attchmntFile': 'https://nsearchives.nseindia.com/corporate/TTLNSE_23122025162038_Tradingwindowclosure24122025_S.pdf', 'sm_name': 'Tata Technologies Limited', 'sm_isin': 'INE142M01025', 'an_dt': '23-Dec-2025 16:20:56', 'sort_date': '2025-12-23 16:20:56', 'seq_id': '106475195', 'smIndustry': None, 'orgid': None, 'attchmntText': 'Tata Technologies Limited has informed the Exchange regarding the Trading Window closure pursuant to SEBI (Prohibition of Insider Trading) Regulations, 2015', 'bflag': None, 'old_new': None, 'csvName': None, 'exchdisstime': '23-Dec-2025 16:20:58', 'difference': '00:00:02', 'fileSize': '455.50 KB', 'attFileSize': '455.50 KB', 'hasXbrl': True}",0.0
TECHM,NSE_CORP_ANN,Sale or disposal,Tech Mahindra Limited has informed the Exchange about Cessation of a wholly-owned subsidiary.,,,"{'symbol': 'TECHM', 'desc': 'Sale or disposal', 'dt': '26122025175330', 'attchmntFile': 'https://nsearchives.nseindia.com/corporate/Apekshakhemka_26122025175321_SE_Intimation-cessation_of_MEI_as_WOS_Signed.pdf', 'sm_name': 'Tech Mahindra Limited', 'sm_isin': 'INE669C01028', 'an_dt': '26-Dec-2025 17:53:30', 'sort_date': '2025-12-26 17:53:30', 'seq_id': '106478905', 'smIndustry': 'Computers - Software', 'orgid': None, 'attchmntText': 'Tech Mahindra Limited has informed the Exchange about Cessation of a wholly-owned subsidiary.', 'bflag': None, 'old_new': None, 'csvName': None, 'exchdisstime': '26-Dec-2025 17:53:31', 'difference': '00:00:01', 'fileSize': '264.01 KB', 'attFileSize': '264.01 KB', 'hasXbrl': True}",0.0
FEDERALBNK,NSE_CORP_ANN,General Updates,The Federal Bank  Limited has informed the Exchange about General Updates,,,"{'symbol': 'FEDERALBNK', 'desc': 'General Updates', 'dt': '29122025194812', 'attchmntFile': 'https://nsearchives.nseindia.com/corporate/FEDERALBNK_29122025194801_FBL_Intimation_on_GST_Penalty_291225_S.pdf', 'sm_name': 'The Federal Bank  Limited', 'sm_isin': 'INE171A01011', 'an_dt': '29-Dec-2025 19:48:12', 'sort_date': '2025-12-29 19:48:12', 'seq_id': '106481662', 'smIndustry': 'Banks', 'orgid': None, 'attchmntText': 'The Federal Bank  Limited has informed the Exchange about General Updates', 'bflag': None, 'old_new': None, 'csvName': None, 'exchdisstime': '29-Dec-2025 19:48:13', 'difference': '00:00:01', 'fileSize': '262.57 KB', 'attFileSize': '262.57 KB', 'hasXbrl': True}",0.0
PHOENIXLTD,NSE_CORP_ANN,Shareholders meeting,"The Phoenix Mills Limited has submitted the Exchange a copy Srutinizers report of  Postal Ballot. Further, the company has informed the Exchange regarding voting results.",,,"{'symbol': 'PHOENIXLTD', 'desc': 'Shareholders meeting', 'dt': '29122025201933', 'attchmntFile': 'https://nsearchives.nseindia.com/corporate/PHOENIXLTD5_29122025201911_PML_Outcome_of_Postal_Ballot_29112025.pdf', 'sm_name': 'The Phoenix Mills Limited', 'sm_isin': 'INE211B01039', 'an_dt': '29-Dec-2025 20:19:33', 'sort_date': '2025-12-29 20:19:33', 'seq_id': '106481694', 'smIndustry': 'Construction', 'orgid': None, 'attchmntText': 'The Phoenix Mills Limited has submitted the Exchange a copy Srutinizers report of  Postal Ballot. Further, the company has informed the Exchange regarding voting results.', 'bflag': None, 'old_new': None, 'csvName': None, 'exchdisstime': '29-Dec-2025 20:19:34', 'difference': '00:00:01', 'fileSize': '808.30 KB', 'attFileSize': '808.30 KB', 'hasXbrl': True}",0.0
TITAN,NSE_CORP_ANN,Updates,Titan Company Limited has informed the Exchange regarding 'Intimation of launch of Titan s first Lab Grown Diamond store in Mumbai'.,,,"{'symbol': 'TITAN', 'desc': 'Updates', 'dt': '26122025083301', 'attchmntFile': 'https://nsearchives.nseindia.com/corporate/TITAN_26122025083235_SELGD.pdf', 'sm_name': 'Titan Company Limited', 'sm_isin': 'INE280A01010', 'an_dt': '26-Dec-2025 08:33:01', 'sort_date': '2025-12-26 08:33:01', 'seq_id': '106477543', 'smIndustry': 'Gems Jewellery And Watches', 'orgid': None, 'attchmntText': ""Titan Company Limited has informed the Exchange regarding 'Intimation of launch of Titan s first Lab Grown Diamond store in Mumbai'."", 'bflag': None, 'old_new': None, 'csvName': None, 'exchdisstime': '26-Dec-2025 08:33:03', 'difference': '00:00:02', 'fileSize': '227.20 KB', 'attFileSize': '227.20 KB', 'hasXbrl': True}",0.0
TITAN,NSE_CORP_ANN,Trading Window,"Titan Company Limited has informed the Exchange regarding the Trading Window closure pursuant to SEBI (Prohibition of Insider Trading) Regulations, 2015",,,"{'symbol': 'TITAN', 'desc': 'Trading Window', 'dt': '23122025110757', 'attchmntFile': 'https://nsearchives.nseindia.com/corporate/TITAN_23122025110740_SEintimation.pdf', 'sm_name': 'Titan Company Limited', 'sm_isin': 'INE280A01010', 'an_dt': '23-Dec-2025 11:07:57', 'sort_date': '2025-12-23 11:07:57', 'seq_id': '106474749', 'smIndustry': 'Gems Jewellery And Watches', 'orgid': None, 'attchmntText': 'Titan Company Limited has informed the Exchange regarding the Trading Window closure pursuant to SEBI (Prohibition of Insider Trading) Regulations, 2015', 'bflag': None, 'old_new': None, 'csvName': None, 'exchdisstime': '23-Dec-2025 11:07:58', 'difference': '00:00:01', 'fileSize': '207.26 KB', 'attFileSize': '207.26 KB', 'hasXbrl': True}",0.0
TORNTPHARM,NSE_CORP_ANN,Trading Window,"Torrent Pharmaceuticals Limited has informed the Exchange regarding the Trading Window closure pursuant to SEBI (Prohibition of Insider Trading) Regulations, 2015",,,"{'symbol': 'TORNTPHARM', 'desc': 'Trading Window', 'dt': '26122025164146', 'attchmntFile': 'https://nsearchives.nseindia.com/corporate/TORNTPHARM_26122025164138_SE_Intimation_T_Window_Q3.pdf', 'sm_name': 'Torrent Pharmaceuticals Limited', 'sm_isin': 'INE685A01028', 'an_dt': '26-Dec-2025 16:41:46', 'sort_date': '2025-12-26 16:41:46', 'seq_id': '106478662', 'smIndustry': 'Pharmaceuticals', 'orgid': None, 'attchmntText': 'Torrent Pharmaceuticals Limited has informed the Exchange regarding the Trading Window closure pursuant to SEBI (Prohibition of Insider Trading) Regulations, 2015', 'bflag': None, 'old_new': None, 'csvName': None, 'exchdisstime': '26-Dec-2025 16:41:47', 'difference': '00:00:01', 'fileSize': '255.69 KB', 'attFileSize': '255.69 KB', 'hasXbrl': True}",0.0
TORNTPHARM,NSE_CORP_ANN,Updates,Torrent Pharmaceuticals Limited has informed the Exchange regarding 'Redemption of Commercial papers'.,,,"{'symbol': 'TORNTPHARM', 'desc': 'Updates', 'dt': '23122025170654', 'attchmntFile': 'https://nsearchives.nseindia.com/corporate/TORNTPHARM_23122025170631_reg_30.pdf', 'sm_name': 'Torrent Pharmaceuticals Limited', 'sm_isin': 'INE685A01028', 'an_dt': '23-Dec-2025 17:06:54', 'sort_date': '2025-12-23 17:06:54', 'seq_id': '106475317', 'smIndustry': 'Pharmaceuticals', 'orgid': None, 'attchmntText': ""Torrent Pharmaceuticals Limited has informed the Exchange regarding 'Redemption of Commercial papers'."", 'bflag': None, 'old_new': None, 'csvName': None, 'exchdisstime': '23-Dec-2025 17:06:55', 'difference': '00:00:01', 'fileSize': '685.37 KB', 'attFileSize': '685.37 KB', 'hasXbrl': True}",0.0
TORNTPOWER,NSE_CORP_ANN,Analysts/Institutional Investor Meet/Con. Call Updates,Torrent Power Limited has informed the Exchange about Schedule of meet,,,"{'symbol': 'TORNTPOWER', 'desc': 'Analysts/Institutional Investor Meet/Con. Call Updates', 'dt': '29122025161158', 'attchmntFile': 'https://nsearchives.nseindia.com/corporate/TORNTPOWER_29122025161142_Investormeet.pdf', 'sm_name': 'Torrent Power Limited', 'sm_isin': 'INE813H01021', 'an_dt': '29-Dec-2025 16:11:58', 'sort_date': '2025-12-29 16:11:58', 'seq_id': '106481044', 'smIndustry': 'Power', 'orgid': None, 'attchmntText': 'Torrent Power Limited has informed the Exchange about Schedule of meet', 'bflag': None, 'old_new': None, 'csvName': None, 'exchdisstime': '29-Dec-2025 16:11:59', 'difference': '00:00:01', 'fileSize': '283.35 KB', 'attFileSize': '283.35 KB', 'hasXbrl': True}",0.0
TORNTPOWER,NSE_CORP_ANN,Trading Window,"Torrent Power Limited has informed the Exchange regarding the Trading Window closure pursuant to SEBI (Prohibition of Insider Trading) Regulations, 2015",,,"{'symbol': 'TORNTPOWER', 'desc': 'Trading Window', 'dt': '25122025170011', 'attchmntFile': 'https://nsearchives.nseindia.com/corporate/TORNTPOWER_25122025170002_Tradingwindow.pdf', 'sm_name': 'Torrent Power Limited', 'sm_isin': 'INE813H01021', 'an_dt': '25-Dec-2025 17:00:11', 'sort_date': '2025-12-25 17:00:11', 'seq_id': '106477426', 'smIndustry': 'Power', 'orgid': None, 'attchmntText': 'Torrent Power Limited has informed the Exchange regarding the Trading Window closure pursuant to SEBI (Prohibition of Insider Trading) Regulations, 2015', 'bflag': None, 'old_new': None, 'csvName': None, 'exchdisstime': '25-Dec-2025 17:00:11', 'difference': '00:00:00', 'fileSize': '281.04 KB', 'attFileSize': '281.04 KB', 'hasXbrl': True}",0.0
TIINDIA,NSE_CORP_ANN,Trading Window,"Tube Investments of India Limited has informed the Exchange regarding the Trading Window closure pursuant to SEBI (Prohibition of Insider Trading) Regulations, 2015",,,"{'symbol': 'TIINDIA', 'desc': 'Trading Window', 'dt': '29122025160009', 'attchmntFile': 'https://nsearchives.nseindia.com/corporate/TIINDIA_29122025155705_TIINSEBSETWC.pdf', 'sm_name': 'Tube Investments of India Limited', 'sm_isin': 'INE974X01010', 'an_dt': '29-Dec-2025 16:00:09', 'sort_date': '2025-12-29 16:00:09', 'seq_id': '106481005', 'smIndustry': None, 'orgid': None, 'attchmntText': 'Tube Investments of India Limited has informed the Exchange regarding the Trading Window closure pursuant to SEBI (Prohibition of Insider Trading) Regulations, 2015', 'bflag': None, 'old_new': None, 'csvName': None, 'exchdisstime': '29-Dec-2025 16:00:10', 'difference': '00:00:01', 'fileSize': '274.73 KB', 'attFileSize': '274.73 KB', 'hasXbrl': True}",0.0
TIINDIA,NSE_CORP_ANN,General Updates,Tube Investments of India Limited has informed the Exchange about Allotment of shares under ESOP,,,"{'symbol': 'TIINDIA', 'desc': 'General Updates', 'dt': '26122025124718', 'attchmntFile': 'https://nsearchives.nseindia.com/corporate/TIINDIA_26122025124658_TIINSEBSEESOPAllotment.pdf', 'sm_name': 'Tube Investments of India Limited', 'sm_isin': 'INE974X01010', 'an_dt': '26-Dec-2025 12:47:18', 'sort_date': '2025-12-26 12:47:18', 'seq_id': '106478067', 'smIndustry': None, 'orgid': None, 'attchmntText': 'Tube Investments of India Limited has informed the Exchange about Allotment of shares under ESOP', 'bflag': None, 'old_new': None, 'csvName': None, 'exchdisstime': '26-Dec-2025 12:47:19', 'difference': '00:00:01', 'fileSize': '478.89 KB', 'attFileSize': '478.89 KB', 'hasXbrl': True}",0.0
UNOMINDA,NSE_CORP_ANN,Updates,UNO Minda Limited has informed the Exchange regarding 'Issuance of Commercial Paper'.,,,"{'symbol': 'UNOMINDA', 'desc': 'Updates', 'dt': '24122025172951', 'attchmntFile': 'https://nsearchives.nseindia.com/corporate/MINDAIND1_24122025172940_CPISSUANCE.pdf', 'sm_name': 'UNO Minda Limited', 'sm_isin': 'INE405E01023', 'an_dt': '24-Dec-2025 17:29:51', 'sort_date': '2025-12-24 17:29:51', 'seq_id': '106476770', 'smIndustry': None, 'orgid': None, 'attchmntText': ""UNO Minda Limited has informed the Exchange regarding 'Issuance of Commercial Paper'."", 'bflag': None, 'old_new': None, 'csvName': None, 'exchdisstime': '24-Dec-2025 17:29:52', 'difference': '00:00:01', 'fileSize': '3.20 MB', 'attFileSize': '3.20 MB', 'hasXbrl': True}",0.0
UNOMINDA,NSE_CORP_ANN,Agreements,UNO Minda Limited has informed the Exchange about execution of restated Joint Venture Agreement,,,"{'symbol': 'UNOMINDA', 'desc': 'Agreements', 'dt': '23122025182130', 'attchmntFile': 'https://nsearchives.nseindia.com/corporate/MINDAIND1_23122025182118_JVAExecution.pdf', 'sm_name': 'UNO Minda Limited', 'sm_isin': 'INE405E01023', 'an_dt': '23-Dec-2025 18:21:30', 'sort_date': '2025-12-23 18:21:30', 'seq_id': '106475455', 'smIndustry': None, 'orgid': None, 'attchmntText': 'UNO Minda Limited has informed the Exchange about execution of restated Joint Venture Agreement', 'bflag': None, 'old_new': None, 'csvName': None, 'exchdisstime': '23-Dec-2025 18:21:31', 'difference': '00:00:01', 'fileSize': '3.80 MB', 'attFileSize': '3.80 MB', 'hasXbrl': True}",0.0
ULTRACEMCO,NSE_CORP_ANN,Action(s) taken or orders passed,"UltraTech Cement Limited has informed the Exchange about order received from Assistant Commissioner, State Goods and Services Tax, Trichy, Tamil Nadu",,,"{'symbol': 'ULTRACEMCO', 'desc': 'Action(s) taken or orders passed', 'dt': '28122025134407', 'attchmntFile': 'https://nsearchives.nseindia.com/corporate/ULTRACEMCO1_28122025134321_GST_Orders.pdf', 'sm_name': 'UltraTech Cement Limited', 'sm_isin': 'INE481G01011', 'an_dt': '28-Dec-2025 13:44:07', 'sort_date': '2025-12-28 13:44:07', 'seq_id': '106480065', 'smIndustry': 'Cement And Cement Products', 'orgid': None, 'attchmntText': 'UltraTech Cement Limited has informed the Exchange about order received from Assistant Commissioner, State Goods and Services Tax, Trichy, Tamil Nadu', 'bflag': None, 'old_new': None, 'csvName': None, 'exchdisstime': '28-Dec-2025 13:44:08', 'difference': '00:00:01', 'fileSize': '245.73 KB', 'attFileSize': '245.73 KB', 'hasXbrl': True}",0.0
ULTRACEMCO,NSE_CORP_ANN,Updates,UltraTech Cement Limited has informed the Exchange regarding 'Commissioning Of Cement Capacity at Dhule and Nathdwara'.,,,"{'symbol': 'ULTRACEMCO', 'desc': 'Updates', 'dt': '24122025183958', 'attchmntFile': 'https://nsearchives.nseindia.com/corporate/ULTRACEMCO1_24122025183948_SELetter.pdf', 'sm_name': 'UltraTech Cement Limited', 'sm_isin': 'INE481G01011', 'an_dt': '24-Dec-2025 18:39:58', 'sort_date': '2025-12-24 18:39:58', 'seq_id': '106476894', 'smIndustry': 'Cement And Cement Products', 'orgid': None, 'attchmntText': ""UltraTech Cement Limited has informed the Exchange regarding 'Commissioning Of Cement Capacity at Dhule and Nathdwara'."", 'bflag': None, 'old_new': None, 'csvName': None, 'exchdisstime': '24-Dec-2025 18:39:59', 'difference': '00:00:01', 'fileSize': '243.71 KB', 'attFileSize': '243.71 KB', 'hasXbrl': True}",0.0
ULTRACEMCO,NSE_CORP_ANN,Copy of Newspaper Publication,UltraTech Cement Limited has informed the Exchange about Copy of Newspaper Publication,,,"{'symbol': 'ULTRACEMCO', 'desc': 'Copy of Newspaper Publication', 'dt': '23122025155536', 'attchmntFile': 'https://nsearchives.nseindia.com/corporate/ULTRACEMCO1_23122025155256_CoveringLetter.pdf', 'sm_name': 'UltraTech Cement Limited', 'sm_isin': 'INE481G01011', 'an_dt': '23-Dec-2025 15:55:36', 'sort_date': '2025-12-23 15:55:36', 'seq_id': '106475148', 'smIndustry': 'Cement And Cement Products', 'orgid': None, 'attchmntText': 'UltraTech Cement Limited has informed the Exchange about Copy of Newspaper Publication', 'bflag': None, 'old_new': None, 'csvName': None, 'exchdisstime': '23-Dec-2025 15:55:36', 'difference': '00:00:00', 'fileSize': '1.60 MB', 'attFileSize': '1.60 MB', 'hasXbrl': True}",0.0
UNIONBANK,NSE_CORP_ANN,Trading Window,"Union Bank of India has informed the Exchange regarding the Trading Window closure pursuant to SEBI (Prohibition of Insider Trading) Regulations, 2015",,,"{'symbol': 'UNIONBANK', 'desc': 'Trading Window', 'dt': '24122025161139', 'attchmntFile': 'https://nsearchives.nseindia.com/corporate/UNIONBANK_24122025161102_24122025_Closure_of_Trading_Window_-.pdf', 'sm_name': 'Union Bank of India', 'sm_isin': 'INE692A01016', 'an_dt': '24-Dec-2025 16:11:39', 'sort_date': '2025-12-24 16:11:39', 'seq_id': '106476580', 'smIndustry': 'Banks', 'orgid': None, 'attchmntText': 'Union Bank of India has informed the Exchange regarding the Trading Window closure pursuant to SEBI (Prohibition of Insider Trading) Regulations, 2015', 'bflag': None, 'old_new': None, 'csvName': None, 'exchdisstime': '24-Dec-2025 16:11:40', 'difference': '00:00:01', 'fileSize': '450.73 KB', 'attFileSize': '450.73 KB', 'hasXbrl': True}",0.0
UNITDSPR,NSE_CORP_ANN,Trading Window,"United Spirits Limited has informed the Exchange regarding the Trading Window closure pursuant to SEBI (Prohibition of Insider Trading) Regulations, 2015",,,"{'symbol': 'UNITDSPR', 'desc': 'Trading Window', 'dt': '29122025182106', 'attchmntFile': 'https://nsearchives.nseindia.com/corporate/MCDOWELL_29122025182041_TWCintimation_Q3FY26sd.pdf', 'sm_name': 'United Spirits Limited', 'sm_isin': 'INE854D01024', 'an_dt': '29-Dec-2025 18:21:06', 'sort_date': '2025-12-29 18:21:06', 'seq_id': '106481489', 'smIndustry': None, 'orgid': None, 'attchmntText': 'United Spirits Limited has informed the Exchange regarding the Trading Window closure pursuant to SEBI (Prohibition of Insider Trading) Regulations, 2015', 'bflag': None, 'old_new': None, 'csvName': None, 'exchdisstime': '29-Dec-2025 18:21:06', 'difference': '00:00:00', 'fileSize': '285.71 KB', 'attFileSize': '285.71 KB', 'hasXbrl': True}",0.0
UNITDSPR,NSE_CORP_ANN,General Updates,United Spirits Limited has informed the Exchange about General Updates,,,"{'symbol': 'UNITDSPR', 'desc': 'General Updates', 'dt': '24122025193451', 'attchmntFile': 'https://nsearchives.nseindia.com/corporate/MCDOWELL_24122025193348_SEDisclosure241225F.pdf', 'sm_name': 'United Spirits Limited', 'sm_isin': 'INE854D01024', 'an_dt': '24-Dec-2025 19:34:51', 'sort_date': '2025-12-24 19:34:51', 'seq_id': '106476947', 'smIndustry': None, 'orgid': None, 'attchmntText': 'United Spirits Limited has informed the Exchange about General Updates', 'bflag': None, 'old_new': None, 'csvName': None, 'exchdisstime': '24-Dec-2025 19:34:52', 'difference': '00:00:01', 'fileSize': '203.71 KB', 'attFileSize': '203.71 KB', 'hasXbrl': True}",0.0
VBL,NSE_CORP_ANN,Giving guarantees/indemnity/ becoming a surety for third party,The Company has enhanced Corporate Guarantee on behalf of The Beverages Company Proprietary Limited as per details in enclosed disclosure.,,,"{'symbol': 'VBL', 'desc': 'Giving guarantees/indemnity/ becoming a surety for third party', 'dt': '29122025124544', 'attchmntFile': 'https://nsearchives.nseindia.com/corporate/VBL_29122025124535_SEIntimation_CG.pdf', 'sm_name': 'Varun Beverages Limited', 'sm_isin': 'INE200M01013', 'an_dt': '29-Dec-2025 12:45:44', 'sort_date': '2025-12-29 12:45:44', 'seq_id': '106480586', 'smIndustry': None, 'orgid': None, 'attchmntText': 'The Company has enhanced Corporate Guarantee on behalf of The Beverages Company Proprietary Limited as per details in enclosed disclosure.', 'bflag': None, 'old_new': None, 'csvName': None, 'exchdisstime': '29-Dec-2025 12:45:45', 'difference': '00:00:01', 'fileSize': '204.71 KB', 'attFileSize': '204.71 KB', 'hasXbrl': True}",0.0
VBL,NSE_CORP_ANN,Trading Window,"Varun Beverages Limited has informed the Exchange regarding the Trading Window closure pursuant to SEBI (Prohibition of Insider Trading) Regulations, 2015",,,"{'symbol': 'VBL', 'desc': 'Trading Window', 'dt': '26122025104201', 'attchmntFile': 'https://nsearchives.nseindia.com/corporate/VBL_26122025104144_TWCDec2025.pdf', 'sm_name': 'Varun Beverages Limited', 'sm_isin': 'INE200M01013', 'an_dt': '26-Dec-2025 10:42:01', 'sort_date': '2025-12-26 10:42:01', 'seq_id': '106477782', 'smIndustry': None, 'orgid': None, 'attchmntText': 'Varun Beverages Limited has informed the Exchange regarding the Trading Window closure pursuant to SEBI (Prohibition of Insider Trading) Regulations, 2015', 'bflag': None, 'old_new': None, 'csvName': None, 'exchdisstime': '26-Dec-2025 10:42:02', 'difference': '00:00:01', 'fileSize': '196.15 KB', 'attFileSize': '196.15 KB', 'hasXbrl': True}",0.0
VEDL,NSE_CORP_ANN,Action(s) taken or orders passed,Vedanta Limited has informed the Exchange about Action(s) taken or orders passed,,,"{'symbol': 'VEDL', 'desc': 'Action(s) taken or orders passed', 'dt': '27122025123329', 'attchmntFile': 'https://nsearchives.nseindia.com/corporate/VEDL_27122025123316_VEDLSEIntimationIOKGSTNoticesigned.pdf', 'sm_name': 'Vedanta Limited', 'sm_isin': 'INE205A01025', 'an_dt': '27-Dec-2025 12:33:29', 'sort_date': '2025-12-27 12:33:29', 'seq_id': '106479613', 'smIndustry': None, 'orgid': None, 'attchmntText': 'Vedanta Limited has informed the Exchange about Action(s) taken or orders passed', 'bflag': None, 'old_new': None, 'csvName': None, 'exchdisstime': '27-Dec-2025 12:33:30', 'difference': '00:00:01', 'fileSize': '303.92 KB', 'attFileSize': '303.92 KB', 'hasXbrl': True}",0.0
VEDL,NSE_CORP_ANN,Updates,"Vedanta Limited has informed the Exchange regarding 'Disclosure under Regulation 30 of Securities and Exchange Board of India ( SEBI ) (Listing Obligations and Disclosure Requirements) Regulations, 2015 ( Listing Regulations ), as amended - Declaration of Successful Bidder for Depo Graphite   Vanadium Block under Critical Mineral Auctions Tranche IV conducted by the Ministry of Mines, Government of India'.",,,"{'symbol': 'VEDL', 'desc': 'Updates', 'dt': '26122025202045', 'attchmntFile': 'https://nsearchives.nseindia.com/corporate/VEDL_26122025201937_VEDLSEIntimationSuccessfulBidderDepoBlocksigned.pdf', 'sm_name': 'Vedanta Limited', 'sm_isin': 'INE205A01025', 'an_dt': '26-Dec-2025 20:20:45', 'sort_date': '2025-12-26 20:20:45', 'seq_id': '106479205', 'smIndustry': None, 'orgid': None, 'attchmntText': ""Vedanta Limited has informed the Exchange regarding 'Disclosure under Regulation 30 of Securities and Exchange Board of India ( SEBI ) (Listing Obligations and Disclosure Requirements) Regulations, 2015 ( Listing Regulations ), as amended - Declaration of Successful Bidder for Depo Graphite   Vanadium Block under Critical Mineral Auctions Tranche IV conducted by the Ministry of Mines, Government of India'."", 'bflag': None, 'old_new': None, 'csvName': None, 'exchdisstime': '26-Dec-2025 20:20:46', 'difference': '00:00:01', 'fileSize': '321.25 KB', 'attFileSize': '321.25 KB', 'hasXbrl': True}",0.0
VEDL,NSE_CORP_ANN,Trading Window,"Vedanta Limited has informed the Exchange regarding the Trading Window closure pursuant to SEBI (Prohibition of Insider Trading) Regulations, 2015",,,"{'symbol': 'VEDL', 'desc': 'Trading Window', 'dt': '26122025125457', 'attchmntFile': 'https://nsearchives.nseindia.com/corporate/VEDL_26122025125441_VEDLSEIntimationTradingWindowClosureQ3FY26signed.pdf', 'sm_name': 'Vedanta Limited', 'sm_isin': 'INE205A01025', 'an_dt': '26-Dec-2025 12:54:57', 'sort_date': '2025-12-26 12:54:57', 'seq_id': '106478090', 'smIndustry': None, 'orgid': None, 'attchmntText': 'Vedanta Limited has informed the Exchange regarding the Trading Window closure pursuant to SEBI (Prohibition of Insider Trading) Regulations, 2015', 'bflag': None, 'old_new': None, 'csvName': None, 'exchdisstime': '26-Dec-2025 12:54:57', 'difference': '00:00:00', 'fileSize': '238.05 KB', 'attFileSize': '238.05 KB', 'hasXbrl': True}",0.0
VEDL,NSE_CORP_ANN,Credit Rating,Vedanta Limited has informed the Exchange about Credit Rating,,,"{'symbol': 'VEDL', 'desc': 'Credit Rating', 'dt': '24122025180202', 'attchmntFile': 'https://nsearchives.nseindia.com/corporate/VEDL_24122025180137_VEDLSEIntimationCRISILRatingsDec2025signed.pdf', 'sm_name': 'Vedanta Limited', 'sm_isin': 'INE205A01025', 'an_dt': '24-Dec-2025 18:02:02', 'sort_date': '2025-12-24 18:02:02', 'seq_id': '106476830', 'smIndustry': None, 'orgid': None, 'attchmntText': 'Vedanta Limited has informed the Exchange about Credit Rating', 'bflag': None, 'old_new': None, 'csvName': None, 'exchdisstime': '24-Dec-2025 18:02:03', 'difference': '00:00:01', 'fileSize': '393.01 KB', 'attFileSize': '393.01 KB', 'hasXbrl': True}",0.0
IDEA,NSE_CORP_ANN,Trading Window,"Vodafone Idea Limited has informed the Exchange regarding the Trading Window closure pursuant to SEBI (Prohibition of Insider Trading) Regulations, 2015",,,"{'symbol': 'IDEA', 'desc': 'Trading Window', 'dt': '29122025132926', 'attchmntFile': 'https://nsearchives.nseindia.com/corporate/IDEA_29122025132748_SETradingWindow31122025signed.pdf', 'sm_name': 'Vodafone Idea Limited', 'sm_isin': 'INE669E01016', 'an_dt': '29-Dec-2025 13:29:26', 'sort_date': '2025-12-29 13:29:26', 'seq_id': '106480677', 'smIndustry': 'Telecommunication - Services', 'orgid': None, 'attchmntText': 'Vodafone Idea Limited has informed the Exchange regarding the Trading Window closure pursuant to SEBI (Prohibition of Insider Trading) Regulations, 2015', 'bflag': None, 'old_new': None, 'csvName': None, 'exchdisstime': '29-Dec-2025 13:29:27', 'difference': '00:00:01', 'fileSize': '275.93 KB', 'attFileSize': '275.93 KB', 'hasXbrl': True}",0.0
IDEA,NSE_CORP_ANN,Action(s) taken or orders passed,"Vodafone Idea Limited has informed the Exchange about Disclosure under Regulation 30 of SEBI (Listing Obligations and Disclosures Requirements) Regulations, 2015 regarding orders passed under Central Goods and Services Tax Act, 2017",,,"{'symbol': 'IDEA', 'desc': 'Action(s) taken or orders passed', 'dt': '26122025185911', 'attchmntFile': 'https://nsearchives.nseindia.com/corporate/IDEA_26122025185842_SEIntimationGSTPenalty26122025s.pdf', 'sm_name': 'Vodafone Idea Limited', 'sm_isin': 'INE669E01016', 'an_dt': '26-Dec-2025 18:59:11', 'sort_date': '2025-12-26 18:59:11', 'seq_id': '106479097', 'smIndustry': 'Telecommunication - Services', 'orgid': None, 'attchmntText': 'Vodafone Idea Limited has informed the Exchange about Disclosure under Regulation 30 of SEBI (Listing Obligations and Disclosures Requirements) Regulations, 2015 regarding orders passed under Central Goods and Services Tax Act, 2017', 'bflag': None, 'old_new': None, 'csvName': None, 'exchdisstime': '26-Dec-2025 18:59:12', 'difference': '00:00:01', 'fileSize': '271.43 KB', 'attFileSize': '271.43 KB', 'hasXbrl': True}",0.0
VOLTAS,NSE_CORP_ANN,Change in Management,Voltas Limited has informed the Exchange about change in Management,,,"{'symbol': 'VOLTAS', 'desc': 'Change in Management', 'dt': '26122025201020', 'attchmntFile': 'https://nsearchives.nseindia.com/corporate/VOLTAS_RB_26122025200955_ChangesInManagementJBs.pdf', 'sm_name': 'Voltas Limited', 'sm_isin': 'INE226A01021', 'an_dt': '26-Dec-2025 20:10:20', 'sort_date': '2025-12-26 20:10:20', 'seq_id': '106479197', 'smIndustry': 'Engineering', 'orgid': None, 'attchmntText': 'Voltas Limited has informed the Exchange about change in Management', 'bflag': None, 'old_new': None, 'csvName': None, 'exchdisstime': '26-Dec-2025 20:10:21', 'difference': '00:00:01', 'fileSize': '568.03 KB', 'attFileSize': '568.03 KB', 'hasXbrl': True}",0.0
YESBANK,NSE_CORP_ANN,Trading Window,"Yes Bank Limited has informed the Exchange regarding the Trading Window closure pursuant to SEBI (Prohibition of Insider Trading) Regulations, 2015",,,"{'symbol': 'YESBANK', 'desc': 'Trading Window', 'dt': '26122025181925', 'attchmntFile': 'https://nsearchives.nseindia.com/corporate/YESBANK_26122025181912_Closure_of_Trading_Window_December_2025_signed.pdf', 'sm_name': 'Yes Bank Limited', 'sm_isin': 'INE528G01019', 'an_dt': '26-Dec-2025 18:19:25', 'sort_date': '2025-12-26 18:19:25', 'seq_id': '106478986', 'smIndustry': 'Banks', 'orgid': None, 'attchmntText': 'Yes Bank Limited has informed the Exchange regarding the Trading Window closure pursuant to SEBI (Prohibition of Insider Trading) Regulations, 2015', 'bflag': None, 'old_new': None, 'csvName': None, 'exchdisstime': '26-Dec-2025 18:19:25', 'difference': '00:00:00', 'fileSize': '237.03 KB', 'attFileSize': '237.03 KB', 'hasXbrl': True}",0.0
YESBANK,NSE_CORP_ANN,Analysts/Institutional Investor Meet/Con. Call Updates,YES Bank Limited has informed the Exchange about Schedule of Analyst/ Institutional Investors Meet(s) / Call(s) / VC(s) - Advance Intimation - Deutsche Bank India Credit Connect - 2026,,,"{'symbol': 'YESBANK', 'desc': 'Analysts/Institutional Investor Meet/Con. Call Updates', 'dt': '26122025133106', 'attchmntFile': 'https://nsearchives.nseindia.com/corporate/YESBANK_26122025133053_YBL_SE_Intimation_Analyst_Meet_DB_Credit_26122025_signed.pdf', 'sm_name': 'Yes Bank Limited', 'sm_isin': 'INE528G01019', 'an_dt': '26-Dec-2025 13:31:06', 'sort_date': '2025-12-26 13:31:06', 'seq_id': '106478182', 'smIndustry': 'Banks', 'orgid': None, 'attchmntText': 'YES Bank Limited has informed the Exchange about Schedule of Analyst/ Institutional Investors Meet(s) / Call(s) / VC(s) - Advance Intimation - Deutsche Bank India Credit Connect - 2026', 'bflag': None, 'old_new': None, 'csvName': None, 'exchdisstime': '26-Dec-2025 13:31:08', 'difference': '00:00:02', 'fileSize': '241.15 KB', 'attFileSize': '241.15 KB', 'hasXbrl': True}",0.0
YESBANK,NSE_CORP_ANN,Updates,"Yes Bank Limited has informed the Exchange regarding 'That the Bank has received an Order pertaining to FY 2021-22 from the Goods and Services Tax ( GST ) department, Uttar Pradesh on December 24, 2025 on certain issues levying a penalty of Rs. 3,30,55,942/- in addition to tax demand and applicable interest.'.",,,"{'symbol': 'YESBANK', 'desc': 'Updates', 'dt': '26122025085151', 'attchmntFile': 'https://nsearchives.nseindia.com/corporate/apandya_26122025084914_1_SE_INTIMATION_GSTPENALTY_25122025_Signed.pdf', 'sm_name': 'Yes Bank Limited', 'sm_isin': 'INE528G01019', 'an_dt': '26-Dec-2025 08:51:51', 'sort_date': '2025-12-26 08:51:51', 'seq_id': '106477544', 'smIndustry': 'Banks', 'orgid': None, 'attchmntText': ""Yes Bank Limited has informed the Exchange regarding 'That the Bank has received an Order pertaining to FY 2021-22 from the Goods and Services Tax ( GST ) department, Uttar Pradesh on December 24, 2025 on certain issues levying a penalty of Rs. 3,30,55,942/- in addition to tax demand and applicable interest.'."", 'bflag': None, 'old_new': None, 'csvName': None, 'exchdisstime': '26-Dec-2025 08:51:52', 'difference': '00:00:01', 'fileSize': '247.06 KB', 'attFileSize': '247.06 KB', 'hasXbrl': True}",0.0
ZYDUSLIFE,NSE_CORP_ANN,Copy of Newspaper Publication,Zydus Lifesciences Limited has informed the Exchange about Copy of Newspaper Publication,,,"{'symbol': 'ZYDUSLIFE', 'desc': 'Copy of Newspaper Publication', 'dt': '27122025144753', 'attchmntFile': 'https://nsearchives.nseindia.com/corporate/Cadilahc_27122025144625_Newspaperpublication_27122025.pdf', 'sm_name': 'Zydus Lifesciences Limited', 'sm_isin': 'INE010B01027', 'an_dt': '27-Dec-2025 14:47:53', 'sort_date': '2025-12-27 14:47:53', 'seq_id': '106479722', 'smIndustry': None, 'orgid': None, 'attchmntText': 'Zydus Lifesciences Limited has informed the Exchange about Copy of Newspaper Publication', 'bflag': None, 'old_new': None, 'csvName': None, 'exchdisstime': '27-Dec-2025 14:47:53', 'difference': '00:00:00', 'fileSize': '3.98 MB', 'attFileSize': '3.98 MB', 'hasXbrl': True}",0.0
ZYDUSLIFE,NSE_CORP_ANN,Updates,Zydus Lifesciences Limited has informed the Exchange regarding 'Intimation of ESG Rating'.,,,"{'symbol': 'ZYDUSLIFE', 'desc': 'Updates', 'dt': '26122025191220', 'attchmntFile': 'https://nsearchives.nseindia.com/corporate/Cadilahc_26122025191148_SEIntimationESGRatingSPGLobal26122025.pdf', 'sm_name': 'Zydus Lifesciences Limited', 'sm_isin': 'INE010B01027', 'an_dt': '26-Dec-2025 19:12:20', 'sort_date': '2025-12-26 19:12:20', 'seq_id': '106479129', 'smIndustry': None, 'orgid': None, 'attchmntText': ""Zydus Lifesciences Limited has informed the Exchange regarding 'Intimation of ESG Rating'."", 'bflag': None, 'old_new': None, 'csvName': None, 'exchdisstime': '26-Dec-2025 19:12:21', 'difference': '00:00:01', 'fileSize': '686.24 KB', 'attFileSize': '686.24 KB', 'hasXbrl': True}",0.0
ZYDUSLIFE,NSE_CORP_ANN,Trading Window,"Zydus Lifesciences Limited has informed the Exchange regarding the Trading Window closure pursuant to SEBI (Prohibition of Insider Trading) Regulations, 2015",,,"{'symbol': 'ZYDUSLIFE', 'desc': 'Trading Window', 'dt': '26122025185009', 'attchmntFile': 'https://nsearchives.nseindia.com/corporate/Cadilahc_26122025184849_IntimationofTradingWindowClosure.pdf', 'sm_name': 'Zydus Lifesciences Limited', 'sm_isin': 'INE010B01027', 'an_dt': '26-Dec-2025 18:50:09', 'sort_date': '2025-12-26 18:50:09', 'seq_id': '106479083', 'smIndustry': None, 'orgid': None, 'attchmntText': 'Zydus Lifesciences Limited has informed the Exchange regarding the Trading Window closure pursuant to SEBI (Prohibition of Insider Trading) Regulations, 2015', 'bflag': None, 'old_new': None, 'csvName': None, 'exchdisstime': '26-Dec-2025 18:50:10', 'difference': '00:00:01', 'fileSize': '839.10 KB', 'attFileSize': '839.10 KB', 'hasXbrl': True}",0.0
ZYDUSLIFE,NSE_CORP_ANN,General Updates,Zydus Lifesciences Limited has informed the Exchange about General Updates,,,"{'symbol': 'ZYDUSLIFE', 'desc': 'General Updates', 'dt': '24122025175527', 'attchmntFile': 'https://nsearchives.nseindia.com/corporate/Cadilahc_24122025175414_ZydusSBLAPIBTAExtension4.pdf', 'sm_name': 'Zydus Lifesciences Limited', 'sm_isin': 'INE010B01027', 'an_dt': '24-Dec-2025 17:55:27', 'sort_date': '2025-12-24 17:55:27', 'seq_id': '106476821', 'smIndustry': None, 'orgid': None, 'attchmntText': 'Zydus Lifesciences Limited has informed the Exchange about General Updates', 'bflag': None, 'old_new': None, 'csvName': None, 'exchdisstime': '24-Dec-2025 17:55:29', 'difference': '00:00:02', 'fileSize': '846.54 KB', 'attFileSize': '846.54 KB', 'hasXbrl': True}",0.0
ZYDUSLIFE,NSE_CORP_ANN,Press Release,"Zydus Lifesciences Limited has informed the Exchange regarding a press release dated December 23, 2025, titled ""Zydus Partners with Bioeq for U.S. Commercialisation rights for NUFYMCO®, an Interchangeable Biosimilar to Lucentis®. NUFYMCO®. BLA has been approved by the USFDA"".",,,"{'symbol': 'ZYDUSLIFE', 'desc': 'Press Release', 'dt': '23122025182814', 'attchmntFile': 'https://nsearchives.nseindia.com/corporate/Cadilahc_23122025181740_PR23122025.pdf', 'sm_name': 'Zydus Lifesciences Limited', 'sm_isin': 'INE010B01027', 'an_dt': '23-Dec-2025 18:28:14', 'sort_date': '2025-12-23 18:28:14', 'seq_id': '106475477', 'smIndustry': None, 'orgid': None, 'attchmntText': 'Zydus Lifesciences Limited has informed the Exchange regarding a press release dated December 23, 2025, titled ""Zydus Partners with Bioeq for U.S. Commercialisation rights for NUFYMCO®, an Interchangeable Biosimilar to Lucentis®. NUFYMCO®. BLA has been approved by the USFDA"".', 'bflag': None, 'old_new': None, 'csvName': None, 'exchdisstime': '23-Dec-2025 18:28:15', 'difference': '00:00:01', 'fileSize': '1.18 MB', 'attFileSize': '1.18 MB', 'hasXbrl': True}",0.0
