symbol,source,published_at,headline,summary,clean_text,event_type,is_routine,is_potentially_negative,impact_direction,severity_score,confidence_score,flag_reason,parser_version,human_label,human_comment,raw_id
360ONE,NSE_CORP_ANN,,ESOP/ESOS/ESPS,360 ONE WAM LIMITED has informed the Exchange regarding Allotment of 212637  Shares.,ESOP/ESOS/ESPS 360 ONE WAM LIMITED has informed the Exchange regarding Allotment of 212637 Shares.,OTHER,True,False,NEUTRAL,0.0,0.5,,v3.0,,,
ADANIENSOL,NSE_CORP_ANN,,General Updates,"Adani Energy Solutions Limited has informed the Exchange about Intimation for Incorporation of a step-down subsidiary, ATSOL Global IFSC Limited.","General Updates Adani Energy Solutions Limited has informed the Exchange about Intimation for Incorporation of a step-down subsidiary, ATSOL Global IFSC Limited.",OTHER,True,False,NEUTRAL,0.0,0.5,,v3.0,,,
ADANIENT,NSE_CORP_ANN,,Copy of Newspaper Publication,Adani Enterprises Limited has informed the Exchange about Newspaper Advertisement regarding the record date for the first Call on partly paid-up equity shares of the Company.,Copy of Newspaper Publication Adani Enterprises Limited has informed the Exchange about Newspaper Advertisement regarding the record date for the first Call on partly paid-up equity shares of the Company.,OTHER,True,False,NEUTRAL,0.0,0.5,,v3.0,,,
ADANIENT,NSE_CORP_ANN,,Suspension of Trading,"Members of the Exchange are hereby informed that the trading in the partly paid-up equity shares (Series: E1, ISIN: IN9423A01030) of Adani Enterprises Limited shall be suspended w.e.f. December 23, 2025 (i.e., closing hours of trading on December 22, 2025) on account of first call money.","Suspension of Trading Members of the Exchange are hereby informed that the trading in the partly paid-up equity shares (Series: E1, ISIN: IN9423A01030) of Adani Enterprises Limited shall be suspended w.e.f. December 23, 2025 (i.e., closing hours of trading on December 22, 2025) on account of first call money.",OTHER,True,False,NEUTRAL,0.0,0.5,,v3.0,,,
ADANIENT,NSE_CORP_ANN,,Incorporation,Adani Enterprises Limited has informed the Exchange about Incorporation,Incorporation Adani Enterprises Limited has informed the Exchange about Incorporation,OTHER,True,False,NEUTRAL,0.0,0.5,,v3.0,,,
ADANIENT,NSE_CORP_ANN,,Record Date,Adani Enterprises Limited has informed the Exchange that Record date for the purpose of first Call on partly paid equity shares issued on rights basis is 23-Dec-2025.,Record Date Adani Enterprises Limited has informed the Exchange that Record date for the purpose of first Call on partly paid equity shares issued on rights basis is 23-Dec-2025.,OTHER,True,False,NEUTRAL,0.0,0.5,,v3.0,,,
ADANIENT,NSE_CORP_ANN,,Outcome of Board Meeting,"Adani Enterprises Limited has informed the Exchange regarding outcome of rights issue committee meeting held on December 17, 2025.","Outcome of Board Meeting Adani Enterprises Limited has informed the Exchange regarding outcome of rights issue committee meeting held on December 17, 2025.",OTHER,True,False,NEUTRAL,0.0,0.5,,v3.0,,,
ABCAPITAL,NSE_CORP_ANN,,ESOP/ESOS/ESPS,Aditya Birla Capital Limited has informed the Exchange regarding Allotment of 1375753  Shares.,ESOP/ESOS/ESPS Aditya Birla Capital Limited has informed the Exchange regarding Allotment of 1375753 Shares.,OTHER,True,False,NEUTRAL,0.0,0.5,,v3.0,,,
ALKEM,NSE_CORP_ANN,,Analysts/Institutional Investor Meet/Con. Call Updates,Alkem Laboratories Limited has informed the Exchange about Schedule of meet,Analysts/Institutional Investor Meet/Con. Call Updates Alkem Laboratories Limited has informed the Exchange about Schedule of meet,OTHER,True,False,NEUTRAL,0.0,0.5,,v3.0,,,
ALKEM,NSE_CORP_ANN,,Appointment,"Alkem Laboratories Limited has informed the Exchange regarding Appointment of Mr. Sunil Sawant as Senior Management Personnel of the company w.e.f. December 16, 2025.","Appointment Alkem Laboratories Limited has informed the Exchange regarding Appointment of Mr. Sunil Sawant as Senior Management Personnel of the company w.e.f. December 16, 2025.",OTHER,False,False,NEUTRAL,0.0,0.5,,v3.0,,,
AMBER,NSE_CORP_ANN,,General Updates,Amber Enterprises India Limited has informed the Exchange that the Company is planning to invest Rs. 500 Crore for expansion of its state-of-the-art Research & Development (R&D) Centre in Punjab.,General Updates Amber Enterprises India Limited has informed the Exchange that the Company is planning to invest Rs. 500 Crore for expansion of its state-of-the-art Research & Development (R&D) Centre in Punjab.,OTHER,False,False,NEUTRAL,0.0,0.5,,v3.0,,,
AMBUJACEM,NSE_CORP_ANN,,General Updates,Ambuja Cements Limited has informed the Exchange about Capital Market Q&A on - Amalgamation of ACC Limited and Orient Cement Limited with Ambuja Cements Limited,General Updates Ambuja Cements Limited has informed the Exchange about Capital Market Q&A on - Amalgamation of ACC Limited and Orient Cement Limited with Ambuja Cements Limited,OTHER,False,False,NEUTRAL,0.0,0.5,,v3.0,,,
AMBUJACEM,NSE_CORP_ANN,,Press Release,Approval of Scheme of Amalgamation of ACC Limited with Ambuja Cements Limited and Orient Cement Limited with Ambuja Cements Limited,Press Release Approval of Scheme of Amalgamation of ACC Limited with Ambuja Cements Limited and Orient Cement Limited with Ambuja Cements Limited,OTHER,False,False,NEUTRAL,0.0,0.5,,v3.0,,,
AMBUJACEM,NSE_CORP_ANN,,Amalgamation/Merger,Approval of Scheme of Amalgamation of ACC Limited with Ambuja Cements Limited and Orient Cement Limited with Ambuja Cements Limited,Amalgamation/Merger Approval of Scheme of Amalgamation of ACC Limited with Ambuja Cements Limited and Orient Cement Limited with Ambuja Cements Limited,OTHER,False,False,NEUTRAL,0.0,0.5,,v3.0,,,
ANGELONE,NSE_CORP_ANN,,Updates,"Angel One Limited has informed the Exchange regarding ' AngelOne Limited has been awarded ISO 22301:2019 Certification for its Business ContinuityManagement System (BCMS) by Intertek Certification Limited on December 22, 2025'.","Updates Angel One Limited has informed the Exchange regarding ' AngelOne Limited has been awarded ISO 22301:2019 Certification for its Business ContinuityManagement System (BCMS) by Intertek Certification Limited on December 22, 2025'.",OTHER,False,False,NEUTRAL,0.0,0.5,,v3.0,,,
ANGELONE,NSE_CORP_ANN,,Trading Window,"Angel One Limited has informed the Exchange regarding the Trading Window closure pursuant to SEBI (Prohibition of Insider Trading) Regulations, 2015","Trading Window Angel One Limited has informed the Exchange regarding the Trading Window closure pursuant to SEBI (Prohibition of Insider Trading) Regulations, 2015",OTHER,True,False,NEUTRAL,0.0,0.5,,v3.0,,,
AUROPHARMA,NSE_CORP_ANN,,General Updates,"Aurobindo Pharma Limited has informed the Exchange about completion of US FDA Inspection at Unit-IV of APL Healthcare Limited, a wholly owned subsidiary of the Company","General Updates Aurobindo Pharma Limited has informed the Exchange about completion of US FDA Inspection at Unit-IV of APL Healthcare Limited, a wholly owned subsidiary of the Company",OTHER,False,False,NEUTRAL,0.0,0.5,,v3.0,,,
AXISBANK,NSE_CORP_ANN,,Shareholders meeting,Axis Bank Limited has informed the Exchange regarding Notice of Postal Ballot,Shareholders meeting Axis Bank Limited has informed the Exchange regarding Notice of Postal Ballot,OTHER,False,False,NEUTRAL,0.0,0.5,,v3.0,,,
AXISBANK,NSE_CORP_ANN,,Change in Director(s),Axis Bank Limited has informed the Exchange regarding Change in Director(s) of the company.,Change in Director(s) Axis Bank Limited has informed the Exchange regarding Change in Director(s) of the company.,OTHER,False,False,NEUTRAL,0.0,0.5,,v3.0,,,
AXISBANK,NSE_CORP_ANN,,ESOP/ESOS/ESPS,Axis Bank Limited has informed the Exchange regarding Allotment of 245902  Shares.,ESOP/ESOS/ESPS Axis Bank Limited has informed the Exchange regarding Allotment of 245902 Shares.,OTHER,True,False,NEUTRAL,0.0,0.5,,v3.0,,,
BSE,NSE_CORP_ANN,,News Verification,The Exchange has sought clarification from BSE Limited with respect to recent news item captioned BSE shares rise 3.5% as report says stock exchange plans to launch more monthly index option products.  The response from the Company is attached.,News Verification The Exchange has sought clarification from BSE Limited with respect to recent news item captioned BSE shares rise 3.5% as report says stock exchange plans to launch more monthly index option products. The response from the Company is attached.,OTHER,False,False,NEUTRAL,0.0,0.5,,v3.0,,,
BSE,NSE_CORP_ANN,,News Verification,The Exchange has sought clarification from BSE Limited with respect to recent news item captioned BSE shares rise 3.5% as report says stock exchange plans to launch more monthly index option products.  The response from the Company is awaited.,News Verification The Exchange has sought clarification from BSE Limited with respect to recent news item captioned BSE shares rise 3.5% as report says stock exchange plans to launch more monthly index option products. The response from the Company is awaited.,OTHER,False,False,NEUTRAL,0.0,0.5,,v3.0,,,
BSE,NSE_CORP_ANN,,Change in Management,BSE Limited has informed the Exchange about re-designation of Key Management Personnel and Senior Management,Change in Management BSE Limited has informed the Exchange about re-designation of Key Management Personnel and Senior Management,OTHER,False,False,NEUTRAL,0.0,0.5,,v3.0,,,
BSE,NSE_CORP_ANN,,Outcome of Board Meeting,"BSE Limited has informed the Exchange regarding Outcome of Board Meeting held on December 17, 2025.","Outcome of Board Meeting BSE Limited has informed the Exchange regarding Outcome of Board Meeting held on December 17, 2025.",OTHER,True,False,NEUTRAL,0.0,0.5,,v3.0,,,
BSE,NSE_CORP_ANN,,Action(s) taken or orders passed,BSE Limited has informed the Exchange about Action(s) taken or orders passed.,Action(s) taken or orders passed BSE Limited has informed the Exchange about Action(s) taken or orders passed.,OTHER,False,False,NEUTRAL,0.0,0.5,,v3.0,,,
BSE,NSE_CORP_ANN,,Change in Director(s),BSE Limited has informed the Exchange regarding Change in Director(s) of the company.,Change in Director(s) BSE Limited has informed the Exchange regarding Change in Director(s) of the company.,OTHER,False,False,NEUTRAL,0.0,0.5,,v3.0,,,
BANDHANBNK,NSE_CORP_ANN,,Analysts/Institutional Investor Meet/Con. Call Updates,"Bandhan Bank Limited has informed the Exchange about Update on the Analysts / Institutional Investors Meet held on December 18, 2025","Analysts/Institutional Investor Meet/Con. Call Updates Bandhan Bank Limited has informed the Exchange about Update on the Analysts / Institutional Investors Meet held on December 18, 2025",OTHER,True,False,NEUTRAL,0.0,0.5,,v3.0,,,
BANDHANBNK,NSE_CORP_ANN,,Analysts/Institutional Investor Meet/Con. Call Updates,"Bandhan Bank Limited has informed the Exchange about Update on Analysts / Institutional Investors Meet held on December 17, 2025.","Analysts/Institutional Investor Meet/Con. Call Updates Bandhan Bank Limited has informed the Exchange about Update on Analysts / Institutional Investors Meet held on December 17, 2025.",OTHER,True,False,NEUTRAL,0.0,0.5,,v3.0,,,
BANKBARODA,NSE_CORP_ANN,,General Updates,Bank Of Baroda has informed the Exchange about Disclosure Under Regulation 30 of SEBI (LODR),General Updates Bank Of Baroda has informed the Exchange about Disclosure Under Regulation 30 of SEBI (LODR),OTHER,False,False,NEUTRAL,0.0,0.5,,v3.0,,,
BANKINDIA,NSE_CORP_ANN,,Trading Window,"Bank Of India has informed the Exchange regarding the Trading Window closure pursuant to SEBI (Prohibition of Insider Trading) Regulations, 2015","Trading Window Bank Of India has informed the Exchange regarding the Trading Window closure pursuant to SEBI (Prohibition of Insider Trading) Regulations, 2015",OTHER,True,False,NEUTRAL,0.0,0.5,,v3.0,,,
BANKINDIA,NSE_CORP_ANN,,Updates,Bank Of India has informed the Exchange regarding ' Bank Of India has informed the Exchange regarding 'Notice for Excercise of Call Option in respect of 9.04% Additional Tier I Bonds Series VI (ISIN NO.INE084A08136) Fixation of Record Date'.'.,Updates Bank Of India has informed the Exchange regarding ' Bank Of India has informed the Exchange regarding 'Notice for Excercise of Call Option in respect of 9.04% Additional Tier I Bonds Series VI (ISIN NO.INE084A08136) Fixation of Record Date'.'.,OTHER,True,False,NEUTRAL,0.0,0.5,,v3.0,,,
BANKINDIA,NSE_CORP_ANN,,Change in Management,Bank Of India has informed the Exchange about change in Assignment of Senior Management w.e.f. 20.12.2025.,Change in Management Bank Of India has informed the Exchange about change in Assignment of Senior Management w.e.f. 20.12.2025.,OTHER,False,False,NEUTRAL,0.0,0.5,,v3.0,,,
BANKINDIA,NSE_CORP_ANN,,Credit Rating,Bank Of India has informed the Exchange about Credit Rating,Credit Rating Bank Of India has informed the Exchange about Credit Rating,OTHER,False,False,NEUTRAL,0.0,0.5,,v3.0,,,
BANKINDIA,NSE_CORP_ANN,,Credit Rating,Bank Of India has informed the Exchange about Credit Rating,Credit Rating Bank Of India has informed the Exchange about Credit Rating,OTHER,False,False,NEUTRAL,0.0,0.5,,v3.0,,,
BANKINDIA,NSE_CORP_ANN,,Analysts/Institutional Investor Meet/Con. Call Updates,Bank Of India has informed the Exchange about Investor/Analyst Meet,Analysts/Institutional Investor Meet/Con. Call Updates Bank Of India has informed the Exchange about Investor/Analyst Meet,OTHER,True,False,NEUTRAL,0.0,0.5,,v3.0,,,
BANKINDIA,NSE_CORP_ANN,,Analysts/Institutional Investor Meet/Con. Call Updates,Bank Of India has informed the Exchange about Investor/Analyst Meet,Analysts/Institutional Investor Meet/Con. Call Updates Bank Of India has informed the Exchange about Investor/Analyst Meet,OTHER,True,False,NEUTRAL,0.0,0.5,,v3.0,,,
BHARATFORG,NSE_CORP_ANN,,Credit Rating,Bharat Forge Limited has informed the Exchange about Credit Rating,Credit Rating Bharat Forge Limited has informed the Exchange about Credit Rating,OTHER,False,False,NEUTRAL,0.0,0.5,,v3.0,,,
BHEL,NSE_CORP_ANN,,Amendment to AOA/MOA,Bharat Heavy Electricals Limited has informed the Exchange regarding the Amendment to AOA/MOA of the company.,Amendment to AOA/MOA Bharat Heavy Electricals Limited has informed the Exchange regarding the Amendment to AOA/MOA of the company.,OTHER,True,False,NEUTRAL,0.0,0.5,,v3.0,,,
BHEL,NSE_CORP_ANN,,Shareholders meeting,Voting Results of Postal Ballot along with Scrutinizer's Report,Shareholders meeting Voting Results of Postal Ballot along with Scrutinizer's Report,OTHER,True,False,NEUTRAL,0.0,0.5,,v3.0,,,
BPCL,NSE_CORP_ANN,,Trading Window,"Bharat Petroleum Corporation Limited has informed the Exchange regarding the Trading Window closure pursuant to SEBI (Prohibition of Insider Trading) Regulations, 2015","Trading Window Bharat Petroleum Corporation Limited has informed the Exchange regarding the Trading Window closure pursuant to SEBI (Prohibition of Insider Trading) Regulations, 2015",OTHER,True,False,NEUTRAL,0.0,0.5,,v3.0,,,
BPCL,NSE_CORP_ANN,,General Updates,Bharat Petroleum Corporation Limited has informed the Exchange about General Updates,General Updates Bharat Petroleum Corporation Limited has informed the Exchange about General Updates,OTHER,False,False,NEUTRAL,0.0,0.5,,v3.0,,,
BPCL,NSE_CORP_ANN,,Copy of Newspaper Publication,Bharat Petroleum Corporation Limited has informed the Exchange about Copy of Newspaper Publication,Copy of Newspaper Publication Bharat Petroleum Corporation Limited has informed the Exchange about Copy of Newspaper Publication,OTHER,True,False,NEUTRAL,0.0,0.5,,v3.0,,,
BHARTIARTL,NSE_CORP_ANN,,Copy of Newspaper Publication,Bharti Airtel Limited has informed the Exchange about Copy of Newspaper Publication,Copy of Newspaper Publication Bharti Airtel Limited has informed the Exchange about Copy of Newspaper Publication,OTHER,True,False,NEUTRAL,0.0,0.5,,v3.0,,,
BHARTIARTL,NSE_CORP_ANN,,Amendment to AOA/MOA,Bharti Airtel Limited has informed the Exchange regarding the Amendment to AOA/MOA of the company.,Amendment to AOA/MOA Bharti Airtel Limited has informed the Exchange regarding the Amendment to AOA/MOA of the company.,OTHER,True,False,NEUTRAL,0.0,0.5,,v3.0,,,
BHARTIARTL,NSE_CORP_ANN,,Agreements,Bharti Airtel Limited has informed the Exchange about Agreements,Agreements Bharti Airtel Limited has informed the Exchange about Agreements,OTHER,False,False,NEUTRAL,0.0,0.5,,v3.0,,,
BHARTIARTL,NSE_CORP_ANN,,General Updates,"Bharti Airtel Limited has informed the Exchange about the outcome of the Board meeting dt. December 18, 2025 w.r.t. First and Final Call on partly paid-up equity shares.","General Updates Bharti Airtel Limited has informed the Exchange about the outcome of the Board meeting dt. December 18, 2025 w.r.t. First and Final Call on partly paid-up equity shares.",OTHER,True,False,NEUTRAL,0.0,0.5,,v3.0,,,
BHARTIARTL,NSE_CORP_ANN,,Change in Director(s),Bharti Airtel Limited has informed the Exchange regarding Change in Director(s) of the company.,Change in Director(s) Bharti Airtel Limited has informed the Exchange regarding Change in Director(s) of the company.,OTHER,False,False,NEUTRAL,0.0,0.5,,v3.0,,,
BHARTIARTL,NSE_CORP_ANN,,Change in Management,Bharti Airtel Limited has informed the Exchange about change in Management,Change in Management Bharti Airtel Limited has informed the Exchange about change in Management,OTHER,False,False,NEUTRAL,0.0,0.5,,v3.0,,,
BHARTIARTL,NSE_CORP_ANN,,Action(s) taken or orders passed,Bharti Airtel Limited has informed the Exchange about Action(s) taken or orders passed,Action(s) taken or orders passed Bharti Airtel Limited has informed the Exchange about Action(s) taken or orders passed,OTHER,False,False,NEUTRAL,0.0,0.5,,v3.0,,,
BIOCON,NSE_CORP_ANN,,Press Release,"Biocon Limited has informed the Exchange regarding a press release dated December 23, 2025, titled ""Biocon Biologics Secures Full Global Rights to Biosimilar Adalimumab through Expanded FKB In-Licensing Agreement"".","Press Release Biocon Limited has informed the Exchange regarding a press release dated December 23, 2025, titled ""Biocon Biologics Secures Full Global Rights to Biosimilar Adalimumab through Expanded FKB In-Licensing Agreement"".",OTHER,False,False,NEUTRAL,0.0,0.5,,v3.0,,,
BIOCON,NSE_CORP_ANN,,General Updates,Biocon Limited has informed the Exchange about Issue of Commercial Papers,General Updates Biocon Limited has informed the Exchange about Issue of Commercial Papers,OTHER,False,False,NEUTRAL,0.0,0.5,,v3.0,,,
BIOCON,NSE_CORP_ANN,,Updates,Biocon Limited has informed the Exchange regarding 'Notification to Stock Exchanges'.,Updates Biocon Limited has informed the Exchange regarding 'Notification to Stock Exchanges'.,OTHER,False,False,NEUTRAL,0.0,0.5,,v3.0,,,
BIOCON,NSE_CORP_ANN,,Press Release,"Biocon Limited has informed the Exchange regarding a press release dated December 17, 2025, titled ""Biocon Biologics Recognized as Asia IP Elite for 2025 by IAM."".","Press Release Biocon Limited has informed the Exchange regarding a press release dated December 17, 2025, titled ""Biocon Biologics Recognized as Asia IP Elite for 2025 by IAM."".",OTHER,False,False,NEUTRAL,0.0,0.5,,v3.0,,,
BIOCON,NSE_CORP_ANN,,Credit Rating,Biocon Limited has informed the Exchange about Credit Rating,Credit Rating Biocon Limited has informed the Exchange about Credit Rating,OTHER,False,False,NEUTRAL,0.0,0.5,,v3.0,,,
BIOCON,NSE_CORP_ANN,,Credit Rating,Biocon Limited has informed the Exchange about Credit Rating,Credit Rating Biocon Limited has informed the Exchange about Credit Rating,OTHER,False,False,NEUTRAL,0.0,0.5,,v3.0,,,
BOSCHLTD,NSE_CORP_ANN,,Action(s) taken or orders passed,Bosch Limited has informed the Exchange about Action(s) taken or orders passed,Action(s) taken or orders passed Bosch Limited has informed the Exchange about Action(s) taken or orders passed,OTHER,False,False,NEUTRAL,0.0,0.5,,v3.0,,,
BRITANNIA,NSE_CORP_ANN,,Action(s) taken or orders passed,"Pursuant to Regulation 30 read with Clause 20 of Para A of Part A of Schedule III of the SEBI Listing Regulations, 2015, this is to inform you that the Company has received an Order from the Office of the Deputy Commissioner of State Tax, Mumbai Audit Zone III 504, Mazgaon, Mumbai.","Action(s) taken or orders passed Pursuant to Regulation 30 read with Clause 20 of Para A of Part A of Schedule III of the SEBI Listing Regulations, 2015, this is to inform you that the Company has received an Order from the Office of the Deputy Commissioner of State Tax, Mumbai Audit Zone III 504, Mazgaon, Mumbai.",OTHER,False,True,WATCH,7.5,0.95,PATTERN_MATCH_order.*received.*tax,v3.0,,,
CGPOWER,NSE_CORP_ANN,,Analysts/Institutional Investor Meet/Con. Call Updates,CG Power and Industrial Solutions Limited has informed the Exchange about Schedule of meet,Analysts/Institutional Investor Meet/Con. Call Updates CG Power and Industrial Solutions Limited has informed the Exchange about Schedule of meet,OTHER,True,False,NEUTRAL,0.0,0.5,,v3.0,,,
CGPOWER,NSE_CORP_ANN,,Updates,"CG Power and Industrial Solutions Limited has informed the Exchange regarding 'Disclosure under Regulation 31A of SEBI LODR, Regulations, 2015'.","Updates CG Power and Industrial Solutions Limited has informed the Exchange regarding 'Disclosure under Regulation 31A of SEBI LODR, Regulations, 2015'.",OTHER,False,False,NEUTRAL,0.0,0.5,,v3.0,,,
CANBK,NSE_CORP_ANN,,Updates,Canara Bank has informed the Exchange regarding 'Credit confirmation of Annual Interest Payment & Redemption Payment'.,Updates Canara Bank has informed the Exchange regarding 'Credit confirmation of Annual Interest Payment & Redemption Payment'.,OTHER,False,False,NEUTRAL,0.0,0.5,,v3.0,,,
CDSL,NSE_CORP_ANN,,Analysts/Institutional Investor Meet/Con. Call Updates,"CDSL has informed the Exchange about the schedule of the Analyst Meet to be held on Friday, December 26, 2025.","Analysts/Institutional Investor Meet/Con. Call Updates CDSL has informed the Exchange about the schedule of the Analyst Meet to be held on Friday, December 26, 2025.",OTHER,True,False,NEUTRAL,0.0,0.5,,v3.0,,,
COALINDIA,NSE_CORP_ANN,,General Updates,"Coal India Limited has informed the Exchange about General Updates-Additional charge arrangement for the post of Chairman cum Managing Director, Northern Coalfields Limited (NCL) to CMD, CIL.","General Updates Coal India Limited has informed the Exchange about General Updates-Additional charge arrangement for the post of Chairman cum Managing Director, Northern Coalfields Limited (NCL) to CMD, CIL.",OTHER,False,False,NEUTRAL,0.0,0.5,,v3.0,,,
COALINDIA,NSE_CORP_ANN,,Press Release,"Coal India Limited has informed the Exchange regarding a press release dated December 16, 2025, titled ""Mr. B Sairam new Coal India Chief"".","Press Release Coal India Limited has informed the Exchange regarding a press release dated December 16, 2025, titled ""Mr. B Sairam new Coal India Chief"".",OTHER,False,False,NEUTRAL,0.0,0.5,,v3.0,,,
COFORGE,NSE_CORP_ANN,,Trading Window,"Coforge Limited has informed the Exchange regarding the Trading Window closure pursuant to SEBI (Prohibition of Insider Trading) Regulations, 2015","Trading Window Coforge Limited has informed the Exchange regarding the Trading Window closure pursuant to SEBI (Prohibition of Insider Trading) Regulations, 2015",OTHER,True,False,NEUTRAL,0.0,0.5,,v3.0,,,
COFORGE,NSE_CORP_ANN,,Analysts/Institutional Investor Meet/Con. Call Updates,Coforge Limited has informed the Exchange about Schedule of meet,Analysts/Institutional Investor Meet/Con. Call Updates Coforge Limited has informed the Exchange about Schedule of meet,OTHER,True,False,NEUTRAL,0.0,0.5,,v3.0,,,
COFORGE,NSE_CORP_ANN,,Analysts/Institutional Investor Meet/Con. Call Updates,Coforge Limited has informed the Exchange about Schedule of meet,Analysts/Institutional Investor Meet/Con. Call Updates Coforge Limited has informed the Exchange about Schedule of meet,OTHER,True,False,NEUTRAL,0.0,0.5,,v3.0,,,
COFORGE,NSE_CORP_ANN,,Analysts/Institutional Investor Meet/Con. Call Updates,Coforge Limited has informed the Exchange about Schedule of meet,Analysts/Institutional Investor Meet/Con. Call Updates Coforge Limited has informed the Exchange about Schedule of meet,OTHER,True,False,NEUTRAL,0.0,0.5,,v3.0,,,
COFORGE,NSE_CORP_ANN,,General Updates,Coforge Limited has informed the Exchange about Filing of Second Motion Petition with the Hon ble National Company Law Tribunal ( NCLT ),General Updates Coforge Limited has informed the Exchange about Filing of Second Motion Petition with the Hon ble National Company Law Tribunal ( NCLT ),OTHER,False,False,NEUTRAL,0.0,0.5,,v3.0,,,
COFORGE,NSE_CORP_ANN,,Press Release,"Coforge Limited has informed the Exchange regarding a press release dated December 16, 2025, titled ""Coforge Unveils  Data Cosmos    A Next-Gen AI-Enabled, Cloud-Native Data & Analytics Platform Designed to Accelerate Enterprise Transformation"".","Press Release Coforge Limited has informed the Exchange regarding a press release dated December 16, 2025, titled ""Coforge Unveils Data Cosmos A Next-Gen AI-Enabled, Cloud-Native Data & Analytics Platform Designed to Accelerate Enterprise Transformation"".",OTHER,False,False,NEUTRAL,0.0,0.5,,v3.0,,,
CAMS,NSE_CORP_ANN,,Analysts/Institutional Investor Meet/Con. Call Updates,Computer Age Management Services Limited has informed the Exchange about Schedule of meet,Analysts/Institutional Investor Meet/Con. Call Updates Computer Age Management Services Limited has informed the Exchange about Schedule of meet,OTHER,True,False,NEUTRAL,0.0,0.5,,v3.0,,,
CAMS,NSE_CORP_ANN,,Trading Window,"Computer Age Management Services Limited has informed the Exchange regarding the Trading Window closure pursuant to SEBI (Prohibition of Insider Trading) Regulations, 2015","Trading Window Computer Age Management Services Limited has informed the Exchange regarding the Trading Window closure pursuant to SEBI (Prohibition of Insider Trading) Regulations, 2015",OTHER,True,False,NEUTRAL,0.0,0.5,,v3.0,,,
CAMS,NSE_CORP_ANN,,Change in Director(s),Computer Age Management Services Limited has informed the Exchange regarding Change in Director(s) of the company.,Change in Director(s) Computer Age Management Services Limited has informed the Exchange regarding Change in Director(s) of the company.,OTHER,False,False,NEUTRAL,0.0,0.5,,v3.0,,,
CAMS,NSE_CORP_ANN,,Outcome of Board Meeting,"Computer Age Management Services Limited has informed the Exchange regarding  Board meeting held on December 22, 2025.","Outcome of Board Meeting Computer Age Management Services Limited has informed the Exchange regarding Board meeting held on December 22, 2025.",OTHER,True,False,NEUTRAL,0.0,0.5,,v3.0,,,
CAMS,NSE_CORP_ANN,,Analysts/Institutional Investor Meet/Con. Call Updates,Computer Age Management Services Limited has informed the Exchange about Schedule of meet,Analysts/Institutional Investor Meet/Con. Call Updates Computer Age Management Services Limited has informed the Exchange about Schedule of meet,OTHER,True,False,NEUTRAL,0.0,0.5,,v3.0,,,
CAMS,NSE_CORP_ANN,,Agreements,Computer Age Management Services Limited has informed the Exchange about Business Transfer Agreement executed between the Company and its wholly owned subsidiary on 17th December 2025.,Agreements Computer Age Management Services Limited has informed the Exchange about Business Transfer Agreement executed between the Company and its wholly owned subsidiary on 17th December 2025.,OTHER,False,False,NEUTRAL,0.0,0.5,,v3.0,,,
CONCOR,NSE_CORP_ANN,,General Updates,Disclosure under Regulation 30 of SEBI (LODR) Regulations 2015,General Updates Disclosure under Regulation 30 of SEBI (LODR) Regulations 2015,OTHER,False,False,NEUTRAL,0.0,0.5,,v3.0,,,
CONCOR,NSE_CORP_ANN,,Change in Management,Container Corporation Of India Limited has informed the Exchange about change in Management,Change in Management Container Corporation Of India Limited has informed the Exchange about change in Management,OTHER,False,False,NEUTRAL,0.0,0.5,,v3.0,,,
CROMPTON,NSE_CORP_ANN,,Action(s) taken or orders passed,Crompton Greaves Consumer Electricals Limited has informed the Exchange about Action(s) taken or orders passed,Action(s) taken or orders passed Crompton Greaves Consumer Electricals Limited has informed the Exchange about Action(s) taken or orders passed,OTHER,False,False,NEUTRAL,0.0,0.5,,v3.0,,,
CROMPTON,NSE_CORP_ANN,,General Updates,Crompton Greaves Consumer Electricals Limited has informed the Exchange about General Updates,General Updates Crompton Greaves Consumer Electricals Limited has informed the Exchange about General Updates,OTHER,False,False,NEUTRAL,0.0,0.5,,v3.0,,,
CROMPTON,NSE_CORP_ANN,,Action(s) taken or orders passed,Crompton Greaves Consumer Electricals Limited has informed the Exchange about Action(s) taken or orders passed,Action(s) taken or orders passed Crompton Greaves Consumer Electricals Limited has informed the Exchange about Action(s) taken or orders passed,OTHER,False,False,NEUTRAL,0.0,0.5,,v3.0,,,
CUMMINSIND,NSE_CORP_ANN,,Action(s) taken or orders passed,"Cummins India Limited has informed the Exchange about Action(s) taken or orders passed - Order imposing penalty passed by the Assessment Unit, Income Tax Department","Action(s) taken or orders passed Cummins India Limited has informed the Exchange about Action(s) taken or orders passed - Order imposing penalty passed by the Assessment Unit, Income Tax Department",OTHER,False,True,WATCH,7.0,0.95,PATTERN_MATCH_penalty,v3.0,,,
CUMMINSIND,NSE_CORP_ANN,,Pendency of Litigation(s)/dispute(s) or the outcome impacting the Company,Cummins India Limited has informed the Exchange about Pendency of Litigation(s)/dispute(s) or the outcome impacting the Company-Order in favor by Income Tax Appellate Tribunal (ITAT),Pendency of Litigation(s)/dispute(s) or the outcome impacting the Company Cummins India Limited has informed the Exchange about Pendency of Litigation(s)/dispute(s) or the outcome impacting the Company-Order in favor by Income Tax Appellate Tribunal (ITAT),OTHER,False,True,WATCH,7.5,0.95,PATTERN_MATCH_pendency.*litigation,v3.0,,,
CUMMINSIND,NSE_CORP_ANN,,General Updates,Cummins India Limited has informed the Exchange about General Updates - Approval for acquisition of stake in Clean Max Yellowstone Private Limited,General Updates Cummins India Limited has informed the Exchange about General Updates - Approval for acquisition of stake in Clean Max Yellowstone Private Limited,OTHER,False,False,NEUTRAL,0.0,0.5,,v3.0,,,
CUMMINSIND,NSE_CORP_ANN,,Outcome of Board Meeting,"Cummins India Limited has informed the Exchange regarding Outcome of Board Meeting held on December 18, 2025.","Outcome of Board Meeting Cummins India Limited has informed the Exchange regarding Outcome of Board Meeting held on December 18, 2025.",OTHER,True,False,NEUTRAL,0.0,0.5,,v3.0,,,
CUMMINSIND,NSE_CORP_ANN,,Outcome of Board Meeting,"Cummins India Limited has informed the Exchange regarding  Board meeting held on December 18, 2025 - Approval for acquisition of stake in Clean Max Yellowstone Private Limited","Outcome of Board Meeting Cummins India Limited has informed the Exchange regarding Board meeting held on December 18, 2025 - Approval for acquisition of stake in Clean Max Yellowstone Private Limited",OTHER,True,False,NEUTRAL,0.0,0.5,,v3.0,,,
CYIENT,NSE_CORP_ANN,,Analysts/Institutional Investor Meet/Con. Call Updates,Cyient Limited has informed the Exchange about Link of Recording,Analysts/Institutional Investor Meet/Con. Call Updates Cyient Limited has informed the Exchange about Link of Recording,OTHER,True,False,NEUTRAL,0.0,0.5,,v3.0,,,
CYIENT,NSE_CORP_ANN,,Press Release,"Cyient Limited has informed the Exchange regarding a press release dated December 17, 2025, titled ""Cyient Semiconductors Acquires Majority Stake in Kinetic Technologies to Drive Custom Power IC Leadership for Edge AI and High-Performance Compute Markets"".","Press Release Cyient Limited has informed the Exchange regarding a press release dated December 17, 2025, titled ""Cyient Semiconductors Acquires Majority Stake in Kinetic Technologies to Drive Custom Power IC Leadership for Edge AI and High-Performance Compute Markets"".",OTHER,False,False,NEUTRAL,0.0,0.5,,v3.0,,,
CYIENT,NSE_CORP_ANN,,Analysts/Institutional Investor Meet/Con. Call Updates,Cyient Limited has informed the Exchange about Schedule of meet,Analysts/Institutional Investor Meet/Con. Call Updates Cyient Limited has informed the Exchange about Schedule of meet,OTHER,True,False,NEUTRAL,0.0,0.5,,v3.0,,,
CYIENT,NSE_CORP_ANN,,Acquisition,Cyient Limited has informed the Exchange about Acquisition,Acquisition Cyient Limited has informed the Exchange about Acquisition,OTHER,False,False,NEUTRAL,0.0,0.5,,v3.0,,,
CYIENT,NSE_CORP_ANN,,Outcome of Board Meeting,"Cyient Limited has informed the Exchange regarding  Board meeting held on December 17, 2025.","Outcome of Board Meeting Cyient Limited has informed the Exchange regarding Board meeting held on December 17, 2025.",OTHER,True,False,NEUTRAL,0.0,0.5,,v3.0,,,
DLF,NSE_CORP_ANN,,Updates,DLF Limited has informed the Exchange regarding 'Disclosure under Regulation 30 of SEBI Listing Regulations'.,Updates DLF Limited has informed the Exchange regarding 'Disclosure under Regulation 30 of SEBI Listing Regulations'.,OTHER,False,False,NEUTRAL,0.0,0.5,,v3.0,,,
DABUR,NSE_CORP_ANN,,General Updates,"Dabur India Limited has informed the Exchange about disclosure under Regulation 30 of SEBI (LODR) Regulations, 2025 (""SEBI Listing Regulations"") - ESG Rating assigned by SES ESG Research Private Limited","General Updates Dabur India Limited has informed the Exchange about disclosure under Regulation 30 of SEBI (LODR) Regulations, 2025 (""SEBI Listing Regulations"") - ESG Rating assigned by SES ESG Research Private Limited",OTHER,False,False,NEUTRAL,0.0,0.5,,v3.0,,,
DABUR,NSE_CORP_ANN,,Action(s) taken or orders passed,"Dabur India Limited has informed the Exchange about update on Action(s) taken or orders passed on February 5, 2025","Action(s) taken or orders passed Dabur India Limited has informed the Exchange about update on Action(s) taken or orders passed on February 5, 2025",OTHER,False,False,NEUTRAL,0.0,0.5,,v3.0,,,
DABUR,NSE_CORP_ANN,,Updates,Dabur India Limited has informed the Exchange regarding 'Report on Special Window for Re-lodgement of Transfer Request of Physical Shares'.,Updates Dabur India Limited has informed the Exchange regarding 'Report on Special Window for Re-lodgement of Transfer Request of Physical Shares'.,OTHER,False,False,NEUTRAL,0.0,0.5,,v3.0,,,
DABUR,NSE_CORP_ANN,,Trading Window,"Dabur India Limited has informed the Exchange regarding the Trading Window closure pursuant to SEBI (Prohibition of Insider Trading) Regulations, 2015","Trading Window Dabur India Limited has informed the Exchange regarding the Trading Window closure pursuant to SEBI (Prohibition of Insider Trading) Regulations, 2015",OTHER,True,False,NEUTRAL,0.0,0.5,,v3.0,,,
DIXON,NSE_CORP_ANN,,Analysts/Institutional Investor Meet/Con. Call Updates,Dixon Technologies (India) Limited has informed the Exchange about Investor Meet Outcome,Analysts/Institutional Investor Meet/Con. Call Updates Dixon Technologies (India) Limited has informed the Exchange about Investor Meet Outcome,OTHER,True,False,NEUTRAL,0.0,0.5,,v3.0,,,
DIXON,NSE_CORP_ANN,,Analysts/Institutional Investor Meet/Con. Call Updates,Dixon Technologies (India) Limited has informed the Exchange about Investor Meet Outcome,Analysts/Institutional Investor Meet/Con. Call Updates Dixon Technologies (India) Limited has informed the Exchange about Investor Meet Outcome,OTHER,True,False,NEUTRAL,0.0,0.5,,v3.0,,,
DRREDDY,NSE_CORP_ANN,,Copy of Newspaper Publication,Dr. Reddy's Laboratories Limited has informed the Exchange about Copy of Newspaper Publication,Copy of Newspaper Publication Dr. Reddy's Laboratories Limited has informed the Exchange about Copy of Newspaper Publication,OTHER,True,False,NEUTRAL,0.0,0.5,,v3.0,,,
DRREDDY,NSE_CORP_ANN,,Analysts/Institutional Investor Meet/Con. Call Updates,Dr. Reddy's Laboratories Limited has informed the Exchange about Schedule of meet,Analysts/Institutional Investor Meet/Con. Call Updates Dr. Reddy's Laboratories Limited has informed the Exchange about Schedule of meet,OTHER,True,False,NEUTRAL,0.0,0.5,,v3.0,,,
ETERNAL,NSE_CORP_ANN,,Trading Window,"ETERNAL LIMITED has informed the Exchange regarding the Trading Window closure pursuant to SEBI (Prohibition of Insider Trading) Regulations, 2015","Trading Window ETERNAL LIMITED has informed the Exchange regarding the Trading Window closure pursuant to SEBI (Prohibition of Insider Trading) Regulations, 2015",OTHER,True,False,NEUTRAL,0.0,0.5,,v3.0,,,
ETERNAL,NSE_CORP_ANN,,General Updates,"Eternal Limited has informed the exchange about incorporation of Eternal General Service Foundation, a wholly owned subsidiary of the Company","General Updates Eternal Limited has informed the exchange about incorporation of Eternal General Service Foundation, a wholly owned subsidiary of the Company",OTHER,True,False,NEUTRAL,0.0,0.5,,v3.0,,,
EXIDEIND,NSE_CORP_ANN,,General Updates,"Exide Industries Limited has informed the Exchange about further investment in Exide Energy Solutions Limited, wholly owned subsidiary of the Company.","General Updates Exide Industries Limited has informed the Exchange about further investment in Exide Energy Solutions Limited, wholly owned subsidiary of the Company.",OTHER,False,False,NEUTRAL,0.0,0.5,,v3.0,,,
EXIDEIND,NSE_CORP_ANN,,Updates,"Exide Industries Limited has informed the Exchange regarding change in KMP of Exide Energy Solutions Limited, Wholly owned subsidiary of the Company.","Updates Exide Industries Limited has informed the Exchange regarding change in KMP of Exide Energy Solutions Limited, Wholly owned subsidiary of the Company.",OTHER,False,False,NEUTRAL,0.0,0.5,,v3.0,,,
FORTIS,NSE_CORP_ANN,,Updates,Fortis Healthcare Limited has informed the Exchange regarding 'Certificate of payment of interest to debenture holders'.,Updates Fortis Healthcare Limited has informed the Exchange regarding 'Certificate of payment of interest to debenture holders'.,OTHER,False,False,NEUTRAL,0.0,0.5,,v3.0,,,
FORTIS,NSE_CORP_ANN,,Trading Window,"Fortis Healthcare Limited has informed the Exchange regarding the Trading Window closure pursuant to SEBI (Prohibition of Insider Trading) Regulations, 2015","Trading Window Fortis Healthcare Limited has informed the Exchange regarding the Trading Window closure pursuant to SEBI (Prohibition of Insider Trading) Regulations, 2015",OTHER,True,False,NEUTRAL,0.0,0.5,,v3.0,,,
FORTIS,NSE_CORP_ANN,,Press Release,"Fortis Healthcare Limited has informed the Exchange regarding a press release dated December 19, 2025, titled ""Attached "".","Press Release Fortis Healthcare Limited has informed the Exchange regarding a press release dated December 19, 2025, titled ""Attached "".",OTHER,False,False,NEUTRAL,0.0,0.5,,v3.0,,,
FORTIS,NSE_CORP_ANN,,General Updates,Fortis Healthcare Limited has informed the Exchange about Signing of definitive agreements for acquisition of TMI Healthcare Private Limited,General Updates Fortis Healthcare Limited has informed the Exchange about Signing of definitive agreements for acquisition of TMI Healthcare Private Limited,OTHER,False,False,NEUTRAL,0.0,0.5,,v3.0,,,
FORTIS,NSE_CORP_ANN,,General Updates,Fortis Healthcare Limited has informed the Exchange about final approval received from BSE limited approving the modifications/alterations of the terms of Debentures.,General Updates Fortis Healthcare Limited has informed the Exchange about final approval received from BSE limited approving the modifications/alterations of the terms of Debentures.,OTHER,False,False,NEUTRAL,0.0,0.5,,v3.0,,,
FORTIS,NSE_CORP_ANN,,Updates,Fortis Healthcare Limited has informed the Exchange regarding 'final approval received from BSE limited approving the modifications/alterations of the terms of Debentures.'.,Updates Fortis Healthcare Limited has informed the Exchange regarding 'final approval received from BSE limited approving the modifications/alterations of the terms of Debentures.'.,OTHER,False,False,NEUTRAL,0.0,0.5,,v3.0,,,
FORTIS,NSE_CORP_ANN,,Change in Director(s),Fortis Healthcare Limited has informed the Exchange regarding Change in Director(s) of the company.,Change in Director(s) Fortis Healthcare Limited has informed the Exchange regarding Change in Director(s) of the company.,OTHER,False,False,NEUTRAL,0.0,0.5,,v3.0,,,
FORTIS,NSE_CORP_ANN,,Change in Director(s),Fortis Healthcare Limited has informed the Exchange regarding Change in Director(s) of the company.,Change in Director(s) Fortis Healthcare Limited has informed the Exchange regarding Change in Director(s) of the company.,OTHER,False,False,NEUTRAL,0.0,0.5,,v3.0,,,
FORTIS,NSE_CORP_ANN,,Resignation,"Fortis Healthcare Limited has informed the Exchange regarding Resignation of  Lim Tsin-Lin as Non- Executive Director of the company w.e.f. December 19, 2025 (close of Business Hours)","Resignation Fortis Healthcare Limited has informed the Exchange regarding Resignation of Lim Tsin-Lin as Non- Executive Director of the company w.e.f. December 19, 2025 (close of Business Hours)",OTHER,False,False,NEUTRAL,0.0,0.5,,v3.0,,,
FORTIS,NSE_CORP_ANN,,Appointment,"Fortis Healthcare Limited has informed the Exchange regarding Appointment of  Mr. Mohd Shahazwan Bin Mohd Harris as Other of the company w.e.f. December 19, 2025.","Appointment Fortis Healthcare Limited has informed the Exchange regarding Appointment of Mr. Mohd Shahazwan Bin Mohd Harris as Other of the company w.e.f. December 19, 2025.",OTHER,False,False,NEUTRAL,0.0,0.5,,v3.0,,,
FORTIS,NSE_CORP_ANN,,Updates,"Fortis Healthcare Limited has informed the Exchange regarding 'status of re-lodgement of transfer requests of physical shares for the month ended on November 30, 2025'.","Updates Fortis Healthcare Limited has informed the Exchange regarding 'status of re-lodgement of transfer requests of physical shares for the month ended on November 30, 2025'.",OTHER,False,False,NEUTRAL,0.0,0.5,,v3.0,,,
FORTIS,NSE_CORP_ANN,,Copy of Newspaper Publication,"Newspaper clippings   Special Window for re-lodgement of transfer requests of physical shares.The newspaper clippings of the advertisement on the captioned subject published today i.e., December 17, 2025 in the columns of English daily  Financial Express , all editions and Punjabi daily  Rozana Spokesman , Mohali edition are enclosed for information and records.","Copy of Newspaper Publication Newspaper clippings Special Window for re-lodgement of transfer requests of physical shares.The newspaper clippings of the advertisement on the captioned subject published today i.e., December 17, 2025 in the columns of English daily Financial Express , all editions and Punjabi daily Rozana Spokesman , Mohali edition are enclosed for information and records.",OTHER,True,False,NEUTRAL,0.0,0.5,,v3.0,,,
GAIL,NSE_CORP_ANN,,Analysts/Institutional Investor Meet/Con. Call Updates,GAIL (India) Limited has informed the Exchange about Schedule of meet,Analysts/Institutional Investor Meet/Con. Call Updates GAIL (India) Limited has informed the Exchange about Schedule of meet,OTHER,True,False,NEUTRAL,0.0,0.5,,v3.0,,,
GMRAIRPORT,NSE_CORP_ANN,,Acquisition,"GMR AIRPORTS LIMITED has informed the Exchange about Intimation under Regulations 30 & 51 of SEBI (Listing Obligations and Disclosure Requirements) Regulations, 2015 ( Listing Regulations )  Acquisition of equity stake in Delhi Duty Free Services Private Limited ( DDFS )","Acquisition GMR AIRPORTS LIMITED has informed the Exchange about Intimation under Regulations 30 & 51 of SEBI (Listing Obligations and Disclosure Requirements) Regulations, 2015 ( Listing Regulations ) Acquisition of equity stake in Delhi Duty Free Services Private Limited ( DDFS )",OTHER,False,False,NEUTRAL,0.0,0.5,,v3.0,,,
GMRAIRPORT,NSE_CORP_ANN,,Credit Rating,GMR AIRPORTS LIMITED has informed the Exchange about Credit Rating,Credit Rating GMR AIRPORTS LIMITED has informed the Exchange about Credit Rating,OTHER,False,False,NEUTRAL,0.0,0.5,,v3.0,,,
GMRAIRPORT,NSE_CORP_ANN,,Copy of Newspaper Publication,GMR AIRPORTS LIMITED has informed the Exchange about Intimation regarding Newspaper Publication for Notice of Postal Ballot,Copy of Newspaper Publication GMR AIRPORTS LIMITED has informed the Exchange about Intimation regarding Newspaper Publication for Notice of Postal Ballot,OTHER,True,False,NEUTRAL,0.0,0.5,,v3.0,,,
GMRAIRPORT,NSE_CORP_ANN,,Shareholders meeting,GMR AIRPORTS LIMITED has informed the Exchange regarding Notice of Postal Ballot,Shareholders meeting GMR AIRPORTS LIMITED has informed the Exchange regarding Notice of Postal Ballot,OTHER,False,False,NEUTRAL,0.0,0.5,,v3.0,,,
GMRAIRPORT,NSE_CORP_ANN,,Resignation,GMR AIRPORTS LIMITED has informed the Exchange regarding Intimation regarding Resignation of Alternate Director of the Company,Resignation GMR AIRPORTS LIMITED has informed the Exchange regarding Intimation regarding Resignation of Alternate Director of the Company,OTHER,False,False,NEUTRAL,0.0,0.5,,v3.0,,,
GLENMARK,NSE_CORP_ANN,,Press Release,"Glenmark Pharmaceuticals Limited has informed the Exchange regarding a press release dated December 23, 2025, titled ""Glenmark Pharmaceuticals Inc., USA launches Epinephrine Injection USP,30 mg/30 mL (1 mg/mL) Multiple-Dose Vial"".","Press Release Glenmark Pharmaceuticals Limited has informed the Exchange regarding a press release dated December 23, 2025, titled ""Glenmark Pharmaceuticals Inc., USA launches Epinephrine Injection USP,30 mg/30 mL (1 mg/mL) Multiple-Dose Vial"".",OTHER,False,False,NEUTRAL,0.0,0.5,,v3.0,,,
GLENMARK,NSE_CORP_ANN,,Press Release,"Glenmark Pharmaceuticals Limited has informed the Exchange regarding a press release dated December 16, 2025, titled ""Glenmark Secures Exclusive Multi-Regional Rights to Aumolertinib, an MHRA and NMPA approved Third-Generation EGFR-TKI, from Hansoh Pharma"".","Press Release Glenmark Pharmaceuticals Limited has informed the Exchange regarding a press release dated December 16, 2025, titled ""Glenmark Secures Exclusive Multi-Regional Rights to Aumolertinib, an MHRA and NMPA approved Third-Generation EGFR-TKI, from Hansoh Pharma"".",OTHER,False,False,NEUTRAL,0.0,0.5,,v3.0,,,
GRASIM,NSE_CORP_ANN,,General Updates,Change In Senior Management Personnel of the Company,General Updates Change In Senior Management Personnel of the Company,OTHER,False,False,NEUTRAL,0.0,0.5,,v3.0,,,
GRASIM,NSE_CORP_ANN,,Analysts/Institutional Investor Meet/Con. Call Updates,Intimation of schedule of Analysts / Institutional Investor Meet,Analysts/Institutional Investor Meet/Con. Call Updates Intimation of schedule of Analysts / Institutional Investor Meet,OTHER,True,False,NEUTRAL,0.0,0.5,,v3.0,,,
HCLTECH,NSE_CORP_ANN,,Press Release,"HCL Technologies Limited has informed the Exchange regarding a press release dated December 22, 2025, titled ""Release    HCLSoftware to Acquire Jaspersoft from Cloud Software Group. "".","Press Release HCL Technologies Limited has informed the Exchange regarding a press release dated December 22, 2025, titled ""Release HCLSoftware to Acquire Jaspersoft from Cloud Software Group. "".",OTHER,False,False,NEUTRAL,0.0,0.5,,v3.0,,,
HCLTECH,NSE_CORP_ANN,,Acquisition,HCL Technologies Limited has informed the Exchange about Acquisition,Acquisition HCL Technologies Limited has informed the Exchange about Acquisition,OTHER,False,False,NEUTRAL,0.0,0.5,,v3.0,,,
HCLTECH,NSE_CORP_ANN,,Press Release,"HCL Technologies Limited has informed the Exchange regarding a press release dated December 22, 2025, titled ""Release    HCLSoftware to Acquire AI Data Analyst Agents Startup Wobby. "".","Press Release HCL Technologies Limited has informed the Exchange regarding a press release dated December 22, 2025, titled ""Release HCLSoftware to Acquire AI Data Analyst Agents Startup Wobby. "".",OTHER,False,False,NEUTRAL,0.0,0.5,,v3.0,,,
HCLTECH,NSE_CORP_ANN,,Acquisition,HCL Technologies Limited has informed the Exchange about Acquisition,Acquisition HCL Technologies Limited has informed the Exchange about Acquisition,OTHER,False,False,NEUTRAL,0.0,0.5,,v3.0,,,
HCLTECH,NSE_CORP_ANN,,Trading Window,"HCL Technologies Limited has informed the Exchange regarding the Trading Window closure pursuant to SEBI (Prohibition of Insider Trading) Regulations, 2015","Trading Window HCL Technologies Limited has informed the Exchange regarding the Trading Window closure pursuant to SEBI (Prohibition of Insider Trading) Regulations, 2015",OTHER,True,False,NEUTRAL,0.0,0.5,,v3.0,,,
HCLTECH,NSE_CORP_ANN,,Updates,HCL Technologies Limited has informed the Exchange regarding ''Release    HCLTech recognized as a Leader in the 2025 Gartner® Magic Quadrant  for Data Center Outsourcing Services,Updates HCL Technologies Limited has informed the Exchange regarding ''Release HCLTech recognized as a Leader in the 2025 Gartner® Magic Quadrant for Data Center Outsourcing Services,OTHER,False,False,NEUTRAL,0.0,0.5,,v3.0,,,
HCLTECH,NSE_CORP_ANN,,Press Release,"HCL Technologies Limited has informed the Exchange regarding a press release dated December 18, 2025, titled ""Release    HCLTech to Acquire Telco Solutions Business from Hewlett PackardEnterprise (HPE) to Further Strengthen its Engineering and AI-led Network Propositionsto Global Communication Service Providers. "".","Press Release HCL Technologies Limited has informed the Exchange regarding a press release dated December 18, 2025, titled ""Release HCLTech to Acquire Telco Solutions Business from Hewlett PackardEnterprise (HPE) to Further Strengthen its Engineering and AI-led Network Propositionsto Global Communication Service Providers. "".",OTHER,False,False,NEUTRAL,0.0,0.5,,v3.0,,,
HCLTECH,NSE_CORP_ANN,,Acquisition,HCL Technologies Limited has informed the Exchange about Acquisition,Acquisition HCL Technologies Limited has informed the Exchange about Acquisition,OTHER,False,False,NEUTRAL,0.0,0.5,,v3.0,,,
HCLTECH,NSE_CORP_ANN,,Updates,HCL Technologies Limited has informed the Exchange regarding 'Release    ASN Bank signs a contract with HCLTech to accelerate digital transformation and enhance customer experience,Updates HCL Technologies Limited has informed the Exchange regarding 'Release ASN Bank signs a contract with HCLTech to accelerate digital transformation and enhance customer experience,OTHER,False,False,NEUTRAL,0.0,0.5,,v3.0,,,
HCLTECH,NSE_CORP_ANN,,Updates,HCL Technologies Limited has informed the Exchange regarding 'Release    NSE Academy collaborates with HCLTech to develop next-gen workforce for the evolving digital economy '.,Updates HCL Technologies Limited has informed the Exchange regarding 'Release NSE Academy collaborates with HCLTech to develop next-gen workforce for the evolving digital economy '.,OTHER,False,False,NEUTRAL,0.0,0.5,,v3.0,,,
HDFCBANK,NSE_CORP_ANN,,ESOP/ESOS/ESPS,HDFC Bank Limited has informed the Exchange regarding Allotment of 2066610  Shares.,ESOP/ESOS/ESPS HDFC Bank Limited has informed the Exchange regarding Allotment of 2066610 Shares.,OTHER,True,False,NEUTRAL,0.0,0.5,,v3.0,,,
HDFCBANK,NSE_CORP_ANN,,Copy of Newspaper Publication,HDFC Bank Limited has informed the Exchange about Copy of Newspaper Publication,Copy of Newspaper Publication HDFC Bank Limited has informed the Exchange about Copy of Newspaper Publication,OTHER,True,False,NEUTRAL,0.0,0.5,,v3.0,,,
HDFCLIFE,NSE_CORP_ANN,,General Updates,HDFC Life Insurance Company Limited has informed the Exchange about the allotment of 769885 securities pursuant to ESOP/ESPS,General Updates HDFC Life Insurance Company Limited has informed the Exchange about the allotment of 769885 securities pursuant to ESOP/ESPS,OTHER,True,False,NEUTRAL,0.0,0.5,,v3.0,,,
HFCL,NSE_CORP_ANN,,Trading Window,"HFCL Limited has informed the Exchange regarding the Trading Window closure pursuant to SEBI (Prohibition of Insider Trading) Regulations, 2015","Trading Window HFCL Limited has informed the Exchange regarding the Trading Window closure pursuant to SEBI (Prohibition of Insider Trading) Regulations, 2015",OTHER,True,False,NEUTRAL,0.0,0.5,,v3.0,,,
HFCL,NSE_CORP_ANN,,Updates,"HFCL Limited has informed the Exchange regarding 'Outcome of Fund Raising Committee Meeting of Directors held on today i.e. December 22, 2025'.","Updates HFCL Limited has informed the Exchange regarding 'Outcome of Fund Raising Committee Meeting of Directors held on today i.e. December 22, 2025'.",OTHER,False,False,NEUTRAL,0.0,0.5,,v3.0,,,
HFCL,NSE_CORP_ANN,,Updates,"HFCL Limited has informed the Exchange regarding 'Outcome of the Meeting of Fund Raising Committee of Directors held today i.e. December 22, 2025'.","Updates HFCL Limited has informed the Exchange regarding 'Outcome of the Meeting of Fund Raising Committee of Directors held today i.e. December 22, 2025'.",OTHER,False,False,NEUTRAL,0.0,0.5,,v3.0,,,
HAVELLS,NSE_CORP_ANN,,Trading Window,"Havells India Limited has informed the Exchange regarding the Trading Window closure pursuant to SEBI (Prohibition of Insider Trading) Regulations, 2015","Trading Window Havells India Limited has informed the Exchange regarding the Trading Window closure pursuant to SEBI (Prohibition of Insider Trading) Regulations, 2015",OTHER,True,False,NEUTRAL,0.0,0.5,,v3.0,,,
HAVELLS,NSE_CORP_ANN,,Change in Management,Havells India Limited has informed the Exchange about change in Management,Change in Management Havells India Limited has informed the Exchange about change in Management,OTHER,False,False,NEUTRAL,0.0,0.5,,v3.0,,,
HEROMOTOCO,NSE_CORP_ANN,,Trading Window,"Hero MotoCorp Limited has informed the Exchange regarding the Trading Window closure pursuant to SEBI (Prohibition of Insider Trading) Regulations, 2015","Trading Window Hero MotoCorp Limited has informed the Exchange regarding the Trading Window closure pursuant to SEBI (Prohibition of Insider Trading) Regulations, 2015",OTHER,True,False,NEUTRAL,0.0,0.5,,v3.0,,,
HEROMOTOCO,NSE_CORP_ANN,,Copy of Newspaper Publication,Please find enclosed herewith the copy of newspaper advertisement published today intimating that the special window has been opened for re-lodgement of transfer requests of physical shares.,Copy of Newspaper Publication Please find enclosed herewith the copy of newspaper advertisement published today intimating that the special window has been opened for re-lodgement of transfer requests of physical shares.,OTHER,True,False,NEUTRAL,0.0,0.5,,v3.0,,,
HINDUNILVR,NSE_CORP_ANN,,General Updates,Update on acquisition of Equity Shares of Transition Sustainable Energy Services One Private Limited,General Updates Update on acquisition of Equity Shares of Transition Sustainable Energy Services One Private Limited,OTHER,False,False,NEUTRAL,0.0,0.5,,v3.0,,,
HINDZINC,NSE_CORP_ANN,,General Updates,"Hindustan Zinc Limited has informed the Exchange about Intimation under the Securities and Exchange Board of India (Listing Obligations and Disclosure Requirements) Regulations, 2015 ( Listing Regulations )   ESG Rating(s)","General Updates Hindustan Zinc Limited has informed the Exchange about Intimation under the Securities and Exchange Board of India (Listing Obligations and Disclosure Requirements) Regulations, 2015 ( Listing Regulations ) ESG Rating(s)",OTHER,False,False,NEUTRAL,0.0,0.5,,v3.0,,,
HINDZINC,NSE_CORP_ANN,,Shareholders meeting,"Hindustan Zinc Limited has submitted the Exchange a copy Srutinizers report of  Postal Ballot. Further, the company has informed the Exchange regarding voting results.","Shareholders meeting Hindustan Zinc Limited has submitted the Exchange a copy Srutinizers report of Postal Ballot. Further, the company has informed the Exchange regarding voting results.",OTHER,True,False,NEUTRAL,0.0,0.5,,v3.0,,,
HINDZINC,NSE_CORP_ANN,,Action(s) taken or orders passed,Hindustan Zinc Limited has informed the Exchange about Action(s) taken or orders passed,Action(s) taken or orders passed Hindustan Zinc Limited has informed the Exchange about Action(s) taken or orders passed,OTHER,False,False,NEUTRAL,0.0,0.5,,v3.0,,,
POWERINDIA,NSE_CORP_ANN,,Action(s) taken or orders passed,Hitachi Energy India Limited has informed the Exchange about Action(s) taken or orders passed,Action(s) taken or orders passed Hitachi Energy India Limited has informed the Exchange about Action(s) taken or orders passed,OTHER,False,False,NEUTRAL,0.0,0.5,,v3.0,,,
ICICIBANK,NSE_CORP_ANN,,Trading Window,"ICICI Bank Limited has informed the Exchange regarding the Trading Window closure pursuant to SEBI (Prohibition of Insider Trading) Regulations, 2015","Trading Window ICICI Bank Limited has informed the Exchange regarding the Trading Window closure pursuant to SEBI (Prohibition of Insider Trading) Regulations, 2015",OTHER,True,False,NEUTRAL,0.0,0.5,,v3.0,,,
ICICIBANK,NSE_CORP_ANN,,General Updates,"ICICI Bank Limited has informed the Exchange about disclosure under Regulation 30 of the SEBI (Listing Obligations and Disclosure Requirements) Regulation, 2015","General Updates ICICI Bank Limited has informed the Exchange about disclosure under Regulation 30 of the SEBI (Listing Obligations and Disclosure Requirements) Regulation, 2015",OTHER,False,False,NEUTRAL,0.0,0.5,,v3.0,,,
ICICIBANK,NSE_CORP_ANN,,ESOP/ESOS/ESPS,ICICI Bank Limited has informed the Exchange regarding Allotment of 19752  Shares.,ESOP/ESOS/ESPS ICICI Bank Limited has informed the Exchange regarding Allotment of 19752 Shares.,OTHER,True,False,NEUTRAL,0.0,0.5,,v3.0,,,
ICICIBANK,NSE_CORP_ANN,,General Updates,"ICICI Bank Limited has informed the Exchange about disclosure under Regulation 30 of the SEBI (Listing Obligations and Disclosure Requirements), Regulations, 2015","General Updates ICICI Bank Limited has informed the Exchange about disclosure under Regulation 30 of the SEBI (Listing Obligations and Disclosure Requirements), Regulations, 2015",OTHER,False,False,NEUTRAL,0.0,0.5,,v3.0,,,
ICICIBANK,NSE_CORP_ANN,,General Updates,"ICICI Bank Limited has informed the Exchange about disclosure under Regulation 30 of the SEBI (Listing Obligations and Disclosure Requirements) Regulations, 2015","General Updates ICICI Bank Limited has informed the Exchange about disclosure under Regulation 30 of the SEBI (Listing Obligations and Disclosure Requirements) Regulations, 2015",OTHER,False,False,NEUTRAL,0.0,0.5,,v3.0,,,
ICICIBANK,NSE_CORP_ANN,,ESOP/ESOS/ESPS,ICICI Bank Limited has informed the Exchange regarding Allotment of 76323  Shares.,ESOP/ESOS/ESPS ICICI Bank Limited has informed the Exchange regarding Allotment of 76323 Shares.,OTHER,True,False,NEUTRAL,0.0,0.5,,v3.0,,,
ICICIGI,NSE_CORP_ANN,,ESOP/ESOS/ESPS,ICICI Lombard General Insurance Company Limited has informed the Exchange regarding  allotment of 40020 equity shares.,ESOP/ESOS/ESPS ICICI Lombard General Insurance Company Limited has informed the Exchange regarding allotment of 40020 equity shares.,OTHER,True,False,NEUTRAL,0.0,0.5,,v3.0,,,
ICICIGI,NSE_CORP_ANN,,General Updates,"ICICI Lombard General Insurance Company Limited has informed the Exchange about Update on Disclosure under Regulation 30 of SEBI (Listing Obligations and Disclosure Requirements) Regulations, 2015","General Updates ICICI Lombard General Insurance Company Limited has informed the Exchange about Update on Disclosure under Regulation 30 of SEBI (Listing Obligations and Disclosure Requirements) Regulations, 2015",OTHER,False,False,NEUTRAL,0.0,0.5,,v3.0,,,
ICICIPRULI,NSE_CORP_ANN,,General Updates,ICICI Prudential Life Insurance Company Limited has informed the Exchange about General Updates,General Updates ICICI Prudential Life Insurance Company Limited has informed the Exchange about General Updates,OTHER,False,False,NEUTRAL,0.0,0.5,,v3.0,,,
ICICIPRULI,NSE_CORP_ANN,,Action(s) taken or orders passed,ICICI Prudential Life Insurance Company Limited has informed the Exchange about Action(s) taken or orders passed,Action(s) taken or orders passed ICICI Prudential Life Insurance Company Limited has informed the Exchange about Action(s) taken or orders passed,OTHER,False,False,NEUTRAL,0.0,0.5,,v3.0,,,
ICICIPRULI,NSE_CORP_ANN,,ESOP/ESOS/ESPS,ICICI Prudential Life Insurance Company Limited has informed the Exchange regarding Allotment of 78351  Shares.,ESOP/ESOS/ESPS ICICI Prudential Life Insurance Company Limited has informed the Exchange regarding Allotment of 78351 Shares.,OTHER,True,False,NEUTRAL,0.0,0.5,,v3.0,,,
IDFCFIRSTB,NSE_CORP_ANN,,ESOP/ESOS/ESPS,IDFC First Bank Limited has informed the Exchange regarding Allotment of 796222  Shares.,ESOP/ESOS/ESPS IDFC First Bank Limited has informed the Exchange regarding Allotment of 796222 Shares.,OTHER,True,False,NEUTRAL,0.0,0.5,,v3.0,,,
IDFCFIRSTB,NSE_CORP_ANN,,Shareholders meeting,"IDFC First Bank Limited has submitted the Exchange a copy Srutinizers report of  Postal Ballot. Further, the company has informed the Exchange regarding voting results.","Shareholders meeting IDFC First Bank Limited has submitted the Exchange a copy Srutinizers report of Postal Ballot. Further, the company has informed the Exchange regarding voting results.",OTHER,True,False,NEUTRAL,0.0,0.5,,v3.0,,,
IIFL,NSE_CORP_ANN,,Outcome of Board Meeting,"IIFL Finance Limited has informed the Exchange regarding Outcome of Finance Committee meeting held on December 22, 2025.","Outcome of Board Meeting IIFL Finance Limited has informed the Exchange regarding Outcome of Finance Committee meeting held on December 22, 2025.",OTHER,True,False,NEUTRAL,0.0,0.5,,v3.0,,,
IIFL,NSE_CORP_ANN,,Outcome of Board Meeting,"IIFL Finance Limited has informed the Exchange regarding Outcome of Finance Committee Meeting held on December 22, 2025.","Outcome of Board Meeting IIFL Finance Limited has informed the Exchange regarding Outcome of Finance Committee Meeting held on December 22, 2025.",OTHER,True,False,NEUTRAL,0.0,0.5,,v3.0,,,
IIFL,NSE_CORP_ANN,,Credit Rating,IIFL Finance Limited has informed the Exchange about Credit Rating,Credit Rating IIFL Finance Limited has informed the Exchange about Credit Rating,OTHER,False,False,NEUTRAL,0.0,0.5,,v3.0,,,
IIFL,NSE_CORP_ANN,,Press Release,"IIFL Finance Limited has informed the Exchange regarding a press release dated December 19, 2025, titled ""IIFL Finance Limited Designates Former RBI Deputy Governor Mr. B. P. Kanungo as Chairperson of the Board.""","Press Release IIFL Finance Limited has informed the Exchange regarding a press release dated December 19, 2025, titled ""IIFL Finance Limited Designates Former RBI Deputy Governor Mr. B. P. Kanungo as Chairperson of the Board.""",OTHER,False,False,NEUTRAL,0.0,0.5,,v3.0,,,
IIFL,NSE_CORP_ANN,,Outcome of Board Meeting,"IIFL Finance Limited has informed the Exchanges regarding Outcome of Board Meeting dated December 19, 2025.","Outcome of Board Meeting IIFL Finance Limited has informed the Exchanges regarding Outcome of Board Meeting dated December 19, 2025.",OTHER,True,False,NEUTRAL,0.0,0.5,,v3.0,,,
IIFL,NSE_CORP_ANN,,Credit Rating,IIFL Finance Limited has informed the Exchange about Credit Rating,Credit Rating IIFL Finance Limited has informed the Exchange about Credit Rating,OTHER,False,False,NEUTRAL,0.0,0.5,,v3.0,,,
IIFL,NSE_CORP_ANN,,Allotment of Securities,IIFL Finance Limited has informed the Exchange regarding Intimation of Allotment of Non-Convertible Debentures on Private Placement basis,Allotment of Securities IIFL Finance Limited has informed the Exchange regarding Intimation of Allotment of Non-Convertible Debentures on Private Placement basis,OTHER,True,False,NEUTRAL,0.0,0.5,,v3.0,,,
IIFL,NSE_CORP_ANN,,Press Release,"IIFL Finance Limited has informed the Exchange regarding a press release dated December 16, 2025, titled ""S&P Upgrades IIFL Finances Outlook to Positive On Recovering Market Share in Gold Loans; 'B+/B' Ratings Affirmed"".","Press Release IIFL Finance Limited has informed the Exchange regarding a press release dated December 16, 2025, titled ""S&P Upgrades IIFL Finances Outlook to Positive On Recovering Market Share in Gold Loans; 'B+/B' Ratings Affirmed"".",OTHER,False,False,NEUTRAL,0.0,0.5,,v3.0,,,
ITC,NSE_CORP_ANN,,ESOP/ESOS/ESPS,ITC Limited has informed the Exchange regarding Allotment of 195210 Shares.,ESOP/ESOS/ESPS ITC Limited has informed the Exchange regarding Allotment of 195210 Shares.,OTHER,True,False,NEUTRAL,0.0,0.5,,v3.0,,,
ITC,NSE_CORP_ANN,,Sale or disposal,"ITC Limited has informed the Exchange about Voluntary Liquidation of Prag Agro Farm Limited, a wholly owned subsidiary","Sale or disposal ITC Limited has informed the Exchange about Voluntary Liquidation of Prag Agro Farm Limited, a wholly owned subsidiary",OTHER,False,False,NEUTRAL,0.0,0.5,,v3.0,,,
ITC,NSE_CORP_ANN,,General Updates,ITC Limited has informed the Exchange about Acquisition of Pulp and Paper Undertaking of Aditya Birla Real Estate Limited - Update,General Updates ITC Limited has informed the Exchange about Acquisition of Pulp and Paper Undertaking of Aditya Birla Real Estate Limited - Update,OTHER,False,False,NEUTRAL,0.0,0.5,,v3.0,,,
ITC,NSE_CORP_ANN,,Change in Director(s),ITC Limited has informed the Exchange regarding Change in Director(s) of the company.,Change in Director(s) ITC Limited has informed the Exchange regarding Change in Director(s) of the company.,OTHER,False,False,NEUTRAL,0.0,0.5,,v3.0,,,
ITC,NSE_CORP_ANN,,Shareholders meeting,ITC Limited has informed the Exchange regarding voting results of  Postal Ballot,Shareholders meeting ITC Limited has informed the Exchange regarding voting results of Postal Ballot,OTHER,True,False,NEUTRAL,0.0,0.5,,v3.0,,,
INDIANB,NSE_CORP_ANN,,Shareholders meeting,"Indian Bank has informed the Exchange regarding Notice of Extraordinary General Meeting to be held on January 09, 2026","Shareholders meeting Indian Bank has informed the Exchange regarding Notice of Extraordinary General Meeting to be held on January 09, 2026",OTHER,False,False,NEUTRAL,0.0,0.5,,v3.0,,,
IEX,NSE_CORP_ANN,,Analysts/Institutional Investor Meet/Con. Call Updates,Indian Energy Exchange Limited has informed the Exchange about Schedule of meet,Analysts/Institutional Investor Meet/Con. Call Updates Indian Energy Exchange Limited has informed the Exchange about Schedule of meet,OTHER,True,False,NEUTRAL,0.0,0.5,,v3.0,,,
IRCTC,NSE_CORP_ANN,,Trading Window,"Indian Railway Catering And Tourism Corporation Limited has informed the Exchange regarding the Trading Window closure pursuant to SEBI (Prohibition of Insider Trading) Regulations, 2015","Trading Window Indian Railway Catering And Tourism Corporation Limited has informed the Exchange regarding the Trading Window closure pursuant to SEBI (Prohibition of Insider Trading) Regulations, 2015",OTHER,True,False,NEUTRAL,0.0,0.5,,v3.0,,,
IRFC,NSE_CORP_ANN,,Change in Auditors,Indian Railway Finance Corporation Limited has informed the Exchange regarding Change in Auditors of the company.,Change in Auditors Indian Railway Finance Corporation Limited has informed the Exchange regarding Change in Auditors of the company.,OTHER,False,False,NEUTRAL,0.0,0.5,,v3.0,,,
INDUSTOWER,NSE_CORP_ANN,,Acquisition,Indus Towers Limited has informed the Exchange regarding Incorporation of a Step-down Wholly Owned Subsidiary in United Arab Emirates,Acquisition Indus Towers Limited has informed the Exchange regarding Incorporation of a Step-down Wholly Owned Subsidiary in United Arab Emirates,OTHER,True,False,NEUTRAL,0.0,0.5,,v3.0,,,
INDUSTOWER,NSE_CORP_ANN,,Acquisition,Indus Towers Limited has informed the Exchange regarding incorporation of step down wholly owned subsidiaries in United Arab Emirates,Acquisition Indus Towers Limited has informed the Exchange regarding incorporation of step down wholly owned subsidiaries in United Arab Emirates,OTHER,True,False,NEUTRAL,0.0,0.5,,v3.0,,,
INDUSINDBK,NSE_CORP_ANN,,News Verification,The Exchange has sought clarification from Indusind Bank Limited with respect to recent news item captioned IndusInd Bank Under SFIO Scanner As MCA Orders Probe Citing Public Interest..  The response from the Company is attached.,News Verification The Exchange has sought clarification from Indusind Bank Limited with respect to recent news item captioned IndusInd Bank Under SFIO Scanner As MCA Orders Probe Citing Public Interest.. The response from the Company is attached.,OTHER,False,True,NEGATIVE,8.5,0.95,PATTERN_MATCH_sfio.*scanner,v3.0,,,
INDUSINDBK,NSE_CORP_ANN,,News Verification,The Exchange has sought clarification from Indusind Bank Limited with respect to recent news item captioned IndusInd Bank Under SFIO Scanner As MCA Orders Probe Citing Public Interest..  The response from the Company is awaited.,News Verification The Exchange has sought clarification from Indusind Bank Limited with respect to recent news item captioned IndusInd Bank Under SFIO Scanner As MCA Orders Probe Citing Public Interest.. The response from the Company is awaited.,OTHER,False,True,NEGATIVE,8.5,0.95,PATTERN_MATCH_sfio.*scanner,v3.0,,,
INDUSINDBK,NSE_CORP_ANN,,Change in Management,Indusind Bank Limited has informed the Exchange about change in Management,Change in Management Indusind Bank Limited has informed the Exchange about change in Management,OTHER,False,False,NEUTRAL,0.0,0.5,,v3.0,,,
INDUSINDBK,NSE_CORP_ANN,,General Updates,"Indusind Bank Limited has informed the Exchange about intimation under Regulation 30 of SEBI (Listing Obligations and Disclosure Requirements) Regulations, 2015","General Updates Indusind Bank Limited has informed the Exchange about intimation under Regulation 30 of SEBI (Listing Obligations and Disclosure Requirements) Regulations, 2015",OTHER,False,False,NEUTRAL,0.0,0.5,,v3.0,,,
INFY,NSE_CORP_ANN,,Updates,Infosys Limited has informed the Exchange regarding 'Company statement'.,Updates Infosys Limited has informed the Exchange regarding 'Company statement'.,OTHER,False,False,NEUTRAL,0.0,0.5,,v3.0,,,
INFY,NSE_CORP_ANN,,Updates,"Infosys Limited has informed the Exchange regarding 'Clarification on ADR Price Volatility   December 19, 2025'.","Updates Infosys Limited has informed the Exchange regarding 'Clarification on ADR Price Volatility December 19, 2025'.",OTHER,False,False,NEUTRAL,0.0,0.5,,v3.0,,,
INFY,NSE_CORP_ANN,,Copy of Newspaper Publication,Infosys Limited has informed the Exchange about Copy of Newspaper Publication for loss of share certificates,Copy of Newspaper Publication Infosys Limited has informed the Exchange about Copy of Newspaper Publication for loss of share certificates,OTHER,True,False,NEUTRAL,0.0,0.5,,v3.0,,,
INFY,NSE_CORP_ANN,,ESOP/ESOS/ESPS,Infosys Limited has informed the Exchange regarding Allotment of 43490  Shares.,ESOP/ESOS/ESPS Infosys Limited has informed the Exchange regarding Allotment of 43490 Shares.,OTHER,True,False,NEUTRAL,0.0,0.5,,v3.0,,,
INFY,NSE_CORP_ANN,,General Updates,Infosys Limited has informed the Exchange about Disclosure Under Regulation 30 Of SEBI LODR Regulations,General Updates Infosys Limited has informed the Exchange about Disclosure Under Regulation 30 Of SEBI LODR Regulations,OTHER,False,False,NEUTRAL,0.0,0.5,,v3.0,,,
INFY,NSE_CORP_ANN,,Updates,Infosys Limited has informed the Exchange regarding Press release titled - Infosys and MIT Technology Review Insights Report Reveals the Critical Role of Psychological Safety in Driving AI Initiatives   with 83% of Business Leaders Reporting a Measurable Impact,Updates Infosys Limited has informed the Exchange regarding Press release titled - Infosys and MIT Technology Review Insights Report Reveals the Critical Role of Psychological Safety in Driving AI Initiatives with 83% of Business Leaders Reporting a Measurable Impact,OTHER,False,False,NEUTRAL,0.0,0.5,,v3.0,,,
INFY,NSE_CORP_ANN,,Copy of Newspaper Publication,Infosys Limited has informed the Exchange about Copy of Newspaper Publication of board meeting notice,Copy of Newspaper Publication Infosys Limited has informed the Exchange about Copy of Newspaper Publication of board meeting notice,OTHER,True,False,NEUTRAL,0.0,0.5,,v3.0,,,
INOXWIND,NSE_CORP_ANN,,Press Release,"Inox Wind Limited has informed the Exchange regarding a press release dated December 18, 2025, titled ""Hon ble Dy Chief Minister of Gujarat Inaugurates INOXGFL Group s Advanced Solar and Wind Manufacturing Facilities near Ahmedabad"".","Press Release Inox Wind Limited has informed the Exchange regarding a press release dated December 18, 2025, titled ""Hon ble Dy Chief Minister of Gujarat Inaugurates INOXGFL Group s Advanced Solar and Wind Manufacturing Facilities near Ahmedabad"".",OTHER,False,False,NEUTRAL,0.0,0.5,,v3.0,,,
INOXWIND,NSE_CORP_ANN,,Press Release,"Inox Wind Limited has informed the Exchange regarding a press release dated December 16, 2025, titled ""Inox Wind secures a repeat 100 MW order from Jakson Green"".","Press Release Inox Wind Limited has informed the Exchange regarding a press release dated December 16, 2025, titled ""Inox Wind secures a repeat 100 MW order from Jakson Green"".",OTHER,False,False,NEUTRAL,0.0,0.5,,v3.0,,,
INDIGO,NSE_CORP_ANN,,General Updates,InterGlobe Aviation Limited has informed the Exchange about General Updates,General Updates InterGlobe Aviation Limited has informed the Exchange about General Updates,OTHER,False,False,NEUTRAL,0.0,0.5,,v3.0,,,
JINDALSTEL,NSE_CORP_ANN,,General Updates,JINDAL STEEL LIMITED has informed the Exchange about Grant of Stock Options under Jindal Steel Employee Benefit Scheme   2022,General Updates JINDAL STEEL LIMITED has informed the Exchange about Grant of Stock Options under Jindal Steel Employee Benefit Scheme 2022,OTHER,False,False,NEUTRAL,0.0,0.5,,v3.0,,,
JSWENERGY,NSE_CORP_ANN,,Updates,JSW Energy Limited has informed the Exchange about the Assignment of Credit Rating - O2 Companies.,Updates JSW Energy Limited has informed the Exchange about the Assignment of Credit Rating - O2 Companies.,OTHER,False,False,NEUTRAL,0.0,0.5,,v3.0,,,
JSWSTEEL,NSE_CORP_ANN,,Trading Window,"JSW Steel Limited has informed the Exchange regarding the Trading Window closure pursuant to SEBI (Prohibition of Insider Trading) Regulations, 2015","Trading Window JSW Steel Limited has informed the Exchange regarding the Trading Window closure pursuant to SEBI (Prohibition of Insider Trading) Regulations, 2015",OTHER,True,False,NEUTRAL,0.0,0.5,,v3.0,,,
JSWSTEEL,NSE_CORP_ANN,,Credit Rating- Revision,JSW Steel Limited has informed the Exchange about Credit Rating- Revision,Credit Rating- Revision JSW Steel Limited has informed the Exchange about Credit Rating- Revision,OTHER,False,False,NEUTRAL,0.0,0.5,,v3.0,,,
JIOFIN,NSE_CORP_ANN,,Change in Management,Jio Financial Services Limited has informed the Exchange about change in Management,Change in Management Jio Financial Services Limited has informed the Exchange about change in Management,OTHER,False,False,NEUTRAL,0.0,0.5,,v3.0,,,
KPITTECH,NSE_CORP_ANN,,Analysts/Institutional Investor Meet/Con. Call Updates,KPIT Technologies Limited has informed the Exchange about Investor Meet Outcome,Analysts/Institutional Investor Meet/Con. Call Updates KPIT Technologies Limited has informed the Exchange about Investor Meet Outcome,OTHER,True,False,NEUTRAL,0.0,0.5,,v3.0,,,
KALYANKJIL,NSE_CORP_ANN,,Trading Window,"Kalyan Jewellers India Limited has informed the Exchange regarding the Trading Window closure pursuant to SEBI (Prohibition of Insider Trading) Regulations, 2015","Trading Window Kalyan Jewellers India Limited has informed the Exchange regarding the Trading Window closure pursuant to SEBI (Prohibition of Insider Trading) Regulations, 2015",OTHER,True,False,NEUTRAL,0.0,0.5,,v3.0,,,
KAYNES,NSE_CORP_ANN,,Credit Rating,Kaynes Technology India Limited has informed the Exchange about Credit Rating,Credit Rating Kaynes Technology India Limited has informed the Exchange about Credit Rating,OTHER,False,False,NEUTRAL,0.0,0.5,,v3.0,,,
KAYNES,NSE_CORP_ANN,,Press Release,"Kaynes Technology India Limited has informed the Exchange regarding a press release dated December 16, 2025, titled "" Kaynes Semicon Announces Strategic Partnerships with Mitsui & Co. and AOI Electronics to Strengthen India s Semiconductor Ecosystem. "".","Press Release Kaynes Technology India Limited has informed the Exchange regarding a press release dated December 16, 2025, titled "" Kaynes Semicon Announces Strategic Partnerships with Mitsui & Co. and AOI Electronics to Strengthen India s Semiconductor Ecosystem. "".",OTHER,False,False,NEUTRAL,0.0,0.5,,v3.0,,,
KFINTECH,NSE_CORP_ANN,,ESOP/ESOS/ESPS,KFin Technologies Limited has informed the Exchange regarding allotment of Equity Shares pursuant to exercise of options by the eligible grantees,ESOP/ESOS/ESPS KFin Technologies Limited has informed the Exchange regarding allotment of Equity Shares pursuant to exercise of options by the eligible grantees,OTHER,True,False,NEUTRAL,0.0,0.5,,v3.0,,,
KFINTECH,NSE_CORP_ANN,,Updates,KFin Technologies Limited has informed the Exchange regarding 'Intimation of Schedule of Analyst / Institutional Investors  Meet'.,Updates KFin Technologies Limited has informed the Exchange regarding 'Intimation of Schedule of Analyst / Institutional Investors Meet'.,OTHER,False,False,NEUTRAL,0.0,0.5,,v3.0,,,
KFINTECH,NSE_CORP_ANN,,Shareholders meeting,KFin Technologies Limited has submitted the Outcome of Postal Ballot and Voting Results of Postal Ballot along with the Scrutinizer's Report,Shareholders meeting KFin Technologies Limited has submitted the Outcome of Postal Ballot and Voting Results of Postal Ballot along with the Scrutinizer's Report,OTHER,True,False,NEUTRAL,0.0,0.5,,v3.0,,,
KFINTECH,NSE_CORP_ANN,,Updates,KFin Technologies Limited has informed the Exchange regarding 'Intimation of Schedule of Analyst / Institutional Investors Meet'.,Updates KFin Technologies Limited has informed the Exchange regarding 'Intimation of Schedule of Analyst / Institutional Investors Meet'.,OTHER,False,False,NEUTRAL,0.0,0.5,,v3.0,,,
KOTAKBANK,NSE_CORP_ANN,,Action(s) taken or orders passed,"Intimation under Regulation 30 of the SEBI (Listing Obligations and Disclosure Requirements) Regulations, 2015","Action(s) taken or orders passed Intimation under Regulation 30 of the SEBI (Listing Obligations and Disclosure Requirements) Regulations, 2015",OTHER,False,False,NEUTRAL,0.0,0.5,,v3.0,,,
KOTAKBANK,NSE_CORP_ANN,,Action(s) taken or orders passed,"Intimation under Regulation 30 of the SEBI (Listing Obligations and Disclosure Requirements) Regulations, 2015","Action(s) taken or orders passed Intimation under Regulation 30 of the SEBI (Listing Obligations and Disclosure Requirements) Regulations, 2015",OTHER,False,False,NEUTRAL,0.0,0.5,,v3.0,,,
KOTAKBANK,NSE_CORP_ANN,,General Updates,Kotak Mahindra Bank Limited has informed the Exchange about Grant of Performance Linked Restricted Stock Units,General Updates Kotak Mahindra Bank Limited has informed the Exchange about Grant of Performance Linked Restricted Stock Units,OTHER,False,False,NEUTRAL,0.0,0.5,,v3.0,,,
LT,NSE_CORP_ANN,,Bagging/Receiving of orders/contracts,Larsen & Toubro Limited has informed the Exchange about Bagging/Receiving of orders/contracts,Bagging/Receiving of orders/contracts Larsen & Toubro Limited has informed the Exchange about Bagging/Receiving of orders/contracts,OTHER,False,False,NEUTRAL,0.0,0.5,,v3.0,,,
LT,NSE_CORP_ANN,,Copy of Newspaper Publication,Larsen & Toubro Limited has informed the Exchange about Copy of Newspaper Publication,Copy of Newspaper Publication Larsen & Toubro Limited has informed the Exchange about Copy of Newspaper Publication,OTHER,True,False,NEUTRAL,0.0,0.5,,v3.0,,,
LT,NSE_CORP_ANN,,Shareholders meeting,Larsen & Toubro Limited has informed the Exchange regarding Notice of Postal Ballot,Shareholders meeting Larsen & Toubro Limited has informed the Exchange regarding Notice of Postal Ballot,OTHER,False,False,NEUTRAL,0.0,0.5,,v3.0,,,
LT,NSE_CORP_ANN,,Press Release,"Larsen & Toubro Limited has informed the Exchange regarding a press release dated December 17, 2025, titled ""L&T Wins Orders (Large*) for Buildings & Factories Business"".","Press Release Larsen & Toubro Limited has informed the Exchange regarding a press release dated December 17, 2025, titled ""L&T Wins Orders (Large*) for Buildings & Factories Business"".",OTHER,False,False,NEUTRAL,0.0,0.5,,v3.0,,,
LODHA,NSE_CORP_ANN,,Trading Window,"Lodha Developers Limited has informed the Exchange regarding the Trading Window closure pursuant to SEBI (Prohibition of Insider Trading) Regulations, 2015","Trading Window Lodha Developers Limited has informed the Exchange regarding the Trading Window closure pursuant to SEBI (Prohibition of Insider Trading) Regulations, 2015",OTHER,True,False,NEUTRAL,0.0,0.5,,v3.0,,,
LUPIN,NSE_CORP_ANN,,Press Release,"Lupin Limited has informed the Exchange regarding a press release dated December 18, 2025, titled ""Lupin Signs Exclusive Licensing Agreement with Neopharmed for GastroenterologyBrand Plasil® in the Philippines and Brazil"".","Press Release Lupin Limited has informed the Exchange regarding a press release dated December 18, 2025, titled ""Lupin Signs Exclusive Licensing Agreement with Neopharmed for GastroenterologyBrand Plasil® in the Philippines and Brazil"".",OTHER,False,False,NEUTRAL,0.0,0.5,,v3.0,,,
LUPIN,NSE_CORP_ANN,,Press Release,"Lupin Limited has informed the Exchange regarding a press release dated December 17, 2025, titled ""Lupin Receives Positive CHMP Opinion for Biosimilar Ranibizumab"".","Press Release Lupin Limited has informed the Exchange regarding a press release dated December 17, 2025, titled ""Lupin Receives Positive CHMP Opinion for Biosimilar Ranibizumab"".",OTHER,False,False,NEUTRAL,0.0,0.5,,v3.0,,,
LUPIN,NSE_CORP_ANN,,Press Release,"Lupin Limited has informed the Exchange regarding the receipt of Establishment Inspection Report (EIR) by the Company from the U.S. FDA for its injectables facility in Nagpur, India, vide Press Release dated December 16, 2025.","Press Release Lupin Limited has informed the Exchange regarding the receipt of Establishment Inspection Report (EIR) by the Company from the U.S. FDA for its injectables facility in Nagpur, India, vide Press Release dated December 16, 2025.",OTHER,False,False,NEUTRAL,0.0,0.5,,v3.0,,,
LUPIN,NSE_CORP_ANN,,Press Release,"Lupin Limited has informed the Exchange regarding a press release dated December 16, 2025, titled ""Lupin Secures SBTi Validation for Emission Reduction Targets"".","Press Release Lupin Limited has informed the Exchange regarding a press release dated December 16, 2025, titled ""Lupin Secures SBTi Validation for Emission Reduction Targets"".",OTHER,False,False,NEUTRAL,0.0,0.5,,v3.0,,,
MARICO,NSE_CORP_ANN,,Acquisition,"Please find attached intimation under Regulation 30 of SEBI (Listing Obligations and Disclosure Requirements) Regulations, 2015.","Acquisition Please find attached intimation under Regulation 30 of SEBI (Listing Obligations and Disclosure Requirements) Regulations, 2015.",OTHER,False,False,NEUTRAL,0.0,0.5,,v3.0,,,
MARICO,NSE_CORP_ANN,,Press Release,"Please find attached a press release by Marico Limited, titled ""Marico Achieves Dual A- CDP Scores and secures Leadership in NSE ESG Ratings"".","Press Release Please find attached a press release by Marico Limited, titled ""Marico Achieves Dual A- CDP Scores and secures Leadership in NSE ESG Ratings"".",OTHER,False,False,NEUTRAL,0.0,0.5,,v3.0,,,
MARUTI,NSE_CORP_ANN,,General Updates,"Maruti Suzuki India Limited has informed the Exchange about Intimation under Regulation 30 of the Securities and Exchange Board of India (Listing Obligations and Disclosure Requirements) Regulations, 2015","General Updates Maruti Suzuki India Limited has informed the Exchange about Intimation under Regulation 30 of the Securities and Exchange Board of India (Listing Obligations and Disclosure Requirements) Regulations, 2015",OTHER,False,False,NEUTRAL,0.0,0.5,,v3.0,,,
MARUTI,NSE_CORP_ANN,,General Updates,"Maruti Suzuki India Limited has informed the Exchange about Intimation under Regulation 30 of the SEBI (Listing Obligations and Disclosure Requirements) Regulations, 2015","General Updates Maruti Suzuki India Limited has informed the Exchange about Intimation under Regulation 30 of the SEBI (Listing Obligations and Disclosure Requirements) Regulations, 2015",OTHER,False,False,NEUTRAL,0.0,0.5,,v3.0,,,
MARUTI,NSE_CORP_ANN,,General Updates,"Maruti Suzuki India Limited has informed the Exchange about Intimation under Regulation 30 of the Securities and Exchange Board of India (Listing Obligations and Disclosure Requirements) Regulations, 2015","General Updates Maruti Suzuki India Limited has informed the Exchange about Intimation under Regulation 30 of the Securities and Exchange Board of India (Listing Obligations and Disclosure Requirements) Regulations, 2015",OTHER,False,False,NEUTRAL,0.0,0.5,,v3.0,,,
MARUTI,NSE_CORP_ANN,,Press Release,"Maruti Suzuki India Limited has informed the Exchange regarding a press release dated December 17, 2025, titled ""Maruti Suzuki ushers in inclusive mobility with WagonR Swivel seat: A step towardsproviding accessible mobility for senior citizens and persons with disabilities"".","Press Release Maruti Suzuki India Limited has informed the Exchange regarding a press release dated December 17, 2025, titled ""Maruti Suzuki ushers in inclusive mobility with WagonR Swivel seat: A step towardsproviding accessible mobility for senior citizens and persons with disabilities"".",OTHER,False,False,NEUTRAL,0.0,0.5,,v3.0,,,
MFSL,NSE_CORP_ANN,,Shareholders meeting,"Declaration of Postal Ballot Results with respect to Postal Ballot Notice dated November 11, 2025","Shareholders meeting Declaration of Postal Ballot Results with respect to Postal Ballot Notice dated November 11, 2025",OTHER,False,False,NEUTRAL,0.0,0.5,,v3.0,,,
MAXHEALTH,NSE_CORP_ANN,,General Updates,Max Healthcare Institute Limited has informed the Exchange about General Updates,General Updates Max Healthcare Institute Limited has informed the Exchange about General Updates,OTHER,False,False,NEUTRAL,0.0,0.5,,v3.0,,,
MAXHEALTH,NSE_CORP_ANN,,Press Release,"Max Healthcare Institute Limited has informed the Exchange regarding a press release dated December 18, 2025, titled ""Max Healthcare Announces Entry into Pune with a 450-Beds Hospital, Investment of over INR 1000 Cr"".","Press Release Max Healthcare Institute Limited has informed the Exchange regarding a press release dated December 18, 2025, titled ""Max Healthcare Announces Entry into Pune with a 450-Beds Hospital, Investment of over INR 1000 Cr"".",OTHER,False,False,NEUTRAL,0.0,0.5,,v3.0,,,
MAXHEALTH,NSE_CORP_ANN,,Acquisition,Max Healthcare Institute Limited has informed the Exchange about Share Purchase Agreement to acquire equity stake in Yerawada Properties Private Limited and matters relating to setting up a approx. 450 bedded super speciality hospital in Pune,Acquisition Max Healthcare Institute Limited has informed the Exchange about Share Purchase Agreement to acquire equity stake in Yerawada Properties Private Limited and matters relating to setting up a approx. 450 bedded super speciality hospital in Pune,OTHER,False,False,NEUTRAL,0.0,0.5,,v3.0,,,
MAXHEALTH,NSE_CORP_ANN,,Outcome of Board Meeting,"Max Healthcare Institute Limited has informed the Exchange regarding Board meeting held on December 18, 2025.","Outcome of Board Meeting Max Healthcare Institute Limited has informed the Exchange regarding Board meeting held on December 18, 2025.",OTHER,True,False,NEUTRAL,0.0,0.5,,v3.0,,,
MAZDOCK,NSE_CORP_ANN,,Trading Window,"Mazagon Dock Shipbuilders Limited has informed the Exchange regarding the Trading Window closure pursuant to SEBI (Prohibition of Insider Trading) Regulations, 2015","Trading Window Mazagon Dock Shipbuilders Limited has informed the Exchange regarding the Trading Window closure pursuant to SEBI (Prohibition of Insider Trading) Regulations, 2015",OTHER,True,False,NEUTRAL,0.0,0.5,,v3.0,,,
MPHASIS,NSE_CORP_ANN,,Trading Window,"MphasiS Limited has informed the Exchange regarding the Trading Window closure pursuant to SEBI (Prohibition of Insider Trading) Regulations, 2015","Trading Window MphasiS Limited has informed the Exchange regarding the Trading Window closure pursuant to SEBI (Prohibition of Insider Trading) Regulations, 2015",OTHER,True,False,NEUTRAL,0.0,0.5,,v3.0,,,
MUTHOOTFIN,NSE_CORP_ANN,,Trading Window,"Muthoot Finance Limited has informed the Exchange regarding the Trading Window closure pursuant to SEBI (Prohibition of Insider Trading) Regulations, 2015","Trading Window Muthoot Finance Limited has informed the Exchange regarding the Trading Window closure pursuant to SEBI (Prohibition of Insider Trading) Regulations, 2015",OTHER,True,False,NEUTRAL,0.0,0.5,,v3.0,,,
NBCC,NSE_CORP_ANN,,Updates,"NBCC (India) Limited has informed the Exchange regarding 'Work order received by NBCC (India) Limited in the normal course of business, amounting to Rs. 179.37 crore (approx.) '.","Updates NBCC (India) Limited has informed the Exchange regarding 'Work order received by NBCC (India) Limited in the normal course of business, amounting to Rs. 179.37 crore (approx.) '.",OTHER,False,False,NEUTRAL,0.0,0.5,,v3.0,,,
NBCC,NSE_CORP_ANN,,Updates,NBCC (India) Limited has informed the Exchange regarding 'Intimation of Work Orders received by NBCC (India) Limited in the ordinary course of business amounting to Rs. 345.04 Cr. approx.'.,Updates NBCC (India) Limited has informed the Exchange regarding 'Intimation of Work Orders received by NBCC (India) Limited in the ordinary course of business amounting to Rs. 345.04 Cr. approx.'.,OTHER,False,False,NEUTRAL,0.0,0.5,,v3.0,,,
NCC,NSE_CORP_ANN,,Change in Management,NCC Limited has informed the Exchange about change in Management,Change in Management NCC Limited has informed the Exchange about change in Management,OTHER,False,False,NEUTRAL,0.0,0.5,,v3.0,,,
NHPC,NSE_CORP_ANN,,General Updates,NHPC Limited has informed the Exchange about General Update on commissioning of Subansiri Lower HE Project (2000 MW) of NHPC Limited,General Updates NHPC Limited has informed the Exchange about General Update on commissioning of Subansiri Lower HE Project (2000 MW) of NHPC Limited,OTHER,False,False,NEUTRAL,0.0,0.5,,v3.0,,,
NHPC,NSE_CORP_ANN,,Updates,"NHPC Limited has informed the Exchange regarding 'Tripartite agreement between, new RTA, erstwhile RTA and NHPC Limited '.","Updates NHPC Limited has informed the Exchange regarding 'Tripartite agreement between, new RTA, erstwhile RTA and NHPC Limited '.",OTHER,False,False,NEUTRAL,0.0,0.5,,v3.0,,,
NHPC,NSE_CORP_ANN,,General Updates,NHPC Limited has informed the Exchange about General Updates on Subansiri Lower HE Project (2000 MW) of NHPC Limited,General Updates NHPC Limited has informed the Exchange about General Updates on Subansiri Lower HE Project (2000 MW) of NHPC Limited,OTHER,False,False,NEUTRAL,0.0,0.5,,v3.0,,,
NTPC,NSE_CORP_ANN,,Action(s) taken or orders passed,NTPC Limited has informed the Exchange about Action(s) taken or orders passed,Action(s) taken or orders passed NTPC Limited has informed the Exchange about Action(s) taken or orders passed,OTHER,False,False,NEUTRAL,0.0,0.5,,v3.0,,,
NTPC,NSE_CORP_ANN,,General Updates,NTPC Limited has informed the Exchange about declaration of COD of the fifth part capacity of 37.925 MW out of 300 MW Khavda Solar Energy Project under 450 MW Hybrid Tranche V Project  of NTPC Renewable Energy Limited,General Updates NTPC Limited has informed the Exchange about declaration of COD of the fifth part capacity of 37.925 MW out of 300 MW Khavda Solar Energy Project under 450 MW Hybrid Tranche V Project of NTPC Renewable Energy Limited,OTHER,False,False,NEUTRAL,0.0,0.5,,v3.0,,,
NTPC,NSE_CORP_ANN,,General Updates,NTPC Limited has informed the Exchange about declaration of COD of part capacity of 243.66 MW out of 1255 MW Khavda-I Solar PV Project under CPSU scheme Phase-II Tranche-III  in Gujarat of NTPC Renewable Energy Limited,General Updates NTPC Limited has informed the Exchange about declaration of COD of part capacity of 243.66 MW out of 1255 MW Khavda-I Solar PV Project under CPSU scheme Phase-II Tranche-III in Gujarat of NTPC Renewable Energy Limited,OTHER,False,False,NEUTRAL,0.0,0.5,,v3.0,,,
NTPC,NSE_CORP_ANN,,General Updates,"NTPC Limited has informed the Exchange about Declaration of Commercial Operation of Second & Last Part Capacity of 78 MW out of 245 MW at Plot-1 of NTPC Nokh Solar PV Project (3x245 MW) under CPSU Scheme Phase II, Tranche III","General Updates NTPC Limited has informed the Exchange about Declaration of Commercial Operation of Second & Last Part Capacity of 78 MW out of 245 MW at Plot-1 of NTPC Nokh Solar PV Project (3x245 MW) under CPSU Scheme Phase II, Tranche III",OTHER,False,False,NEUTRAL,0.0,0.5,,v3.0,,,
NATIONALUM,NSE_CORP_ANN,,Trading Window,"National Aluminium Company Limited has informed the Exchange regarding the Trading Window closure pursuant to SEBI (Prohibition of Insider Trading) Regulations, 2015","Trading Window National Aluminium Company Limited has informed the Exchange regarding the Trading Window closure pursuant to SEBI (Prohibition of Insider Trading) Regulations, 2015",OTHER,True,False,NEUTRAL,0.0,0.5,,v3.0,,,
NESTLEIND,NSE_CORP_ANN,,Trading Window,"Nestle India Limited has informed the Exchange regarding the Trading Window closure pursuant to SEBI (Prohibition of Insider Trading) Regulations, 2015","Trading Window Nestle India Limited has informed the Exchange regarding the Trading Window closure pursuant to SEBI (Prohibition of Insider Trading) Regulations, 2015",OTHER,True,False,NEUTRAL,0.0,0.5,,v3.0,,,
OBEROIRLTY,NSE_CORP_ANN,,Reply to Clarification- Financial results,"The Exchange had sought clarification from Oberoi Realty Limited for the quarter ended 30-Sep-2025 with respect to Regulation 33 of the SEBI (Listing Obligations and Disclosure Requirements) Regulations, 2015. On basis of above the Company was required to clarify the following:   The response of the Company is enclosed.","Reply to Clarification- Financial results The Exchange had sought clarification from Oberoi Realty Limited for the quarter ended 30-Sep-2025 with respect to Regulation 33 of the SEBI (Listing Obligations and Disclosure Requirements) Regulations, 2015. On basis of above the Company was required to clarify the following: The response of the Company is enclosed.",OTHER,False,False,NEUTRAL,0.0,0.5,,v3.0,,,
ONGC,NSE_CORP_ANN,,Press Release,"Oil & Natural Gas Corporation Limited has informed the Exchange regarding a press release dated December 18, 2025, titled ""ONGC Issues Public Notice Against Fraudulent Use of Its Name"".","Press Release Oil & Natural Gas Corporation Limited has informed the Exchange regarding a press release dated December 18, 2025, titled ""ONGC Issues Public Notice Against Fraudulent Use of Its Name"".",OTHER,False,False,NEUTRAL,0.0,0.5,,v3.0,,,
OIL,NSE_CORP_ANN,,Updates,Oil India Limited has informed the Exchange regarding 'Board comments on fine levied by the Exchange'.,Updates Oil India Limited has informed the Exchange regarding 'Board comments on fine levied by the Exchange'.,OTHER,False,False,NEUTRAL,0.0,0.5,,v3.0,,,
PAYTM,NSE_CORP_ANN,,Sale or disposal,One 97 Communications Limited has informed the Exchange about Change in Status - From Wholly Owned Step Down Subsidiary to Step Down Subsidiary of the Company,Sale or disposal One 97 Communications Limited has informed the Exchange about Change in Status - From Wholly Owned Step Down Subsidiary to Step Down Subsidiary of the Company,OTHER,False,False,NEUTRAL,0.0,0.5,,v3.0,,,
PAYTM,NSE_CORP_ANN,,Incorporation,"One 97 Communications Limited has informed the Exchange about Incorporation of 2 (Two) overseas Step Down Wholly Owned Subsidiaries of the Company through Paytm Cloud Technologies Limited, a Wholly Owned Subsidiary of the Company","Incorporation One 97 Communications Limited has informed the Exchange about Incorporation of 2 (Two) overseas Step Down Wholly Owned Subsidiaries of the Company through Paytm Cloud Technologies Limited, a Wholly Owned Subsidiary of the Company",OTHER,True,False,NEUTRAL,0.0,0.5,,v3.0,,,
PAYTM,NSE_CORP_ANN,,Granting/withdrawal/surrender/cancellation/suspension of key licenses/ regulatory approvals,"One 97 Communications Limited has informed the Exchange about General Update - Paytm Payments Services Limited receives RBI Authorisation for Offline and Cross-Border Payments, in addition to earlier authorisation for Online Payment Aggregation","Granting/withdrawal/surrender/cancellation/suspension of key licenses/ regulatory approvals One 97 Communications Limited has informed the Exchange about General Update - Paytm Payments Services Limited receives RBI Authorisation for Offline and Cross-Border Payments, in addition to earlier authorisation for Online Payment Aggregation",OTHER,False,False,NEUTRAL,0.0,0.5,,v3.0,,,
OFSS,NSE_CORP_ANN,,Updates,"Oracle Financial Services Software Limited has informed the Exchange regarding 'Allotment of 5,669  equity shares pursuant to the OFSS Stock Plan, 2014.'.","Updates Oracle Financial Services Software Limited has informed the Exchange regarding 'Allotment of 5,669 equity shares pursuant to the OFSS Stock Plan, 2014.'.",OTHER,True,False,NEUTRAL,0.0,0.5,,v3.0,,,
PNBHOUSING,NSE_CORP_ANN,,Analysts/Institutional Investor Meet/Con. Call Updates,PNB Housing Finance Limited has informed the Exchange about Citi India Financial Tour 2025 Conference - Outcome,Analysts/Institutional Investor Meet/Con. Call Updates PNB Housing Finance Limited has informed the Exchange about Citi India Financial Tour 2025 Conference - Outcome,OTHER,True,False,NEUTRAL,0.0,0.5,,v3.0,,,
PNBHOUSING,NSE_CORP_ANN,,Press Release,"PNB Housing Finance Limited has informed the Exchange regarding a press release dated December 18, 2025, titled ""Mr. Ajai Kumar Shukla assumes Charge as new MD & CEO of the Company "".","Press Release PNB Housing Finance Limited has informed the Exchange regarding a press release dated December 18, 2025, titled ""Mr. Ajai Kumar Shukla assumes Charge as new MD & CEO of the Company "".",OTHER,False,False,NEUTRAL,0.0,0.5,,v3.0,,,
PERSISTENT,NSE_CORP_ANN,,Analysts/Institutional Investor Meet/Con. Call Updates,Persistent Systems Limited has informed the Exchange about Presentation,Analysts/Institutional Investor Meet/Con. Call Updates Persistent Systems Limited has informed the Exchange about Presentation,OTHER,True,False,NEUTRAL,0.0,0.5,,v3.0,,,
PERSISTENT,NSE_CORP_ANN,,Analysts/Institutional Investor Meet/Con. Call Updates,Persistent Systems Limited has informed the Exchange about Schedule of meet,Analysts/Institutional Investor Meet/Con. Call Updates Persistent Systems Limited has informed the Exchange about Schedule of meet,OTHER,True,False,NEUTRAL,0.0,0.5,,v3.0,,,
PERSISTENT,NSE_CORP_ANN,,Analysts/Institutional Investor Meet/Con. Call Updates,Persistent Systems Limited has informed the Exchange about Schedule of meet,Analysts/Institutional Investor Meet/Con. Call Updates Persistent Systems Limited has informed the Exchange about Schedule of meet,OTHER,True,False,NEUTRAL,0.0,0.5,,v3.0,,,
PERSISTENT,NSE_CORP_ANN,,Press Release,"Persistent Systems Limited has informed the Exchange regarding a press release dated December 16, 2025, titled ""Persistent and DigitalOcean Announce Strategic Partnership to     Advance Accessible, Scalable and Secure AI"".","Press Release Persistent Systems Limited has informed the Exchange regarding a press release dated December 16, 2025, titled ""Persistent and DigitalOcean Announce Strategic Partnership to Advance Accessible, Scalable and Secure AI"".",OTHER,False,False,NEUTRAL,0.0,0.5,,v3.0,,,
PIDILITIND,NSE_CORP_ANN,,Trading Window,"Pidilite Industries Limited has informed the Exchange regarding the Trading Window closure pursuant to SEBI (Prohibition of Insider Trading) Regulations, 2015","Trading Window Pidilite Industries Limited has informed the Exchange regarding the Trading Window closure pursuant to SEBI (Prohibition of Insider Trading) Regulations, 2015",OTHER,True,False,NEUTRAL,0.0,0.5,,v3.0,,,
PPLPHARMA,NSE_CORP_ANN,,Copy of Newspaper Publication,Piramal Pharma Limited has informed the Exchange about newspaper advertisement confirming dispatch of the Notice of Postal Ballot,Copy of Newspaper Publication Piramal Pharma Limited has informed the Exchange about newspaper advertisement confirming dispatch of the Notice of Postal Ballot,OTHER,True,False,NEUTRAL,0.0,0.5,,v3.0,,,
PPLPHARMA,NSE_CORP_ANN,,Shareholders meeting,Piramal Pharma Limited has informed the Exchange regarding Notice of Postal Ballot,Shareholders meeting Piramal Pharma Limited has informed the Exchange regarding Notice of Postal Ballot,OTHER,False,False,NEUTRAL,0.0,0.5,,v3.0,,,
PPLPHARMA,NSE_CORP_ANN,,Shareholders meeting,Piramal Pharma Limited has informed the Exchange about Shareholders meeting,Shareholders meeting Piramal Pharma Limited has informed the Exchange about Shareholders meeting,OTHER,False,False,NEUTRAL,0.0,0.5,,v3.0,,,
POWERGRID,NSE_CORP_ANN,,General Updates,"Power Grid Corporation of India Limited has informed the Exchange about Disclosure under Regulation 30 of SEBI (Listing Obligations and Disclosure Requirements) Regulations, 2015.","General Updates Power Grid Corporation of India Limited has informed the Exchange about Disclosure under Regulation 30 of SEBI (Listing Obligations and Disclosure Requirements) Regulations, 2015.",OTHER,False,False,NEUTRAL,0.0,0.5,,v3.0,,,
POWERGRID,NSE_CORP_ANN,,General Updates,Power Grid Corporation of India Limited has informed the Exchange about POWERGRID Khavda II-B Transmission Limited has successfully commissioned the Project.,General Updates Power Grid Corporation of India Limited has informed the Exchange about POWERGRID Khavda II-B Transmission Limited has successfully commissioned the Project.,OTHER,False,False,NEUTRAL,0.0,0.5,,v3.0,,,
POWERGRID,NSE_CORP_ANN,,General Updates,Power Grid Corporation of India Limited has informed the Exchange about POWERGRID has successfully commissioned the Project.,General Updates Power Grid Corporation of India Limited has informed the Exchange about POWERGRID has successfully commissioned the Project.,OTHER,False,False,NEUTRAL,0.0,0.5,,v3.0,,,
POWERGRID,NSE_CORP_ANN,,General Updates,Power Grid Corporation of India Limited has informed the Exchange about Investment approval by the Board of POWERGRID.,General Updates Power Grid Corporation of India Limited has informed the Exchange about Investment approval by the Board of POWERGRID.,OTHER,False,False,NEUTRAL,0.0,0.5,,v3.0,,,
RBLBANK,NSE_CORP_ANN,,Trading Window,"RBL Bank Limited has informed the Exchange regarding the Trading Window closure pursuant to SEBI (Prohibition of Insider Trading) Regulations, 2015","Trading Window RBL Bank Limited has informed the Exchange regarding the Trading Window closure pursuant to SEBI (Prohibition of Insider Trading) Regulations, 2015",OTHER,True,False,NEUTRAL,0.0,0.5,,v3.0,,,
RBLBANK,NSE_CORP_ANN,,Updates,RBL Bank Limited has informed the Exchange regarding 'Allotment of Securities under ESOP'.,Updates RBL Bank Limited has informed the Exchange regarding 'Allotment of Securities under ESOP'.,OTHER,True,False,NEUTRAL,0.0,0.5,,v3.0,,,
RBLBANK,NSE_CORP_ANN,,Analysts/Institutional Investor Meet/Con. Call Updates,RBL Bank Limited has informed the Exchange about Schedule of meet,Analysts/Institutional Investor Meet/Con. Call Updates RBL Bank Limited has informed the Exchange about Schedule of meet,OTHER,True,False,NEUTRAL,0.0,0.5,,v3.0,,,
RBLBANK,NSE_CORP_ANN,,Credit Rating,RBL Bank Limited has informed the Exchange about Credit Rating,Credit Rating RBL Bank Limited has informed the Exchange about Credit Rating,OTHER,False,False,NEUTRAL,0.0,0.5,,v3.0,,,
RECLTD,NSE_CORP_ANN,,General Updates,Intimation of incorporation of subsidiary company.,General Updates Intimation of incorporation of subsidiary company.,OTHER,True,False,NEUTRAL,0.0,0.5,,v3.0,,,
RECLTD,NSE_CORP_ANN,,General Updates,Intimation of incorporation of subsidiary company.,General Updates Intimation of incorporation of subsidiary company.,OTHER,True,False,NEUTRAL,0.0,0.5,,v3.0,,,
RECLTD,NSE_CORP_ANN,,General Updates,Intimation of incorporation of subsidiary company,General Updates Intimation of incorporation of subsidiary company,OTHER,True,False,NEUTRAL,0.0,0.5,,v3.0,,,
RECLTD,NSE_CORP_ANN,,Analysts/Institutional Investor Meet/Con. Call Updates,REC Limited has informed the Exchange about Schedule of Analysts/ Institutional Investors meet.,Analysts/Institutional Investor Meet/Con. Call Updates REC Limited has informed the Exchange about Schedule of Analysts/ Institutional Investors meet.,OTHER,True,False,NEUTRAL,0.0,0.5,,v3.0,,,
RVNL,NSE_CORP_ANN,,Action(s) taken or orders passed,"Demand Notice received from the Office of the Deputy Commissioner DGSTO-1, Bengaluru,Karnataka","Action(s) taken or orders passed Demand Notice received from the Office of the Deputy Commissioner DGSTO-1, Bengaluru,Karnataka",OTHER,False,True,WATCH,7.5,0.95,PATTERN_MATCH_demand notice,v3.0,,,
RVNL,NSE_CORP_ANN,,Action(s) taken or orders passed,"Demand Notice received from the Office of the Assistant Commissioner (ST), Alwarpet, South-I, Chennai South, Tamil Nadu","Action(s) taken or orders passed Demand Notice received from the Office of the Assistant Commissioner (ST), Alwarpet, South-I, Chennai South, Tamil Nadu",OTHER,False,True,WATCH,7.5,0.95,PATTERN_MATCH_demand notice,v3.0,,,
RVNL,NSE_CORP_ANN,,Action(s) taken or orders passed,"Demand Notice received from the Office of the Senior Joint Commissioner, Large Taxpayer Unit, Corporate Division, Kolkata, West Bengal","Action(s) taken or orders passed Demand Notice received from the Office of the Senior Joint Commissioner, Large Taxpayer Unit, Corporate Division, Kolkata, West Bengal",OTHER,False,True,WATCH,7.5,0.95,PATTERN_MATCH_demand notice,v3.0,,,
RVNL,NSE_CORP_ANN,,Bagging/Receiving of orders/contracts,"Disclosure under Regulation 30 of SEBI (LODR) Regulations, 2015- Receipt of Letter of Award (LOA) from North Eastern Railway","Bagging/Receiving of orders/contracts Disclosure under Regulation 30 of SEBI (LODR) Regulations, 2015- Receipt of Letter of Award (LOA) from North Eastern Railway",OTHER,False,False,NEUTRAL,0.0,0.5,,v3.0,,,
RELIANCE,NSE_CORP_ANN,,Other Restructuring,Cessation of Abraham & Thakore Private Limited as subsidiary of the Company,Other Restructuring Cessation of Abraham & Thakore Private Limited as subsidiary of the Company,OTHER,False,False,NEUTRAL,0.0,0.5,,v3.0,,,
RELIANCE,NSE_CORP_ANN,,Updates,"Please find attached a media release by Reliance Consumer Products Limited, asubsidiary of the Company, titled  RELIANCE CONSUMER PRODUCTS ACQUIRESTAMIL NADU S HERITAGE NUTRITION BRAND  UDHAIYAM .","Updates Please find attached a media release by Reliance Consumer Products Limited, asubsidiary of the Company, titled RELIANCE CONSUMER PRODUCTS ACQUIRESTAMIL NADU S HERITAGE NUTRITION BRAND UDHAIYAM .",OTHER,False,False,NEUTRAL,0.0,0.5,,v3.0,,,
SBICARD,NSE_CORP_ANN,,ESOP/ESOS/ESPS,SBI Cards and Payment Services Limited has informed the Exchange regarding Allotment of 29896  Shares.,ESOP/ESOS/ESPS SBI Cards and Payment Services Limited has informed the Exchange regarding Allotment of 29896 Shares.,OTHER,True,False,NEUTRAL,0.0,0.5,,v3.0,,,
SBICARD,NSE_CORP_ANN,,Analysts/Institutional Investor Meet/Con. Call Updates,SBI Cards and Payment Services Limited has informed the Exchange about Schedule of meet,Analysts/Institutional Investor Meet/Con. Call Updates SBI Cards and Payment Services Limited has informed the Exchange about Schedule of meet,OTHER,True,False,NEUTRAL,0.0,0.5,,v3.0,,,
SBICARD,NSE_CORP_ANN,,Analysts/Institutional Investor Meet/Con. Call Updates,SBI Cards and Payment Services Limited has informed the Exchange about Schedule of meet,Analysts/Institutional Investor Meet/Con. Call Updates SBI Cards and Payment Services Limited has informed the Exchange about Schedule of meet,OTHER,True,False,NEUTRAL,0.0,0.5,,v3.0,,,
SBICARD,NSE_CORP_ANN,,Analysts/Institutional Investor Meet/Con. Call Updates,SBI Cards and Payment Services Limited has informed the Exchange about Schedule of meet,Analysts/Institutional Investor Meet/Con. Call Updates SBI Cards and Payment Services Limited has informed the Exchange about Schedule of meet,OTHER,True,False,NEUTRAL,0.0,0.5,,v3.0,,,
SBICARD,NSE_CORP_ANN,,Analysts/Institutional Investor Meet/Con. Call Updates,SBI Cards and Payment Services Limited has informed the Exchange about Schedule of meet,Analysts/Institutional Investor Meet/Con. Call Updates SBI Cards and Payment Services Limited has informed the Exchange about Schedule of meet,OTHER,True,False,NEUTRAL,0.0,0.5,,v3.0,,,
SBICARD,NSE_CORP_ANN,,Analysts/Institutional Investor Meet/Con. Call Updates,SBI Cards and Payment Services Limited has informed the Exchange about Schedule of meet,Analysts/Institutional Investor Meet/Con. Call Updates SBI Cards and Payment Services Limited has informed the Exchange about Schedule of meet,OTHER,True,False,NEUTRAL,0.0,0.5,,v3.0,,,
SBICARD,NSE_CORP_ANN,,Analysts/Institutional Investor Meet/Con. Call Updates,SBI Cards and Payment Services Limited has informed the Exchange about Schedule of meet,Analysts/Institutional Investor Meet/Con. Call Updates SBI Cards and Payment Services Limited has informed the Exchange about Schedule of meet,OTHER,True,False,NEUTRAL,0.0,0.5,,v3.0,,,
SBILIFE,NSE_CORP_ANN,,General Updates,"Intimation under Regulation 30 read with Para A of Part A of Schedule III of the Securities and Exchange Board of India (Listing Obligations and Disclosure Requirements) Regulations, 2015.","General Updates Intimation under Regulation 30 read with Para A of Part A of Schedule III of the Securities and Exchange Board of India (Listing Obligations and Disclosure Requirements) Regulations, 2015.",OTHER,False,False,NEUTRAL,0.0,0.5,,v3.0,,,
SBILIFE,NSE_CORP_ANN,,ESOP/ESOS/ESPS,"SBI Life Insurance Company Limited has informed the Exchange regarding Allotment of 124645 Equity Shares pursuant to ESOP through circular resolution of the Board Stakeholders' Relationship and Sustainability Committee passed on December 16, 2025.","ESOP/ESOS/ESPS SBI Life Insurance Company Limited has informed the Exchange regarding Allotment of 124645 Equity Shares pursuant to ESOP through circular resolution of the Board Stakeholders' Relationship and Sustainability Committee passed on December 16, 2025.",OTHER,True,False,NEUTRAL,0.0,0.5,,v3.0,,,
SHREECEM,NSE_CORP_ANN,,Trading Window,"SHREE CEMENT LIMITED has informed the Exchange regarding the Trading Window closure pursuant to SEBI (Prohibition of Insider Trading) Regulations, 2015","Trading Window SHREE CEMENT LIMITED has informed the Exchange regarding the Trading Window closure pursuant to SEBI (Prohibition of Insider Trading) Regulations, 2015",OTHER,True,False,NEUTRAL,0.0,0.5,,v3.0,,,
SHREECEM,NSE_CORP_ANN,,Updates,SHREE CEMENT LIMITED has informed the Exchange regarding 'Order passed by GST Authority'.,Updates SHREE CEMENT LIMITED has informed the Exchange regarding 'Order passed by GST Authority'.,OTHER,False,True,WATCH,7.5,0.95,PATTERN_MATCH_order passed.*gst,v3.0,,,
SHREECEM,NSE_CORP_ANN,,Strikes/Lockouts/Disturbances,SHREE CEMENT LIMITED has informed the Exchange about strikes/lockouts/disturbances,Strikes/Lockouts/Disturbances SHREE CEMENT LIMITED has informed the Exchange about strikes/lockouts/disturbances,OTHER,False,False,NEUTRAL,0.0,0.5,,v3.0,,,
SRF,NSE_CORP_ANN,,Pendency of Litigation(s)/dispute(s) or the outcome impacting the Company,SRF Limited has informed the Exchange about Pendency of Litigation(s)/dispute(s) or the outcome impacting the Company,Pendency of Litigation(s)/dispute(s) or the outcome impacting the Company SRF Limited has informed the Exchange about Pendency of Litigation(s)/dispute(s) or the outcome impacting the Company,OTHER,False,True,WATCH,7.5,0.95,PATTERN_MATCH_pendency.*litigation,v3.0,,,
SAMMAANCAP,NSE_CORP_ANN,,Updates,"Sammaan Capital Limited has informed the Exchange regarding 'Pursuant to Regulations 30 and 57 of Securities and Exchange Board of India (Listing Obligations and Disclosure Requirements) Regulations, 2015, we hereby certify that our Company has made timely payment of interest amount in respect of the following Secured Redeemable Non-convertible Debentures issued by our Company, through Public Issue, and listed on the Stock Exchange. For details, refer attachment.'.","Updates Sammaan Capital Limited has informed the Exchange regarding 'Pursuant to Regulations 30 and 57 of Securities and Exchange Board of India (Listing Obligations and Disclosure Requirements) Regulations, 2015, we hereby certify that our Company has made timely payment of interest amount in respect of the following Secured Redeemable Non-convertible Debentures issued by our Company, through Public Issue, and listed on the Stock Exchange. For details, refer attachment.'.",OTHER,False,False,NEUTRAL,0.0,0.5,,v3.0,,,
SAMMAANCAP,NSE_CORP_ANN,,Updates,"Sammaan Capital Limited has informed the Exchange regarding 'We hereby certify that our Company has made timely payment of interest amount in respect of the  Secured Redeemable Non-convertible Debentures issued by our Company, through Public Issue, and listed on the Stock Exchange.'.","Updates Sammaan Capital Limited has informed the Exchange regarding 'We hereby certify that our Company has made timely payment of interest amount in respect of the Secured Redeemable Non-convertible Debentures issued by our Company, through Public Issue, and listed on the Stock Exchange.'.",OTHER,False,False,NEUTRAL,0.0,0.5,,v3.0,,,
SAMMAANCAP,NSE_CORP_ANN,,News Verification,The Exchange has sought clarification from Sammaan Capital Limited with respect to recent news item captioned Sammaan Capital falls 5% from day's high as Delhi Police files fresh FIR in probe against ex-promoters..  The response from the Company is attached.,News Verification The Exchange has sought clarification from Sammaan Capital Limited with respect to recent news item captioned Sammaan Capital falls 5% from day's high as Delhi Police files fresh FIR in probe against ex-promoters.. The response from the Company is attached.,OTHER,False,True,NEGATIVE,8.0,0.95,PATTERN_MATCH_police.*fir,v3.0,,,
SAMMAANCAP,NSE_CORP_ANN,,News Verification,The Exchange has sought clarification from Sammaan Capital Limited with respect to recent news item captioned Sammaan Capital falls 5% from day's high as Delhi Police files fresh FIR in probe against ex-promoters..  The response from the Company is awaited.,News Verification The Exchange has sought clarification from Sammaan Capital Limited with respect to recent news item captioned Sammaan Capital falls 5% from day's high as Delhi Police files fresh FIR in probe against ex-promoters.. The response from the Company is awaited.,OTHER,False,True,NEGATIVE,8.0,0.95,PATTERN_MATCH_police.*fir,v3.0,,,
MOTHERSON,NSE_CORP_ANN,,Shareholders meeting,Samvardhana Motherson International Limited has submitted with Stock Exchange a copy of voting results and scrutinizer report to the postal ballot.,Shareholders meeting Samvardhana Motherson International Limited has submitted with Stock Exchange a copy of voting results and scrutinizer report to the postal ballot.,OTHER,True,False,NEUTRAL,0.0,0.5,,v3.0,,,
MOTHERSON,NSE_CORP_ANN,,General Updates,"Samvardhana Motherson International Limited has submitted with the Stock Exchange Investors Presentation with respect to acquisition disclosure dated December 22, 2025.","General Updates Samvardhana Motherson International Limited has submitted with the Stock Exchange Investors Presentation with respect to acquisition disclosure dated December 22, 2025.",OTHER,False,False,NEUTRAL,0.0,0.5,,v3.0,,,
MOTHERSON,NSE_CORP_ANN,,General Updates,"Samvardhana Motherson International Limited has informed the Stock Exchange regarding acquisition by Motherson Global Investments B.V., indirect wholly owned subsidiary of the Company, of the business including assets and certain real estate of Nexans autoelectric GmbH and Elektrokontact GmbH and shares in the foreign subsidiaries of Nexans autoelectric GmbH and Elektrokontact GmbH.","General Updates Samvardhana Motherson International Limited has informed the Stock Exchange regarding acquisition by Motherson Global Investments B.V., indirect wholly owned subsidiary of the Company, of the business including assets and certain real estate of Nexans autoelectric GmbH and Elektrokontact GmbH and shares in the foreign subsidiaries of Nexans autoelectric GmbH and Elektrokontact GmbH.",OTHER,False,False,NEUTRAL,0.0,0.5,,v3.0,,,
MOTHERSON,NSE_CORP_ANN,,Press Release,"Samvardhana Motherson International Limited has informed the Exchange regarding a press release dated December 22, 2025, titled ""Press Release "".","Press Release Samvardhana Motherson International Limited has informed the Exchange regarding a press release dated December 22, 2025, titled ""Press Release "".",OTHER,False,False,NEUTRAL,0.0,0.5,,v3.0,,,
MOTHERSON,NSE_CORP_ANN,,Trading Window,"Samvardhana Motherson International Limited has informed the Exchange regarding the Trading Window closure pursuant to SEBI (Prohibition of Insider Trading) Regulations, 2015","Trading Window Samvardhana Motherson International Limited has informed the Exchange regarding the Trading Window closure pursuant to SEBI (Prohibition of Insider Trading) Regulations, 2015",OTHER,True,False,NEUTRAL,0.0,0.5,,v3.0,,,
SHRIRAMFIN,NSE_CORP_ANN,,Copy of Newspaper Publication,Shriram Finance Limited has informed the Exchange about Copy of Newspaper Publication for EGM information,Copy of Newspaper Publication Shriram Finance Limited has informed the Exchange about Copy of Newspaper Publication for EGM information,OTHER,True,False,NEUTRAL,0.0,0.5,,v3.0,,,
SHRIRAMFIN,NSE_CORP_ANN,,Press Release,"Shriram Finance Limited has informed the Exchange regarding a press release dated December 19, 2025, titled ""Press Release - MUFG Bank to Invest INR 39,618 crore in Shriram Finance through Preferential Issuance of equity shares"".","Press Release Shriram Finance Limited has informed the Exchange regarding a press release dated December 19, 2025, titled ""Press Release - MUFG Bank to Invest INR 39,618 crore in Shriram Finance through Preferential Issuance of equity shares"".",OTHER,False,False,NEUTRAL,0.0,0.5,,v3.0,,,
SHRIRAMFIN,NSE_CORP_ANN,,Outcome of Board Meeting,"Shriram Finance Limited has informed the Exchange regarding  Board meeting held on December 19, 2025.","Outcome of Board Meeting Shriram Finance Limited has informed the Exchange regarding Board meeting held on December 19, 2025.",OTHER,True,False,NEUTRAL,0.0,0.5,,v3.0,,,
SHRIRAMFIN,NSE_CORP_ANN,,Rumour Verification - Regulation 30(11),Shriram Finance Limited has informed the Exchange about Rumour Verification - Regulation 30(11),Rumour Verification - Regulation 30(11) Shriram Finance Limited has informed the Exchange about Rumour Verification - Regulation 30(11),OTHER,False,False,NEUTRAL,0.0,0.5,,v3.0,,,
SHRIRAMFIN,NSE_CORP_ANN,,News Verification,The Exchange has sought clarification from Shriram Finance Limited with respect to recent news item captioned Japan's MUFG to invest up to $5 billion in Shriram Finance for 20% stake in major India bet Company Business News.  The response from the Company is attached.,News Verification The Exchange has sought clarification from Shriram Finance Limited with respect to recent news item captioned Japan's MUFG to invest up to $5 billion in Shriram Finance for 20% stake in major India bet Company Business News. The response from the Company is attached.,OTHER,False,False,NEUTRAL,0.0,0.5,,v3.0,,,
SHRIRAMFIN,NSE_CORP_ANN,,Action(s) taken or orders passed,Shriram Finance Limited has informed the Exchange about Action(s) taken or orders passed,Action(s) taken or orders passed Shriram Finance Limited has informed the Exchange about Action(s) taken or orders passed,OTHER,False,False,NEUTRAL,0.0,0.5,,v3.0,,,
SHRIRAMFIN,NSE_CORP_ANN,,Updates,"Shriram Finance Limited has informed the Exchange regarding 'Report on Special Window for re-lodgement of transfer requests of physical shares of the Company from Integrated Registry Management Services Private Limited, Registrar and Share Transfer Agent of the Company, for the month ended November  30, 2025'.","Updates Shriram Finance Limited has informed the Exchange regarding 'Report on Special Window for re-lodgement of transfer requests of physical shares of the Company from Integrated Registry Management Services Private Limited, Registrar and Share Transfer Agent of the Company, for the month ended November 30, 2025'.",OTHER,False,False,NEUTRAL,0.0,0.5,,v3.0,,,
SHRIRAMFIN,NSE_CORP_ANN,,News Verification,The Exchange has sought clarification from Shriram Finance Limited with respect to recent news item captioned Japan's MUFG to invest up to $5 billion in Shriram Finance for 20% stake in major India bet Company Business News.  The response from the Company is awaited.,News Verification The Exchange has sought clarification from Shriram Finance Limited with respect to recent news item captioned Japan's MUFG to invest up to $5 billion in Shriram Finance for 20% stake in major India bet Company Business News. The response from the Company is awaited.,OTHER,False,False,NEUTRAL,0.0,0.5,,v3.0,,,
SIEMENS,NSE_CORP_ANN,,Disclosure under SEBI Takeover Regulations,"Siemens International Holding B.V. has submitted to the Exchange a copy of Disclosures under Regulation 10(6)-Report to stock Exchange in respect of any acquisition made in reliance upon exemption provided for in regulation 10 of SEBI (SAST) Regulations, 2011.","Disclosure under SEBI Takeover Regulations Siemens International Holding B.V. has submitted to the Exchange a copy of Disclosures under Regulation 10(6)-Report to stock Exchange in respect of any acquisition made in reliance upon exemption provided for in regulation 10 of SEBI (SAST) Regulations, 2011.",OTHER,False,False,NEUTRAL,0.0,0.5,,v3.0,,,
SIEMENS,NSE_CORP_ANN,,Analysts/Institutional Investor Meet/Con. Call Updates,Siemens Limited has informed the Exchange about Transcript,Analysts/Institutional Investor Meet/Con. Call Updates Siemens Limited has informed the Exchange about Transcript,OTHER,True,False,NEUTRAL,0.0,0.5,,v3.0,,,
SOLARINDS,NSE_CORP_ANN,,Shareholders meeting,Solar Industries India Limited has informed the Exchange about Submission of the Voting Results and Scrutiniser''s Report of Postal Ballot.,Shareholders meeting Solar Industries India Limited has informed the Exchange about Submission of the Voting Results and Scrutiniser''s Report of Postal Ballot.,OTHER,True,False,NEUTRAL,0.0,0.5,,v3.0,,,
SONACOMS,NSE_CORP_ANN,,Shareholders meeting,Sona Blw Precision Forgings Limited has submitted the Exchange a copy Srutinizers report of  Postal Ballot,Shareholders meeting Sona Blw Precision Forgings Limited has submitted the Exchange a copy Srutinizers report of Postal Ballot,OTHER,False,False,NEUTRAL,0.0,0.5,,v3.0,,,
SBIN,NSE_CORP_ANN,,Change in Director(s),State Bank Of India has informed the Exchange regarding Change in Director(s) of the company.,Change in Director(s) State Bank Of India has informed the Exchange regarding Change in Director(s) of the company.,OTHER,False,False,NEUTRAL,0.0,0.5,,v3.0,,,
SBIN,NSE_CORP_ANN,,Analysts/Institutional Investor Meet/Con. Call Updates,State Bank Of India has informed the Exchange about,Analysts/Institutional Investor Meet/Con. Call Updates State Bank Of India has informed the Exchange about,OTHER,True,False,NEUTRAL,0.0,0.5,,v3.0,,,
SBIN,NSE_CORP_ANN,,Copy of Newspaper Publication,State Bank Of India has informed the Exchange about Copy of Newspaper Publication,Copy of Newspaper Publication State Bank Of India has informed the Exchange about Copy of Newspaper Publication,OTHER,True,False,NEUTRAL,0.0,0.5,,v3.0,,,
SUNPHARMA,NSE_CORP_ANN,,General Updates,"Intimation under Regulation 30 of SEBI (Listing Obligations and Disclosure Requirements) Regulations, 2015   US FDA determines Baska facility inspection classification as OAI","General Updates Intimation under Regulation 30 of SEBI (Listing Obligations and Disclosure Requirements) Regulations, 2015 US FDA determines Baska facility inspection classification as OAI",OTHER,False,True,NEGATIVE,9.5,0.95,PATTERN_MATCH_fda.*oai,v3.0,,,
SUZLON,NSE_CORP_ANN,,Press Release,"Suzlon Energy Limited has informed the Exchange regarding a press release dated December 17, 2025, titled ""Suzlon and Yanara extend partnership with 306 MW Wind Turbine Orders in Rajasthan"".","Press Release Suzlon Energy Limited has informed the Exchange regarding a press release dated December 17, 2025, titled ""Suzlon and Yanara extend partnership with 306 MW Wind Turbine Orders in Rajasthan"".",OTHER,False,False,NEUTRAL,0.0,0.5,,v3.0,,,
SYNGENE,NSE_CORP_ANN,,Investor Presentation,Syngene International Limited has informed the Exchange about Investor Presentation,Investor Presentation Syngene International Limited has informed the Exchange about Investor Presentation,OTHER,False,False,NEUTRAL,0.0,0.5,,v3.0,,,
TATACONSUM,NSE_CORP_ANN,,ESOP/ESOS/ESPS,TATA CONSUMER PRODUCTS LIMITED has informed the Exchange regarding Allotment of 1736  Shares.,ESOP/ESOS/ESPS TATA CONSUMER PRODUCTS LIMITED has informed the Exchange regarding Allotment of 1736 Shares.,OTHER,True,False,NEUTRAL,0.0,0.5,,v3.0,,,
TATACONSUM,NSE_CORP_ANN,,Trading Window,"TATA CONSUMER PRODUCTS LIMITED has informed the Exchange regarding the Trading Window closure pursuant to SEBI (Prohibition of Insider Trading) Regulations, 2015","Trading Window TATA CONSUMER PRODUCTS LIMITED has informed the Exchange regarding the Trading Window closure pursuant to SEBI (Prohibition of Insider Trading) Regulations, 2015",OTHER,True,False,NEUTRAL,0.0,0.5,,v3.0,,,
TITAGARH,NSE_CORP_ANN,,Press Release,"TITAGARH RAIL SYSTEMS LIMITED has informed the Exchange regarding a press release dated December 20, 2025, titled ""Titagarh Rolls Out the 1st Trainset of Ahmedabad Metro - Hon ble Chief Minister of Gujarat, Shri Bhupendrabhai Patel visited the plant of Titagarh in Kolkata to receive the train"".","Press Release TITAGARH RAIL SYSTEMS LIMITED has informed the Exchange regarding a press release dated December 20, 2025, titled ""Titagarh Rolls Out the 1st Trainset of Ahmedabad Metro - Hon ble Chief Minister of Gujarat, Shri Bhupendrabhai Patel visited the plant of Titagarh in Kolkata to receive the train"".",OTHER,False,False,NEUTRAL,0.0,0.5,,v3.0,,,
TITAGARH,NSE_CORP_ANN,,Bagging/Receiving of orders/contracts,TITAGARH RAIL SYSTEMS LIMITED has informed the Exchange about Bagging/Receiving of orders/contracts,Bagging/Receiving of orders/contracts TITAGARH RAIL SYSTEMS LIMITED has informed the Exchange about Bagging/Receiving of orders/contracts,OTHER,False,False,NEUTRAL,0.0,0.5,,v3.0,,,
TCS,NSE_CORP_ANN,,Updates,Tata Consultancy Services Limited has informed the Exchange regarding 'Press Release - TCS BaNCS Gets AI Upgrade: New Core Tool to Supercharge Innovation'.,Updates Tata Consultancy Services Limited has informed the Exchange regarding 'Press Release - TCS BaNCS Gets AI Upgrade: New Core Tool to Supercharge Innovation'.,OTHER,False,False,NEUTRAL,0.0,0.5,,v3.0,,,
TCS,NSE_CORP_ANN,,Incorporation,Tata Consultancy Services Limited has informed the Exchange about Incorporation,Incorporation Tata Consultancy Services Limited has informed the Exchange about Incorporation,OTHER,True,False,NEUTRAL,0.0,0.5,,v3.0,,,
TCS,NSE_CORP_ANN,,Updates,Tata Consultancy Services Limited has informed the Exchange regarding 'Press Release - TCS Strengthens Partnership with Aviva UK to Enhance Life and Pensions Customer Experience'.,Updates Tata Consultancy Services Limited has informed the Exchange regarding 'Press Release - TCS Strengthens Partnership with Aviva UK to Enhance Life and Pensions Customer Experience'.,OTHER,False,False,NEUTRAL,0.0,0.5,,v3.0,,,
TCS,NSE_CORP_ANN,,Analysts/Institutional Investor Meet/Con. Call Updates,Tata Consultancy Services Limited has informed the Exchange about Presentation,Analysts/Institutional Investor Meet/Con. Call Updates Tata Consultancy Services Limited has informed the Exchange about Presentation,OTHER,True,False,NEUTRAL,0.0,0.5,,v3.0,,,
TCS,NSE_CORP_ANN,,Incorporation,Tata Consultancy Services Limited has informed the Exchange about Incorporation,Incorporation Tata Consultancy Services Limited has informed the Exchange about Incorporation,OTHER,True,False,NEUTRAL,0.0,0.5,,v3.0,,,
TCS,NSE_CORP_ANN,,Incorporation,Tata Consultancy Services Limited has informed the Exchange about Update on Incorporation,Incorporation Tata Consultancy Services Limited has informed the Exchange about Update on Incorporation,OTHER,True,False,NEUTRAL,0.0,0.5,,v3.0,,,
TCS,NSE_CORP_ANN,,Updates,Tata Consultancy Services Limited has informed the Exchange regarding 'Press Release - TCS and CII unveil the 2025 Artificial Intelligence & IP Report for India'.,Updates Tata Consultancy Services Limited has informed the Exchange regarding 'Press Release - TCS and CII unveil the 2025 Artificial Intelligence & IP Report for India'.,OTHER,False,False,NEUTRAL,0.0,0.5,,v3.0,,,
TATAELXSI,NSE_CORP_ANN,,Spurt in Volume,"Significant increase in volume has been observed in Tata Elxsi Limited. The Exchange, in order to ensure that investors have latest relevant information about the company and to inform the market place so that the interest of the investors is safeguarded, had written to the company. Tata Elxsi Limited has submitted their response.","Spurt in Volume Significant increase in volume has been observed in Tata Elxsi Limited. The Exchange, in order to ensure that investors have latest relevant information about the company and to inform the market place so that the interest of the investors is safeguarded, had written to the company. Tata Elxsi Limited has submitted their response.",OTHER,False,False,NEUTRAL,0.0,0.5,,v3.0,,,
TATAELXSI,NSE_CORP_ANN,,Spurt in Volume,"Significant increase in volume has been observed in Tata Elxsi Limited. The Exchange, in order to ensure that investors have latest relevant information about the company and to inform the market place so that the interest of the investors is safeguarded, has written to the company. The response from the company is awaited.","Spurt in Volume Significant increase in volume has been observed in Tata Elxsi Limited. The Exchange, in order to ensure that investors have latest relevant information about the company and to inform the market place so that the interest of the investors is safeguarded, has written to the company. The response from the company is awaited.",OTHER,False,False,NEUTRAL,0.0,0.5,,v3.0,,,
TATAPOWER,NSE_CORP_ANN,,Press Release,"Tata Power Company Limited has informed the Exchange regarding a press release dated December 19, 2025, titled as  Tata Power, London School of Economics and Political Science (LSE) and International Growth Centre (IGC) launches Energy Insights and innovation lab to accelerate India s clean energy transition.""","Press Release Tata Power Company Limited has informed the Exchange regarding a press release dated December 19, 2025, titled as Tata Power, London School of Economics and Political Science (LSE) and International Growth Centre (IGC) launches Energy Insights and innovation lab to accelerate India s clean energy transition.""",OTHER,False,False,NEUTRAL,0.0,0.5,,v3.0,,,
TATAPOWER,NSE_CORP_ANN,,Allotment of Securities,Tata Power Company Limited has informed the Exchange regarding allotment of 200000 securities pursuant to Non Convertible Securities.,Allotment of Securities Tata Power Company Limited has informed the Exchange regarding allotment of 200000 securities pursuant to Non Convertible Securities.,OTHER,True,False,NEUTRAL,0.0,0.5,,v3.0,,,
TATAPOWER,NSE_CORP_ANN,,General Updates,Tata Power Company Limited has informed the Exchange about Update on Acquisition,General Updates Tata Power Company Limited has informed the Exchange about Update on Acquisition,OTHER,False,False,NEUTRAL,0.0,0.5,,v3.0,,,
TATASTEEL,NSE_CORP_ANN,,Pendency of Litigation(s)/dispute(s) or the outcome impacting the Company,Tata Steel Limited has informed the Exchange about Pendency of Litigation(s)/dispute(s) or the outcome impacting the Company,Pendency of Litigation(s)/dispute(s) or the outcome impacting the Company Tata Steel Limited has informed the Exchange about Pendency of Litigation(s)/dispute(s) or the outcome impacting the Company,OTHER,False,True,WATCH,7.5,0.95,PATTERN_MATCH_pendency.*litigation,v3.0,,,
TATASTEEL,NSE_CORP_ANN,,Pendency of Litigation(s)/dispute(s) or the outcome impacting the Company,Tata Steel Limited has informed the Exchange about Pendency of Litigation(s)/dispute(s) or the outcome impacting the Company,Pendency of Litigation(s)/dispute(s) or the outcome impacting the Company Tata Steel Limited has informed the Exchange about Pendency of Litigation(s)/dispute(s) or the outcome impacting the Company,OTHER,False,True,WATCH,7.5,0.95,PATTERN_MATCH_pendency.*litigation,v3.0,,,
TATASTEEL,NSE_CORP_ANN,,Acquisition,Tata Steel Limited has informed the Exchange about Acquisition of equity stake in T Steel Holdings Pte. Ltd,Acquisition Tata Steel Limited has informed the Exchange about Acquisition of equity stake in T Steel Holdings Pte. Ltd,OTHER,False,False,NEUTRAL,0.0,0.5,,v3.0,,,
TECHM,NSE_CORP_ANN,,Incorporation,Tech Mahindra Limited has informed the Exchange about Incorporation,Incorporation Tech Mahindra Limited has informed the Exchange about Incorporation,OTHER,True,False,NEUTRAL,0.0,0.5,,v3.0,,,
TECHM,NSE_CORP_ANN,,General Updates,Tech Mahindra Limited has informed the Exchange about ESG rating,General Updates Tech Mahindra Limited has informed the Exchange about ESG rating,OTHER,False,False,NEUTRAL,0.0,0.5,,v3.0,,,
TECHM,NSE_CORP_ANN,,General Updates,Tech Mahindra Limited has informed the Exchange about General Updates,General Updates Tech Mahindra Limited has informed the Exchange about General Updates,OTHER,False,False,NEUTRAL,0.0,0.5,,v3.0,,,
FEDERALBNK,NSE_CORP_ANN,,General Updates,The Federal Bank  Limited has informed the Exchange about  Allotment of Equity Shares on exercise of Stock options pursuant to Employee Stock Option Scheme,General Updates The Federal Bank Limited has informed the Exchange about Allotment of Equity Shares on exercise of Stock options pursuant to Employee Stock Option Scheme,OTHER,True,False,NEUTRAL,0.0,0.5,,v3.0,,,
FEDERALBNK,NSE_CORP_ANN,,Analysts/Institutional Investor Meet/Con. Call Updates,The Federal Bank  Limited has informed the Exchange about Schedule of meet,Analysts/Institutional Investor Meet/Con. Call Updates The Federal Bank Limited has informed the Exchange about Schedule of meet,OTHER,True,False,NEUTRAL,0.0,0.5,,v3.0,,,
INDHOTEL,NSE_CORP_ANN,,Press Release,"The Indian Hotels Company Limited has informed the Exchange regarding a press release dated December 19, 2025, titled ""IHCL, GVK-BHUPAL FAMILY REDEFINE ALLIANCE; TRANSITIONS FROM JOINT VENTURE TO A LONG-TERM MANAGEMENT ARRANGEMENT"".","Press Release The Indian Hotels Company Limited has informed the Exchange regarding a press release dated December 19, 2025, titled ""IHCL, GVK-BHUPAL FAMILY REDEFINE ALLIANCE; TRANSITIONS FROM JOINT VENTURE TO A LONG-TERM MANAGEMENT ARRANGEMENT"".",OTHER,False,False,NEUTRAL,0.0,0.5,,v3.0,,,
INDHOTEL,NSE_CORP_ANN,,Sale or disposal,The Indian Hotels Company Limited has informed the Exchange about Sale or disposal,Sale or disposal The Indian Hotels Company Limited has informed the Exchange about Sale or disposal,OTHER,False,False,NEUTRAL,0.0,0.5,,v3.0,,,
TITAN,NSE_CORP_ANN,,Trading Window,"Titan Company Limited has informed the Exchange regarding the Trading Window closure pursuant to SEBI (Prohibition of Insider Trading) Regulations, 2015","Trading Window Titan Company Limited has informed the Exchange regarding the Trading Window closure pursuant to SEBI (Prohibition of Insider Trading) Regulations, 2015",OTHER,True,False,NEUTRAL,0.0,0.5,,v3.0,,,
TORNTPHARM,NSE_CORP_ANN,,Updates,Torrent Pharmaceuticals Limited has informed the Exchange regarding 'Redemption of Commercial Papers '.,Updates Torrent Pharmaceuticals Limited has informed the Exchange regarding 'Redemption of Commercial Papers '.,OTHER,False,False,NEUTRAL,0.0,0.5,,v3.0,,,
TRENT,NSE_CORP_ANN,,Credit Rating- New,"Trent Limited has informed the Exchange about Intimation under Regulation 30 read with Schedule III of the SEBI (Listing Obligations and Disclosure Requirements) Regulations, 2015 ( SEBI Listing Regulations )","Credit Rating- New Trent Limited has informed the Exchange about Intimation under Regulation 30 read with Schedule III of the SEBI (Listing Obligations and Disclosure Requirements) Regulations, 2015 ( SEBI Listing Regulations )",OTHER,False,False,NEUTRAL,0.0,0.5,,v3.0,,,
TRENT,NSE_CORP_ANN,,Trading Window,"Trent Limited has informed the Exchange regarding the Trading Window closure pursuant to SEBI (Prohibition of Insider Trading) Regulations, 2015","Trading Window Trent Limited has informed the Exchange regarding the Trading Window closure pursuant to SEBI (Prohibition of Insider Trading) Regulations, 2015",OTHER,True,False,NEUTRAL,0.0,0.5,,v3.0,,,
TRENT,NSE_CORP_ANN,,Analysts/Institutional Investor Meet/Con. Call Updates,Trent Limited has informed the Exchange about Intimation of schedule of Analyst / Institutional Investor Meeting,Analysts/Institutional Investor Meet/Con. Call Updates Trent Limited has informed the Exchange about Intimation of schedule of Analyst / Institutional Investor Meeting,OTHER,True,False,NEUTRAL,0.0,0.5,,v3.0,,,
TRENT,NSE_CORP_ANN,,Analysts/Institutional Investor Meet/Con. Call Updates,Trent Limited has informed the Exchange about Intimation of schedule of Analyst / Institutional Investor Meeting,Analysts/Institutional Investor Meet/Con. Call Updates Trent Limited has informed the Exchange about Intimation of schedule of Analyst / Institutional Investor Meeting,OTHER,True,False,NEUTRAL,0.0,0.5,,v3.0,,,
TRENT,NSE_CORP_ANN,,Analysts/Institutional Investor Meet/Con. Call Updates,Trent Limited has informed the Exchange about Schedule of meet,Analysts/Institutional Investor Meet/Con. Call Updates Trent Limited has informed the Exchange about Schedule of meet,OTHER,True,False,NEUTRAL,0.0,0.5,,v3.0,,,
TIINDIA,NSE_CORP_ANN,,General Updates,Tube Investments of India Limited has informed the Exchange about General Updates,General Updates Tube Investments of India Limited has informed the Exchange about General Updates,OTHER,False,False,NEUTRAL,0.0,0.5,,v3.0,,,
UNOMINDA,NSE_CORP_ANN,,Trading Window,"UNO Minda Limited has informed the Exchange regarding the Trading Window closure pursuant to SEBI (Prohibition of Insider Trading) Regulations, 2015","Trading Window UNO Minda Limited has informed the Exchange regarding the Trading Window closure pursuant to SEBI (Prohibition of Insider Trading) Regulations, 2015",OTHER,True,False,NEUTRAL,0.0,0.5,,v3.0,,,
UNOMINDA,NSE_CORP_ANN,,Updates,UNO Minda Limited has informed the Exchange regarding 'Redemption of Commercial Papers'.,Updates UNO Minda Limited has informed the Exchange regarding 'Redemption of Commercial Papers'.,OTHER,False,False,NEUTRAL,0.0,0.5,,v3.0,,,
UPL,NSE_CORP_ANN,,General Updates,UPL Limited has informed the Exchange about Investment in Hybrid Seeds Vietnam Company Limited,General Updates UPL Limited has informed the Exchange about Investment in Hybrid Seeds Vietnam Company Limited,OTHER,False,False,NEUTRAL,0.0,0.5,,v3.0,,,
ULTRACEMCO,NSE_CORP_ANN,,Action(s) initiated or orders passed,UltraTech Cement Limited has informed the Exchange about Action(s) initiated or orders passed,Action(s) initiated or orders passed UltraTech Cement Limited has informed the Exchange about Action(s) initiated or orders passed,OTHER,False,False,NEUTRAL,0.0,0.5,,v3.0,,,
ULTRACEMCO,NSE_CORP_ANN,,Action(s) taken or orders passed,"UltraTech Cement Limited has informed the Exchange about order received from Commissioner, Central Goods and Services Tax, Bolpur, West Bengal","Action(s) taken or orders passed UltraTech Cement Limited has informed the Exchange about order received from Commissioner, Central Goods and Services Tax, Bolpur, West Bengal",OTHER,False,True,WATCH,7.5,0.95,PATTERN_MATCH_order received.*tax,v3.0,,,
ULTRACEMCO,NSE_CORP_ANN,,Action(s) taken or orders passed,"UltraTech Cement Limited has informed the Exchange about order received from Joint Commissioner, Central Goods and Services Tax, Noida, Uttar Pradesh","Action(s) taken or orders passed UltraTech Cement Limited has informed the Exchange about order received from Joint Commissioner, Central Goods and Services Tax, Noida, Uttar Pradesh",OTHER,False,True,WATCH,7.5,0.95,PATTERN_MATCH_order received.*tax,v3.0,,,
ULTRACEMCO,NSE_CORP_ANN,,Action(s) taken or orders passed,UltraTech Cement Limited has informed the Exchange about Action(s) taken or orders passed,Action(s) taken or orders passed UltraTech Cement Limited has informed the Exchange about Action(s) taken or orders passed,OTHER,False,False,NEUTRAL,0.0,0.5,,v3.0,,,
UNIONBANK,NSE_CORP_ANN,,General Updates,"Union Bank of India has informed the Exchange about Disclosure under Regulation 30 of the SEBI (Listing Obligations and Disclosure Requirements) Regulations, 2015","General Updates Union Bank of India has informed the Exchange about Disclosure under Regulation 30 of the SEBI (Listing Obligations and Disclosure Requirements) Regulations, 2015",OTHER,False,False,NEUTRAL,0.0,0.5,,v3.0,,,
UNITDSPR,NSE_CORP_ANN,,Shareholders meeting,United Spirits Limited has submitted the Exchange a copy Srutinizers report of  Postal Ballot,Shareholders meeting United Spirits Limited has submitted the Exchange a copy Srutinizers report of Postal Ballot,OTHER,False,False,NEUTRAL,0.0,0.5,,v3.0,,,
VBL,NSE_CORP_ANN,,General Updates,Board Presentation on the proposed acquisition of 100% Share Capital of Twizza Proprietary Limited ( Twizza ) through our subsidiary company in South Africa i.e. The Beverages Company Proprietary Limited.,General Updates Board Presentation on the proposed acquisition of 100% Share Capital of Twizza Proprietary Limited ( Twizza ) through our subsidiary company in South Africa i.e. The Beverages Company Proprietary Limited.,OTHER,False,False,NEUTRAL,0.0,0.5,,v3.0,,,
VBL,NSE_CORP_ANN,,Outcome of Board Meeting,The Board of Directors at their meeting held today inter-alia considered and approved to acquire 100% Share Capital of Twizza Proprietary Limited as per details in the enclosed intimation.,Outcome of Board Meeting The Board of Directors at their meeting held today inter-alia considered and approved to acquire 100% Share Capital of Twizza Proprietary Limited as per details in the enclosed intimation.,OTHER,True,False,NEUTRAL,0.0,0.5,,v3.0,,,
VEDL,NSE_CORP_ANN,,Action(s) taken or orders passed,Vedanta Limited has informed the Exchange about Action(s) taken or orders passed,Action(s) taken or orders passed Vedanta Limited has informed the Exchange about Action(s) taken or orders passed,OTHER,False,False,NEUTRAL,0.0,0.5,,v3.0,,,
VEDL,NSE_CORP_ANN,,Updates,Vedanta Limited has informed the Exchange regarding 'Update on Scheme of Arrangement for Demerger of Vedanta Limited'.,Updates Vedanta Limited has informed the Exchange regarding 'Update on Scheme of Arrangement for Demerger of Vedanta Limited'.,OTHER,False,False,NEUTRAL,0.0,0.5,,v3.0,,,
VEDL,NSE_CORP_ANN,,Credit Rating- Others,Vedanta Limited has informed the Exchange about Reaffirmation of Credit Ratings by India Ratings,Credit Rating- Others Vedanta Limited has informed the Exchange about Reaffirmation of Credit Ratings by India Ratings,OTHER,False,False,NEUTRAL,0.0,0.5,,v3.0,,,
VEDL,NSE_CORP_ANN,,News Verification,The Exchange has sought clarification from Vedanta Limited with respect to recent news item captioned Vedanta demerger decks cleared after Mumbai NCLT approves plan; Stock surges.  The response from the Company is attached.,News Verification The Exchange has sought clarification from Vedanta Limited with respect to recent news item captioned Vedanta demerger decks cleared after Mumbai NCLT approves plan; Stock surges. The response from the Company is attached.,OTHER,False,False,NEUTRAL,0.0,0.5,,v3.0,,,
VEDL,NSE_CORP_ANN,,News Verification,The Exchange has sought clarification from Vedanta Limited with respect to recent news item captioned Vedanta demerger decks cleared after Mumbai NCLT approves plan; Stock surges.  The response from the Company is awaited.,News Verification The Exchange has sought clarification from Vedanta Limited with respect to recent news item captioned Vedanta demerger decks cleared after Mumbai NCLT approves plan; Stock surges. The response from the Company is awaited.,OTHER,False,False,NEUTRAL,0.0,0.5,,v3.0,,,
IDEA,NSE_CORP_ANN,,Action(s) taken or orders passed,"Vodafone Idea Limited has informed the Exchange about disclosure under Regulation 30 of SEBI (Listing Obligations and Disclosure Requirements) Regulations, 2015 regarding order passed under the Central Goods and Services Tax Act, 2017","Action(s) taken or orders passed Vodafone Idea Limited has informed the Exchange about disclosure under Regulation 30 of SEBI (Listing Obligations and Disclosure Requirements) Regulations, 2015 regarding order passed under the Central Goods and Services Tax Act, 2017",OTHER,False,True,WATCH,7.5,0.95,PATTERN_MATCH_order passed.*tax,v3.0,,,
IDEA,NSE_CORP_ANN,,Action(s) taken or orders passed,"Vodafone Idea Limited has informed the Exchange about Disclosure under Regulation 30 of SEBI (Listing Obligations and Disclosure Requirements) Regulations, 2015 regarding orders passed under Central Goods and Services Tax Act, 2017","Action(s) taken or orders passed Vodafone Idea Limited has informed the Exchange about Disclosure under Regulation 30 of SEBI (Listing Obligations and Disclosure Requirements) Regulations, 2015 regarding orders passed under Central Goods and Services Tax Act, 2017",OTHER,False,True,WATCH,7.0,0.95,PATTERN_MATCH_tax.*order,v3.0,,,
IDEA,NSE_CORP_ANN,,Press Release,"Vodafone Idea Limited has informed the Exchange regarding a press release dated December 18, 2025, titled ""Disclosure under Regulation 30 of SEBI (Listing Obligations and Disclosure Requirements) Regulations, 2015   Release to media - Issuance of Non-Convertible Debentures aggregating to Rs. 3,300 Crore by Vodafone Idea Telecom Infrastructure Limited ( VITIL ), wholly owned subsidiary of the Company"".","Press Release Vodafone Idea Limited has informed the Exchange regarding a press release dated December 18, 2025, titled ""Disclosure under Regulation 30 of SEBI (Listing Obligations and Disclosure Requirements) Regulations, 2015 Release to media - Issuance of Non-Convertible Debentures aggregating to Rs. 3,300 Crore by Vodafone Idea Telecom Infrastructure Limited ( VITIL ), wholly owned subsidiary of the Company"".",OTHER,False,False,NEUTRAL,0.0,0.5,,v3.0,,,
IDEA,NSE_CORP_ANN,,Action(s) taken or orders passed,"Vodafone Idea Limited has informed the Exchange about Disclosure under Regulation 30 of SEBI (Listing Obligations and Disclosure Requirements) Regulations, 2015 regarding order passed under Central Goods and Services Tax Act, 2017","Action(s) taken or orders passed Vodafone Idea Limited has informed the Exchange about Disclosure under Regulation 30 of SEBI (Listing Obligations and Disclosure Requirements) Regulations, 2015 regarding order passed under Central Goods and Services Tax Act, 2017",OTHER,False,True,WATCH,7.5,0.95,PATTERN_MATCH_order passed.*tax,v3.0,,,
VOLTAS,NSE_CORP_ANN,,Trading Window,"Voltas Limited has informed the Exchange regarding the Trading Window closure pursuant to SEBI (Prohibition of Insider Trading) Regulations, 2015","Trading Window Voltas Limited has informed the Exchange regarding the Trading Window closure pursuant to SEBI (Prohibition of Insider Trading) Regulations, 2015",OTHER,True,False,NEUTRAL,0.0,0.5,,v3.0,,,
VOLTAS,NSE_CORP_ANN,,Analysts/Institutional Investor Meet/Con. Call Updates,Voltas Limited has informed the Exchange about Schedule of meet,Analysts/Institutional Investor Meet/Con. Call Updates Voltas Limited has informed the Exchange about Schedule of meet,OTHER,True,False,NEUTRAL,0.0,0.5,,v3.0,,,
VOLTAS,NSE_CORP_ANN,,General Updates,Voltas Limited has informed the Exchange about General Updates,General Updates Voltas Limited has informed the Exchange about General Updates,OTHER,False,False,NEUTRAL,0.0,0.5,,v3.0,,,
WIPRO,NSE_CORP_ANN,,Updates,"Wipro Limited has informed the Exchange regarding Allotment of 21,126 equity shares under ADS Restricted Stock Unit Plan 2004 and 73,687 equity shares under the Restricted Stock Unit Plan 2007 on December 22, 2025, pursuant to exercise of ESOPs.","Updates Wipro Limited has informed the Exchange regarding Allotment of 21,126 equity shares under ADS Restricted Stock Unit Plan 2004 and 73,687 equity shares under the Restricted Stock Unit Plan 2007 on December 22, 2025, pursuant to exercise of ESOPs.",OTHER,True,False,NEUTRAL,0.0,0.5,,v3.0,,,
WIPRO,NSE_CORP_ANN,,Updates,Wipro Limited has informed the Exchange regarding 'Grant of Restricted Stock Units'.,Updates Wipro Limited has informed the Exchange regarding 'Grant of Restricted Stock Units'.,OTHER,False,False,NEUTRAL,0.0,0.5,,v3.0,,,
YESBANK,NSE_CORP_ANN,,Analysts/Institutional Investor Meet/Con. Call Updates,"Disclosure under Regulation 30 read with clause 15 of Para A of Part A of Schedule III of the SEBI (Listing Obligations and Disclosure Requirements) Regulations, 2015 - Schedule of Analyst/ Institutional Investors Meet(s) / Call(s) / VC(s)   Advance Intimation - Kotak Flagship Conference: Chasing Growth 2026","Analysts/Institutional Investor Meet/Con. Call Updates Disclosure under Regulation 30 read with clause 15 of Para A of Part A of Schedule III of the SEBI (Listing Obligations and Disclosure Requirements) Regulations, 2015 - Schedule of Analyst/ Institutional Investors Meet(s) / Call(s) / VC(s) Advance Intimation - Kotak Flagship Conference: Chasing Growth 2026",OTHER,True,False,NEUTRAL,0.0,0.5,,v3.0,,,
YESBANK,NSE_CORP_ANN,,Analysts/Institutional Investor Meet/Con. Call Updates,"Disclosure under Regulation 30 read with clause 15 of Para A of Part A of Schedule IIIof the SEBI (Listing Obligations and Disclosure Requirements) Regulations, 2015 ( ListingRegulations ) Schedule of Analyst/ Institutional Investors Meet(s) / Call(s) / VC(s)   Advance Intimation - Nuvama India Investor Conference - India: Shoring up Self-Reliance","Analysts/Institutional Investor Meet/Con. Call Updates Disclosure under Regulation 30 read with clause 15 of Para A of Part A of Schedule IIIof the SEBI (Listing Obligations and Disclosure Requirements) Regulations, 2015 ( ListingRegulations ) Schedule of Analyst/ Institutional Investors Meet(s) / Call(s) / VC(s) Advance Intimation - Nuvama India Investor Conference - India: Shoring up Self-Reliance",OTHER,True,False,NEUTRAL,0.0,0.5,,v3.0,,,
YESBANK,NSE_CORP_ANN,,Allotment of Securities,Yes Bank Limited has informed the Exchange  regarding Intimation of allotment of equity shares pursuant to exercise of stock options under YBL ESOS 2020 Scheme and YBL RSU Plan 2024,Allotment of Securities Yes Bank Limited has informed the Exchange regarding Intimation of allotment of equity shares pursuant to exercise of stock options under YBL ESOS 2020 Scheme and YBL RSU Plan 2024,OTHER,True,False,NEUTRAL,0.0,0.5,,v3.0,,,
YESBANK,NSE_CORP_ANN,,General Updates,"Disclosure under Regulation 30 of the SEBI (Listing Obligations and Disclosure Requirements) Regulations, 2015 - ESG Rating","General Updates Disclosure under Regulation 30 of the SEBI (Listing Obligations and Disclosure Requirements) Regulations, 2015 - ESG Rating",OTHER,False,False,NEUTRAL,0.0,0.5,,v3.0,,,
ZYDUSLIFE,NSE_CORP_ANN,,Press Release,"Zydus Lifesciences Limited has informed the Exchange regarding a press release dated December 19, 2025, titled ""Zydus Lifesciences Limited signs an exclusive agreement with Myriad Genetics of US to launch cancer-risk assessment diagnostic tests in India"".","Press Release Zydus Lifesciences Limited has informed the Exchange regarding a press release dated December 19, 2025, titled ""Zydus Lifesciences Limited signs an exclusive agreement with Myriad Genetics of US to launch cancer-risk assessment diagnostic tests in India"".",OTHER,False,False,NEUTRAL,0.0,0.5,,v3.0,,,
ZYDUSLIFE,NSE_CORP_ANN,,General Updates,Zydus Lifesciences Limited has informed the Exchange about General Updates,General Updates Zydus Lifesciences Limited has informed the Exchange about General Updates,OTHER,False,False,NEUTRAL,0.0,0.5,,v3.0,,,
360ONE,NSE_CORP_ANN,,ESOP/ESOS/ESPS,360 ONE WAM LIMITED has informed the Exchange regarding Allotment of 212637  Shares.,ESOP/ESOS/ESPS 360 ONE WAM LIMITED has informed the Exchange regarding Allotment of 212637 Shares.,OTHER,True,False,NEUTRAL,0.0,0.5,,v3.0,,,
ADANIENSOL,NSE_CORP_ANN,,General Updates,"Adani Energy Solutions Limited has informed the Exchange about Intimation for Incorporation of a step-down subsidiary, ATSOL Global IFSC Limited.","General Updates Adani Energy Solutions Limited has informed the Exchange about Intimation for Incorporation of a step-down subsidiary, ATSOL Global IFSC Limited.",OTHER,True,False,NEUTRAL,0.0,0.5,,v3.0,,,
ADANIENT,NSE_CORP_ANN,,Copy of Newspaper Publication,Adani Enterprises Limited has informed the Exchange about Newspaper Advertisement regarding the record date for the first Call on partly paid-up equity shares of the Company.,Copy of Newspaper Publication Adani Enterprises Limited has informed the Exchange about Newspaper Advertisement regarding the record date for the first Call on partly paid-up equity shares of the Company.,OTHER,True,False,NEUTRAL,0.0,0.5,,v3.0,,,
ADANIENT,NSE_CORP_ANN,,Suspension of Trading,"Members of the Exchange are hereby informed that the trading in the partly paid-up equity shares (Series: E1, ISIN: IN9423A01030) of Adani Enterprises Limited shall be suspended w.e.f. December 23, 2025 (i.e., closing hours of trading on December 22, 2025) on account of first call money.","Suspension of Trading Members of the Exchange are hereby informed that the trading in the partly paid-up equity shares (Series: E1, ISIN: IN9423A01030) of Adani Enterprises Limited shall be suspended w.e.f. December 23, 2025 (i.e., closing hours of trading on December 22, 2025) on account of first call money.",OTHER,True,False,NEUTRAL,0.0,0.5,,v3.0,,,
ADANIENT,NSE_CORP_ANN,,Incorporation,Adani Enterprises Limited has informed the Exchange about Incorporation,Incorporation Adani Enterprises Limited has informed the Exchange about Incorporation,OTHER,True,False,NEUTRAL,0.0,0.5,,v3.0,,,
ADANIENT,NSE_CORP_ANN,,Record Date,Adani Enterprises Limited has informed the Exchange that Record date for the purpose of first Call on partly paid equity shares issued on rights basis is 23-Dec-2025.,Record Date Adani Enterprises Limited has informed the Exchange that Record date for the purpose of first Call on partly paid equity shares issued on rights basis is 23-Dec-2025.,OTHER,True,False,NEUTRAL,0.0,0.5,,v3.0,,,
ADANIENT,NSE_CORP_ANN,,Outcome of Board Meeting,"Adani Enterprises Limited has informed the Exchange regarding outcome of rights issue committee meeting held on December 17, 2025.","Outcome of Board Meeting Adani Enterprises Limited has informed the Exchange regarding outcome of rights issue committee meeting held on December 17, 2025.",OTHER,True,False,NEUTRAL,0.0,0.5,,v3.0,,,
ABCAPITAL,NSE_CORP_ANN,,ESOP/ESOS/ESPS,Aditya Birla Capital Limited has informed the Exchange regarding Allotment of 1375753  Shares.,ESOP/ESOS/ESPS Aditya Birla Capital Limited has informed the Exchange regarding Allotment of 1375753 Shares.,OTHER,True,False,NEUTRAL,0.0,0.5,,v3.0,,,
AMBER,NSE_CORP_ANN,,General Updates,Amber Enterprises India Limited has informed the Exchange that the Company is planning to invest Rs. 500 Crore for expansion of its state-of-the-art Research & Development (R&D) Centre in Punjab.,General Updates Amber Enterprises India Limited has informed the Exchange that the Company is planning to invest Rs. 500 Crore for expansion of its state-of-the-art Research & Development (R&D) Centre in Punjab.,OTHER,False,False,NEUTRAL,0.0,0.5,,v3.0,,,
AMBUJACEM,NSE_CORP_ANN,,General Updates,Ambuja Cements Limited has informed the Exchange about Capital Market Q&A on - Amalgamation of ACC Limited and Orient Cement Limited with Ambuja Cements Limited,General Updates Ambuja Cements Limited has informed the Exchange about Capital Market Q&A on - Amalgamation of ACC Limited and Orient Cement Limited with Ambuja Cements Limited,OTHER,False,False,NEUTRAL,0.0,0.5,,v3.0,,,
AMBUJACEM,NSE_CORP_ANN,,Press Release,Approval of Scheme of Amalgamation of ACC Limited with Ambuja Cements Limited and Orient Cement Limited with Ambuja Cements Limited,Press Release Approval of Scheme of Amalgamation of ACC Limited with Ambuja Cements Limited and Orient Cement Limited with Ambuja Cements Limited,OTHER,False,False,NEUTRAL,0.0,0.5,,v3.0,,,
AMBUJACEM,NSE_CORP_ANN,,Amalgamation/Merger,Approval of Scheme of Amalgamation of ACC Limited with Ambuja Cements Limited and Orient Cement Limited with Ambuja Cements Limited,Amalgamation/Merger Approval of Scheme of Amalgamation of ACC Limited with Ambuja Cements Limited and Orient Cement Limited with Ambuja Cements Limited,OTHER,False,False,NEUTRAL,0.0,0.5,,v3.0,,,
ANGELONE,NSE_CORP_ANN,,Updates,"Angel One Limited has informed the Exchange regarding ' AngelOne Limited has been awarded ISO 22301:2019 Certification for its Business ContinuityManagement System (BCMS) by Intertek Certification Limited on December 22, 2025'.","Updates Angel One Limited has informed the Exchange regarding ' AngelOne Limited has been awarded ISO 22301:2019 Certification for its Business ContinuityManagement System (BCMS) by Intertek Certification Limited on December 22, 2025'.",OTHER,False,False,NEUTRAL,0.0,0.5,,v3.0,,,
ANGELONE,NSE_CORP_ANN,,Trading Window,"Angel One Limited has informed the Exchange regarding the Trading Window closure pursuant to SEBI (Prohibition of Insider Trading) Regulations, 2015","Trading Window Angel One Limited has informed the Exchange regarding the Trading Window closure pursuant to SEBI (Prohibition of Insider Trading) Regulations, 2015",OTHER,True,False,NEUTRAL,0.0,0.5,,v3.0,,,
ASIANPAINT,NSE_CORP_ANN,,Copy of Newspaper Publication,"This is to inform that SEBI vide it Circular No. SEBI/HO/MIRSD-PoD/P/CIR/2025/97 dated 2nd July 2025, has decided to open a special window for a period of 6 months from 7th July 2025 to 6th January 2026 to facilitate re-lodgment of transfer requests of physical shares of the Company. Pursuant to said Circular, please find attached copies of notice given to the investors of the Company.","Copy of Newspaper Publication This is to inform that SEBI vide it Circular No. SEBI/HO/MIRSD-PoD/P/CIR/2025/97 dated 2nd July 2025, has decided to open a special window for a period of 6 months from 7th July 2025 to 6th January 2026 to facilitate re-lodgment of transfer requests of physical shares of the Company. Pursuant to said Circular, please find attached copies of notice given to the investors of the Company.",OTHER,True,False,NEUTRAL,0.0,0.5,,v3.0,,,
AUROPHARMA,NSE_CORP_ANN,,Acquisition,"Aurobindo Pharma Limited has informed the Exchange about acquisition of additional 20% stake in Luoxin Aurovitas Pharma (Chengdu) Co. Ltd, China, a joint venture company","Acquisition Aurobindo Pharma Limited has informed the Exchange about acquisition of additional 20% stake in Luoxin Aurovitas Pharma (Chengdu) Co. Ltd, China, a joint venture company",OTHER,False,False,NEUTRAL,0.0,0.5,,v3.0,,,
AUROPHARMA,NSE_CORP_ANN,,General Updates,"Aurobindo Pharma Limited has informed the Exchange about completion of US FDA Inspection at Unit-IV of APL Healthcare Limited, a wholly owned subsidiary of the Company","General Updates Aurobindo Pharma Limited has informed the Exchange about completion of US FDA Inspection at Unit-IV of APL Healthcare Limited, a wholly owned subsidiary of the Company",OTHER,False,False,NEUTRAL,0.0,0.5,,v3.0,,,
AXISBANK,NSE_CORP_ANN,,ESOP/ESOS/ESPS,Axis Bank Limited has informed the Exchange regarding Allotment of 502455  Shares.,ESOP/ESOS/ESPS Axis Bank Limited has informed the Exchange regarding Allotment of 502455 Shares.,OTHER,True,False,NEUTRAL,0.0,0.5,,v3.0,,,
AXISBANK,NSE_CORP_ANN,,Trading Window,"Axis Bank Limited has informed the Exchange regarding the Trading Window closure pursuant to SEBI (Prohibition of Insider Trading) Regulations, 2015","Trading Window Axis Bank Limited has informed the Exchange regarding the Trading Window closure pursuant to SEBI (Prohibition of Insider Trading) Regulations, 2015",OTHER,True,False,NEUTRAL,0.0,0.5,,v3.0,,,
AXISBANK,NSE_CORP_ANN,,Shareholders meeting,Axis Bank Limited has informed the Exchange regarding Notice of Postal Ballot,Shareholders meeting Axis Bank Limited has informed the Exchange regarding Notice of Postal Ballot,OTHER,False,False,NEUTRAL,0.0,0.5,,v3.0,,,
AXISBANK,NSE_CORP_ANN,,Change in Director(s),Axis Bank Limited has informed the Exchange regarding Change in Director(s) of the company.,Change in Director(s) Axis Bank Limited has informed the Exchange regarding Change in Director(s) of the company.,OTHER,False,False,NEUTRAL,0.0,0.5,,v3.0,,,
AXISBANK,NSE_CORP_ANN,,ESOP/ESOS/ESPS,Axis Bank Limited has informed the Exchange regarding Allotment of 245902  Shares.,ESOP/ESOS/ESPS Axis Bank Limited has informed the Exchange regarding Allotment of 245902 Shares.,OTHER,True,False,NEUTRAL,0.0,0.5,,v3.0,,,
BSE,NSE_CORP_ANN,,News Verification,The Exchange has sought clarification from BSE Limited with respect to recent news item captioned BSE shares rise 3.5% as report says stock exchange plans to launch more monthly index option products.  The response from the Company is attached.,News Verification The Exchange has sought clarification from BSE Limited with respect to recent news item captioned BSE shares rise 3.5% as report says stock exchange plans to launch more monthly index option products. The response from the Company is attached.,OTHER,False,False,NEUTRAL,0.0,0.5,,v3.0,,,
BSE,NSE_CORP_ANN,,News Verification,The Exchange has sought clarification from BSE Limited with respect to recent news item captioned BSE shares rise 3.5% as report says stock exchange plans to launch more monthly index option products.  The response from the Company is awaited.,News Verification The Exchange has sought clarification from BSE Limited with respect to recent news item captioned BSE shares rise 3.5% as report says stock exchange plans to launch more monthly index option products. The response from the Company is awaited.,OTHER,False,False,NEUTRAL,0.0,0.5,,v3.0,,,
BSE,NSE_CORP_ANN,,Change in Management,BSE Limited has informed the Exchange about re-designation of Key Management Personnel and Senior Management,Change in Management BSE Limited has informed the Exchange about re-designation of Key Management Personnel and Senior Management,OTHER,False,False,NEUTRAL,0.0,0.5,,v3.0,,,
BSE,NSE_CORP_ANN,,Outcome of Board Meeting,"BSE Limited has informed the Exchange regarding Outcome of Board Meeting held on December 17, 2025.","Outcome of Board Meeting BSE Limited has informed the Exchange regarding Outcome of Board Meeting held on December 17, 2025.",OTHER,True,False,NEUTRAL,0.0,0.5,,v3.0,,,
BSE,NSE_CORP_ANN,,Action(s) taken or orders passed,BSE Limited has informed the Exchange about Action(s) taken or orders passed.,Action(s) taken or orders passed BSE Limited has informed the Exchange about Action(s) taken or orders passed.,OTHER,False,False,NEUTRAL,0.0,0.5,,v3.0,,,
BSE,NSE_CORP_ANN,,Change in Director(s),BSE Limited has informed the Exchange regarding Change in Director(s) of the company.,Change in Director(s) BSE Limited has informed the Exchange regarding Change in Director(s) of the company.,OTHER,False,False,NEUTRAL,0.0,0.5,,v3.0,,,
BANDHANBNK,NSE_CORP_ANN,,Analysts/Institutional Investor Meet/Con. Call Updates,"Bandhan Bank Limited has informed the Exchange about Update on the Analysts / Institutional Investors Meet held on December 18, 2025","Analysts/Institutional Investor Meet/Con. Call Updates Bandhan Bank Limited has informed the Exchange about Update on the Analysts / Institutional Investors Meet held on December 18, 2025",OTHER,True,False,NEUTRAL,0.0,0.5,,v3.0,,,
BANDHANBNK,NSE_CORP_ANN,,Analysts/Institutional Investor Meet/Con. Call Updates,"Bandhan Bank Limited has informed the Exchange about Update on Analysts / Institutional Investors Meet held on December 17, 2025.","Analysts/Institutional Investor Meet/Con. Call Updates Bandhan Bank Limited has informed the Exchange about Update on Analysts / Institutional Investors Meet held on December 17, 2025.",OTHER,True,False,NEUTRAL,0.0,0.5,,v3.0,,,
BANKBARODA,NSE_CORP_ANN,,General Updates,Bank Of Baroda has informed the Exchange about Disclosure Under Regulation 30 of SEBI (LODR),General Updates Bank Of Baroda has informed the Exchange about Disclosure Under Regulation 30 of SEBI (LODR),OTHER,False,False,NEUTRAL,0.0,0.5,,v3.0,,,
BANKINDIA,NSE_CORP_ANN,,Analysts/Institutional Investor Meet/Con. Call Updates,Bank Of India has informed the Exchange about Investor/Analyst Meet,Analysts/Institutional Investor Meet/Con. Call Updates Bank Of India has informed the Exchange about Investor/Analyst Meet,OTHER,True,False,NEUTRAL,0.0,0.5,,v3.0,,,
BANKINDIA,NSE_CORP_ANN,,Updates,"Bank Of India has informed the Exchange regarding 'Bank Of India has informed the Exchange regarding Fund raising through issue of Long Term Infra Bonds of Rs.10,000 Crores.'.","Updates Bank Of India has informed the Exchange regarding 'Bank Of India has informed the Exchange regarding Fund raising through issue of Long Term Infra Bonds of Rs.10,000 Crores.'.",OTHER,False,False,NEUTRAL,0.0,0.5,,v3.0,,,
BANKINDIA,NSE_CORP_ANN,,Trading Window,"Bank Of India has informed the Exchange regarding the Trading Window closure pursuant to SEBI (Prohibition of Insider Trading) Regulations, 2015","Trading Window Bank Of India has informed the Exchange regarding the Trading Window closure pursuant to SEBI (Prohibition of Insider Trading) Regulations, 2015",OTHER,True,False,NEUTRAL,0.0,0.5,,v3.0,,,
BANKINDIA,NSE_CORP_ANN,,Updates,Bank Of India has informed the Exchange regarding ' Bank Of India has informed the Exchange regarding 'Notice for Excercise of Call Option in respect of 9.04% Additional Tier I Bonds Series VI (ISIN NO.INE084A08136) Fixation of Record Date'.'.,Updates Bank Of India has informed the Exchange regarding ' Bank Of India has informed the Exchange regarding 'Notice for Excercise of Call Option in respect of 9.04% Additional Tier I Bonds Series VI (ISIN NO.INE084A08136) Fixation of Record Date'.'.,OTHER,True,False,NEUTRAL,0.0,0.5,,v3.0,,,
BANKINDIA,NSE_CORP_ANN,,Change in Management,Bank Of India has informed the Exchange about change in Assignment of Senior Management w.e.f. 20.12.2025.,Change in Management Bank Of India has informed the Exchange about change in Assignment of Senior Management w.e.f. 20.12.2025.,OTHER,False,False,NEUTRAL,0.0,0.5,,v3.0,,,
BANKINDIA,NSE_CORP_ANN,,Credit Rating,Bank Of India has informed the Exchange about Credit Rating,Credit Rating Bank Of India has informed the Exchange about Credit Rating,OTHER,False,False,NEUTRAL,0.0,0.5,,v3.0,,,
BANKINDIA,NSE_CORP_ANN,,Credit Rating,Bank Of India has informed the Exchange about Credit Rating,Credit Rating Bank Of India has informed the Exchange about Credit Rating,OTHER,False,False,NEUTRAL,0.0,0.5,,v3.0,,,
BANKINDIA,NSE_CORP_ANN,,Analysts/Institutional Investor Meet/Con. Call Updates,Bank Of India has informed the Exchange about Investor/Analyst Meet,Analysts/Institutional Investor Meet/Con. Call Updates Bank Of India has informed the Exchange about Investor/Analyst Meet,OTHER,True,False,NEUTRAL,0.0,0.5,,v3.0,,,
BANKINDIA,NSE_CORP_ANN,,Analysts/Institutional Investor Meet/Con. Call Updates,Bank Of India has informed the Exchange about Investor/Analyst Meet,Analysts/Institutional Investor Meet/Con. Call Updates Bank Of India has informed the Exchange about Investor/Analyst Meet,OTHER,True,False,NEUTRAL,0.0,0.5,,v3.0,,,
BHARATFORG,NSE_CORP_ANN,,Credit Rating,Bharat Forge Limited has informed the Exchange about Credit Rating,Credit Rating Bharat Forge Limited has informed the Exchange about Credit Rating,OTHER,False,False,NEUTRAL,0.0,0.5,,v3.0,,,
BHEL,NSE_CORP_ANN,,Amendment to AOA/MOA,Bharat Heavy Electricals Limited has informed the Exchange regarding the Amendment to AOA/MOA of the company.,Amendment to AOA/MOA Bharat Heavy Electricals Limited has informed the Exchange regarding the Amendment to AOA/MOA of the company.,OTHER,True,False,NEUTRAL,0.0,0.5,,v3.0,,,
BHEL,NSE_CORP_ANN,,Shareholders meeting,Voting Results of Postal Ballot along with Scrutinizer's Report,Shareholders meeting Voting Results of Postal Ballot along with Scrutinizer's Report,OTHER,True,False,NEUTRAL,0.0,0.5,,v3.0,,,
BPCL,NSE_CORP_ANN,,Trading Window,"Bharat Petroleum Corporation Limited has informed the Exchange regarding the Trading Window closure pursuant to SEBI (Prohibition of Insider Trading) Regulations, 2015","Trading Window Bharat Petroleum Corporation Limited has informed the Exchange regarding the Trading Window closure pursuant to SEBI (Prohibition of Insider Trading) Regulations, 2015",OTHER,True,False,NEUTRAL,0.0,0.5,,v3.0,,,
BPCL,NSE_CORP_ANN,,General Updates,Bharat Petroleum Corporation Limited has informed the Exchange about General Updates,General Updates Bharat Petroleum Corporation Limited has informed the Exchange about General Updates,OTHER,False,False,NEUTRAL,0.0,0.5,,v3.0,,,
BPCL,NSE_CORP_ANN,,Copy of Newspaper Publication,Bharat Petroleum Corporation Limited has informed the Exchange about Copy of Newspaper Publication,Copy of Newspaper Publication Bharat Petroleum Corporation Limited has informed the Exchange about Copy of Newspaper Publication,OTHER,True,False,NEUTRAL,0.0,0.5,,v3.0,,,
BHARTIARTL,NSE_CORP_ANN,,Copy of Newspaper Publication,Bharti Airtel Limited has informed the Exchange about Copy of Newspaper Publication,Copy of Newspaper Publication Bharti Airtel Limited has informed the Exchange about Copy of Newspaper Publication,OTHER,True,False,NEUTRAL,0.0,0.5,,v3.0,,,
BHARTIARTL,NSE_CORP_ANN,,Amendment to AOA/MOA,Bharti Airtel Limited has informed the Exchange regarding the Amendment to AOA/MOA of the company.,Amendment to AOA/MOA Bharti Airtel Limited has informed the Exchange regarding the Amendment to AOA/MOA of the company.,OTHER,True,False,NEUTRAL,0.0,0.5,,v3.0,,,
BHARTIARTL,NSE_CORP_ANN,,Agreements,Bharti Airtel Limited has informed the Exchange about Agreements,Agreements Bharti Airtel Limited has informed the Exchange about Agreements,OTHER,False,False,NEUTRAL,0.0,0.5,,v3.0,,,
BHARTIARTL,NSE_CORP_ANN,,General Updates,"Bharti Airtel Limited has informed the Exchange about the outcome of the Board meeting dt. December 18, 2025 w.r.t. First and Final Call on partly paid-up equity shares.","General Updates Bharti Airtel Limited has informed the Exchange about the outcome of the Board meeting dt. December 18, 2025 w.r.t. First and Final Call on partly paid-up equity shares.",OTHER,True,False,NEUTRAL,0.0,0.5,,v3.0,,,
BHARTIARTL,NSE_CORP_ANN,,Change in Director(s),Bharti Airtel Limited has informed the Exchange regarding Change in Director(s) of the company.,Change in Director(s) Bharti Airtel Limited has informed the Exchange regarding Change in Director(s) of the company.,OTHER,False,False,NEUTRAL,0.0,0.5,,v3.0,,,
BHARTIARTL,NSE_CORP_ANN,,Change in Management,Bharti Airtel Limited has informed the Exchange about change in Management,Change in Management Bharti Airtel Limited has informed the Exchange about change in Management,OTHER,False,False,NEUTRAL,0.0,0.5,,v3.0,,,
BHARTIARTL,NSE_CORP_ANN,,Action(s) taken or orders passed,Bharti Airtel Limited has informed the Exchange about Action(s) taken or orders passed,Action(s) taken or orders passed Bharti Airtel Limited has informed the Exchange about Action(s) taken or orders passed,OTHER,False,False,NEUTRAL,0.0,0.5,,v3.0,,,
BIOCON,NSE_CORP_ANN,,Press Release,"Biocon Limited has informed the Exchange regarding a press release dated December 23, 2025, titled ""Biocon Limited signs out-licensing agreement with Ajanta to market Semaglutide in 26 countries"".","Press Release Biocon Limited has informed the Exchange regarding a press release dated December 23, 2025, titled ""Biocon Limited signs out-licensing agreement with Ajanta to market Semaglutide in 26 countries"".",OTHER,False,False,NEUTRAL,0.0,0.5,,v3.0,,,
BIOCON,NSE_CORP_ANN,,Press Release,"Biocon Limited has informed the Exchange regarding a press release dated December 23, 2025, titled ""Biocon Biologics Secures Full Global Rights to Biosimilar Adalimumab through Expanded FKB In-Licensing Agreement"".","Press Release Biocon Limited has informed the Exchange regarding a press release dated December 23, 2025, titled ""Biocon Biologics Secures Full Global Rights to Biosimilar Adalimumab through Expanded FKB In-Licensing Agreement"".",OTHER,False,False,NEUTRAL,0.0,0.5,,v3.0,,,
BIOCON,NSE_CORP_ANN,,General Updates,Biocon Limited has informed the Exchange about Issue of Commercial Papers,General Updates Biocon Limited has informed the Exchange about Issue of Commercial Papers,OTHER,False,False,NEUTRAL,0.0,0.5,,v3.0,,,
BIOCON,NSE_CORP_ANN,,Updates,Biocon Limited has informed the Exchange regarding 'Notification to Stock Exchanges'.,Updates Biocon Limited has informed the Exchange regarding 'Notification to Stock Exchanges'.,OTHER,False,False,NEUTRAL,0.0,0.5,,v3.0,,,
BIOCON,NSE_CORP_ANN,,Press Release,"Biocon Limited has informed the Exchange regarding a press release dated December 17, 2025, titled ""Biocon Biologics Recognized as Asia IP Elite for 2025 by IAM."".","Press Release Biocon Limited has informed the Exchange regarding a press release dated December 17, 2025, titled ""Biocon Biologics Recognized as Asia IP Elite for 2025 by IAM."".",OTHER,False,False,NEUTRAL,0.0,0.5,,v3.0,,,
BIOCON,NSE_CORP_ANN,,Credit Rating,Biocon Limited has informed the Exchange about Credit Rating,Credit Rating Biocon Limited has informed the Exchange about Credit Rating,OTHER,False,False,NEUTRAL,0.0,0.5,,v3.0,,,
BIOCON,NSE_CORP_ANN,,Credit Rating,Biocon Limited has informed the Exchange about Credit Rating,Credit Rating Biocon Limited has informed the Exchange about Credit Rating,OTHER,False,False,NEUTRAL,0.0,0.5,,v3.0,,,
BOSCHLTD,NSE_CORP_ANN,,Action(s) taken or orders passed,Bosch Limited has informed the Exchange about Action(s) taken or orders passed,Action(s) taken or orders passed Bosch Limited has informed the Exchange about Action(s) taken or orders passed,OTHER,False,False,NEUTRAL,0.0,0.5,,v3.0,,,
BRITANNIA,NSE_CORP_ANN,,Action(s) taken or orders passed,"Pursuant to Regulation 30 read with Clause 20 of Para A of Part A of Schedule III of the SEBI Listing Regulations, 2015, this is to inform you that the Company has received an Order from the Office of the Deputy Commissioner of State Tax, Mumbai Audit Zone III 504, Mazgaon, Mumbai.","Action(s) taken or orders passed Pursuant to Regulation 30 read with Clause 20 of Para A of Part A of Schedule III of the SEBI Listing Regulations, 2015, this is to inform you that the Company has received an Order from the Office of the Deputy Commissioner of State Tax, Mumbai Audit Zone III 504, Mazgaon, Mumbai.",OTHER,False,True,WATCH,7.5,0.95,PATTERN_MATCH_order.*received.*tax,v3.0,,,
CANBK,NSE_CORP_ANN,,Updates,Canara Bank has informed the Exchange regarding 'Credit confirmation of Annual Interest Payment & Redemption Payment'.,Updates Canara Bank has informed the Exchange regarding 'Credit confirmation of Annual Interest Payment & Redemption Payment'.,OTHER,False,False,NEUTRAL,0.0,0.5,,v3.0,,,
CDSL,NSE_CORP_ANN,,Analysts/Institutional Investor Meet/Con. Call Updates,"CDSL has informed the Exchange about the schedule of the Analyst Meet to be held on Friday, December 26, 2025.","Analysts/Institutional Investor Meet/Con. Call Updates CDSL has informed the Exchange about the schedule of the Analyst Meet to be held on Friday, December 26, 2025.",OTHER,True,False,NEUTRAL,0.0,0.5,,v3.0,,,
CHOLAFIN,NSE_CORP_ANN,,Analysts/Institutional Investor Meet/Con. Call Updates,Cholamandalam Investment and Finance Company Limited has informed the Exchange about Link of Recording,Analysts/Institutional Investor Meet/Con. Call Updates Cholamandalam Investment and Finance Company Limited has informed the Exchange about Link of Recording,OTHER,True,False,NEUTRAL,0.0,0.5,,v3.0,,,
CHOLAFIN,NSE_CORP_ANN,,Analysts/Institutional Investor Meet/Con. Call Updates,Cholamandalam Investment and Finance Company Limited has informed the Exchange about Schedule of meet,Analysts/Institutional Investor Meet/Con. Call Updates Cholamandalam Investment and Finance Company Limited has informed the Exchange about Schedule of meet,OTHER,True,False,NEUTRAL,0.0,0.5,,v3.0,,,
CHOLAFIN,NSE_CORP_ANN,,Rumour Verification - Regulation 30(11),Cholamandalam Investment and Finance Company Limited has informed the Exchange about Rumour Verification - Regulation 30(11),Rumour Verification - Regulation 30(11) Cholamandalam Investment and Finance Company Limited has informed the Exchange about Rumour Verification - Regulation 30(11),OTHER,False,False,NEUTRAL,0.0,0.5,,v3.0,,,
CHOLAFIN,NSE_CORP_ANN,,Analysts/Institutional Investor Meet/Con. Call Updates,Cholamandalam Investment and Finance Company Limited has informed the Exchange about Schedule of meet,Analysts/Institutional Investor Meet/Con. Call Updates Cholamandalam Investment and Finance Company Limited has informed the Exchange about Schedule of meet,OTHER,True,False,NEUTRAL,0.0,0.5,,v3.0,,,
CHOLAFIN,NSE_CORP_ANN,,Rumour Verification - Regulation 30(11),Cholamandalam Investment and Finance Company Limited has informed the Exchange about Rumour Verification - Regulation 30(11),Rumour Verification - Regulation 30(11) Cholamandalam Investment and Finance Company Limited has informed the Exchange about Rumour Verification - Regulation 30(11),OTHER,False,False,NEUTRAL,0.0,0.5,,v3.0,,,
CHOLAFIN,NSE_CORP_ANN,,Updates,"Cholamandalam Investment and Finance Company Limited has informed the Exchange regarding 'Intimation under Regulation 31(A)(8) of SEBI Listing Regulations, 2015'.","Updates Cholamandalam Investment and Finance Company Limited has informed the Exchange regarding 'Intimation under Regulation 31(A)(8) of SEBI Listing Regulations, 2015'.",OTHER,False,False,NEUTRAL,0.0,0.5,,v3.0,,,
CHOLAFIN,NSE_CORP_ANN,,ESOP/ESOS/ESPS,Cholamandalam Investment and Finance Company Limited has informed the Exchange regarding Allotment of 98980  Shares.,ESOP/ESOS/ESPS Cholamandalam Investment and Finance Company Limited has informed the Exchange regarding Allotment of 98980 Shares.,OTHER,True,False,NEUTRAL,0.0,0.5,,v3.0,,,
COALINDIA,NSE_CORP_ANN,,General Updates,"Coal India Limited has informed the Exchange about General Updates-In-principle approval of Listing of South Eastern Coalfields Limited (SECL), a Wholly owned subsidiary of Coal India Limited.","General Updates Coal India Limited has informed the Exchange about General Updates-In-principle approval of Listing of South Eastern Coalfields Limited (SECL), a Wholly owned subsidiary of Coal India Limited.",OTHER,False,False,NEUTRAL,0.0,0.5,,v3.0,,,
COALINDIA,NSE_CORP_ANN,,General Updates,Coal India Limited has informed the Exchange about General Updates-In-principle approval of Listing of Mahanadi Coalfields Limited (MCL) a Wholly owned subsidiary of Coal India Limited.,General Updates Coal India Limited has informed the Exchange about General Updates-In-principle approval of Listing of Mahanadi Coalfields Limited (MCL) a Wholly owned subsidiary of Coal India Limited.,OTHER,False,False,NEUTRAL,0.0,0.5,,v3.0,,,
COALINDIA,NSE_CORP_ANN,,Rumour Verification - Regulation 30(11),"Coal India Limited has informed the Exchange about Rumour Verification - Regulation 30(11)-Intimation under Regulation 30(11) of SEBI (Listing Obligations &Disclosure Requirements) Regulations, 2015","Rumour Verification - Regulation 30(11) Coal India Limited has informed the Exchange about Rumour Verification - Regulation 30(11)-Intimation under Regulation 30(11) of SEBI (Listing Obligations &Disclosure Requirements) Regulations, 2015",OTHER,False,False,NEUTRAL,0.0,0.5,,v3.0,,,
COALINDIA,NSE_CORP_ANN,,General Updates,"Coal India Limited has informed the Exchange about General Updates-Additional charge arrangement for the post of Chairman cum Managing Director, Northern Coalfields Limited (NCL) to CMD, CIL.","General Updates Coal India Limited has informed the Exchange about General Updates-Additional charge arrangement for the post of Chairman cum Managing Director, Northern Coalfields Limited (NCL) to CMD, CIL.",OTHER,False,False,NEUTRAL,0.0,0.5,,v3.0,,,
COALINDIA,NSE_CORP_ANN,,Press Release,"Coal India Limited has informed the Exchange regarding a press release dated December 16, 2025, titled ""Mr. B Sairam new Coal India Chief"".","Press Release Coal India Limited has informed the Exchange regarding a press release dated December 16, 2025, titled ""Mr. B Sairam new Coal India Chief"".",OTHER,False,False,NEUTRAL,0.0,0.5,,v3.0,,,
COFORGE,NSE_CORP_ANN,,Trading Window,"Coforge Limited has informed the Exchange regarding the Trading Window closure pursuant to SEBI (Prohibition of Insider Trading) Regulations, 2015","Trading Window Coforge Limited has informed the Exchange regarding the Trading Window closure pursuant to SEBI (Prohibition of Insider Trading) Regulations, 2015",OTHER,True,False,NEUTRAL,0.0,0.5,,v3.0,,,
COFORGE,NSE_CORP_ANN,,Analysts/Institutional Investor Meet/Con. Call Updates,Coforge Limited has informed the Exchange about Schedule of meet,Analysts/Institutional Investor Meet/Con. Call Updates Coforge Limited has informed the Exchange about Schedule of meet,OTHER,True,False,NEUTRAL,0.0,0.5,,v3.0,,,
COFORGE,NSE_CORP_ANN,,Analysts/Institutional Investor Meet/Con. Call Updates,Coforge Limited has informed the Exchange about Schedule of meet,Analysts/Institutional Investor Meet/Con. Call Updates Coforge Limited has informed the Exchange about Schedule of meet,OTHER,True,False,NEUTRAL,0.0,0.5,,v3.0,,,
COFORGE,NSE_CORP_ANN,,Analysts/Institutional Investor Meet/Con. Call Updates,Coforge Limited has informed the Exchange about Schedule of meet,Analysts/Institutional Investor Meet/Con. Call Updates Coforge Limited has informed the Exchange about Schedule of meet,OTHER,True,False,NEUTRAL,0.0,0.5,,v3.0,,,
COFORGE,NSE_CORP_ANN,,General Updates,Coforge Limited has informed the Exchange about Filing of Second Motion Petition with the Hon ble National Company Law Tribunal ( NCLT ),General Updates Coforge Limited has informed the Exchange about Filing of Second Motion Petition with the Hon ble National Company Law Tribunal ( NCLT ),OTHER,False,False,NEUTRAL,0.0,0.5,,v3.0,,,
COFORGE,NSE_CORP_ANN,,Press Release,"Coforge Limited has informed the Exchange regarding a press release dated December 16, 2025, titled ""Coforge Unveils  Data Cosmos    A Next-Gen AI-Enabled, Cloud-Native Data & Analytics Platform Designed to Accelerate Enterprise Transformation"".","Press Release Coforge Limited has informed the Exchange regarding a press release dated December 16, 2025, titled ""Coforge Unveils Data Cosmos A Next-Gen AI-Enabled, Cloud-Native Data & Analytics Platform Designed to Accelerate Enterprise Transformation"".",OTHER,False,False,NEUTRAL,0.0,0.5,,v3.0,,,
CAMS,NSE_CORP_ANN,,Analysts/Institutional Investor Meet/Con. Call Updates,Computer Age Management Services Limited has informed the Exchange about Schedule of meet,Analysts/Institutional Investor Meet/Con. Call Updates Computer Age Management Services Limited has informed the Exchange about Schedule of meet,OTHER,True,False,NEUTRAL,0.0,0.5,,v3.0,,,
CAMS,NSE_CORP_ANN,,Trading Window,"Computer Age Management Services Limited has informed the Exchange regarding the Trading Window closure pursuant to SEBI (Prohibition of Insider Trading) Regulations, 2015","Trading Window Computer Age Management Services Limited has informed the Exchange regarding the Trading Window closure pursuant to SEBI (Prohibition of Insider Trading) Regulations, 2015",OTHER,True,False,NEUTRAL,0.0,0.5,,v3.0,,,
CAMS,NSE_CORP_ANN,,Change in Director(s),Computer Age Management Services Limited has informed the Exchange regarding Change in Director(s) of the company.,Change in Director(s) Computer Age Management Services Limited has informed the Exchange regarding Change in Director(s) of the company.,OTHER,False,False,NEUTRAL,0.0,0.5,,v3.0,,,
CAMS,NSE_CORP_ANN,,Outcome of Board Meeting,"Computer Age Management Services Limited has informed the Exchange regarding  Board meeting held on December 22, 2025.","Outcome of Board Meeting Computer Age Management Services Limited has informed the Exchange regarding Board meeting held on December 22, 2025.",OTHER,True,False,NEUTRAL,0.0,0.5,,v3.0,,,
CAMS,NSE_CORP_ANN,,Analysts/Institutional Investor Meet/Con. Call Updates,Computer Age Management Services Limited has informed the Exchange about Schedule of meet,Analysts/Institutional Investor Meet/Con. Call Updates Computer Age Management Services Limited has informed the Exchange about Schedule of meet,OTHER,True,False,NEUTRAL,0.0,0.5,,v3.0,,,
CAMS,NSE_CORP_ANN,,Agreements,Computer Age Management Services Limited has informed the Exchange about Business Transfer Agreement executed between the Company and its wholly owned subsidiary on 17th December 2025.,Agreements Computer Age Management Services Limited has informed the Exchange about Business Transfer Agreement executed between the Company and its wholly owned subsidiary on 17th December 2025.,OTHER,False,False,NEUTRAL,0.0,0.5,,v3.0,,,
CONCOR,NSE_CORP_ANN,,General Updates,Disclosure under Regulation 30 of SEBI (LODR) Regulations 2015,General Updates Disclosure under Regulation 30 of SEBI (LODR) Regulations 2015,OTHER,False,False,NEUTRAL,0.0,0.5,,v3.0,,,
CONCOR,NSE_CORP_ANN,,Change in Management,Container Corporation Of India Limited has informed the Exchange about change in Management,Change in Management Container Corporation Of India Limited has informed the Exchange about change in Management,OTHER,False,False,NEUTRAL,0.0,0.5,,v3.0,,,
CROMPTON,NSE_CORP_ANN,,Action(s) taken or orders passed,Crompton Greaves Consumer Electricals Limited has informed the Exchange about Action(s) taken or orders passed,Action(s) taken or orders passed Crompton Greaves Consumer Electricals Limited has informed the Exchange about Action(s) taken or orders passed,OTHER,False,False,NEUTRAL,0.0,0.5,,v3.0,,,
CROMPTON,NSE_CORP_ANN,,General Updates,Crompton Greaves Consumer Electricals Limited has informed the Exchange about General Updates,General Updates Crompton Greaves Consumer Electricals Limited has informed the Exchange about General Updates,OTHER,False,False,NEUTRAL,0.0,0.5,,v3.0,,,
CROMPTON,NSE_CORP_ANN,,Action(s) taken or orders passed,Crompton Greaves Consumer Electricals Limited has informed the Exchange about Action(s) taken or orders passed,Action(s) taken or orders passed Crompton Greaves Consumer Electricals Limited has informed the Exchange about Action(s) taken or orders passed,OTHER,False,False,NEUTRAL,0.0,0.5,,v3.0,,,
CUMMINSIND,NSE_CORP_ANN,,Action(s) taken or orders passed,"Cummins India Limited has informed the Exchange about Action(s) taken or orders passed - Order imposing penalty passed by the Assessment Unit, Income Tax Department","Action(s) taken or orders passed Cummins India Limited has informed the Exchange about Action(s) taken or orders passed - Order imposing penalty passed by the Assessment Unit, Income Tax Department",OTHER,False,True,WATCH,7.0,0.95,PATTERN_MATCH_penalty,v3.0,,,
CUMMINSIND,NSE_CORP_ANN,,Pendency of Litigation(s)/dispute(s) or the outcome impacting the Company,Cummins India Limited has informed the Exchange about Pendency of Litigation(s)/dispute(s) or the outcome impacting the Company-Order in favor by Income Tax Appellate Tribunal (ITAT),Pendency of Litigation(s)/dispute(s) or the outcome impacting the Company Cummins India Limited has informed the Exchange about Pendency of Litigation(s)/dispute(s) or the outcome impacting the Company-Order in favor by Income Tax Appellate Tribunal (ITAT),OTHER,False,True,WATCH,7.5,0.95,PATTERN_MATCH_pendency.*litigation,v3.0,,,
CUMMINSIND,NSE_CORP_ANN,,General Updates,Cummins India Limited has informed the Exchange about General Updates - Approval for acquisition of stake in Clean Max Yellowstone Private Limited,General Updates Cummins India Limited has informed the Exchange about General Updates - Approval for acquisition of stake in Clean Max Yellowstone Private Limited,OTHER,False,False,NEUTRAL,0.0,0.5,,v3.0,,,
CUMMINSIND,NSE_CORP_ANN,,Outcome of Board Meeting,"Cummins India Limited has informed the Exchange regarding Outcome of Board Meeting held on December 18, 2025.","Outcome of Board Meeting Cummins India Limited has informed the Exchange regarding Outcome of Board Meeting held on December 18, 2025.",OTHER,True,False,NEUTRAL,0.0,0.5,,v3.0,,,
CUMMINSIND,NSE_CORP_ANN,,Outcome of Board Meeting,"Cummins India Limited has informed the Exchange regarding  Board meeting held on December 18, 2025 - Approval for acquisition of stake in Clean Max Yellowstone Private Limited","Outcome of Board Meeting Cummins India Limited has informed the Exchange regarding Board meeting held on December 18, 2025 - Approval for acquisition of stake in Clean Max Yellowstone Private Limited",OTHER,True,False,NEUTRAL,0.0,0.5,,v3.0,,,
CYIENT,NSE_CORP_ANN,,Analysts/Institutional Investor Meet/Con. Call Updates,Cyient Limited has informed the Exchange about Link of Recording,Analysts/Institutional Investor Meet/Con. Call Updates Cyient Limited has informed the Exchange about Link of Recording,OTHER,True,False,NEUTRAL,0.0,0.5,,v3.0,,,
CYIENT,NSE_CORP_ANN,,Press Release,"Cyient Limited has informed the Exchange regarding a press release dated December 17, 2025, titled ""Cyient Semiconductors Acquires Majority Stake in Kinetic Technologies to Drive Custom Power IC Leadership for Edge AI and High-Performance Compute Markets"".","Press Release Cyient Limited has informed the Exchange regarding a press release dated December 17, 2025, titled ""Cyient Semiconductors Acquires Majority Stake in Kinetic Technologies to Drive Custom Power IC Leadership for Edge AI and High-Performance Compute Markets"".",OTHER,False,False,NEUTRAL,0.0,0.5,,v3.0,,,
CYIENT,NSE_CORP_ANN,,Analysts/Institutional Investor Meet/Con. Call Updates,Cyient Limited has informed the Exchange about Schedule of meet,Analysts/Institutional Investor Meet/Con. Call Updates Cyient Limited has informed the Exchange about Schedule of meet,OTHER,True,False,NEUTRAL,0.0,0.5,,v3.0,,,
CYIENT,NSE_CORP_ANN,,Acquisition,Cyient Limited has informed the Exchange about Acquisition,Acquisition Cyient Limited has informed the Exchange about Acquisition,OTHER,False,False,NEUTRAL,0.0,0.5,,v3.0,,,
CYIENT,NSE_CORP_ANN,,Outcome of Board Meeting,"Cyient Limited has informed the Exchange regarding  Board meeting held on December 17, 2025.","Outcome of Board Meeting Cyient Limited has informed the Exchange regarding Board meeting held on December 17, 2025.",OTHER,True,False,NEUTRAL,0.0,0.5,,v3.0,,,
DLF,NSE_CORP_ANN,,Updates,DLF Limited has informed the Exchange regarding 'Disclosure under Regulation 30 of SEBI Listing Regulations'.,Updates DLF Limited has informed the Exchange regarding 'Disclosure under Regulation 30 of SEBI Listing Regulations'.,OTHER,False,False,NEUTRAL,0.0,0.5,,v3.0,,,
DABUR,NSE_CORP_ANN,,General Updates,"Dabur India Limited has informed the Exchange about disclosure under Regulation 30 of SEBI (LODR) Regulations, 2025 (""SEBI Listing Regulations"") - ESG Rating assigned by SES ESG Research Private Limited","General Updates Dabur India Limited has informed the Exchange about disclosure under Regulation 30 of SEBI (LODR) Regulations, 2025 (""SEBI Listing Regulations"") - ESG Rating assigned by SES ESG Research Private Limited",OTHER,False,False,NEUTRAL,0.0,0.5,,v3.0,,,
DABUR,NSE_CORP_ANN,,Action(s) taken or orders passed,"Dabur India Limited has informed the Exchange about update on Action(s) taken or orders passed on February 5, 2025","Action(s) taken or orders passed Dabur India Limited has informed the Exchange about update on Action(s) taken or orders passed on February 5, 2025",OTHER,False,False,NEUTRAL,0.0,0.5,,v3.0,,,
DABUR,NSE_CORP_ANN,,Updates,Dabur India Limited has informed the Exchange regarding 'Report on Special Window for Re-lodgement of Transfer Request of Physical Shares'.,Updates Dabur India Limited has informed the Exchange regarding 'Report on Special Window for Re-lodgement of Transfer Request of Physical Shares'.,OTHER,False,False,NEUTRAL,0.0,0.5,,v3.0,,,
DABUR,NSE_CORP_ANN,,Trading Window,"Dabur India Limited has informed the Exchange regarding the Trading Window closure pursuant to SEBI (Prohibition of Insider Trading) Regulations, 2015","Trading Window Dabur India Limited has informed the Exchange regarding the Trading Window closure pursuant to SEBI (Prohibition of Insider Trading) Regulations, 2015",OTHER,True,False,NEUTRAL,0.0,0.5,,v3.0,,,
DALBHARAT,NSE_CORP_ANN,,Updates,Dalmia Bharat Limited has informed the Exchange regarding 'Allotment of equity shares upon exercise of stock options'.,Updates Dalmia Bharat Limited has informed the Exchange regarding 'Allotment of equity shares upon exercise of stock options'.,OTHER,True,False,NEUTRAL,0.0,0.5,,v3.0,,,
DIXON,NSE_CORP_ANN,,Change in Director(s),Dixon Technologies (India) Limited has informed the Exchange regarding Change in Director(s) of the company.,Change in Director(s) Dixon Technologies (India) Limited has informed the Exchange regarding Change in Director(s) of the company.,OTHER,False,False,NEUTRAL,0.0,0.5,,v3.0,,,
DIXON,NSE_CORP_ANN,,Shareholders meeting,Dixon Technologies (India) Limited has informed the Exchange regarding Proceedings of Postal Ballot,Shareholders meeting Dixon Technologies (India) Limited has informed the Exchange regarding Proceedings of Postal Ballot,OTHER,False,False,NEUTRAL,0.0,0.5,,v3.0,,,
DIXON,NSE_CORP_ANN,,Shareholders meeting,"Dixon Technologies (India) Limited has submitted the Exchange a copy Srutinizers report of  Postal Ballot. Further, the company has informed the Exchange regarding voting results.","Shareholders meeting Dixon Technologies (India) Limited has submitted the Exchange a copy Srutinizers report of Postal Ballot. Further, the company has informed the Exchange regarding voting results.",OTHER,True,False,NEUTRAL,0.0,0.5,,v3.0,,,
DIXON,NSE_CORP_ANN,,Analysts/Institutional Investor Meet/Con. Call Updates,Dixon Technologies (India) Limited has informed the Exchange about Investor Meet Outcome,Analysts/Institutional Investor Meet/Con. Call Updates Dixon Technologies (India) Limited has informed the Exchange about Investor Meet Outcome,OTHER,True,False,NEUTRAL,0.0,0.5,,v3.0,,,
DIXON,NSE_CORP_ANN,,Analysts/Institutional Investor Meet/Con. Call Updates,Dixon Technologies (India) Limited has informed the Exchange about Investor Meet Outcome,Analysts/Institutional Investor Meet/Con. Call Updates Dixon Technologies (India) Limited has informed the Exchange about Investor Meet Outcome,OTHER,True,False,NEUTRAL,0.0,0.5,,v3.0,,,
DIXON,NSE_CORP_ANN,,Analysts/Institutional Investor Meet/Con. Call Updates,Dixon Technologies (India) Limited has informed the Exchange about Investor Meet Outcome,Analysts/Institutional Investor Meet/Con. Call Updates Dixon Technologies (India) Limited has informed the Exchange about Investor Meet Outcome,OTHER,True,False,NEUTRAL,0.0,0.5,,v3.0,,,
DRREDDY,NSE_CORP_ANN,,Trading Window,"Dr. Reddy's Laboratories Limited has informed the Exchange regarding the Trading Window closure pursuant to SEBI (Prohibition of Insider Trading) Regulations, 2015","Trading Window Dr. Reddy's Laboratories Limited has informed the Exchange regarding the Trading Window closure pursuant to SEBI (Prohibition of Insider Trading) Regulations, 2015",OTHER,True,False,NEUTRAL,0.0,0.5,,v3.0,,,
DRREDDY,NSE_CORP_ANN,,Copy of Newspaper Publication,Dr. Reddy's Laboratories Limited has informed the Exchange about Copy of Newspaper Publication,Copy of Newspaper Publication Dr. Reddy's Laboratories Limited has informed the Exchange about Copy of Newspaper Publication,OTHER,True,False,NEUTRAL,0.0,0.5,,v3.0,,,
DRREDDY,NSE_CORP_ANN,,Analysts/Institutional Investor Meet/Con. Call Updates,Dr. Reddy's Laboratories Limited has informed the Exchange about Schedule of meet,Analysts/Institutional Investor Meet/Con. Call Updates Dr. Reddy's Laboratories Limited has informed the Exchange about Schedule of meet,OTHER,True,False,NEUTRAL,0.0,0.5,,v3.0,,,
ETERNAL,NSE_CORP_ANN,,Trading Window,"ETERNAL LIMITED has informed the Exchange regarding the Trading Window closure pursuant to SEBI (Prohibition of Insider Trading) Regulations, 2015","Trading Window ETERNAL LIMITED has informed the Exchange regarding the Trading Window closure pursuant to SEBI (Prohibition of Insider Trading) Regulations, 2015",OTHER,True,False,NEUTRAL,0.0,0.5,,v3.0,,,
ETERNAL,NSE_CORP_ANN,,General Updates,"Eternal Limited has informed the exchange about incorporation of Eternal General Service Foundation, a wholly owned subsidiary of the Company","General Updates Eternal Limited has informed the exchange about incorporation of Eternal General Service Foundation, a wholly owned subsidiary of the Company",OTHER,True,False,NEUTRAL,0.0,0.5,,v3.0,,,
EICHERMOT,NSE_CORP_ANN,,Trading Window,"Eicher Motors Limited has informed the Exchange regarding the Trading Window closure pursuant to SEBI (Prohibition of Insider Trading) Regulations, 2015","Trading Window Eicher Motors Limited has informed the Exchange regarding the Trading Window closure pursuant to SEBI (Prohibition of Insider Trading) Regulations, 2015",OTHER,True,False,NEUTRAL,0.0,0.5,,v3.0,,,
EXIDEIND,NSE_CORP_ANN,,General Updates,"Exide Industries Limited has informed the Exchange about further investment in Exide Energy Solutions Limited, wholly owned subsidiary of the Company.","General Updates Exide Industries Limited has informed the Exchange about further investment in Exide Energy Solutions Limited, wholly owned subsidiary of the Company.",OTHER,False,False,NEUTRAL,0.0,0.5,,v3.0,,,
EXIDEIND,NSE_CORP_ANN,,Updates,"Exide Industries Limited has informed the Exchange regarding change in KMP of Exide Energy Solutions Limited, Wholly owned subsidiary of the Company.","Updates Exide Industries Limited has informed the Exchange regarding change in KMP of Exide Energy Solutions Limited, Wholly owned subsidiary of the Company.",OTHER,False,False,NEUTRAL,0.0,0.5,,v3.0,,,
FORTIS,NSE_CORP_ANN,,General Updates,Notice of Postal Ballot,General Updates Notice of Postal Ballot,OTHER,False,False,NEUTRAL,0.0,0.5,,v3.0,,,
FORTIS,NSE_CORP_ANN,,Shareholders meeting,Fortis Healthcare Limited has informed the Exchange regarding Notice of Postal Ballot,Shareholders meeting Fortis Healthcare Limited has informed the Exchange regarding Notice of Postal Ballot,OTHER,False,False,NEUTRAL,0.0,0.5,,v3.0,,,
FORTIS,NSE_CORP_ANN,,General Updates,Fortis Healthcare Limited has informed the Exchange about Civil Suit filed by the Company against the third party and others inter alia challenging their locus and seeking permanent injunction against their action has been decided by the Hon ble High Court of Delhi vide its order dated 19.12.2025 in favour of the Company,General Updates Fortis Healthcare Limited has informed the Exchange about Civil Suit filed by the Company against the third party and others inter alia challenging their locus and seeking permanent injunction against their action has been decided by the Hon ble High Court of Delhi vide its order dated 19.12.2025 in favour of the Company,OTHER,False,False,NEUTRAL,0.0,0.5,,v3.0,,,
FORTIS,NSE_CORP_ANN,,Updates,Fortis Healthcare Limited has informed the Exchange regarding 'Certificate of payment of interest to debenture holders'.,Updates Fortis Healthcare Limited has informed the Exchange regarding 'Certificate of payment of interest to debenture holders'.,OTHER,False,False,NEUTRAL,0.0,0.5,,v3.0,,,
FORTIS,NSE_CORP_ANN,,Trading Window,"Fortis Healthcare Limited has informed the Exchange regarding the Trading Window closure pursuant to SEBI (Prohibition of Insider Trading) Regulations, 2015","Trading Window Fortis Healthcare Limited has informed the Exchange regarding the Trading Window closure pursuant to SEBI (Prohibition of Insider Trading) Regulations, 2015",OTHER,True,False,NEUTRAL,0.0,0.5,,v3.0,,,
FORTIS,NSE_CORP_ANN,,Press Release,"Fortis Healthcare Limited has informed the Exchange regarding a press release dated December 19, 2025, titled ""Attached "".","Press Release Fortis Healthcare Limited has informed the Exchange regarding a press release dated December 19, 2025, titled ""Attached "".",OTHER,False,False,NEUTRAL,0.0,0.5,,v3.0,,,
FORTIS,NSE_CORP_ANN,,General Updates,Fortis Healthcare Limited has informed the Exchange about Signing of definitive agreements for acquisition of TMI Healthcare Private Limited,General Updates Fortis Healthcare Limited has informed the Exchange about Signing of definitive agreements for acquisition of TMI Healthcare Private Limited,OTHER,False,False,NEUTRAL,0.0,0.5,,v3.0,,,
FORTIS,NSE_CORP_ANN,,General Updates,Fortis Healthcare Limited has informed the Exchange about final approval received from BSE limited approving the modifications/alterations of the terms of Debentures.,General Updates Fortis Healthcare Limited has informed the Exchange about final approval received from BSE limited approving the modifications/alterations of the terms of Debentures.,OTHER,False,False,NEUTRAL,0.0,0.5,,v3.0,,,
FORTIS,NSE_CORP_ANN,,Updates,Fortis Healthcare Limited has informed the Exchange regarding 'final approval received from BSE limited approving the modifications/alterations of the terms of Debentures.'.,Updates Fortis Healthcare Limited has informed the Exchange regarding 'final approval received from BSE limited approving the modifications/alterations of the terms of Debentures.'.,OTHER,False,False,NEUTRAL,0.0,0.5,,v3.0,,,
FORTIS,NSE_CORP_ANN,,Change in Director(s),Fortis Healthcare Limited has informed the Exchange regarding Change in Director(s) of the company.,Change in Director(s) Fortis Healthcare Limited has informed the Exchange regarding Change in Director(s) of the company.,OTHER,False,False,NEUTRAL,0.0,0.5,,v3.0,,,
FORTIS,NSE_CORP_ANN,,Change in Director(s),Fortis Healthcare Limited has informed the Exchange regarding Change in Director(s) of the company.,Change in Director(s) Fortis Healthcare Limited has informed the Exchange regarding Change in Director(s) of the company.,OTHER,False,False,NEUTRAL,0.0,0.5,,v3.0,,,
FORTIS,NSE_CORP_ANN,,Resignation,"Fortis Healthcare Limited has informed the Exchange regarding Resignation of  Lim Tsin-Lin as Non- Executive Director of the company w.e.f. December 19, 2025 (close of Business Hours)","Resignation Fortis Healthcare Limited has informed the Exchange regarding Resignation of Lim Tsin-Lin as Non- Executive Director of the company w.e.f. December 19, 2025 (close of Business Hours)",OTHER,False,False,NEUTRAL,0.0,0.5,,v3.0,,,
FORTIS,NSE_CORP_ANN,,Appointment,"Fortis Healthcare Limited has informed the Exchange regarding Appointment of  Mr. Mohd Shahazwan Bin Mohd Harris as Other of the company w.e.f. December 19, 2025.","Appointment Fortis Healthcare Limited has informed the Exchange regarding Appointment of Mr. Mohd Shahazwan Bin Mohd Harris as Other of the company w.e.f. December 19, 2025.",OTHER,False,False,NEUTRAL,0.0,0.5,,v3.0,,,
FORTIS,NSE_CORP_ANN,,Updates,"Fortis Healthcare Limited has informed the Exchange regarding 'status of re-lodgement of transfer requests of physical shares for the month ended on November 30, 2025'.","Updates Fortis Healthcare Limited has informed the Exchange regarding 'status of re-lodgement of transfer requests of physical shares for the month ended on November 30, 2025'.",OTHER,False,False,NEUTRAL,0.0,0.5,,v3.0,,,
FORTIS,NSE_CORP_ANN,,Copy of Newspaper Publication,"Newspaper clippings   Special Window for re-lodgement of transfer requests of physical shares.The newspaper clippings of the advertisement on the captioned subject published today i.e., December 17, 2025 in the columns of English daily  Financial Express , all editions and Punjabi daily  Rozana Spokesman , Mohali edition are enclosed for information and records.","Copy of Newspaper Publication Newspaper clippings Special Window for re-lodgement of transfer requests of physical shares.The newspaper clippings of the advertisement on the captioned subject published today i.e., December 17, 2025 in the columns of English daily Financial Express , all editions and Punjabi daily Rozana Spokesman , Mohali edition are enclosed for information and records.",OTHER,True,False,NEUTRAL,0.0,0.5,,v3.0,,,
GAIL,NSE_CORP_ANN,,Press Release,"GAIL (India) Limited has informed the Exchange regarding a press release dated December 23, 2025, titled ""GAIL signs MoU with Government of Chhattisgarh to develop a gas-based fertilizer project in Chhattisgarh"".","Press Release GAIL (India) Limited has informed the Exchange regarding a press release dated December 23, 2025, titled ""GAIL signs MoU with Government of Chhattisgarh to develop a gas-based fertilizer project in Chhattisgarh"".",OTHER,False,False,NEUTRAL,0.0,0.5,,v3.0,,,
GAIL,NSE_CORP_ANN,,Analysts/Institutional Investor Meet/Con. Call Updates,GAIL (India) Limited has informed the Exchange about Schedule of meet,Analysts/Institutional Investor Meet/Con. Call Updates GAIL (India) Limited has informed the Exchange about Schedule of meet,OTHER,True,False,NEUTRAL,0.0,0.5,,v3.0,,,
GMRAIRPORT,NSE_CORP_ANN,,Acquisition,"GMR AIRPORTS LIMITED has informed the Exchange about Intimation under Regulations 30 & 51 of SEBI (Listing Obligations and Disclosure Requirements) Regulations, 2015 ( Listing Regulations )  Acquisition of equity stake in Delhi Duty Free Services Private Limited ( DDFS )","Acquisition GMR AIRPORTS LIMITED has informed the Exchange about Intimation under Regulations 30 & 51 of SEBI (Listing Obligations and Disclosure Requirements) Regulations, 2015 ( Listing Regulations ) Acquisition of equity stake in Delhi Duty Free Services Private Limited ( DDFS )",OTHER,False,False,NEUTRAL,0.0,0.5,,v3.0,,,
GMRAIRPORT,NSE_CORP_ANN,,Credit Rating,GMR AIRPORTS LIMITED has informed the Exchange about Credit Rating,Credit Rating GMR AIRPORTS LIMITED has informed the Exchange about Credit Rating,OTHER,False,False,NEUTRAL,0.0,0.5,,v3.0,,,
GMRAIRPORT,NSE_CORP_ANN,,Copy of Newspaper Publication,GMR AIRPORTS LIMITED has informed the Exchange about Intimation regarding Newspaper Publication for Notice of Postal Ballot,Copy of Newspaper Publication GMR AIRPORTS LIMITED has informed the Exchange about Intimation regarding Newspaper Publication for Notice of Postal Ballot,OTHER,True,False,NEUTRAL,0.0,0.5,,v3.0,,,
GMRAIRPORT,NSE_CORP_ANN,,Shareholders meeting,GMR AIRPORTS LIMITED has informed the Exchange regarding Notice of Postal Ballot,Shareholders meeting GMR AIRPORTS LIMITED has informed the Exchange regarding Notice of Postal Ballot,OTHER,False,False,NEUTRAL,0.0,0.5,,v3.0,,,
GMRAIRPORT,NSE_CORP_ANN,,Resignation,GMR AIRPORTS LIMITED has informed the Exchange regarding Intimation regarding Resignation of Alternate Director of the Company,Resignation GMR AIRPORTS LIMITED has informed the Exchange regarding Intimation regarding Resignation of Alternate Director of the Company,OTHER,False,False,NEUTRAL,0.0,0.5,,v3.0,,,
GLENMARK,NSE_CORP_ANN,,Press Release,"Glenmark Pharmaceuticals Limited has informed the Exchange regarding a press release dated December 23, 2025, titled ""Glenmark Pharmaceuticals Inc., USA launches Epinephrine Injection USP,30 mg/30 mL (1 mg/mL) Multiple-Dose Vial"".","Press Release Glenmark Pharmaceuticals Limited has informed the Exchange regarding a press release dated December 23, 2025, titled ""Glenmark Pharmaceuticals Inc., USA launches Epinephrine Injection USP,30 mg/30 mL (1 mg/mL) Multiple-Dose Vial"".",OTHER,False,False,NEUTRAL,0.0,0.5,,v3.0,,,
GLENMARK,NSE_CORP_ANN,,Press Release,"Glenmark Pharmaceuticals Limited has informed the Exchange regarding a press release dated December 16, 2025, titled ""Glenmark Secures Exclusive Multi-Regional Rights to Aumolertinib, an MHRA and NMPA approved Third-Generation EGFR-TKI, from Hansoh Pharma"".","Press Release Glenmark Pharmaceuticals Limited has informed the Exchange regarding a press release dated December 16, 2025, titled ""Glenmark Secures Exclusive Multi-Regional Rights to Aumolertinib, an MHRA and NMPA approved Third-Generation EGFR-TKI, from Hansoh Pharma"".",OTHER,False,False,NEUTRAL,0.0,0.5,,v3.0,,,
GRASIM,NSE_CORP_ANN,,General Updates,Change In Senior Management Personnel of the Company,General Updates Change In Senior Management Personnel of the Company,OTHER,False,False,NEUTRAL,0.0,0.5,,v3.0,,,
GRASIM,NSE_CORP_ANN,,Analysts/Institutional Investor Meet/Con. Call Updates,Intimation of schedule of Analysts / Institutional Investor Meet,Analysts/Institutional Investor Meet/Con. Call Updates Intimation of schedule of Analysts / Institutional Investor Meet,OTHER,True,False,NEUTRAL,0.0,0.5,,v3.0,,,
HCLTECH,NSE_CORP_ANN,,Updates,HCL Technologies Limited has informed the Exchange regarding 'Release    HCLTech joins Microsoft Discovery Platform to accelerate research innovation '.,Updates HCL Technologies Limited has informed the Exchange regarding 'Release HCLTech joins Microsoft Discovery Platform to accelerate research innovation '.,OTHER,False,False,NEUTRAL,0.0,0.5,,v3.0,,,
HCLTECH,NSE_CORP_ANN,,Press Release,"HCL Technologies Limited has informed the Exchange regarding a press release dated December 22, 2025, titled ""Release    HCLSoftware to Acquire Jaspersoft from Cloud Software Group. "".","Press Release HCL Technologies Limited has informed the Exchange regarding a press release dated December 22, 2025, titled ""Release HCLSoftware to Acquire Jaspersoft from Cloud Software Group. "".",OTHER,False,False,NEUTRAL,0.0,0.5,,v3.0,,,
HCLTECH,NSE_CORP_ANN,,Acquisition,HCL Technologies Limited has informed the Exchange about Acquisition,Acquisition HCL Technologies Limited has informed the Exchange about Acquisition,OTHER,False,False,NEUTRAL,0.0,0.5,,v3.0,,,
HCLTECH,NSE_CORP_ANN,,Press Release,"HCL Technologies Limited has informed the Exchange regarding a press release dated December 22, 2025, titled ""Release    HCLSoftware to Acquire AI Data Analyst Agents Startup Wobby. "".","Press Release HCL Technologies Limited has informed the Exchange regarding a press release dated December 22, 2025, titled ""Release HCLSoftware to Acquire AI Data Analyst Agents Startup Wobby. "".",OTHER,False,False,NEUTRAL,0.0,0.5,,v3.0,,,
HCLTECH,NSE_CORP_ANN,,Acquisition,HCL Technologies Limited has informed the Exchange about Acquisition,Acquisition HCL Technologies Limited has informed the Exchange about Acquisition,OTHER,False,False,NEUTRAL,0.0,0.5,,v3.0,,,
HCLTECH,NSE_CORP_ANN,,Trading Window,"HCL Technologies Limited has informed the Exchange regarding the Trading Window closure pursuant to SEBI (Prohibition of Insider Trading) Regulations, 2015","Trading Window HCL Technologies Limited has informed the Exchange regarding the Trading Window closure pursuant to SEBI (Prohibition of Insider Trading) Regulations, 2015",OTHER,True,False,NEUTRAL,0.0,0.5,,v3.0,,,
HCLTECH,NSE_CORP_ANN,,Updates,HCL Technologies Limited has informed the Exchange regarding ''Release    HCLTech recognized as a Leader in the 2025 Gartner® Magic Quadrant  for Data Center Outsourcing Services,Updates HCL Technologies Limited has informed the Exchange regarding ''Release HCLTech recognized as a Leader in the 2025 Gartner® Magic Quadrant for Data Center Outsourcing Services,OTHER,False,False,NEUTRAL,0.0,0.5,,v3.0,,,
HCLTECH,NSE_CORP_ANN,,Press Release,"HCL Technologies Limited has informed the Exchange regarding a press release dated December 18, 2025, titled ""Release    HCLTech to Acquire Telco Solutions Business from Hewlett PackardEnterprise (HPE) to Further Strengthen its Engineering and AI-led Network Propositionsto Global Communication Service Providers. "".","Press Release HCL Technologies Limited has informed the Exchange regarding a press release dated December 18, 2025, titled ""Release HCLTech to Acquire Telco Solutions Business from Hewlett PackardEnterprise (HPE) to Further Strengthen its Engineering and AI-led Network Propositionsto Global Communication Service Providers. "".",OTHER,False,False,NEUTRAL,0.0,0.5,,v3.0,,,
HCLTECH,NSE_CORP_ANN,,Acquisition,HCL Technologies Limited has informed the Exchange about Acquisition,Acquisition HCL Technologies Limited has informed the Exchange about Acquisition,OTHER,False,False,NEUTRAL,0.0,0.5,,v3.0,,,
HCLTECH,NSE_CORP_ANN,,Updates,HCL Technologies Limited has informed the Exchange regarding 'Release    ASN Bank signs a contract with HCLTech to accelerate digital transformation and enhance customer experience,Updates HCL Technologies Limited has informed the Exchange regarding 'Release ASN Bank signs a contract with HCLTech to accelerate digital transformation and enhance customer experience,OTHER,False,False,NEUTRAL,0.0,0.5,,v3.0,,,
HCLTECH,NSE_CORP_ANN,,Updates,HCL Technologies Limited has informed the Exchange regarding 'Release    NSE Academy collaborates with HCLTech to develop next-gen workforce for the evolving digital economy '.,Updates HCL Technologies Limited has informed the Exchange regarding 'Release NSE Academy collaborates with HCLTech to develop next-gen workforce for the evolving digital economy '.,OTHER,False,False,NEUTRAL,0.0,0.5,,v3.0,,,
HDFCBANK,NSE_CORP_ANN,,ESOP/ESOS/ESPS,HDFC Bank Limited has informed the Exchange regarding Allotment of 2066610  Shares.,ESOP/ESOS/ESPS HDFC Bank Limited has informed the Exchange regarding Allotment of 2066610 Shares.,OTHER,True,False,NEUTRAL,0.0,0.5,,v3.0,,,
HDFCBANK,NSE_CORP_ANN,,Copy of Newspaper Publication,HDFC Bank Limited has informed the Exchange about Copy of Newspaper Publication,Copy of Newspaper Publication HDFC Bank Limited has informed the Exchange about Copy of Newspaper Publication,OTHER,True,False,NEUTRAL,0.0,0.5,,v3.0,,,
HDFCLIFE,NSE_CORP_ANN,,General Updates,HDFC Life Insurance Company Limited has informed the Exchange about the allotment of 769885 securities pursuant to ESOP/ESPS,General Updates HDFC Life Insurance Company Limited has informed the Exchange about the allotment of 769885 securities pursuant to ESOP/ESPS,OTHER,True,False,NEUTRAL,0.0,0.5,,v3.0,,,
HFCL,NSE_CORP_ANN,,Trading Window,"HFCL Limited has informed the Exchange regarding the Trading Window closure pursuant to SEBI (Prohibition of Insider Trading) Regulations, 2015","Trading Window HFCL Limited has informed the Exchange regarding the Trading Window closure pursuant to SEBI (Prohibition of Insider Trading) Regulations, 2015",OTHER,True,False,NEUTRAL,0.0,0.5,,v3.0,,,
HFCL,NSE_CORP_ANN,,Updates,"HFCL Limited has informed the Exchange regarding 'Outcome of Fund Raising Committee Meeting of Directors held on today i.e. December 22, 2025'.","Updates HFCL Limited has informed the Exchange regarding 'Outcome of Fund Raising Committee Meeting of Directors held on today i.e. December 22, 2025'.",OTHER,False,False,NEUTRAL,0.0,0.5,,v3.0,,,
HFCL,NSE_CORP_ANN,,Updates,"HFCL Limited has informed the Exchange regarding 'Outcome of the Meeting of Fund Raising Committee of Directors held today i.e. December 22, 2025'.","Updates HFCL Limited has informed the Exchange regarding 'Outcome of the Meeting of Fund Raising Committee of Directors held today i.e. December 22, 2025'.",OTHER,False,False,NEUTRAL,0.0,0.5,,v3.0,,,
HAVELLS,NSE_CORP_ANN,,Trading Window,"Havells India Limited has informed the Exchange regarding the Trading Window closure pursuant to SEBI (Prohibition of Insider Trading) Regulations, 2015","Trading Window Havells India Limited has informed the Exchange regarding the Trading Window closure pursuant to SEBI (Prohibition of Insider Trading) Regulations, 2015",OTHER,True,False,NEUTRAL,0.0,0.5,,v3.0,,,
HAVELLS,NSE_CORP_ANN,,Change in Management,Havells India Limited has informed the Exchange about change in Management,Change in Management Havells India Limited has informed the Exchange about change in Management,OTHER,False,False,NEUTRAL,0.0,0.5,,v3.0,,,
HEROMOTOCO,NSE_CORP_ANN,,Trading Window,"Hero MotoCorp Limited has informed the Exchange regarding the Trading Window closure pursuant to SEBI (Prohibition of Insider Trading) Regulations, 2015","Trading Window Hero MotoCorp Limited has informed the Exchange regarding the Trading Window closure pursuant to SEBI (Prohibition of Insider Trading) Regulations, 2015",OTHER,True,False,NEUTRAL,0.0,0.5,,v3.0,,,
HEROMOTOCO,NSE_CORP_ANN,,Copy of Newspaper Publication,Please find enclosed herewith the copy of newspaper advertisement published today intimating that the special window has been opened for re-lodgement of transfer requests of physical shares.,Copy of Newspaper Publication Please find enclosed herewith the copy of newspaper advertisement published today intimating that the special window has been opened for re-lodgement of transfer requests of physical shares.,OTHER,True,False,NEUTRAL,0.0,0.5,,v3.0,,,
HINDUNILVR,NSE_CORP_ANN,,General Updates,Update on acquisition of Equity Shares of Transition Sustainable Energy Services One Private Limited,General Updates Update on acquisition of Equity Shares of Transition Sustainable Energy Services One Private Limited,OTHER,False,False,NEUTRAL,0.0,0.5,,v3.0,,,
HINDZINC,NSE_CORP_ANN,,General Updates,"Hindustan Zinc Limited has informed the Exchange about Intimation under the Securities and Exchange Board of India (Listing Obligations and Disclosure Requirements) Regulations, 2015 ( Listing Regulations )   ESG Rating(s)","General Updates Hindustan Zinc Limited has informed the Exchange about Intimation under the Securities and Exchange Board of India (Listing Obligations and Disclosure Requirements) Regulations, 2015 ( Listing Regulations ) ESG Rating(s)",OTHER,False,False,NEUTRAL,0.0,0.5,,v3.0,,,
HINDZINC,NSE_CORP_ANN,,Shareholders meeting,"Hindustan Zinc Limited has submitted the Exchange a copy Srutinizers report of  Postal Ballot. Further, the company has informed the Exchange regarding voting results.","Shareholders meeting Hindustan Zinc Limited has submitted the Exchange a copy Srutinizers report of Postal Ballot. Further, the company has informed the Exchange regarding voting results.",OTHER,True,False,NEUTRAL,0.0,0.5,,v3.0,,,
HINDZINC,NSE_CORP_ANN,,Action(s) taken or orders passed,Hindustan Zinc Limited has informed the Exchange about Action(s) taken or orders passed,Action(s) taken or orders passed Hindustan Zinc Limited has informed the Exchange about Action(s) taken or orders passed,OTHER,False,False,NEUTRAL,0.0,0.5,,v3.0,,,
POWERINDIA,NSE_CORP_ANN,,Action(s) taken or orders passed,Hitachi Energy India Limited has informed the Exchange about Action(s) taken or orders passed,Action(s) taken or orders passed Hitachi Energy India Limited has informed the Exchange about Action(s) taken or orders passed,OTHER,False,False,NEUTRAL,0.0,0.5,,v3.0,,,
HUDCO,NSE_CORP_ANN,,Trading Window,"Housing & Urban Development Corporation Limited has informed the Exchange regarding the Trading Window closure pursuant to SEBI (Prohibition of Insider Trading) Regulations, 2015","Trading Window Housing & Urban Development Corporation Limited has informed the Exchange regarding the Trading Window closure pursuant to SEBI (Prohibition of Insider Trading) Regulations, 2015",OTHER,True,False,NEUTRAL,0.0,0.5,,v3.0,,,
HUDCO,NSE_CORP_ANN,,Updates,Housing & Urban Development Corporation Limited has informed the Exchange regarding 'Report on Re-lodgement of transfer request for physical shares'.,Updates Housing & Urban Development Corporation Limited has informed the Exchange regarding 'Report on Re-lodgement of transfer request for physical shares'.,OTHER,False,False,NEUTRAL,0.0,0.5,,v3.0,,,
ICICIBANK,NSE_CORP_ANN,,Updates,ICICI Bank Limited has informed the Exchange regarding 'Filing of Semi- Annual Report with Director of Kanto Local Finance Bureau'.,Updates ICICI Bank Limited has informed the Exchange regarding 'Filing of Semi- Annual Report with Director of Kanto Local Finance Bureau'.,OTHER,False,False,NEUTRAL,0.0,0.5,,v3.0,,,
ICICIBANK,NSE_CORP_ANN,,ESOP/ESOS/ESPS,ICICI Bank Limited has informed the Exchange regarding Allotment of 480952  Shares.,ESOP/ESOS/ESPS ICICI Bank Limited has informed the Exchange regarding Allotment of 480952 Shares.,OTHER,True,False,NEUTRAL,0.0,0.5,,v3.0,,,
ICICIBANK,NSE_CORP_ANN,,Trading Window,"ICICI Bank Limited has informed the Exchange regarding the Trading Window closure pursuant to SEBI (Prohibition of Insider Trading) Regulations, 2015","Trading Window ICICI Bank Limited has informed the Exchange regarding the Trading Window closure pursuant to SEBI (Prohibition of Insider Trading) Regulations, 2015",OTHER,True,False,NEUTRAL,0.0,0.5,,v3.0,,,
ICICIBANK,NSE_CORP_ANN,,General Updates,"ICICI Bank Limited has informed the Exchange about disclosure under Regulation 30 of the SEBI (Listing Obligations and Disclosure Requirements) Regulation, 2015","General Updates ICICI Bank Limited has informed the Exchange about disclosure under Regulation 30 of the SEBI (Listing Obligations and Disclosure Requirements) Regulation, 2015",OTHER,False,False,NEUTRAL,0.0,0.5,,v3.0,,,
ICICIBANK,NSE_CORP_ANN,,ESOP/ESOS/ESPS,ICICI Bank Limited has informed the Exchange regarding Allotment of 19752  Shares.,ESOP/ESOS/ESPS ICICI Bank Limited has informed the Exchange regarding Allotment of 19752 Shares.,OTHER,True,False,NEUTRAL,0.0,0.5,,v3.0,,,
ICICIBANK,NSE_CORP_ANN,,General Updates,"ICICI Bank Limited has informed the Exchange about disclosure under Regulation 30 of the SEBI (Listing Obligations and Disclosure Requirements), Regulations, 2015","General Updates ICICI Bank Limited has informed the Exchange about disclosure under Regulation 30 of the SEBI (Listing Obligations and Disclosure Requirements), Regulations, 2015",OTHER,False,False,NEUTRAL,0.0,0.5,,v3.0,,,
ICICIBANK,NSE_CORP_ANN,,General Updates,"ICICI Bank Limited has informed the Exchange about disclosure under Regulation 30 of the SEBI (Listing Obligations and Disclosure Requirements) Regulations, 2015","General Updates ICICI Bank Limited has informed the Exchange about disclosure under Regulation 30 of the SEBI (Listing Obligations and Disclosure Requirements) Regulations, 2015",OTHER,False,False,NEUTRAL,0.0,0.5,,v3.0,,,
ICICIBANK,NSE_CORP_ANN,,ESOP/ESOS/ESPS,ICICI Bank Limited has informed the Exchange regarding Allotment of 76323  Shares.,ESOP/ESOS/ESPS ICICI Bank Limited has informed the Exchange regarding Allotment of 76323 Shares.,OTHER,True,False,NEUTRAL,0.0,0.5,,v3.0,,,
ICICIGI,NSE_CORP_ANN,,Trading Window,"ICICI Lombard General Insurance Company Limited has informed the Exchange regarding the Trading Window closure pursuant to SEBI (Prohibition of Insider Trading) Regulations, 2015","Trading Window ICICI Lombard General Insurance Company Limited has informed the Exchange regarding the Trading Window closure pursuant to SEBI (Prohibition of Insider Trading) Regulations, 2015",OTHER,True,False,NEUTRAL,0.0,0.5,,v3.0,,,
ICICIGI,NSE_CORP_ANN,,ESOP/ESOS/ESPS,ICICI Lombard General Insurance Company Limited has informed the Exchange regarding  allotment of 40020 equity shares.,ESOP/ESOS/ESPS ICICI Lombard General Insurance Company Limited has informed the Exchange regarding allotment of 40020 equity shares.,OTHER,True,False,NEUTRAL,0.0,0.5,,v3.0,,,
ICICIGI,NSE_CORP_ANN,,General Updates,"ICICI Lombard General Insurance Company Limited has informed the Exchange about Update on Disclosure under Regulation 30 of SEBI (Listing Obligations and Disclosure Requirements) Regulations, 2015","General Updates ICICI Lombard General Insurance Company Limited has informed the Exchange about Update on Disclosure under Regulation 30 of SEBI (Listing Obligations and Disclosure Requirements) Regulations, 2015",OTHER,False,False,NEUTRAL,0.0,0.5,,v3.0,,,
ICICIPRULI,NSE_CORP_ANN,,ESOP/ESOS/ESPS,ICICI Prudential Life Insurance Company Limited has informed the Exchange regarding allotment of 161107 shares.,ESOP/ESOS/ESPS ICICI Prudential Life Insurance Company Limited has informed the Exchange regarding allotment of 161107 shares.,OTHER,True,False,NEUTRAL,0.0,0.5,,v3.0,,,
ICICIPRULI,NSE_CORP_ANN,,General Updates,ICICI Prudential Life Insurance Company Limited has informed the Exchange about General Updates,General Updates ICICI Prudential Life Insurance Company Limited has informed the Exchange about General Updates,OTHER,False,False,NEUTRAL,0.0,0.5,,v3.0,,,
ICICIPRULI,NSE_CORP_ANN,,Action(s) taken or orders passed,ICICI Prudential Life Insurance Company Limited has informed the Exchange about Action(s) taken or orders passed,Action(s) taken or orders passed ICICI Prudential Life Insurance Company Limited has informed the Exchange about Action(s) taken or orders passed,OTHER,False,False,NEUTRAL,0.0,0.5,,v3.0,,,
ICICIPRULI,NSE_CORP_ANN,,ESOP/ESOS/ESPS,ICICI Prudential Life Insurance Company Limited has informed the Exchange regarding Allotment of 78351  Shares.,ESOP/ESOS/ESPS ICICI Prudential Life Insurance Company Limited has informed the Exchange regarding Allotment of 78351 Shares.,OTHER,True,False,NEUTRAL,0.0,0.5,,v3.0,,,
IDFCFIRSTB,NSE_CORP_ANN,,ESOP/ESOS/ESPS,IDFC First Bank Limited has informed the Exchange regarding Allotment of 796222  Shares.,ESOP/ESOS/ESPS IDFC First Bank Limited has informed the Exchange regarding Allotment of 796222 Shares.,OTHER,True,False,NEUTRAL,0.0,0.5,,v3.0,,,
IDFCFIRSTB,NSE_CORP_ANN,,Shareholders meeting,"IDFC First Bank Limited has submitted the Exchange a copy Srutinizers report of  Postal Ballot. Further, the company has informed the Exchange regarding voting results.","Shareholders meeting IDFC First Bank Limited has submitted the Exchange a copy Srutinizers report of Postal Ballot. Further, the company has informed the Exchange regarding voting results.",OTHER,True,False,NEUTRAL,0.0,0.5,,v3.0,,,
IIFL,NSE_CORP_ANN,,Outcome of Board Meeting,"IIFL Finance Limited has informed the Exchange regarding Outcome of Finance Committee meeting held on December 22, 2025.","Outcome of Board Meeting IIFL Finance Limited has informed the Exchange regarding Outcome of Finance Committee meeting held on December 22, 2025.",OTHER,True,False,NEUTRAL,0.0,0.5,,v3.0,,,
IIFL,NSE_CORP_ANN,,Outcome of Board Meeting,"IIFL Finance Limited has informed the Exchange regarding Outcome of Finance Committee Meeting held on December 22, 2025.","Outcome of Board Meeting IIFL Finance Limited has informed the Exchange regarding Outcome of Finance Committee Meeting held on December 22, 2025.",OTHER,True,False,NEUTRAL,0.0,0.5,,v3.0,,,
IIFL,NSE_CORP_ANN,,Credit Rating,IIFL Finance Limited has informed the Exchange about Credit Rating,Credit Rating IIFL Finance Limited has informed the Exchange about Credit Rating,OTHER,False,False,NEUTRAL,0.0,0.5,,v3.0,,,
IIFL,NSE_CORP_ANN,,Press Release,"IIFL Finance Limited has informed the Exchange regarding a press release dated December 19, 2025, titled ""IIFL Finance Limited Designates Former RBI Deputy Governor Mr. B. P. Kanungo as Chairperson of the Board.""","Press Release IIFL Finance Limited has informed the Exchange regarding a press release dated December 19, 2025, titled ""IIFL Finance Limited Designates Former RBI Deputy Governor Mr. B. P. Kanungo as Chairperson of the Board.""",OTHER,False,False,NEUTRAL,0.0,0.5,,v3.0,,,
IIFL,NSE_CORP_ANN,,Outcome of Board Meeting,"IIFL Finance Limited has informed the Exchanges regarding Outcome of Board Meeting dated December 19, 2025.","Outcome of Board Meeting IIFL Finance Limited has informed the Exchanges regarding Outcome of Board Meeting dated December 19, 2025.",OTHER,True,False,NEUTRAL,0.0,0.5,,v3.0,,,
IIFL,NSE_CORP_ANN,,Credit Rating,IIFL Finance Limited has informed the Exchange about Credit Rating,Credit Rating IIFL Finance Limited has informed the Exchange about Credit Rating,OTHER,False,False,NEUTRAL,0.0,0.5,,v3.0,,,
IIFL,NSE_CORP_ANN,,Allotment of Securities,IIFL Finance Limited has informed the Exchange regarding Intimation of Allotment of Non-Convertible Debentures on Private Placement basis,Allotment of Securities IIFL Finance Limited has informed the Exchange regarding Intimation of Allotment of Non-Convertible Debentures on Private Placement basis,OTHER,True,False,NEUTRAL,0.0,0.5,,v3.0,,,
IIFL,NSE_CORP_ANN,,Press Release,"IIFL Finance Limited has informed the Exchange regarding a press release dated December 16, 2025, titled ""S&P Upgrades IIFL Finances Outlook to Positive On Recovering Market Share in Gold Loans; 'B+/B' Ratings Affirmed"".","Press Release IIFL Finance Limited has informed the Exchange regarding a press release dated December 16, 2025, titled ""S&P Upgrades IIFL Finances Outlook to Positive On Recovering Market Share in Gold Loans; 'B+/B' Ratings Affirmed"".",OTHER,False,False,NEUTRAL,0.0,0.5,,v3.0,,,
ITC,NSE_CORP_ANN,,ESOP/ESOS/ESPS,ITC Limited has informed the Exchange regarding Allotment of 195210 Shares.,ESOP/ESOS/ESPS ITC Limited has informed the Exchange regarding Allotment of 195210 Shares.,OTHER,True,False,NEUTRAL,0.0,0.5,,v3.0,,,
ITC,NSE_CORP_ANN,,Sale or disposal,"ITC Limited has informed the Exchange about Voluntary Liquidation of Prag Agro Farm Limited, a wholly owned subsidiary","Sale or disposal ITC Limited has informed the Exchange about Voluntary Liquidation of Prag Agro Farm Limited, a wholly owned subsidiary",OTHER,False,False,NEUTRAL,0.0,0.5,,v3.0,,,
ITC,NSE_CORP_ANN,,General Updates,ITC Limited has informed the Exchange about Acquisition of Pulp and Paper Undertaking of Aditya Birla Real Estate Limited - Update,General Updates ITC Limited has informed the Exchange about Acquisition of Pulp and Paper Undertaking of Aditya Birla Real Estate Limited - Update,OTHER,False,False,NEUTRAL,0.0,0.5,,v3.0,,,
ITC,NSE_CORP_ANN,,Change in Director(s),ITC Limited has informed the Exchange regarding Change in Director(s) of the company.,Change in Director(s) ITC Limited has informed the Exchange regarding Change in Director(s) of the company.,OTHER,False,False,NEUTRAL,0.0,0.5,,v3.0,,,
ITC,NSE_CORP_ANN,,Shareholders meeting,ITC Limited has informed the Exchange regarding voting results of  Postal Ballot,Shareholders meeting ITC Limited has informed the Exchange regarding voting results of Postal Ballot,OTHER,True,False,NEUTRAL,0.0,0.5,,v3.0,,,
INDIANB,NSE_CORP_ANN,,Trading Window,"Indian Bank has informed the Exchange regarding the Trading Window closure pursuant to SEBI (Prohibition of Insider Trading) Regulations, 2015","Trading Window Indian Bank has informed the Exchange regarding the Trading Window closure pursuant to SEBI (Prohibition of Insider Trading) Regulations, 2015",OTHER,True,False,NEUTRAL,0.0,0.5,,v3.0,,,
INDIANB,NSE_CORP_ANN,,Shareholders meeting,"Indian Bank has informed the Exchange regarding Notice of Extraordinary General Meeting to be held on January 09, 2026","Shareholders meeting Indian Bank has informed the Exchange regarding Notice of Extraordinary General Meeting to be held on January 09, 2026",OTHER,False,False,NEUTRAL,0.0,0.5,,v3.0,,,
IEX,NSE_CORP_ANN,,Analysts/Institutional Investor Meet/Con. Call Updates,Indian Energy Exchange Limited has informed the Exchange about Schedule of meet,Analysts/Institutional Investor Meet/Con. Call Updates Indian Energy Exchange Limited has informed the Exchange about Schedule of meet,OTHER,True,False,NEUTRAL,0.0,0.5,,v3.0,,,
IRCTC,NSE_CORP_ANN,,Trading Window,"Indian Railway Catering And Tourism Corporation Limited has informed the Exchange regarding the Trading Window closure pursuant to SEBI (Prohibition of Insider Trading) Regulations, 2015","Trading Window Indian Railway Catering And Tourism Corporation Limited has informed the Exchange regarding the Trading Window closure pursuant to SEBI (Prohibition of Insider Trading) Regulations, 2015",OTHER,True,False,NEUTRAL,0.0,0.5,,v3.0,,,
IRFC,NSE_CORP_ANN,,Change in Auditors,Indian Railway Finance Corporation Limited has informed the Exchange regarding Change in Auditors of the company.,Change in Auditors Indian Railway Finance Corporation Limited has informed the Exchange regarding Change in Auditors of the company.,OTHER,False,False,NEUTRAL,0.0,0.5,,v3.0,,,
INDUSTOWER,NSE_CORP_ANN,,Acquisition,Indus Towers Limited has informed the Exchange regarding Incorporation of a Step-down Wholly Owned Subsidiary in United Arab Emirates,Acquisition Indus Towers Limited has informed the Exchange regarding Incorporation of a Step-down Wholly Owned Subsidiary in United Arab Emirates,OTHER,True,False,NEUTRAL,0.0,0.5,,v3.0,,,
INDUSTOWER,NSE_CORP_ANN,,Acquisition,Indus Towers Limited has informed the Exchange regarding incorporation of step down wholly owned subsidiaries in United Arab Emirates,Acquisition Indus Towers Limited has informed the Exchange regarding incorporation of step down wholly owned subsidiaries in United Arab Emirates,OTHER,True,False,NEUTRAL,0.0,0.5,,v3.0,,,
INDUSINDBK,NSE_CORP_ANN,,News Verification,The Exchange has sought clarification from Indusind Bank Limited with respect to recent news item captioned IndusInd Bank Under SFIO Scanner As MCA Orders Probe Citing Public Interest..  The response from the Company is attached.,News Verification The Exchange has sought clarification from Indusind Bank Limited with respect to recent news item captioned IndusInd Bank Under SFIO Scanner As MCA Orders Probe Citing Public Interest.. The response from the Company is attached.,OTHER,False,True,NEGATIVE,8.5,0.95,PATTERN_MATCH_sfio.*scanner,v3.0,,,
INDUSINDBK,NSE_CORP_ANN,,News Verification,The Exchange has sought clarification from Indusind Bank Limited with respect to recent news item captioned IndusInd Bank Under SFIO Scanner As MCA Orders Probe Citing Public Interest..  The response from the Company is awaited.,News Verification The Exchange has sought clarification from Indusind Bank Limited with respect to recent news item captioned IndusInd Bank Under SFIO Scanner As MCA Orders Probe Citing Public Interest.. The response from the Company is awaited.,OTHER,False,True,NEGATIVE,8.5,0.95,PATTERN_MATCH_sfio.*scanner,v3.0,,,
INDUSINDBK,NSE_CORP_ANN,,Change in Management,Indusind Bank Limited has informed the Exchange about change in Management,Change in Management Indusind Bank Limited has informed the Exchange about change in Management,OTHER,False,False,NEUTRAL,0.0,0.5,,v3.0,,,
INDUSINDBK,NSE_CORP_ANN,,General Updates,"Indusind Bank Limited has informed the Exchange about intimation under Regulation 30 of SEBI (Listing Obligations and Disclosure Requirements) Regulations, 2015","General Updates Indusind Bank Limited has informed the Exchange about intimation under Regulation 30 of SEBI (Listing Obligations and Disclosure Requirements) Regulations, 2015",OTHER,False,False,NEUTRAL,0.0,0.5,,v3.0,,,
NAUKRI,NSE_CORP_ANN,,Acquisition,"Info Edge (India) Limited has informed the Exchange about disclosure under Regulation 30 of the Securities and Exchange Board of India (Listing Obligations and Disclosure Requirements) Regulations, 2015","Acquisition Info Edge (India) Limited has informed the Exchange about disclosure under Regulation 30 of the Securities and Exchange Board of India (Listing Obligations and Disclosure Requirements) Regulations, 2015",OTHER,False,False,NEUTRAL,0.0,0.5,,v3.0,,,
INFY,NSE_CORP_ANN,,Updates,Infosys Limited has informed the Exchange regarding 'Company statement'.,Updates Infosys Limited has informed the Exchange regarding 'Company statement'.,OTHER,False,False,NEUTRAL,0.0,0.5,,v3.0,,,
INFY,NSE_CORP_ANN,,Updates,"Infosys Limited has informed the Exchange regarding 'Clarification on ADR Price Volatility   December 19, 2025'.","Updates Infosys Limited has informed the Exchange regarding 'Clarification on ADR Price Volatility December 19, 2025'.",OTHER,False,False,NEUTRAL,0.0,0.5,,v3.0,,,
INFY,NSE_CORP_ANN,,Copy of Newspaper Publication,Infosys Limited has informed the Exchange about Copy of Newspaper Publication for loss of share certificates,Copy of Newspaper Publication Infosys Limited has informed the Exchange about Copy of Newspaper Publication for loss of share certificates,OTHER,True,False,NEUTRAL,0.0,0.5,,v3.0,,,
INFY,NSE_CORP_ANN,,ESOP/ESOS/ESPS,Infosys Limited has informed the Exchange regarding Allotment of 43490  Shares.,ESOP/ESOS/ESPS Infosys Limited has informed the Exchange regarding Allotment of 43490 Shares.,OTHER,True,False,NEUTRAL,0.0,0.5,,v3.0,,,
INFY,NSE_CORP_ANN,,General Updates,Infosys Limited has informed the Exchange about Disclosure Under Regulation 30 Of SEBI LODR Regulations,General Updates Infosys Limited has informed the Exchange about Disclosure Under Regulation 30 Of SEBI LODR Regulations,OTHER,False,False,NEUTRAL,0.0,0.5,,v3.0,,,
INFY,NSE_CORP_ANN,,Updates,Infosys Limited has informed the Exchange regarding Press release titled - Infosys and MIT Technology Review Insights Report Reveals the Critical Role of Psychological Safety in Driving AI Initiatives   with 83% of Business Leaders Reporting a Measurable Impact,Updates Infosys Limited has informed the Exchange regarding Press release titled - Infosys and MIT Technology Review Insights Report Reveals the Critical Role of Psychological Safety in Driving AI Initiatives with 83% of Business Leaders Reporting a Measurable Impact,OTHER,False,False,NEUTRAL,0.0,0.5,,v3.0,,,
INFY,NSE_CORP_ANN,,Copy of Newspaper Publication,Infosys Limited has informed the Exchange about Copy of Newspaper Publication of board meeting notice,Copy of Newspaper Publication Infosys Limited has informed the Exchange about Copy of Newspaper Publication of board meeting notice,OTHER,True,False,NEUTRAL,0.0,0.5,,v3.0,,,
INOXWIND,NSE_CORP_ANN,,Press Release,"Inox Wind Limited has informed the Exchange regarding a press release dated December 18, 2025, titled ""Hon ble Dy Chief Minister of Gujarat Inaugurates INOXGFL Group s Advanced Solar and Wind Manufacturing Facilities near Ahmedabad"".","Press Release Inox Wind Limited has informed the Exchange regarding a press release dated December 18, 2025, titled ""Hon ble Dy Chief Minister of Gujarat Inaugurates INOXGFL Group s Advanced Solar and Wind Manufacturing Facilities near Ahmedabad"".",OTHER,False,False,NEUTRAL,0.0,0.5,,v3.0,,,
INOXWIND,NSE_CORP_ANN,,Press Release,"Inox Wind Limited has informed the Exchange regarding a press release dated December 16, 2025, titled ""Inox Wind secures a repeat 100 MW order from Jakson Green"".","Press Release Inox Wind Limited has informed the Exchange regarding a press release dated December 16, 2025, titled ""Inox Wind secures a repeat 100 MW order from Jakson Green"".",OTHER,False,False,NEUTRAL,0.0,0.5,,v3.0,,,
INDIGO,NSE_CORP_ANN,,General Updates,InterGlobe Aviation Limited has informed the Exchange about General Updates,General Updates InterGlobe Aviation Limited has informed the Exchange about General Updates,OTHER,False,False,NEUTRAL,0.0,0.5,,v3.0,,,
JINDALSTEL,NSE_CORP_ANN,,General Updates,JINDAL STEEL LIMITED has informed the Exchange about Grant of Stock Options under Jindal Steel Employee Benefit Scheme   2022,General Updates JINDAL STEEL LIMITED has informed the Exchange about Grant of Stock Options under Jindal Steel Employee Benefit Scheme 2022,OTHER,False,False,NEUTRAL,0.0,0.5,,v3.0,,,
JSWENERGY,NSE_CORP_ANN,,Updates,JSW Energy Limited has informed the Exchange about the Assignment of Credit Rating - O2 Companies.,Updates JSW Energy Limited has informed the Exchange about the Assignment of Credit Rating - O2 Companies.,OTHER,False,False,NEUTRAL,0.0,0.5,,v3.0,,,
JSWSTEEL,NSE_CORP_ANN,,Trading Window,"JSW Steel Limited has informed the Exchange regarding the Trading Window closure pursuant to SEBI (Prohibition of Insider Trading) Regulations, 2015","Trading Window JSW Steel Limited has informed the Exchange regarding the Trading Window closure pursuant to SEBI (Prohibition of Insider Trading) Regulations, 2015",OTHER,True,False,NEUTRAL,0.0,0.5,,v3.0,,,
JSWSTEEL,NSE_CORP_ANN,,Credit Rating- Revision,JSW Steel Limited has informed the Exchange about Credit Rating- Revision,Credit Rating- Revision JSW Steel Limited has informed the Exchange about Credit Rating- Revision,OTHER,False,False,NEUTRAL,0.0,0.5,,v3.0,,,
JIOFIN,NSE_CORP_ANN,,Acquisition,"Investment in Jio Leasing Services Limited, wholly owned subsidiary of the Company","Acquisition Investment in Jio Leasing Services Limited, wholly owned subsidiary of the Company",OTHER,False,False,NEUTRAL,0.0,0.5,,v3.0,,,
JIOFIN,NSE_CORP_ANN,,Change in Management,Jio Financial Services Limited has informed the Exchange about change in Management,Change in Management Jio Financial Services Limited has informed the Exchange about change in Management,OTHER,False,False,NEUTRAL,0.0,0.5,,v3.0,,,
KEI,NSE_CORP_ANN,,Updates,KEI Industries Limited has informed the Exchange regarding 'Report on Transfer Requests of Physical Shares re-lodged under the special window'.,Updates KEI Industries Limited has informed the Exchange regarding 'Report on Transfer Requests of Physical Shares re-lodged under the special window'.,OTHER,False,False,NEUTRAL,0.0,0.5,,v3.0,,,
KPITTECH,NSE_CORP_ANN,,Trading Window,"KPIT Technologies Limited has informed the Exchange regarding the Trading Window closure pursuant to SEBI (Prohibition of Insider Trading) Regulations, 2015","Trading Window KPIT Technologies Limited has informed the Exchange regarding the Trading Window closure pursuant to SEBI (Prohibition of Insider Trading) Regulations, 2015",OTHER,True,False,NEUTRAL,0.0,0.5,,v3.0,,,
KPITTECH,NSE_CORP_ANN,,Analysts/Institutional Investor Meet/Con. Call Updates,KPIT Technologies Limited has informed the Exchange about Investor Meet Outcome,Analysts/Institutional Investor Meet/Con. Call Updates KPIT Technologies Limited has informed the Exchange about Investor Meet Outcome,OTHER,True,False,NEUTRAL,0.0,0.5,,v3.0,,,
KALYANKJIL,NSE_CORP_ANN,,Trading Window,"Kalyan Jewellers India Limited has informed the Exchange regarding the Trading Window closure pursuant to SEBI (Prohibition of Insider Trading) Regulations, 2015","Trading Window Kalyan Jewellers India Limited has informed the Exchange regarding the Trading Window closure pursuant to SEBI (Prohibition of Insider Trading) Regulations, 2015",OTHER,True,False,NEUTRAL,0.0,0.5,,v3.0,,,
KAYNES,NSE_CORP_ANN,,Trading Window,"Kaynes Technology India Limited has informed the Exchange regarding the Trading Window closure pursuant to SEBI (Prohibition of Insider Trading) Regulations, 2015","Trading Window Kaynes Technology India Limited has informed the Exchange regarding the Trading Window closure pursuant to SEBI (Prohibition of Insider Trading) Regulations, 2015",OTHER,True,False,NEUTRAL,0.0,0.5,,v3.0,,,
KAYNES,NSE_CORP_ANN,,Credit Rating,Kaynes Technology India Limited has informed the Exchange about Credit Rating,Credit Rating Kaynes Technology India Limited has informed the Exchange about Credit Rating,OTHER,False,False,NEUTRAL,0.0,0.5,,v3.0,,,
KAYNES,NSE_CORP_ANN,,Press Release,"Kaynes Technology India Limited has informed the Exchange regarding a press release dated December 16, 2025, titled "" Kaynes Semicon Announces Strategic Partnerships with Mitsui & Co. and AOI Electronics to Strengthen India s Semiconductor Ecosystem. "".","Press Release Kaynes Technology India Limited has informed the Exchange regarding a press release dated December 16, 2025, titled "" Kaynes Semicon Announces Strategic Partnerships with Mitsui & Co. and AOI Electronics to Strengthen India s Semiconductor Ecosystem. "".",OTHER,False,False,NEUTRAL,0.0,0.5,,v3.0,,,
KFINTECH,NSE_CORP_ANN,,ESOP/ESOS/ESPS,KFin Technologies Limited has informed the Exchange regarding allotment of Equity Shares pursuant to exercise of options by the eligible grantees,ESOP/ESOS/ESPS KFin Technologies Limited has informed the Exchange regarding allotment of Equity Shares pursuant to exercise of options by the eligible grantees,OTHER,True,False,NEUTRAL,0.0,0.5,,v3.0,,,
KFINTECH,NSE_CORP_ANN,,Updates,KFin Technologies Limited has informed the Exchange regarding 'Intimation of Schedule of Analyst / Institutional Investors  Meet'.,Updates KFin Technologies Limited has informed the Exchange regarding 'Intimation of Schedule of Analyst / Institutional Investors Meet'.,OTHER,False,False,NEUTRAL,0.0,0.5,,v3.0,,,
KFINTECH,NSE_CORP_ANN,,Shareholders meeting,KFin Technologies Limited has submitted the Outcome of Postal Ballot and Voting Results of Postal Ballot along with the Scrutinizer's Report,Shareholders meeting KFin Technologies Limited has submitted the Outcome of Postal Ballot and Voting Results of Postal Ballot along with the Scrutinizer's Report,OTHER,True,False,NEUTRAL,0.0,0.5,,v3.0,,,
KFINTECH,NSE_CORP_ANN,,Updates,KFin Technologies Limited has informed the Exchange regarding 'Intimation of Schedule of Analyst / Institutional Investors Meet'.,Updates KFin Technologies Limited has informed the Exchange regarding 'Intimation of Schedule of Analyst / Institutional Investors Meet'.,OTHER,False,False,NEUTRAL,0.0,0.5,,v3.0,,,
KOTAKBANK,NSE_CORP_ANN,,Action(s) taken or orders passed,"Intimation under Regulation 30 of the SEBI (Listing Obligations and Disclosure Requirements) Regulations, 2015","Action(s) taken or orders passed Intimation under Regulation 30 of the SEBI (Listing Obligations and Disclosure Requirements) Regulations, 2015",OTHER,False,False,NEUTRAL,0.0,0.5,,v3.0,,,
KOTAKBANK,NSE_CORP_ANN,,Action(s) taken or orders passed,"Intimation under Regulation 30 of the SEBI (Listing Obligations and Disclosure Requirements) Regulations, 2015","Action(s) taken or orders passed Intimation under Regulation 30 of the SEBI (Listing Obligations and Disclosure Requirements) Regulations, 2015",OTHER,False,False,NEUTRAL,0.0,0.5,,v3.0,,,
KOTAKBANK,NSE_CORP_ANN,,General Updates,Kotak Mahindra Bank Limited has informed the Exchange about Grant of Performance Linked Restricted Stock Units,General Updates Kotak Mahindra Bank Limited has informed the Exchange about Grant of Performance Linked Restricted Stock Units,OTHER,False,False,NEUTRAL,0.0,0.5,,v3.0,,,
LT,NSE_CORP_ANN,,Bagging/Receiving of orders/contracts,Larsen & Toubro Limited has informed the Exchange about Bagging/Receiving of orders/contracts,Bagging/Receiving of orders/contracts Larsen & Toubro Limited has informed the Exchange about Bagging/Receiving of orders/contracts,OTHER,False,False,NEUTRAL,0.0,0.5,,v3.0,,,
LT,NSE_CORP_ANN,,Copy of Newspaper Publication,Larsen & Toubro Limited has informed the Exchange about Copy of Newspaper Publication,Copy of Newspaper Publication Larsen & Toubro Limited has informed the Exchange about Copy of Newspaper Publication,OTHER,True,False,NEUTRAL,0.0,0.5,,v3.0,,,
LT,NSE_CORP_ANN,,Shareholders meeting,Larsen & Toubro Limited has informed the Exchange regarding Notice of Postal Ballot,Shareholders meeting Larsen & Toubro Limited has informed the Exchange regarding Notice of Postal Ballot,OTHER,False,False,NEUTRAL,0.0,0.5,,v3.0,,,
LT,NSE_CORP_ANN,,Press Release,"Larsen & Toubro Limited has informed the Exchange regarding a press release dated December 17, 2025, titled ""L&T Wins Orders (Large*) for Buildings & Factories Business"".","Press Release Larsen & Toubro Limited has informed the Exchange regarding a press release dated December 17, 2025, titled ""L&T Wins Orders (Large*) for Buildings & Factories Business"".",OTHER,False,False,NEUTRAL,0.0,0.5,,v3.0,,,
LAURUSLABS,NSE_CORP_ANN,,General Updates,Laurus Labs Limited has informed the Exchange about Update on Acquisition,General Updates Laurus Labs Limited has informed the Exchange about Update on Acquisition,OTHER,False,False,NEUTRAL,0.0,0.5,,v3.0,,,
LAURUSLABS,NSE_CORP_ANN,,General Updates,Laurus Labs Limited has informed the Exchange about Update on Acquisition,General Updates Laurus Labs Limited has informed the Exchange about Update on Acquisition,OTHER,False,False,NEUTRAL,0.0,0.5,,v3.0,,,
LODHA,NSE_CORP_ANN,,Trading Window,"Lodha Developers Limited has informed the Exchange regarding the Trading Window closure pursuant to SEBI (Prohibition of Insider Trading) Regulations, 2015","Trading Window Lodha Developers Limited has informed the Exchange regarding the Trading Window closure pursuant to SEBI (Prohibition of Insider Trading) Regulations, 2015",OTHER,True,False,NEUTRAL,0.0,0.5,,v3.0,,,
LUPIN,NSE_CORP_ANN,,Press Release,"Lupin Limited has informed the Exchange regarding a press release dated December 18, 2025, titled ""Lupin Signs Exclusive Licensing Agreement with Neopharmed for GastroenterologyBrand Plasil® in the Philippines and Brazil"".","Press Release Lupin Limited has informed the Exchange regarding a press release dated December 18, 2025, titled ""Lupin Signs Exclusive Licensing Agreement with Neopharmed for GastroenterologyBrand Plasil® in the Philippines and Brazil"".",OTHER,False,False,NEUTRAL,0.0,0.5,,v3.0,,,
LUPIN,NSE_CORP_ANN,,Press Release,"Lupin Limited has informed the Exchange regarding a press release dated December 17, 2025, titled ""Lupin Receives Positive CHMP Opinion for Biosimilar Ranibizumab"".","Press Release Lupin Limited has informed the Exchange regarding a press release dated December 17, 2025, titled ""Lupin Receives Positive CHMP Opinion for Biosimilar Ranibizumab"".",OTHER,False,False,NEUTRAL,0.0,0.5,,v3.0,,,
LUPIN,NSE_CORP_ANN,,Press Release,"Lupin Limited has informed the Exchange regarding the receipt of Establishment Inspection Report (EIR) by the Company from the U.S. FDA for its injectables facility in Nagpur, India, vide Press Release dated December 16, 2025.","Press Release Lupin Limited has informed the Exchange regarding the receipt of Establishment Inspection Report (EIR) by the Company from the U.S. FDA for its injectables facility in Nagpur, India, vide Press Release dated December 16, 2025.",OTHER,False,False,NEUTRAL,0.0,0.5,,v3.0,,,
LUPIN,NSE_CORP_ANN,,Press Release,"Lupin Limited has informed the Exchange regarding a press release dated December 16, 2025, titled ""Lupin Secures SBTi Validation for Emission Reduction Targets"".","Press Release Lupin Limited has informed the Exchange regarding a press release dated December 16, 2025, titled ""Lupin Secures SBTi Validation for Emission Reduction Targets"".",OTHER,False,False,NEUTRAL,0.0,0.5,,v3.0,,,
M&M,NSE_CORP_ANN,,Updates,Mahindra & Mahindra Limited has informed the Exchange regarding 'Transfer of Equity Shares by Mahindra & Mahindra Employees  Stock Option Trust to the Stock Option Grantees'.,Updates Mahindra & Mahindra Limited has informed the Exchange regarding 'Transfer of Equity Shares by Mahindra & Mahindra Employees Stock Option Trust to the Stock Option Grantees'.,OTHER,False,False,NEUTRAL,0.0,0.5,,v3.0,,,
MARICO,NSE_CORP_ANN,,Acquisition,"Please find attached intimation under Regulation 30 of SEBI (Listing Obligations and Disclosure Requirements) Regulations, 2015.","Acquisition Please find attached intimation under Regulation 30 of SEBI (Listing Obligations and Disclosure Requirements) Regulations, 2015.",OTHER,False,False,NEUTRAL,0.0,0.5,,v3.0,,,
MARICO,NSE_CORP_ANN,,Press Release,"Please find attached a press release by Marico Limited, titled ""Marico Achieves Dual A- CDP Scores and secures Leadership in NSE ESG Ratings"".","Press Release Please find attached a press release by Marico Limited, titled ""Marico Achieves Dual A- CDP Scores and secures Leadership in NSE ESG Ratings"".",OTHER,False,False,NEUTRAL,0.0,0.5,,v3.0,,,
MARUTI,NSE_CORP_ANN,,General Updates,"Maruti Suzuki India Limited has informed the Exchange about Intimation under Regulation 30 of the SEBI (Listing Obligations and Disclosure Requirements) Regulations, 2015","General Updates Maruti Suzuki India Limited has informed the Exchange about Intimation under Regulation 30 of the SEBI (Listing Obligations and Disclosure Requirements) Regulations, 2015",OTHER,False,False,NEUTRAL,0.0,0.5,,v3.0,,,
MARUTI,NSE_CORP_ANN,,General Updates,"Maruti Suzuki India Limited has informed the Exchange about Intimation under Regulation 30 of the Securities and Exchange Board of India (Listing Obligations and Disclosure Requirements) Regulations, 2015","General Updates Maruti Suzuki India Limited has informed the Exchange about Intimation under Regulation 30 of the Securities and Exchange Board of India (Listing Obligations and Disclosure Requirements) Regulations, 2015",OTHER,False,False,NEUTRAL,0.0,0.5,,v3.0,,,
MARUTI,NSE_CORP_ANN,,General Updates,"Maruti Suzuki India Limited has informed the Exchange about Intimation under Regulation 30 of the SEBI (Listing Obligations and Disclosure Requirements) Regulations, 2015","General Updates Maruti Suzuki India Limited has informed the Exchange about Intimation under Regulation 30 of the SEBI (Listing Obligations and Disclosure Requirements) Regulations, 2015",OTHER,False,False,NEUTRAL,0.0,0.5,,v3.0,,,
MARUTI,NSE_CORP_ANN,,General Updates,"Maruti Suzuki India Limited has informed the Exchange about Intimation under Regulation 30 of the Securities and Exchange Board of India (Listing Obligations and Disclosure Requirements) Regulations, 2015","General Updates Maruti Suzuki India Limited has informed the Exchange about Intimation under Regulation 30 of the Securities and Exchange Board of India (Listing Obligations and Disclosure Requirements) Regulations, 2015",OTHER,False,False,NEUTRAL,0.0,0.5,,v3.0,,,
MARUTI,NSE_CORP_ANN,,Press Release,"Maruti Suzuki India Limited has informed the Exchange regarding a press release dated December 17, 2025, titled ""Maruti Suzuki ushers in inclusive mobility with WagonR Swivel seat: A step towardsproviding accessible mobility for senior citizens and persons with disabilities"".","Press Release Maruti Suzuki India Limited has informed the Exchange regarding a press release dated December 17, 2025, titled ""Maruti Suzuki ushers in inclusive mobility with WagonR Swivel seat: A step towardsproviding accessible mobility for senior citizens and persons with disabilities"".",OTHER,False,False,NEUTRAL,0.0,0.5,,v3.0,,,
MFSL,NSE_CORP_ANN,,Shareholders meeting,"Declaration of Postal Ballot Results with respect to Postal Ballot Notice dated November 11, 2025","Shareholders meeting Declaration of Postal Ballot Results with respect to Postal Ballot Notice dated November 11, 2025",OTHER,False,False,NEUTRAL,0.0,0.5,,v3.0,,,
MAXHEALTH,NSE_CORP_ANN,,General Updates,Max Healthcare Institute Limited has informed the Exchange about General Updates,General Updates Max Healthcare Institute Limited has informed the Exchange about General Updates,OTHER,False,False,NEUTRAL,0.0,0.5,,v3.0,,,
MAXHEALTH,NSE_CORP_ANN,,Press Release,"Max Healthcare Institute Limited has informed the Exchange regarding a press release dated December 18, 2025, titled ""Max Healthcare Announces Entry into Pune with a 450-Beds Hospital, Investment of over INR 1000 Cr"".","Press Release Max Healthcare Institute Limited has informed the Exchange regarding a press release dated December 18, 2025, titled ""Max Healthcare Announces Entry into Pune with a 450-Beds Hospital, Investment of over INR 1000 Cr"".",OTHER,False,False,NEUTRAL,0.0,0.5,,v3.0,,,
MAXHEALTH,NSE_CORP_ANN,,Acquisition,Max Healthcare Institute Limited has informed the Exchange about Share Purchase Agreement to acquire equity stake in Yerawada Properties Private Limited and matters relating to setting up a approx. 450 bedded super speciality hospital in Pune,Acquisition Max Healthcare Institute Limited has informed the Exchange about Share Purchase Agreement to acquire equity stake in Yerawada Properties Private Limited and matters relating to setting up a approx. 450 bedded super speciality hospital in Pune,OTHER,False,False,NEUTRAL,0.0,0.5,,v3.0,,,
MAXHEALTH,NSE_CORP_ANN,,Outcome of Board Meeting,"Max Healthcare Institute Limited has informed the Exchange regarding Board meeting held on December 18, 2025.","Outcome of Board Meeting Max Healthcare Institute Limited has informed the Exchange regarding Board meeting held on December 18, 2025.",OTHER,True,False,NEUTRAL,0.0,0.5,,v3.0,,,
MAZDOCK,NSE_CORP_ANN,,Trading Window,"Mazagon Dock Shipbuilders Limited has informed the Exchange regarding the Trading Window closure pursuant to SEBI (Prohibition of Insider Trading) Regulations, 2015","Trading Window Mazagon Dock Shipbuilders Limited has informed the Exchange regarding the Trading Window closure pursuant to SEBI (Prohibition of Insider Trading) Regulations, 2015",OTHER,True,False,NEUTRAL,0.0,0.5,,v3.0,,,
MPHASIS,NSE_CORP_ANN,,Trading Window,"MphasiS Limited has informed the Exchange regarding the Trading Window closure pursuant to SEBI (Prohibition of Insider Trading) Regulations, 2015","Trading Window MphasiS Limited has informed the Exchange regarding the Trading Window closure pursuant to SEBI (Prohibition of Insider Trading) Regulations, 2015",OTHER,True,False,NEUTRAL,0.0,0.5,,v3.0,,,
MUTHOOTFIN,NSE_CORP_ANN,,Trading Window,"Muthoot Finance Limited has informed the Exchange regarding the Trading Window closure pursuant to SEBI (Prohibition of Insider Trading) Regulations, 2015","Trading Window Muthoot Finance Limited has informed the Exchange regarding the Trading Window closure pursuant to SEBI (Prohibition of Insider Trading) Regulations, 2015",OTHER,True,False,NEUTRAL,0.0,0.5,,v3.0,,,
NBCC,NSE_CORP_ANN,,Change in Director(s),NBCC (India) Limited has informed the Exchange regarding Change in Director(s) of the company.,Change in Director(s) NBCC (India) Limited has informed the Exchange regarding Change in Director(s) of the company.,OTHER,False,False,NEUTRAL,0.0,0.5,,v3.0,,,
NBCC,NSE_CORP_ANN,,Updates,"NBCC (India) Limited has informed the Exchange regarding 'Work order received by NBCC (India) Limited in the normal course of business, amounting to Rs. 179.37 crore (approx.) '.","Updates NBCC (India) Limited has informed the Exchange regarding 'Work order received by NBCC (India) Limited in the normal course of business, amounting to Rs. 179.37 crore (approx.) '.",OTHER,False,False,NEUTRAL,0.0,0.5,,v3.0,,,
NBCC,NSE_CORP_ANN,,Updates,NBCC (India) Limited has informed the Exchange regarding 'Intimation of Work Orders received by NBCC (India) Limited in the ordinary course of business amounting to Rs. 345.04 Cr. approx.'.,Updates NBCC (India) Limited has informed the Exchange regarding 'Intimation of Work Orders received by NBCC (India) Limited in the ordinary course of business amounting to Rs. 345.04 Cr. approx.'.,OTHER,False,False,NEUTRAL,0.0,0.5,,v3.0,,,
NCC,NSE_CORP_ANN,,Change in Management,NCC Limited has informed the Exchange about change in Management,Change in Management NCC Limited has informed the Exchange about change in Management,OTHER,False,False,NEUTRAL,0.0,0.5,,v3.0,,,
NHPC,NSE_CORP_ANN,,General Updates,NHPC Limited has informed the Exchange about General Update on commissioning of Subansiri Lower HE Project (2000 MW) of NHPC Limited,General Updates NHPC Limited has informed the Exchange about General Update on commissioning of Subansiri Lower HE Project (2000 MW) of NHPC Limited,OTHER,False,False,NEUTRAL,0.0,0.5,,v3.0,,,
NHPC,NSE_CORP_ANN,,Updates,"NHPC Limited has informed the Exchange regarding 'Tripartite agreement between, new RTA, erstwhile RTA and NHPC Limited '.","Updates NHPC Limited has informed the Exchange regarding 'Tripartite agreement between, new RTA, erstwhile RTA and NHPC Limited '.",OTHER,False,False,NEUTRAL,0.0,0.5,,v3.0,,,
NHPC,NSE_CORP_ANN,,General Updates,NHPC Limited has informed the Exchange about General Updates on Subansiri Lower HE Project (2000 MW) of NHPC Limited,General Updates NHPC Limited has informed the Exchange about General Updates on Subansiri Lower HE Project (2000 MW) of NHPC Limited,OTHER,False,False,NEUTRAL,0.0,0.5,,v3.0,,,
NTPC,NSE_CORP_ANN,,General Updates,NTPC Limited has informed the Exchange about formation of joint venture company with EDF Power Solutions of India Private Limited and formation of a wholly owned subsidiary in Mauritius,General Updates NTPC Limited has informed the Exchange about formation of joint venture company with EDF Power Solutions of India Private Limited and formation of a wholly owned subsidiary in Mauritius,OTHER,False,False,NEUTRAL,0.0,0.5,,v3.0,,,
NTPC,NSE_CORP_ANN,,Action(s) taken or orders passed,NTPC Limited has informed the Exchange about Action(s) taken or orders passed,Action(s) taken or orders passed NTPC Limited has informed the Exchange about Action(s) taken or orders passed,OTHER,False,False,NEUTRAL,0.0,0.5,,v3.0,,,
NTPC,NSE_CORP_ANN,,General Updates,NTPC Limited has informed the Exchange about declaration of COD of the fifth part capacity of 37.925 MW out of 300 MW Khavda Solar Energy Project under 450 MW Hybrid Tranche V Project  of NTPC Renewable Energy Limited,General Updates NTPC Limited has informed the Exchange about declaration of COD of the fifth part capacity of 37.925 MW out of 300 MW Khavda Solar Energy Project under 450 MW Hybrid Tranche V Project of NTPC Renewable Energy Limited,OTHER,False,False,NEUTRAL,0.0,0.5,,v3.0,,,
NTPC,NSE_CORP_ANN,,General Updates,NTPC Limited has informed the Exchange about declaration of COD of part capacity of 243.66 MW out of 1255 MW Khavda-I Solar PV Project under CPSU scheme Phase-II Tranche-III  in Gujarat of NTPC Renewable Energy Limited,General Updates NTPC Limited has informed the Exchange about declaration of COD of part capacity of 243.66 MW out of 1255 MW Khavda-I Solar PV Project under CPSU scheme Phase-II Tranche-III in Gujarat of NTPC Renewable Energy Limited,OTHER,False,False,NEUTRAL,0.0,0.5,,v3.0,,,
NTPC,NSE_CORP_ANN,,General Updates,"NTPC Limited has informed the Exchange about Declaration of Commercial Operation of Second & Last Part Capacity of 78 MW out of 245 MW at Plot-1 of NTPC Nokh Solar PV Project (3x245 MW) under CPSU Scheme Phase II, Tranche III","General Updates NTPC Limited has informed the Exchange about Declaration of Commercial Operation of Second & Last Part Capacity of 78 MW out of 245 MW at Plot-1 of NTPC Nokh Solar PV Project (3x245 MW) under CPSU Scheme Phase II, Tranche III",OTHER,False,False,NEUTRAL,0.0,0.5,,v3.0,,,
NATIONALUM,NSE_CORP_ANN,,Trading Window,"National Aluminium Company Limited has informed the Exchange regarding the Trading Window closure pursuant to SEBI (Prohibition of Insider Trading) Regulations, 2015","Trading Window National Aluminium Company Limited has informed the Exchange regarding the Trading Window closure pursuant to SEBI (Prohibition of Insider Trading) Regulations, 2015",OTHER,True,False,NEUTRAL,0.0,0.5,,v3.0,,,
NESTLEIND,NSE_CORP_ANN,,Trading Window,"Nestle India Limited has informed the Exchange regarding the Trading Window closure pursuant to SEBI (Prohibition of Insider Trading) Regulations, 2015","Trading Window Nestle India Limited has informed the Exchange regarding the Trading Window closure pursuant to SEBI (Prohibition of Insider Trading) Regulations, 2015",OTHER,True,False,NEUTRAL,0.0,0.5,,v3.0,,,
OBEROIRLTY,NSE_CORP_ANN,,Reply to Clarification- Financial results,"The Exchange had sought clarification from Oberoi Realty Limited for the quarter ended 30-Sep-2025 with respect to Regulation 33 of the SEBI (Listing Obligations and Disclosure Requirements) Regulations, 2015. On basis of above the Company was required to clarify the following:   The response of the Company is enclosed.","Reply to Clarification- Financial results The Exchange had sought clarification from Oberoi Realty Limited for the quarter ended 30-Sep-2025 with respect to Regulation 33 of the SEBI (Listing Obligations and Disclosure Requirements) Regulations, 2015. On basis of above the Company was required to clarify the following: The response of the Company is enclosed.",OTHER,False,False,NEUTRAL,0.0,0.5,,v3.0,,,
ONGC,NSE_CORP_ANN,,Press Release,"Oil & Natural Gas Corporation Limited has informed the Exchange regarding a press release dated December 18, 2025, titled ""ONGC Issues Public Notice Against Fraudulent Use of Its Name"".","Press Release Oil & Natural Gas Corporation Limited has informed the Exchange regarding a press release dated December 18, 2025, titled ""ONGC Issues Public Notice Against Fraudulent Use of Its Name"".",OTHER,False,False,NEUTRAL,0.0,0.5,,v3.0,,,
OIL,NSE_CORP_ANN,,Updates,Oil India Limited has informed the Exchange regarding 'Board comments on fine levied by the Exchange'.,Updates Oil India Limited has informed the Exchange regarding 'Board comments on fine levied by the Exchange'.,OTHER,False,False,NEUTRAL,0.0,0.5,,v3.0,,,
PAYTM,NSE_CORP_ANN,,Sale or disposal,One 97 Communications Limited has informed the Exchange about Change in Status - From Wholly Owned Step Down Subsidiary to Step Down Subsidiary of the Company,Sale or disposal One 97 Communications Limited has informed the Exchange about Change in Status - From Wholly Owned Step Down Subsidiary to Step Down Subsidiary of the Company,OTHER,False,False,NEUTRAL,0.0,0.5,,v3.0,,,
PAYTM,NSE_CORP_ANN,,Incorporation,"One 97 Communications Limited has informed the Exchange about Incorporation of 2 (Two) overseas Step Down Wholly Owned Subsidiaries of the Company through Paytm Cloud Technologies Limited, a Wholly Owned Subsidiary of the Company","Incorporation One 97 Communications Limited has informed the Exchange about Incorporation of 2 (Two) overseas Step Down Wholly Owned Subsidiaries of the Company through Paytm Cloud Technologies Limited, a Wholly Owned Subsidiary of the Company",OTHER,True,False,NEUTRAL,0.0,0.5,,v3.0,,,
PAYTM,NSE_CORP_ANN,,Granting/withdrawal/surrender/cancellation/suspension of key licenses/ regulatory approvals,"One 97 Communications Limited has informed the Exchange about General Update - Paytm Payments Services Limited receives RBI Authorisation for Offline and Cross-Border Payments, in addition to earlier authorisation for Online Payment Aggregation","Granting/withdrawal/surrender/cancellation/suspension of key licenses/ regulatory approvals One 97 Communications Limited has informed the Exchange about General Update - Paytm Payments Services Limited receives RBI Authorisation for Offline and Cross-Border Payments, in addition to earlier authorisation for Online Payment Aggregation",OTHER,False,False,NEUTRAL,0.0,0.5,,v3.0,,,
OFSS,NSE_CORP_ANN,,Updates,"Oracle Financial Services Software Limited has informed the Exchange regarding 'Allotment of 5,669  equity shares pursuant to the OFSS Stock Plan, 2014.'.","Updates Oracle Financial Services Software Limited has informed the Exchange regarding 'Allotment of 5,669 equity shares pursuant to the OFSS Stock Plan, 2014.'.",OTHER,True,False,NEUTRAL,0.0,0.5,,v3.0,,,
PNBHOUSING,NSE_CORP_ANN,,Pendency of Litigation(s)/dispute(s) or the outcome impacting the Company,PNB Housing Finance Limited has informed the Exchange about Pendency of Litigation(s)/dispute(s),Pendency of Litigation(s)/dispute(s) or the outcome impacting the Company PNB Housing Finance Limited has informed the Exchange about Pendency of Litigation(s)/dispute(s),OTHER,False,True,WATCH,7.5,0.95,PATTERN_MATCH_pendency.*litigation,v3.0,,,
PNBHOUSING,NSE_CORP_ANN,,Analysts/Institutional Investor Meet/Con. Call Updates,PNB Housing Finance Limited has informed the Exchange about Citi India Financial Tour 2025 Conference - Outcome,Analysts/Institutional Investor Meet/Con. Call Updates PNB Housing Finance Limited has informed the Exchange about Citi India Financial Tour 2025 Conference - Outcome,OTHER,True,False,NEUTRAL,0.0,0.5,,v3.0,,,
PNBHOUSING,NSE_CORP_ANN,,Press Release,"PNB Housing Finance Limited has informed the Exchange regarding a press release dated December 18, 2025, titled ""Mr. Ajai Kumar Shukla assumes Charge as new MD & CEO of the Company "".","Press Release PNB Housing Finance Limited has informed the Exchange regarding a press release dated December 18, 2025, titled ""Mr. Ajai Kumar Shukla assumes Charge as new MD & CEO of the Company "".",OTHER,False,False,NEUTRAL,0.0,0.5,,v3.0,,,
PERSISTENT,NSE_CORP_ANN,,Analysts/Institutional Investor Meet/Con. Call Updates,Persistent Systems Limited has informed the Exchange about Presentation,Analysts/Institutional Investor Meet/Con. Call Updates Persistent Systems Limited has informed the Exchange about Presentation,OTHER,True,False,NEUTRAL,0.0,0.5,,v3.0,,,
PERSISTENT,NSE_CORP_ANN,,Analysts/Institutional Investor Meet/Con. Call Updates,Persistent Systems Limited has informed the Exchange about Schedule of meet,Analysts/Institutional Investor Meet/Con. Call Updates Persistent Systems Limited has informed the Exchange about Schedule of meet,OTHER,True,False,NEUTRAL,0.0,0.5,,v3.0,,,
PERSISTENT,NSE_CORP_ANN,,Analysts/Institutional Investor Meet/Con. Call Updates,Persistent Systems Limited has informed the Exchange about Schedule of meet,Analysts/Institutional Investor Meet/Con. Call Updates Persistent Systems Limited has informed the Exchange about Schedule of meet,OTHER,True,False,NEUTRAL,0.0,0.5,,v3.0,,,
PERSISTENT,NSE_CORP_ANN,,Press Release,"Persistent Systems Limited has informed the Exchange regarding a press release dated December 16, 2025, titled ""Persistent and DigitalOcean Announce Strategic Partnership to     Advance Accessible, Scalable and Secure AI"".","Press Release Persistent Systems Limited has informed the Exchange regarding a press release dated December 16, 2025, titled ""Persistent and DigitalOcean Announce Strategic Partnership to Advance Accessible, Scalable and Secure AI"".",OTHER,False,False,NEUTRAL,0.0,0.5,,v3.0,,,
PIDILITIND,NSE_CORP_ANN,,Trading Window,"Pidilite Industries Limited has informed the Exchange regarding the Trading Window closure pursuant to SEBI (Prohibition of Insider Trading) Regulations, 2015","Trading Window Pidilite Industries Limited has informed the Exchange regarding the Trading Window closure pursuant to SEBI (Prohibition of Insider Trading) Regulations, 2015",OTHER,True,False,NEUTRAL,0.0,0.5,,v3.0,,,
PPLPHARMA,NSE_CORP_ANN,,Copy of Newspaper Publication,Piramal Pharma Limited has informed the Exchange about newspaper advertisement confirming dispatch of the Notice of Postal Ballot,Copy of Newspaper Publication Piramal Pharma Limited has informed the Exchange about newspaper advertisement confirming dispatch of the Notice of Postal Ballot,OTHER,True,False,NEUTRAL,0.0,0.5,,v3.0,,,
PPLPHARMA,NSE_CORP_ANN,,Shareholders meeting,Piramal Pharma Limited has informed the Exchange regarding Notice of Postal Ballot,Shareholders meeting Piramal Pharma Limited has informed the Exchange regarding Notice of Postal Ballot,OTHER,False,False,NEUTRAL,0.0,0.5,,v3.0,,,
PPLPHARMA,NSE_CORP_ANN,,Shareholders meeting,Piramal Pharma Limited has informed the Exchange about Shareholders meeting,Shareholders meeting Piramal Pharma Limited has informed the Exchange about Shareholders meeting,OTHER,False,False,NEUTRAL,0.0,0.5,,v3.0,,,
POWERGRID,NSE_CORP_ANN,,General Updates,"Power Grid Corporation of India Limited has informed the Exchange about Disclosure under Regulation 30 of SEBI (Listing Obligations and Disclosure Requirements) Regulations, 2015.","General Updates Power Grid Corporation of India Limited has informed the Exchange about Disclosure under Regulation 30 of SEBI (Listing Obligations and Disclosure Requirements) Regulations, 2015.",OTHER,False,False,NEUTRAL,0.0,0.5,,v3.0,,,
POWERGRID,NSE_CORP_ANN,,General Updates,Power Grid Corporation of India Limited has informed the Exchange about POWERGRID Khavda II-B Transmission Limited has successfully commissioned the Project.,General Updates Power Grid Corporation of India Limited has informed the Exchange about POWERGRID Khavda II-B Transmission Limited has successfully commissioned the Project.,OTHER,False,False,NEUTRAL,0.0,0.5,,v3.0,,,
POWERGRID,NSE_CORP_ANN,,General Updates,Power Grid Corporation of India Limited has informed the Exchange about POWERGRID has successfully commissioned the Project.,General Updates Power Grid Corporation of India Limited has informed the Exchange about POWERGRID has successfully commissioned the Project.,OTHER,False,False,NEUTRAL,0.0,0.5,,v3.0,,,
POWERGRID,NSE_CORP_ANN,,General Updates,Power Grid Corporation of India Limited has informed the Exchange about Investment approval by the Board of POWERGRID.,General Updates Power Grid Corporation of India Limited has informed the Exchange about Investment approval by the Board of POWERGRID.,OTHER,False,False,NEUTRAL,0.0,0.5,,v3.0,,,
PRESTIGE,NSE_CORP_ANN,,Press Release,"Prestige Estates Projects Limited has informed the Exchange regarding a press release dated December 22, 2025, titled  Prestige Group Strengthens Chennai Portfolio with 25-Acre Acquisition in Medavakkam "".","Press Release Prestige Estates Projects Limited has informed the Exchange regarding a press release dated December 22, 2025, titled Prestige Group Strengthens Chennai Portfolio with 25-Acre Acquisition in Medavakkam "".",OTHER,False,False,NEUTRAL,0.0,0.5,,v3.0,,,
RBLBANK,NSE_CORP_ANN,,Analysts/Institutional Investor Meet/Con. Call Updates,RBL Bank Limited has informed the Exchange about Schedule of meet,Analysts/Institutional Investor Meet/Con. Call Updates RBL Bank Limited has informed the Exchange about Schedule of meet,OTHER,True,False,NEUTRAL,0.0,0.5,,v3.0,,,
RBLBANK,NSE_CORP_ANN,,Trading Window,"RBL Bank Limited has informed the Exchange regarding the Trading Window closure pursuant to SEBI (Prohibition of Insider Trading) Regulations, 2015","Trading Window RBL Bank Limited has informed the Exchange regarding the Trading Window closure pursuant to SEBI (Prohibition of Insider Trading) Regulations, 2015",OTHER,True,False,NEUTRAL,0.0,0.5,,v3.0,,,
RBLBANK,NSE_CORP_ANN,,Updates,RBL Bank Limited has informed the Exchange regarding 'Allotment of Securities under ESOP'.,Updates RBL Bank Limited has informed the Exchange regarding 'Allotment of Securities under ESOP'.,OTHER,True,False,NEUTRAL,0.0,0.5,,v3.0,,,
RBLBANK,NSE_CORP_ANN,,Analysts/Institutional Investor Meet/Con. Call Updates,RBL Bank Limited has informed the Exchange about Schedule of meet,Analysts/Institutional Investor Meet/Con. Call Updates RBL Bank Limited has informed the Exchange about Schedule of meet,OTHER,True,False,NEUTRAL,0.0,0.5,,v3.0,,,
RBLBANK,NSE_CORP_ANN,,Credit Rating,RBL Bank Limited has informed the Exchange about Credit Rating,Credit Rating RBL Bank Limited has informed the Exchange about Credit Rating,OTHER,False,False,NEUTRAL,0.0,0.5,,v3.0,,,
RECLTD,NSE_CORP_ANN,,General Updates,Intimation of incorporation of subsidiary company.,General Updates Intimation of incorporation of subsidiary company.,OTHER,True,False,NEUTRAL,0.0,0.5,,v3.0,,,
RECLTD,NSE_CORP_ANN,,General Updates,Intimation of incorporation of subsidiary company.,General Updates Intimation of incorporation of subsidiary company.,OTHER,True,False,NEUTRAL,0.0,0.5,,v3.0,,,
RECLTD,NSE_CORP_ANN,,General Updates,Intimation of incorporation of subsidiary company,General Updates Intimation of incorporation of subsidiary company,OTHER,True,False,NEUTRAL,0.0,0.5,,v3.0,,,
RECLTD,NSE_CORP_ANN,,Analysts/Institutional Investor Meet/Con. Call Updates,REC Limited has informed the Exchange about Schedule of Analysts/ Institutional Investors meet.,Analysts/Institutional Investor Meet/Con. Call Updates REC Limited has informed the Exchange about Schedule of Analysts/ Institutional Investors meet.,OTHER,True,False,NEUTRAL,0.0,0.5,,v3.0,,,
RVNL,NSE_CORP_ANN,,Appointment,Rail Vikas Nigam Limited has informed the Exchange regarding Appointment of Mr. Saleem Ahmad as Chairman & Managing Director of the company w.e.f. 23.12.2025 (A/N).,Appointment Rail Vikas Nigam Limited has informed the Exchange regarding Appointment of Mr. Saleem Ahmad as Chairman & Managing Director of the company w.e.f. 23.12.2025 (A/N).,OTHER,False,False,NEUTRAL,0.0,0.5,,v3.0,,,
RVNL,NSE_CORP_ANN,,Cessation,Rail Vikas Nigam Limited has informed the Exchange regarding Cessation of Mr. Sukhmal Chand Jain as Chairman & Managing Director of the company w.e.f. 23.12.2025 (A/N).,Cessation Rail Vikas Nigam Limited has informed the Exchange regarding Cessation of Mr. Sukhmal Chand Jain as Chairman & Managing Director of the company w.e.f. 23.12.2025 (A/N).,OTHER,False,False,NEUTRAL,0.0,0.5,,v3.0,,,
RVNL,NSE_CORP_ANN,,Action(s) taken or orders passed,"Demand Notice received from the Office of the Deputy Commissioner DGSTO-1, Bengaluru,Karnataka","Action(s) taken or orders passed Demand Notice received from the Office of the Deputy Commissioner DGSTO-1, Bengaluru,Karnataka",OTHER,False,True,WATCH,7.5,0.95,PATTERN_MATCH_demand notice,v3.0,,,
RVNL,NSE_CORP_ANN,,Action(s) taken or orders passed,"Demand Notice received from the Office of the Assistant Commissioner (ST), Alwarpet, South-I, Chennai South, Tamil Nadu","Action(s) taken or orders passed Demand Notice received from the Office of the Assistant Commissioner (ST), Alwarpet, South-I, Chennai South, Tamil Nadu",OTHER,False,True,WATCH,7.5,0.95,PATTERN_MATCH_demand notice,v3.0,,,
RVNL,NSE_CORP_ANN,,Action(s) taken or orders passed,"Demand Notice received from the Office of the Senior Joint Commissioner, Large Taxpayer Unit, Corporate Division, Kolkata, West Bengal","Action(s) taken or orders passed Demand Notice received from the Office of the Senior Joint Commissioner, Large Taxpayer Unit, Corporate Division, Kolkata, West Bengal",OTHER,False,True,WATCH,7.5,0.95,PATTERN_MATCH_demand notice,v3.0,,,
RVNL,NSE_CORP_ANN,,Bagging/Receiving of orders/contracts,"Disclosure under Regulation 30 of SEBI (LODR) Regulations, 2015- Receipt of Letter of Award (LOA) from North Eastern Railway","Bagging/Receiving of orders/contracts Disclosure under Regulation 30 of SEBI (LODR) Regulations, 2015- Receipt of Letter of Award (LOA) from North Eastern Railway",OTHER,False,False,NEUTRAL,0.0,0.5,,v3.0,,,
RELIANCE,NSE_CORP_ANN,,Credit Rating,Reliance Industries Limited has informed the Exchange about Credit Rating,Credit Rating Reliance Industries Limited has informed the Exchange about Credit Rating,OTHER,False,False,NEUTRAL,0.0,0.5,,v3.0,,,
RELIANCE,NSE_CORP_ANN,,Other Restructuring,Cessation of Abraham & Thakore Private Limited as subsidiary of the Company,Other Restructuring Cessation of Abraham & Thakore Private Limited as subsidiary of the Company,OTHER,False,False,NEUTRAL,0.0,0.5,,v3.0,,,
RELIANCE,NSE_CORP_ANN,,Updates,"Please find attached a media release by Reliance Consumer Products Limited, asubsidiary of the Company, titled  RELIANCE CONSUMER PRODUCTS ACQUIRESTAMIL NADU S HERITAGE NUTRITION BRAND  UDHAIYAM .","Updates Please find attached a media release by Reliance Consumer Products Limited, asubsidiary of the Company, titled RELIANCE CONSUMER PRODUCTS ACQUIRESTAMIL NADU S HERITAGE NUTRITION BRAND UDHAIYAM .",OTHER,False,False,NEUTRAL,0.0,0.5,,v3.0,,,
SBICARD,NSE_CORP_ANN,,ESOP/ESOS/ESPS,SBI Cards and Payment Services Limited has informed the Exchange regarding Allotment of 29896  Shares.,ESOP/ESOS/ESPS SBI Cards and Payment Services Limited has informed the Exchange regarding Allotment of 29896 Shares.,OTHER,True,False,NEUTRAL,0.0,0.5,,v3.0,,,
SBICARD,NSE_CORP_ANN,,Analysts/Institutional Investor Meet/Con. Call Updates,SBI Cards and Payment Services Limited has informed the Exchange about Schedule of meet,Analysts/Institutional Investor Meet/Con. Call Updates SBI Cards and Payment Services Limited has informed the Exchange about Schedule of meet,OTHER,True,False,NEUTRAL,0.0,0.5,,v3.0,,,
SBICARD,NSE_CORP_ANN,,Analysts/Institutional Investor Meet/Con. Call Updates,SBI Cards and Payment Services Limited has informed the Exchange about Schedule of meet,Analysts/Institutional Investor Meet/Con. Call Updates SBI Cards and Payment Services Limited has informed the Exchange about Schedule of meet,OTHER,True,False,NEUTRAL,0.0,0.5,,v3.0,,,
SBICARD,NSE_CORP_ANN,,Analysts/Institutional Investor Meet/Con. Call Updates,SBI Cards and Payment Services Limited has informed the Exchange about Schedule of meet,Analysts/Institutional Investor Meet/Con. Call Updates SBI Cards and Payment Services Limited has informed the Exchange about Schedule of meet,OTHER,True,False,NEUTRAL,0.0,0.5,,v3.0,,,
SBICARD,NSE_CORP_ANN,,Analysts/Institutional Investor Meet/Con. Call Updates,SBI Cards and Payment Services Limited has informed the Exchange about Schedule of meet,Analysts/Institutional Investor Meet/Con. Call Updates SBI Cards and Payment Services Limited has informed the Exchange about Schedule of meet,OTHER,True,False,NEUTRAL,0.0,0.5,,v3.0,,,
SBICARD,NSE_CORP_ANN,,Analysts/Institutional Investor Meet/Con. Call Updates,SBI Cards and Payment Services Limited has informed the Exchange about Schedule of meet,Analysts/Institutional Investor Meet/Con. Call Updates SBI Cards and Payment Services Limited has informed the Exchange about Schedule of meet,OTHER,True,False,NEUTRAL,0.0,0.5,,v3.0,,,
SBICARD,NSE_CORP_ANN,,Analysts/Institutional Investor Meet/Con. Call Updates,SBI Cards and Payment Services Limited has informed the Exchange about Schedule of meet,Analysts/Institutional Investor Meet/Con. Call Updates SBI Cards and Payment Services Limited has informed the Exchange about Schedule of meet,OTHER,True,False,NEUTRAL,0.0,0.5,,v3.0,,,
SBILIFE,NSE_CORP_ANN,,General Updates,"Intimation under Regulation 30 read with Para A of Part A of Schedule III of the Securities and Exchange Board of India (Listing Obligations and Disclosure Requirements) Regulations, 2015.","General Updates Intimation under Regulation 30 read with Para A of Part A of Schedule III of the Securities and Exchange Board of India (Listing Obligations and Disclosure Requirements) Regulations, 2015.",OTHER,False,False,NEUTRAL,0.0,0.5,,v3.0,,,
SBILIFE,NSE_CORP_ANN,,ESOP/ESOS/ESPS,"SBI Life Insurance Company Limited has informed the Exchange regarding Allotment of 124645 Equity Shares pursuant to ESOP through circular resolution of the Board Stakeholders' Relationship and Sustainability Committee passed on December 16, 2025.","ESOP/ESOS/ESPS SBI Life Insurance Company Limited has informed the Exchange regarding Allotment of 124645 Equity Shares pursuant to ESOP through circular resolution of the Board Stakeholders' Relationship and Sustainability Committee passed on December 16, 2025.",OTHER,True,False,NEUTRAL,0.0,0.5,,v3.0,,,
SHREECEM,NSE_CORP_ANN,,Strikes/Lockouts/Disturbances,SHREE CEMENT LIMITED has informed the Exchange about strikes/lockouts/disturbances,Strikes/Lockouts/Disturbances SHREE CEMENT LIMITED has informed the Exchange about strikes/lockouts/disturbances,OTHER,False,False,NEUTRAL,0.0,0.5,,v3.0,,,
SHREECEM,NSE_CORP_ANN,,Trading Window,"SHREE CEMENT LIMITED has informed the Exchange regarding the Trading Window closure pursuant to SEBI (Prohibition of Insider Trading) Regulations, 2015","Trading Window SHREE CEMENT LIMITED has informed the Exchange regarding the Trading Window closure pursuant to SEBI (Prohibition of Insider Trading) Regulations, 2015",OTHER,True,False,NEUTRAL,0.0,0.5,,v3.0,,,
SHREECEM,NSE_CORP_ANN,,Updates,SHREE CEMENT LIMITED has informed the Exchange regarding 'Order passed by GST Authority'.,Updates SHREE CEMENT LIMITED has informed the Exchange regarding 'Order passed by GST Authority'.,OTHER,False,True,WATCH,7.5,0.95,PATTERN_MATCH_order passed.*gst,v3.0,,,
SHREECEM,NSE_CORP_ANN,,Strikes/Lockouts/Disturbances,SHREE CEMENT LIMITED has informed the Exchange about strikes/lockouts/disturbances,Strikes/Lockouts/Disturbances SHREE CEMENT LIMITED has informed the Exchange about strikes/lockouts/disturbances,OTHER,False,False,NEUTRAL,0.0,0.5,,v3.0,,,
SRF,NSE_CORP_ANN,,Pendency of Litigation(s)/dispute(s) or the outcome impacting the Company,SRF Limited has informed the Exchange about Pendency of Litigation(s)/dispute(s) or the outcome impacting the Company,Pendency of Litigation(s)/dispute(s) or the outcome impacting the Company SRF Limited has informed the Exchange about Pendency of Litigation(s)/dispute(s) or the outcome impacting the Company,OTHER,False,True,WATCH,7.5,0.95,PATTERN_MATCH_pendency.*litigation,v3.0,,,
SAMMAANCAP,NSE_CORP_ANN,,Updates,"Sammaan Capital Limited has informed the Exchange regarding 'Pursuant to Regulations 30 and 57 of Securities and Exchange Board of India (Listing Obligations and Disclosure Requirements) Regulations, 2015, we hereby certify that our Company has made timely payment of interest amount in respect of the following Secured Redeemable Non-convertible Debentures issued by our Company, through Public Issue, and listed on the Stock Exchange. For details, refer attachment.'.","Updates Sammaan Capital Limited has informed the Exchange regarding 'Pursuant to Regulations 30 and 57 of Securities and Exchange Board of India (Listing Obligations and Disclosure Requirements) Regulations, 2015, we hereby certify that our Company has made timely payment of interest amount in respect of the following Secured Redeemable Non-convertible Debentures issued by our Company, through Public Issue, and listed on the Stock Exchange. For details, refer attachment.'.",OTHER,False,False,NEUTRAL,0.0,0.5,,v3.0,,,
SAMMAANCAP,NSE_CORP_ANN,,Updates,"Sammaan Capital Limited has informed the Exchange regarding 'We hereby certify that our Company has made timely payment of interest amount in respect of the  Secured Redeemable Non-convertible Debentures issued by our Company, through Public Issue, and listed on the Stock Exchange.'.","Updates Sammaan Capital Limited has informed the Exchange regarding 'We hereby certify that our Company has made timely payment of interest amount in respect of the Secured Redeemable Non-convertible Debentures issued by our Company, through Public Issue, and listed on the Stock Exchange.'.",OTHER,False,False,NEUTRAL,0.0,0.5,,v3.0,,,
SAMMAANCAP,NSE_CORP_ANN,,News Verification,The Exchange has sought clarification from Sammaan Capital Limited with respect to recent news item captioned Sammaan Capital falls 5% from day's high as Delhi Police files fresh FIR in probe against ex-promoters..  The response from the Company is attached.,News Verification The Exchange has sought clarification from Sammaan Capital Limited with respect to recent news item captioned Sammaan Capital falls 5% from day's high as Delhi Police files fresh FIR in probe against ex-promoters.. The response from the Company is attached.,OTHER,False,True,NEGATIVE,8.0,0.95,PATTERN_MATCH_police.*fir,v3.0,,,
SAMMAANCAP,NSE_CORP_ANN,,News Verification,The Exchange has sought clarification from Sammaan Capital Limited with respect to recent news item captioned Sammaan Capital falls 5% from day's high as Delhi Police files fresh FIR in probe against ex-promoters..  The response from the Company is awaited.,News Verification The Exchange has sought clarification from Sammaan Capital Limited with respect to recent news item captioned Sammaan Capital falls 5% from day's high as Delhi Police files fresh FIR in probe against ex-promoters.. The response from the Company is awaited.,OTHER,False,True,NEGATIVE,8.0,0.95,PATTERN_MATCH_police.*fir,v3.0,,,
MOTHERSON,NSE_CORP_ANN,,Shareholders meeting,Samvardhana Motherson International Limited has submitted with Stock Exchange a copy of voting results and scrutinizer report to the postal ballot.,Shareholders meeting Samvardhana Motherson International Limited has submitted with Stock Exchange a copy of voting results and scrutinizer report to the postal ballot.,OTHER,True,False,NEUTRAL,0.0,0.5,,v3.0,,,
MOTHERSON,NSE_CORP_ANN,,General Updates,"Samvardhana Motherson International Limited has submitted with the Stock Exchange Investors Presentation with respect to acquisition disclosure dated December 22, 2025.","General Updates Samvardhana Motherson International Limited has submitted with the Stock Exchange Investors Presentation with respect to acquisition disclosure dated December 22, 2025.",OTHER,False,False,NEUTRAL,0.0,0.5,,v3.0,,,
MOTHERSON,NSE_CORP_ANN,,General Updates,"Samvardhana Motherson International Limited has informed the Stock Exchange regarding acquisition by Motherson Global Investments B.V., indirect wholly owned subsidiary of the Company, of the business including assets and certain real estate of Nexans autoelectric GmbH and Elektrokontact GmbH and shares in the foreign subsidiaries of Nexans autoelectric GmbH and Elektrokontact GmbH.","General Updates Samvardhana Motherson International Limited has informed the Stock Exchange regarding acquisition by Motherson Global Investments B.V., indirect wholly owned subsidiary of the Company, of the business including assets and certain real estate of Nexans autoelectric GmbH and Elektrokontact GmbH and shares in the foreign subsidiaries of Nexans autoelectric GmbH and Elektrokontact GmbH.",OTHER,False,False,NEUTRAL,0.0,0.5,,v3.0,,,
MOTHERSON,NSE_CORP_ANN,,Press Release,"Samvardhana Motherson International Limited has informed the Exchange regarding a press release dated December 22, 2025, titled ""Press Release "".","Press Release Samvardhana Motherson International Limited has informed the Exchange regarding a press release dated December 22, 2025, titled ""Press Release "".",OTHER,False,False,NEUTRAL,0.0,0.5,,v3.0,,,
MOTHERSON,NSE_CORP_ANN,,Trading Window,"Samvardhana Motherson International Limited has informed the Exchange regarding the Trading Window closure pursuant to SEBI (Prohibition of Insider Trading) Regulations, 2015","Trading Window Samvardhana Motherson International Limited has informed the Exchange regarding the Trading Window closure pursuant to SEBI (Prohibition of Insider Trading) Regulations, 2015",OTHER,True,False,NEUTRAL,0.0,0.5,,v3.0,,,
SHRIRAMFIN,NSE_CORP_ANN,,"Certificate under SEBI (Depositories and Participants) Regulations, 2018","Shriram Finance Limited has informed the Exchange about Certificate under SEBI (Depositories and Participants) Regulations, 2018","Certificate under SEBI (Depositories and Participants) Regulations, 2018 Shriram Finance Limited has informed the Exchange about Certificate under SEBI (Depositories and Participants) Regulations, 2018",OTHER,False,False,NEUTRAL,0.0,0.5,,v3.0,,,
SHRIRAMFIN,NSE_CORP_ANN,,Shareholders meeting,"Shriram Finance Limited has informed the Exchange regarding Notice of Extraordinary General Meeting to be held on January 14, 2026","Shareholders meeting Shriram Finance Limited has informed the Exchange regarding Notice of Extraordinary General Meeting to be held on January 14, 2026",OTHER,False,False,NEUTRAL,0.0,0.5,,v3.0,,,
SHRIRAMFIN,NSE_CORP_ANN,,Copy of Newspaper Publication,Shriram Finance Limited has informed the Exchange about Copy of Newspaper Publication for EGM information,Copy of Newspaper Publication Shriram Finance Limited has informed the Exchange about Copy of Newspaper Publication for EGM information,OTHER,True,False,NEUTRAL,0.0,0.5,,v3.0,,,
SHRIRAMFIN,NSE_CORP_ANN,,Press Release,"Shriram Finance Limited has informed the Exchange regarding a press release dated December 19, 2025, titled ""Press Release - MUFG Bank to Invest INR 39,618 crore in Shriram Finance through Preferential Issuance of equity shares"".","Press Release Shriram Finance Limited has informed the Exchange regarding a press release dated December 19, 2025, titled ""Press Release - MUFG Bank to Invest INR 39,618 crore in Shriram Finance through Preferential Issuance of equity shares"".",OTHER,False,False,NEUTRAL,0.0,0.5,,v3.0,,,
SHRIRAMFIN,NSE_CORP_ANN,,Outcome of Board Meeting,"Shriram Finance Limited has informed the Exchange regarding  Board meeting held on December 19, 2025.","Outcome of Board Meeting Shriram Finance Limited has informed the Exchange regarding Board meeting held on December 19, 2025.",OTHER,True,False,NEUTRAL,0.0,0.5,,v3.0,,,
SHRIRAMFIN,NSE_CORP_ANN,,Rumour Verification - Regulation 30(11),Shriram Finance Limited has informed the Exchange about Rumour Verification - Regulation 30(11),Rumour Verification - Regulation 30(11) Shriram Finance Limited has informed the Exchange about Rumour Verification - Regulation 30(11),OTHER,False,False,NEUTRAL,0.0,0.5,,v3.0,,,
SHRIRAMFIN,NSE_CORP_ANN,,News Verification,The Exchange has sought clarification from Shriram Finance Limited with respect to recent news item captioned Japan's MUFG to invest up to $5 billion in Shriram Finance for 20% stake in major India bet Company Business News.  The response from the Company is attached.,News Verification The Exchange has sought clarification from Shriram Finance Limited with respect to recent news item captioned Japan's MUFG to invest up to $5 billion in Shriram Finance for 20% stake in major India bet Company Business News. The response from the Company is attached.,OTHER,False,False,NEUTRAL,0.0,0.5,,v3.0,,,
SHRIRAMFIN,NSE_CORP_ANN,,Action(s) taken or orders passed,Shriram Finance Limited has informed the Exchange about Action(s) taken or orders passed,Action(s) taken or orders passed Shriram Finance Limited has informed the Exchange about Action(s) taken or orders passed,OTHER,False,False,NEUTRAL,0.0,0.5,,v3.0,,,
SHRIRAMFIN,NSE_CORP_ANN,,Updates,"Shriram Finance Limited has informed the Exchange regarding 'Report on Special Window for re-lodgement of transfer requests of physical shares of the Company from Integrated Registry Management Services Private Limited, Registrar and Share Transfer Agent of the Company, for the month ended November  30, 2025'.","Updates Shriram Finance Limited has informed the Exchange regarding 'Report on Special Window for re-lodgement of transfer requests of physical shares of the Company from Integrated Registry Management Services Private Limited, Registrar and Share Transfer Agent of the Company, for the month ended November 30, 2025'.",OTHER,False,False,NEUTRAL,0.0,0.5,,v3.0,,,
SHRIRAMFIN,NSE_CORP_ANN,,News Verification,The Exchange has sought clarification from Shriram Finance Limited with respect to recent news item captioned Japan's MUFG to invest up to $5 billion in Shriram Finance for 20% stake in major India bet Company Business News.  The response from the Company is awaited.,News Verification The Exchange has sought clarification from Shriram Finance Limited with respect to recent news item captioned Japan's MUFG to invest up to $5 billion in Shriram Finance for 20% stake in major India bet Company Business News. The response from the Company is awaited.,OTHER,False,False,NEUTRAL,0.0,0.5,,v3.0,,,
SIEMENS,NSE_CORP_ANN,,Disclosure under SEBI Takeover Regulations,"Siemens International Holding B.V. has submitted to the Exchange a copy of Disclosures under Regulation 10(6)-Report to stock Exchange in respect of any acquisition made in reliance upon exemption provided for in regulation 10 of SEBI (SAST) Regulations, 2011.","Disclosure under SEBI Takeover Regulations Siemens International Holding B.V. has submitted to the Exchange a copy of Disclosures under Regulation 10(6)-Report to stock Exchange in respect of any acquisition made in reliance upon exemption provided for in regulation 10 of SEBI (SAST) Regulations, 2011.",OTHER,False,False,NEUTRAL,0.0,0.5,,v3.0,,,
SIEMENS,NSE_CORP_ANN,,Analysts/Institutional Investor Meet/Con. Call Updates,Siemens Limited has informed the Exchange about Transcript,Analysts/Institutional Investor Meet/Con. Call Updates Siemens Limited has informed the Exchange about Transcript,OTHER,True,False,NEUTRAL,0.0,0.5,,v3.0,,,
SOLARINDS,NSE_CORP_ANN,,Issue of Securities,Solar Industries India Limited has informed the Exchange about issue of Securities,Issue of Securities Solar Industries India Limited has informed the Exchange about issue of Securities,OTHER,False,False,NEUTRAL,0.0,0.5,,v3.0,,,
SOLARINDS,NSE_CORP_ANN,,Shareholders meeting,Solar Industries India Limited has informed the Exchange about Submission of the Voting Results and Scrutiniser''s Report of Postal Ballot.,Shareholders meeting Solar Industries India Limited has informed the Exchange about Submission of the Voting Results and Scrutiniser''s Report of Postal Ballot.,OTHER,True,False,NEUTRAL,0.0,0.5,,v3.0,,,
SONACOMS,NSE_CORP_ANN,,Shareholders meeting,Sona Blw Precision Forgings Limited has submitted the Exchange a copy Srutinizers report of  Postal Ballot,Shareholders meeting Sona Blw Precision Forgings Limited has submitted the Exchange a copy Srutinizers report of Postal Ballot,OTHER,False,False,NEUTRAL,0.0,0.5,,v3.0,,,
SBIN,NSE_CORP_ANN,,Change in Director(s),State Bank Of India has informed the Exchange regarding Change in Director(s) of the company.,Change in Director(s) State Bank Of India has informed the Exchange regarding Change in Director(s) of the company.,OTHER,False,False,NEUTRAL,0.0,0.5,,v3.0,,,
SBIN,NSE_CORP_ANN,,Analysts/Institutional Investor Meet/Con. Call Updates,State Bank Of India has informed the Exchange about,Analysts/Institutional Investor Meet/Con. Call Updates State Bank Of India has informed the Exchange about,OTHER,True,False,NEUTRAL,0.0,0.5,,v3.0,,,
SBIN,NSE_CORP_ANN,,Copy of Newspaper Publication,State Bank Of India has informed the Exchange about Copy of Newspaper Publication,Copy of Newspaper Publication State Bank Of India has informed the Exchange about Copy of Newspaper Publication,OTHER,True,False,NEUTRAL,0.0,0.5,,v3.0,,,
SUNPHARMA,NSE_CORP_ANN,,Copy of Newspaper Publication,Sun Pharmaceutical Industries Limited has informed the Exchange about Newspaper Advertisement,Copy of Newspaper Publication Sun Pharmaceutical Industries Limited has informed the Exchange about Newspaper Advertisement,OTHER,True,False,NEUTRAL,0.0,0.5,,v3.0,,,
SUNPHARMA,NSE_CORP_ANN,,General Updates,"Intimation under Regulation 30 of SEBI (Listing Obligations and Disclosure Requirements) Regulations, 2015   US FDA determines Baska facility inspection classification as OAI","General Updates Intimation under Regulation 30 of SEBI (Listing Obligations and Disclosure Requirements) Regulations, 2015 US FDA determines Baska facility inspection classification as OAI",OTHER,False,True,NEGATIVE,9.5,0.95,PATTERN_MATCH_fda.*oai,v3.0,,,
SUZLON,NSE_CORP_ANN,,Press Release,"Suzlon Energy Limited has informed the Exchange regarding a press release dated December 17, 2025, titled ""Suzlon and Yanara extend partnership with 306 MW Wind Turbine Orders in Rajasthan"".","Press Release Suzlon Energy Limited has informed the Exchange regarding a press release dated December 17, 2025, titled ""Suzlon and Yanara extend partnership with 306 MW Wind Turbine Orders in Rajasthan"".",OTHER,False,False,NEUTRAL,0.0,0.5,,v3.0,,,
SYNGENE,NSE_CORP_ANN,,Acquisition,Syngene International Limited has informed the Exchange about Acquisition,Acquisition Syngene International Limited has informed the Exchange about Acquisition,OTHER,False,False,NEUTRAL,0.0,0.5,,v3.0,,,
SYNGENE,NSE_CORP_ANN,,Investor Presentation,Syngene International Limited has informed the Exchange about Investor Presentation,Investor Presentation Syngene International Limited has informed the Exchange about Investor Presentation,OTHER,False,False,NEUTRAL,0.0,0.5,,v3.0,,,
TATACONSUM,NSE_CORP_ANN,,ESOP/ESOS/ESPS,TATA CONSUMER PRODUCTS LIMITED has informed the Exchange regarding Allotment of 1736  Shares.,ESOP/ESOS/ESPS TATA CONSUMER PRODUCTS LIMITED has informed the Exchange regarding Allotment of 1736 Shares.,OTHER,True,False,NEUTRAL,0.0,0.5,,v3.0,,,
TATACONSUM,NSE_CORP_ANN,,Trading Window,"TATA CONSUMER PRODUCTS LIMITED has informed the Exchange regarding the Trading Window closure pursuant to SEBI (Prohibition of Insider Trading) Regulations, 2015","Trading Window TATA CONSUMER PRODUCTS LIMITED has informed the Exchange regarding the Trading Window closure pursuant to SEBI (Prohibition of Insider Trading) Regulations, 2015",OTHER,True,False,NEUTRAL,0.0,0.5,,v3.0,,,
TITAGARH,NSE_CORP_ANN,,Press Release,"TITAGARH RAIL SYSTEMS LIMITED has informed the Exchange regarding a press release dated December 20, 2025, titled ""Titagarh Rolls Out the 1st Trainset of Ahmedabad Metro - Hon ble Chief Minister of Gujarat, Shri Bhupendrabhai Patel visited the plant of Titagarh in Kolkata to receive the train"".","Press Release TITAGARH RAIL SYSTEMS LIMITED has informed the Exchange regarding a press release dated December 20, 2025, titled ""Titagarh Rolls Out the 1st Trainset of Ahmedabad Metro - Hon ble Chief Minister of Gujarat, Shri Bhupendrabhai Patel visited the plant of Titagarh in Kolkata to receive the train"".",OTHER,False,False,NEUTRAL,0.0,0.5,,v3.0,,,
TITAGARH,NSE_CORP_ANN,,Bagging/Receiving of orders/contracts,TITAGARH RAIL SYSTEMS LIMITED has informed the Exchange about Bagging/Receiving of orders/contracts,Bagging/Receiving of orders/contracts TITAGARH RAIL SYSTEMS LIMITED has informed the Exchange about Bagging/Receiving of orders/contracts,OTHER,False,False,NEUTRAL,0.0,0.5,,v3.0,,,
TVSMOTOR,NSE_CORP_ANN,,Shareholders meeting,TVS Motor Company Limited has informed the Exchange regarding Notice of Postal Ballot,Shareholders meeting TVS Motor Company Limited has informed the Exchange regarding Notice of Postal Ballot,OTHER,False,False,NEUTRAL,0.0,0.5,,v3.0,,,
TCS,NSE_CORP_ANN,,Analysts/Institutional Investor Meet/Con. Call Updates,Tata Consultancy Services Limited has informed the Exchange about Transcript,Analysts/Institutional Investor Meet/Con. Call Updates Tata Consultancy Services Limited has informed the Exchange about Transcript,OTHER,True,False,NEUTRAL,0.0,0.5,,v3.0,,,
TCS,NSE_CORP_ANN,,Record Date,Tata Consultancy Services Limited has informed the Exchange that Record date for the purpose of Dividend  is 17-Jan-2026.,Record Date Tata Consultancy Services Limited has informed the Exchange that Record date for the purpose of Dividend is 17-Jan-2026.,OTHER,True,False,NEUTRAL,0.0,0.5,,v3.0,,,
TCS,NSE_CORP_ANN,,Updates,Tata Consultancy Services Limited has informed the Exchange regarding 'Press Release - TCS BaNCS Gets AI Upgrade: New Core Tool to Supercharge Innovation'.,Updates Tata Consultancy Services Limited has informed the Exchange regarding 'Press Release - TCS BaNCS Gets AI Upgrade: New Core Tool to Supercharge Innovation'.,OTHER,False,False,NEUTRAL,0.0,0.5,,v3.0,,,
TCS,NSE_CORP_ANN,,Incorporation,Tata Consultancy Services Limited has informed the Exchange about Incorporation,Incorporation Tata Consultancy Services Limited has informed the Exchange about Incorporation,OTHER,True,False,NEUTRAL,0.0,0.5,,v3.0,,,
TCS,NSE_CORP_ANN,,Updates,Tata Consultancy Services Limited has informed the Exchange regarding 'Press Release - TCS Strengthens Partnership with Aviva UK to Enhance Life and Pensions Customer Experience'.,Updates Tata Consultancy Services Limited has informed the Exchange regarding 'Press Release - TCS Strengthens Partnership with Aviva UK to Enhance Life and Pensions Customer Experience'.,OTHER,False,False,NEUTRAL,0.0,0.5,,v3.0,,,
TCS,NSE_CORP_ANN,,Analysts/Institutional Investor Meet/Con. Call Updates,Tata Consultancy Services Limited has informed the Exchange about Presentation,Analysts/Institutional Investor Meet/Con. Call Updates Tata Consultancy Services Limited has informed the Exchange about Presentation,OTHER,True,False,NEUTRAL,0.0,0.5,,v3.0,,,
TCS,NSE_CORP_ANN,,Incorporation,Tata Consultancy Services Limited has informed the Exchange about Incorporation,Incorporation Tata Consultancy Services Limited has informed the Exchange about Incorporation,OTHER,True,False,NEUTRAL,0.0,0.5,,v3.0,,,
TCS,NSE_CORP_ANN,,Incorporation,Tata Consultancy Services Limited has informed the Exchange about Update on Incorporation,Incorporation Tata Consultancy Services Limited has informed the Exchange about Update on Incorporation,OTHER,True,False,NEUTRAL,0.0,0.5,,v3.0,,,
TCS,NSE_CORP_ANN,,Updates,Tata Consultancy Services Limited has informed the Exchange regarding 'Press Release - TCS and CII unveil the 2025 Artificial Intelligence & IP Report for India'.,Updates Tata Consultancy Services Limited has informed the Exchange regarding 'Press Release - TCS and CII unveil the 2025 Artificial Intelligence & IP Report for India'.,OTHER,False,False,NEUTRAL,0.0,0.5,,v3.0,,,
TATAELXSI,NSE_CORP_ANN,,Trading Window,"Tata Elxsi Limited has informed the Exchange regarding the Trading Window closure pursuant to SEBI (Prohibition of Insider Trading) Regulations, 2015","Trading Window Tata Elxsi Limited has informed the Exchange regarding the Trading Window closure pursuant to SEBI (Prohibition of Insider Trading) Regulations, 2015",OTHER,True,False,NEUTRAL,0.0,0.5,,v3.0,,,
TATAELXSI,NSE_CORP_ANN,,Spurt in Volume,"Significant increase in volume has been observed in Tata Elxsi Limited. The Exchange, in order to ensure that investors have latest relevant information about the company and to inform the market place so that the interest of the investors is safeguarded, had written to the company. Tata Elxsi Limited has submitted their response.","Spurt in Volume Significant increase in volume has been observed in Tata Elxsi Limited. The Exchange, in order to ensure that investors have latest relevant information about the company and to inform the market place so that the interest of the investors is safeguarded, had written to the company. Tata Elxsi Limited has submitted their response.",OTHER,False,False,NEUTRAL,0.0,0.5,,v3.0,,,
TATAELXSI,NSE_CORP_ANN,,Spurt in Volume,"Significant increase in volume has been observed in Tata Elxsi Limited. The Exchange, in order to ensure that investors have latest relevant information about the company and to inform the market place so that the interest of the investors is safeguarded, has written to the company. The response from the company is awaited.","Spurt in Volume Significant increase in volume has been observed in Tata Elxsi Limited. The Exchange, in order to ensure that investors have latest relevant information about the company and to inform the market place so that the interest of the investors is safeguarded, has written to the company. The response from the company is awaited.",OTHER,False,False,NEUTRAL,0.0,0.5,,v3.0,,,
TATAPOWER,NSE_CORP_ANN,,Press Release,"Tata Power Company Limited has informed the Exchange regarding a press release dated December 19, 2025, titled as  Tata Power, London School of Economics and Political Science (LSE) and International Growth Centre (IGC) launches Energy Insights and innovation lab to accelerate India s clean energy transition.""","Press Release Tata Power Company Limited has informed the Exchange regarding a press release dated December 19, 2025, titled as Tata Power, London School of Economics and Political Science (LSE) and International Growth Centre (IGC) launches Energy Insights and innovation lab to accelerate India s clean energy transition.""",OTHER,False,False,NEUTRAL,0.0,0.5,,v3.0,,,
TATAPOWER,NSE_CORP_ANN,,Allotment of Securities,Tata Power Company Limited has informed the Exchange regarding allotment of 200000 securities pursuant to Non Convertible Securities.,Allotment of Securities Tata Power Company Limited has informed the Exchange regarding allotment of 200000 securities pursuant to Non Convertible Securities.,OTHER,True,False,NEUTRAL,0.0,0.5,,v3.0,,,
TATAPOWER,NSE_CORP_ANN,,General Updates,Tata Power Company Limited has informed the Exchange about Update on Acquisition,General Updates Tata Power Company Limited has informed the Exchange about Update on Acquisition,OTHER,False,False,NEUTRAL,0.0,0.5,,v3.0,,,
TATASTEEL,NSE_CORP_ANN,,Trading Window,"Tata Steel Limited has informed the Exchange regarding the Trading Window closure pursuant to SEBI (Prohibition of Insider Trading) Regulations, 2015","Trading Window Tata Steel Limited has informed the Exchange regarding the Trading Window closure pursuant to SEBI (Prohibition of Insider Trading) Regulations, 2015",OTHER,True,False,NEUTRAL,0.0,0.5,,v3.0,,,
TATASTEEL,NSE_CORP_ANN,,Pendency of Litigation(s)/dispute(s) or the outcome impacting the Company,Tata Steel Limited has informed the Exchange about Pendency of Litigation(s)/dispute(s) or the outcome impacting the Company,Pendency of Litigation(s)/dispute(s) or the outcome impacting the Company Tata Steel Limited has informed the Exchange about Pendency of Litigation(s)/dispute(s) or the outcome impacting the Company,OTHER,False,True,WATCH,7.5,0.95,PATTERN_MATCH_pendency.*litigation,v3.0,,,
TATASTEEL,NSE_CORP_ANN,,Pendency of Litigation(s)/dispute(s) or the outcome impacting the Company,Tata Steel Limited has informed the Exchange about Pendency of Litigation(s)/dispute(s) or the outcome impacting the Company,Pendency of Litigation(s)/dispute(s) or the outcome impacting the Company Tata Steel Limited has informed the Exchange about Pendency of Litigation(s)/dispute(s) or the outcome impacting the Company,OTHER,False,True,WATCH,7.5,0.95,PATTERN_MATCH_pendency.*litigation,v3.0,,,
TATASTEEL,NSE_CORP_ANN,,Pendency of Litigation(s)/dispute(s) or the outcome impacting the Company,Tata Steel Limited has informed the Exchange about Pendency of Litigation(s)/dispute(s) or the outcome impacting the Company,Pendency of Litigation(s)/dispute(s) or the outcome impacting the Company Tata Steel Limited has informed the Exchange about Pendency of Litigation(s)/dispute(s) or the outcome impacting the Company,OTHER,False,True,WATCH,7.5,0.95,PATTERN_MATCH_pendency.*litigation,v3.0,,,
TATASTEEL,NSE_CORP_ANN,,Acquisition,Tata Steel Limited has informed the Exchange about Acquisition of equity stake in T Steel Holdings Pte. Ltd,Acquisition Tata Steel Limited has informed the Exchange about Acquisition of equity stake in T Steel Holdings Pte. Ltd,OTHER,False,False,NEUTRAL,0.0,0.5,,v3.0,,,
TATATECH,NSE_CORP_ANN,,Trading Window,"Tata Technologies Limited has informed the Exchange regarding the Trading Window closure pursuant to SEBI (Prohibition of Insider Trading) Regulations, 2015","Trading Window Tata Technologies Limited has informed the Exchange regarding the Trading Window closure pursuant to SEBI (Prohibition of Insider Trading) Regulations, 2015",OTHER,True,False,NEUTRAL,0.0,0.5,,v3.0,,,
TECHM,NSE_CORP_ANN,,Incorporation,Tech Mahindra Limited has informed the Exchange about Incorporation,Incorporation Tech Mahindra Limited has informed the Exchange about Incorporation,OTHER,True,False,NEUTRAL,0.0,0.5,,v3.0,,,
TECHM,NSE_CORP_ANN,,General Updates,Tech Mahindra Limited has informed the Exchange about ESG rating,General Updates Tech Mahindra Limited has informed the Exchange about ESG rating,OTHER,False,False,NEUTRAL,0.0,0.5,,v3.0,,,
TECHM,NSE_CORP_ANN,,General Updates,Tech Mahindra Limited has informed the Exchange about General Updates,General Updates Tech Mahindra Limited has informed the Exchange about General Updates,OTHER,False,False,NEUTRAL,0.0,0.5,,v3.0,,,
FEDERALBNK,NSE_CORP_ANN,,General Updates,The Federal Bank  Limited has informed the Exchange about  Allotment of Equity Shares on exercise of Stock options pursuant to Employee Stock Option Scheme,General Updates The Federal Bank Limited has informed the Exchange about Allotment of Equity Shares on exercise of Stock options pursuant to Employee Stock Option Scheme,OTHER,True,False,NEUTRAL,0.0,0.5,,v3.0,,,
FEDERALBNK,NSE_CORP_ANN,,Analysts/Institutional Investor Meet/Con. Call Updates,The Federal Bank  Limited has informed the Exchange about Schedule of meet,Analysts/Institutional Investor Meet/Con. Call Updates The Federal Bank Limited has informed the Exchange about Schedule of meet,OTHER,True,False,NEUTRAL,0.0,0.5,,v3.0,,,
INDHOTEL,NSE_CORP_ANN,,Press Release,"The Indian Hotels Company Limited has informed the Exchange regarding a press release dated December 19, 2025, titled ""IHCL, GVK-BHUPAL FAMILY REDEFINE ALLIANCE; TRANSITIONS FROM JOINT VENTURE TO A LONG-TERM MANAGEMENT ARRANGEMENT"".","Press Release The Indian Hotels Company Limited has informed the Exchange regarding a press release dated December 19, 2025, titled ""IHCL, GVK-BHUPAL FAMILY REDEFINE ALLIANCE; TRANSITIONS FROM JOINT VENTURE TO A LONG-TERM MANAGEMENT ARRANGEMENT"".",OTHER,False,False,NEUTRAL,0.0,0.5,,v3.0,,,
INDHOTEL,NSE_CORP_ANN,,Sale or disposal,The Indian Hotels Company Limited has informed the Exchange about Sale or disposal,Sale or disposal The Indian Hotels Company Limited has informed the Exchange about Sale or disposal,OTHER,False,False,NEUTRAL,0.0,0.5,,v3.0,,,
TITAN,NSE_CORP_ANN,,Trading Window,"Titan Company Limited has informed the Exchange regarding the Trading Window closure pursuant to SEBI (Prohibition of Insider Trading) Regulations, 2015","Trading Window Titan Company Limited has informed the Exchange regarding the Trading Window closure pursuant to SEBI (Prohibition of Insider Trading) Regulations, 2015",OTHER,True,False,NEUTRAL,0.0,0.5,,v3.0,,,
TORNTPHARM,NSE_CORP_ANN,,Updates,Torrent Pharmaceuticals Limited has informed the Exchange regarding 'Redemption of Commercial papers'.,Updates Torrent Pharmaceuticals Limited has informed the Exchange regarding 'Redemption of Commercial papers'.,OTHER,False,False,NEUTRAL,0.0,0.5,,v3.0,,,
TORNTPHARM,NSE_CORP_ANN,,Updates,Torrent Pharmaceuticals Limited has informed the Exchange regarding 'Redemption of Commercial Papers '.,Updates Torrent Pharmaceuticals Limited has informed the Exchange regarding 'Redemption of Commercial Papers '.,OTHER,False,False,NEUTRAL,0.0,0.5,,v3.0,,,
TRENT,NSE_CORP_ANN,,Credit Rating- New,"Trent Limited has informed the Exchange about Intimation under Regulation 30 read with Schedule III of the SEBI (Listing Obligations and Disclosure Requirements) Regulations, 2015 ( SEBI Listing Regulations )","Credit Rating- New Trent Limited has informed the Exchange about Intimation under Regulation 30 read with Schedule III of the SEBI (Listing Obligations and Disclosure Requirements) Regulations, 2015 ( SEBI Listing Regulations )",OTHER,False,False,NEUTRAL,0.0,0.5,,v3.0,,,
TRENT,NSE_CORP_ANN,,Trading Window,"Trent Limited has informed the Exchange regarding the Trading Window closure pursuant to SEBI (Prohibition of Insider Trading) Regulations, 2015","Trading Window Trent Limited has informed the Exchange regarding the Trading Window closure pursuant to SEBI (Prohibition of Insider Trading) Regulations, 2015",OTHER,True,False,NEUTRAL,0.0,0.5,,v3.0,,,
TRENT,NSE_CORP_ANN,,Analysts/Institutional Investor Meet/Con. Call Updates,Trent Limited has informed the Exchange about Intimation of schedule of Analyst / Institutional Investor Meeting,Analysts/Institutional Investor Meet/Con. Call Updates Trent Limited has informed the Exchange about Intimation of schedule of Analyst / Institutional Investor Meeting,OTHER,True,False,NEUTRAL,0.0,0.5,,v3.0,,,
TRENT,NSE_CORP_ANN,,Analysts/Institutional Investor Meet/Con. Call Updates,Trent Limited has informed the Exchange about Intimation of schedule of Analyst / Institutional Investor Meeting,Analysts/Institutional Investor Meet/Con. Call Updates Trent Limited has informed the Exchange about Intimation of schedule of Analyst / Institutional Investor Meeting,OTHER,True,False,NEUTRAL,0.0,0.5,,v3.0,,,
TRENT,NSE_CORP_ANN,,Analysts/Institutional Investor Meet/Con. Call Updates,Trent Limited has informed the Exchange about Schedule of meet,Analysts/Institutional Investor Meet/Con. Call Updates Trent Limited has informed the Exchange about Schedule of meet,OTHER,True,False,NEUTRAL,0.0,0.5,,v3.0,,,
TIINDIA,NSE_CORP_ANN,,General Updates,Tube Investments of India Limited has informed the Exchange about General Updates,General Updates Tube Investments of India Limited has informed the Exchange about General Updates,OTHER,False,False,NEUTRAL,0.0,0.5,,v3.0,,,
UNOMINDA,NSE_CORP_ANN,,Agreements,UNO Minda Limited has informed the Exchange about execution of restated Joint Venture Agreement,Agreements UNO Minda Limited has informed the Exchange about execution of restated Joint Venture Agreement,OTHER,False,False,NEUTRAL,0.0,0.5,,v3.0,,,
UNOMINDA,NSE_CORP_ANN,,Trading Window,"UNO Minda Limited has informed the Exchange regarding the Trading Window closure pursuant to SEBI (Prohibition of Insider Trading) Regulations, 2015","Trading Window UNO Minda Limited has informed the Exchange regarding the Trading Window closure pursuant to SEBI (Prohibition of Insider Trading) Regulations, 2015",OTHER,True,False,NEUTRAL,0.0,0.5,,v3.0,,,
UNOMINDA,NSE_CORP_ANN,,Updates,UNO Minda Limited has informed the Exchange regarding 'Redemption of Commercial Papers'.,Updates UNO Minda Limited has informed the Exchange regarding 'Redemption of Commercial Papers'.,OTHER,False,False,NEUTRAL,0.0,0.5,,v3.0,,,
UPL,NSE_CORP_ANN,,General Updates,UPL Limited has informed the Exchange about Investment in Hybrid Seeds Vietnam Company Limited,General Updates UPL Limited has informed the Exchange about Investment in Hybrid Seeds Vietnam Company Limited,OTHER,False,False,NEUTRAL,0.0,0.5,,v3.0,,,
ULTRACEMCO,NSE_CORP_ANN,,Copy of Newspaper Publication,UltraTech Cement Limited has informed the Exchange about Copy of Newspaper Publication,Copy of Newspaper Publication UltraTech Cement Limited has informed the Exchange about Copy of Newspaper Publication,OTHER,True,False,NEUTRAL,0.0,0.5,,v3.0,,,
ULTRACEMCO,NSE_CORP_ANN,,Action(s) initiated or orders passed,UltraTech Cement Limited has informed the Exchange about Action(s) initiated or orders passed,Action(s) initiated or orders passed UltraTech Cement Limited has informed the Exchange about Action(s) initiated or orders passed,OTHER,False,False,NEUTRAL,0.0,0.5,,v3.0,,,
ULTRACEMCO,NSE_CORP_ANN,,Action(s) taken or orders passed,"UltraTech Cement Limited has informed the Exchange about order received from Commissioner, Central Goods and Services Tax, Bolpur, West Bengal","Action(s) taken or orders passed UltraTech Cement Limited has informed the Exchange about order received from Commissioner, Central Goods and Services Tax, Bolpur, West Bengal",OTHER,False,True,WATCH,7.5,0.95,PATTERN_MATCH_order received.*tax,v3.0,,,
ULTRACEMCO,NSE_CORP_ANN,,Action(s) taken or orders passed,"UltraTech Cement Limited has informed the Exchange about order received from Joint Commissioner, Central Goods and Services Tax, Noida, Uttar Pradesh","Action(s) taken or orders passed UltraTech Cement Limited has informed the Exchange about order received from Joint Commissioner, Central Goods and Services Tax, Noida, Uttar Pradesh",OTHER,False,True,WATCH,7.5,0.95,PATTERN_MATCH_order received.*tax,v3.0,,,
ULTRACEMCO,NSE_CORP_ANN,,Action(s) taken or orders passed,UltraTech Cement Limited has informed the Exchange about Action(s) taken or orders passed,Action(s) taken or orders passed UltraTech Cement Limited has informed the Exchange about Action(s) taken or orders passed,OTHER,False,False,NEUTRAL,0.0,0.5,,v3.0,,,
UNIONBANK,NSE_CORP_ANN,,General Updates,"Union Bank of India has informed the Exchange about Disclosure under Regulation 30 of the SEBI (Listing Obligations and Disclosure Requirements) Regulations, 2015","General Updates Union Bank of India has informed the Exchange about Disclosure under Regulation 30 of the SEBI (Listing Obligations and Disclosure Requirements) Regulations, 2015",OTHER,False,False,NEUTRAL,0.0,0.5,,v3.0,,,
UNITDSPR,NSE_CORP_ANN,,Shareholders meeting,United Spirits Limited has submitted the Exchange a copy Srutinizers report of  Postal Ballot,Shareholders meeting United Spirits Limited has submitted the Exchange a copy Srutinizers report of Postal Ballot,OTHER,False,False,NEUTRAL,0.0,0.5,,v3.0,,,
VBL,NSE_CORP_ANN,,General Updates,Board Presentation on the proposed acquisition of 100% Share Capital of Twizza Proprietary Limited ( Twizza ) through our subsidiary company in South Africa i.e. The Beverages Company Proprietary Limited.,General Updates Board Presentation on the proposed acquisition of 100% Share Capital of Twizza Proprietary Limited ( Twizza ) through our subsidiary company in South Africa i.e. The Beverages Company Proprietary Limited.,OTHER,False,False,NEUTRAL,0.0,0.5,,v3.0,,,
VBL,NSE_CORP_ANN,,Outcome of Board Meeting,The Board of Directors at their meeting held today inter-alia considered and approved to acquire 100% Share Capital of Twizza Proprietary Limited as per details in the enclosed intimation.,Outcome of Board Meeting The Board of Directors at their meeting held today inter-alia considered and approved to acquire 100% Share Capital of Twizza Proprietary Limited as per details in the enclosed intimation.,OTHER,True,False,NEUTRAL,0.0,0.5,,v3.0,,,
VEDL,NSE_CORP_ANN,,Action(s) taken or orders passed,Vedanta Limited has informed the Exchange about Action(s) taken or orders passed,Action(s) taken or orders passed Vedanta Limited has informed the Exchange about Action(s) taken or orders passed,OTHER,False,False,NEUTRAL,0.0,0.5,,v3.0,,,
VEDL,NSE_CORP_ANN,,Updates,Vedanta Limited has informed the Exchange regarding 'Update on Scheme of Arrangement for Demerger of Vedanta Limited'.,Updates Vedanta Limited has informed the Exchange regarding 'Update on Scheme of Arrangement for Demerger of Vedanta Limited'.,OTHER,False,False,NEUTRAL,0.0,0.5,,v3.0,,,
VEDL,NSE_CORP_ANN,,Credit Rating- Others,Vedanta Limited has informed the Exchange about Reaffirmation of Credit Ratings by India Ratings,Credit Rating- Others Vedanta Limited has informed the Exchange about Reaffirmation of Credit Ratings by India Ratings,OTHER,False,False,NEUTRAL,0.0,0.5,,v3.0,,,
VEDL,NSE_CORP_ANN,,News Verification,The Exchange has sought clarification from Vedanta Limited with respect to recent news item captioned Vedanta demerger decks cleared after Mumbai NCLT approves plan; Stock surges.  The response from the Company is attached.,News Verification The Exchange has sought clarification from Vedanta Limited with respect to recent news item captioned Vedanta demerger decks cleared after Mumbai NCLT approves plan; Stock surges. The response from the Company is attached.,OTHER,False,False,NEUTRAL,0.0,0.5,,v3.0,,,
VEDL,NSE_CORP_ANN,,News Verification,The Exchange has sought clarification from Vedanta Limited with respect to recent news item captioned Vedanta demerger decks cleared after Mumbai NCLT approves plan; Stock surges.  The response from the Company is awaited.,News Verification The Exchange has sought clarification from Vedanta Limited with respect to recent news item captioned Vedanta demerger decks cleared after Mumbai NCLT approves plan; Stock surges. The response from the Company is awaited.,OTHER,False,False,NEUTRAL,0.0,0.5,,v3.0,,,
IDEA,NSE_CORP_ANN,,Action(s) taken or orders passed,"Vodafone Idea Limited has informed the Exchange about disclosure under Regulation 30 of SEBI (Listing Obligations and Disclosure Requirements) Regulations, 2015 regarding order passed under the Central Goods and Services Tax Act, 2017","Action(s) taken or orders passed Vodafone Idea Limited has informed the Exchange about disclosure under Regulation 30 of SEBI (Listing Obligations and Disclosure Requirements) Regulations, 2015 regarding order passed under the Central Goods and Services Tax Act, 2017",OTHER,False,True,WATCH,7.5,0.95,PATTERN_MATCH_order passed.*tax,v3.0,,,
IDEA,NSE_CORP_ANN,,Action(s) taken or orders passed,"Vodafone Idea Limited has informed the Exchange about Disclosure under Regulation 30 of SEBI (Listing Obligations and Disclosure Requirements) Regulations, 2015 regarding orders passed under Central Goods and Services Tax Act, 2017","Action(s) taken or orders passed Vodafone Idea Limited has informed the Exchange about Disclosure under Regulation 30 of SEBI (Listing Obligations and Disclosure Requirements) Regulations, 2015 regarding orders passed under Central Goods and Services Tax Act, 2017",OTHER,False,True,WATCH,7.0,0.95,PATTERN_MATCH_tax.*order,v3.0,,,
IDEA,NSE_CORP_ANN,,Press Release,"Vodafone Idea Limited has informed the Exchange regarding a press release dated December 18, 2025, titled ""Disclosure under Regulation 30 of SEBI (Listing Obligations and Disclosure Requirements) Regulations, 2015   Release to media - Issuance of Non-Convertible Debentures aggregating to Rs. 3,300 Crore by Vodafone Idea Telecom Infrastructure Limited ( VITIL ), wholly owned subsidiary of the Company"".","Press Release Vodafone Idea Limited has informed the Exchange regarding a press release dated December 18, 2025, titled ""Disclosure under Regulation 30 of SEBI (Listing Obligations and Disclosure Requirements) Regulations, 2015 Release to media - Issuance of Non-Convertible Debentures aggregating to Rs. 3,300 Crore by Vodafone Idea Telecom Infrastructure Limited ( VITIL ), wholly owned subsidiary of the Company"".",OTHER,False,False,NEUTRAL,0.0,0.5,,v3.0,,,
IDEA,NSE_CORP_ANN,,Action(s) taken or orders passed,"Vodafone Idea Limited has informed the Exchange about Disclosure under Regulation 30 of SEBI (Listing Obligations and Disclosure Requirements) Regulations, 2015 regarding order passed under Central Goods and Services Tax Act, 2017","Action(s) taken or orders passed Vodafone Idea Limited has informed the Exchange about Disclosure under Regulation 30 of SEBI (Listing Obligations and Disclosure Requirements) Regulations, 2015 regarding order passed under Central Goods and Services Tax Act, 2017",OTHER,False,True,WATCH,7.5,0.95,PATTERN_MATCH_order passed.*tax,v3.0,,,
VOLTAS,NSE_CORP_ANN,,Trading Window,"Voltas Limited has informed the Exchange regarding the Trading Window closure pursuant to SEBI (Prohibition of Insider Trading) Regulations, 2015","Trading Window Voltas Limited has informed the Exchange regarding the Trading Window closure pursuant to SEBI (Prohibition of Insider Trading) Regulations, 2015",OTHER,True,False,NEUTRAL,0.0,0.5,,v3.0,,,
VOLTAS,NSE_CORP_ANN,,Analysts/Institutional Investor Meet/Con. Call Updates,Voltas Limited has informed the Exchange about Schedule of meet,Analysts/Institutional Investor Meet/Con. Call Updates Voltas Limited has informed the Exchange about Schedule of meet,OTHER,True,False,NEUTRAL,0.0,0.5,,v3.0,,,
VOLTAS,NSE_CORP_ANN,,General Updates,Voltas Limited has informed the Exchange about General Updates,General Updates Voltas Limited has informed the Exchange about General Updates,OTHER,False,False,NEUTRAL,0.0,0.5,,v3.0,,,
WIPRO,NSE_CORP_ANN,,Updates,"Wipro Limited has informed the Exchange regarding Allotment of 21,126 equity shares under ADS Restricted Stock Unit Plan 2004 and 73,687 equity shares under the Restricted Stock Unit Plan 2007 on December 22, 2025, pursuant to exercise of ESOPs.","Updates Wipro Limited has informed the Exchange regarding Allotment of 21,126 equity shares under ADS Restricted Stock Unit Plan 2004 and 73,687 equity shares under the Restricted Stock Unit Plan 2007 on December 22, 2025, pursuant to exercise of ESOPs.",OTHER,True,False,NEUTRAL,0.0,0.5,,v3.0,,,
WIPRO,NSE_CORP_ANN,,Updates,Wipro Limited has informed the Exchange regarding 'Grant of Restricted Stock Units'.,Updates Wipro Limited has informed the Exchange regarding 'Grant of Restricted Stock Units'.,OTHER,False,False,NEUTRAL,0.0,0.5,,v3.0,,,
YESBANK,NSE_CORP_ANN,,Analysts/Institutional Investor Meet/Con. Call Updates,"Disclosure under Regulation 30 read with clause 15 of Para A of Part A of Schedule III of the SEBI (Listing Obligations and Disclosure Requirements) Regulations, 2015 - Schedule of Analyst/ Institutional Investors Meet(s) / Call(s) / VC(s)   Advance Intimation - Kotak Flagship Conference: Chasing Growth 2026","Analysts/Institutional Investor Meet/Con. Call Updates Disclosure under Regulation 30 read with clause 15 of Para A of Part A of Schedule III of the SEBI (Listing Obligations and Disclosure Requirements) Regulations, 2015 - Schedule of Analyst/ Institutional Investors Meet(s) / Call(s) / VC(s) Advance Intimation - Kotak Flagship Conference: Chasing Growth 2026",OTHER,True,False,NEUTRAL,0.0,0.5,,v3.0,,,
YESBANK,NSE_CORP_ANN,,Analysts/Institutional Investor Meet/Con. Call Updates,"Disclosure under Regulation 30 read with clause 15 of Para A of Part A of Schedule IIIof the SEBI (Listing Obligations and Disclosure Requirements) Regulations, 2015 ( ListingRegulations ) Schedule of Analyst/ Institutional Investors Meet(s) / Call(s) / VC(s)   Advance Intimation - Nuvama India Investor Conference - India: Shoring up Self-Reliance","Analysts/Institutional Investor Meet/Con. Call Updates Disclosure under Regulation 30 read with clause 15 of Para A of Part A of Schedule IIIof the SEBI (Listing Obligations and Disclosure Requirements) Regulations, 2015 ( ListingRegulations ) Schedule of Analyst/ Institutional Investors Meet(s) / Call(s) / VC(s) Advance Intimation - Nuvama India Investor Conference - India: Shoring up Self-Reliance",OTHER,True,False,NEUTRAL,0.0,0.5,,v3.0,,,
YESBANK,NSE_CORP_ANN,,Allotment of Securities,Yes Bank Limited has informed the Exchange  regarding Intimation of allotment of equity shares pursuant to exercise of stock options under YBL ESOS 2020 Scheme and YBL RSU Plan 2024,Allotment of Securities Yes Bank Limited has informed the Exchange regarding Intimation of allotment of equity shares pursuant to exercise of stock options under YBL ESOS 2020 Scheme and YBL RSU Plan 2024,OTHER,True,False,NEUTRAL,0.0,0.5,,v3.0,,,
YESBANK,NSE_CORP_ANN,,General Updates,"Disclosure under Regulation 30 of the SEBI (Listing Obligations and Disclosure Requirements) Regulations, 2015 - ESG Rating","General Updates Disclosure under Regulation 30 of the SEBI (Listing Obligations and Disclosure Requirements) Regulations, 2015 - ESG Rating",OTHER,False,False,NEUTRAL,0.0,0.5,,v3.0,,,
ZYDUSLIFE,NSE_CORP_ANN,,Press Release,"Zydus Lifesciences Limited has informed the Exchange regarding a press release dated December 23, 2025, titled ""Zydus Partners with Bioeq for U.S. Commercialisation rights for NUFYMCO®, an Interchangeable Biosimilar to Lucentis®. NUFYMCO®. BLA has been approved by the USFDA"".","Press Release Zydus Lifesciences Limited has informed the Exchange regarding a press release dated December 23, 2025, titled ""Zydus Partners with Bioeq for U.S. Commercialisation rights for NUFYMCO®, an Interchangeable Biosimilar to Lucentis®. NUFYMCO®. BLA has been approved by the USFDA"".",OTHER,False,False,NEUTRAL,0.0,0.5,,v3.0,,,
ZYDUSLIFE,NSE_CORP_ANN,,Press Release,"Zydus Lifesciences Limited has informed the Exchange regarding a press release dated December 19, 2025, titled ""Zydus Lifesciences Limited signs an exclusive agreement with Myriad Genetics of US to launch cancer-risk assessment diagnostic tests in India"".","Press Release Zydus Lifesciences Limited has informed the Exchange regarding a press release dated December 19, 2025, titled ""Zydus Lifesciences Limited signs an exclusive agreement with Myriad Genetics of US to launch cancer-risk assessment diagnostic tests in India"".",OTHER,False,False,NEUTRAL,0.0,0.5,,v3.0,,,
ZYDUSLIFE,NSE_CORP_ANN,,General Updates,Zydus Lifesciences Limited has informed the Exchange about General Updates,General Updates Zydus Lifesciences Limited has informed the Exchange about General Updates,OTHER,False,False,NEUTRAL,0.0,0.5,,v3.0,,,
