symbol,source,headline,summary,published_at,nse_category,raw,score
360ONE,NSE_CORP_ANN,ESOP/ESOS/ESPS,360 ONE WAM LIMITED has informed the Exchange regarding Allotment of 212637  Shares.,,,"{'symbol': '360ONE', 'desc': 'ESOP/ESOS/ESPS', 'dt': '18122025174415', 'attchmntFile': 'https://nsearchives.nseindia.com/corporate/IIFLWAM_18122025174051_20251218AllotmentofESOPssigned.pdf', 'sm_name': '360 ONE WAM LIMITED', 'sm_isin': 'INE466L01020', 'an_dt': '18-Dec-2025 17:44:15', 'sort_date': '2025-12-18 17:44:15', 'seq_id': '106471532', 'smIndustry': None, 'orgid': None, 'attchmntText': '360 ONE WAM LIMITED has informed the Exchange regarding Allotment of 212637  Shares.', 'bflag': None, 'old_new': None, 'csvName': None, 'exchdisstime': '18-Dec-2025 17:44:16', 'difference': '00:00:01', 'fileSize': '182.81 KB', 'attFileSize': '182.81 KB', 'hasXbrl': True}",0.0
ADANIENSOL,NSE_CORP_ANN,Analysts/Institutional Investor Meet/Con. Call Updates,Adani Energy Solutions Limited has informed the Exchange about Interaction with Investors,,,"{'symbol': 'ADANIENSOL', 'desc': 'Analysts/Institutional Investor Meet/Con. Call Updates', 'dt': '15122025205848', 'attchmntFile': 'https://nsearchives.nseindia.com/corporate/ADANITRANS_15122025205801_SE_Intimation.pdf', 'sm_name': 'Adani Energy Solutions Limited', 'sm_isin': 'INE931S01010', 'an_dt': '15-Dec-2025 20:58:48', 'sort_date': '2025-12-15 20:58:48', 'seq_id': '106468688', 'smIndustry': None, 'orgid': None, 'attchmntText': 'Adani Energy Solutions Limited has informed the Exchange about Interaction with Investors', 'bflag': None, 'old_new': None, 'csvName': None, 'exchdisstime': '15-Dec-2025 20:58:49', 'difference': '00:00:01', 'fileSize': '144.53 KB', 'attFileSize': '144.53 KB', 'hasXbrl': True}",0.0
ADANIENT,NSE_CORP_ANN,Copy of Newspaper Publication,Adani Enterprises Limited has informed the Exchange about Newspaper Advertisement regarding the record date for the first Call on partly paid-up equity shares of the Company.,,,"{'symbol': 'ADANIENT', 'desc': 'Copy of Newspaper Publication', 'dt': '19122025202332', 'attchmntFile': 'https://nsearchives.nseindia.com/corporate/nishant_joshi_adani_com_19122025202321_AELRecorddateIntimationNewspaper.pdf', 'sm_name': 'Adani Enterprises Limited', 'sm_isin': 'INE423A01024', 'an_dt': '19-Dec-2025 20:23:32', 'sort_date': '2025-12-19 20:23:32', 'seq_id': '106472731', 'smIndustry': 'Trading', 'orgid': None, 'attchmntText': 'Adani Enterprises Limited has informed the Exchange about Newspaper Advertisement regarding the record date for the first Call on partly paid-up equity shares of the Company.', 'bflag': None, 'old_new': None, 'csvName': None, 'exchdisstime': '19-Dec-2025 20:23:32', 'difference': '00:00:00', 'fileSize': '5.61 MB', 'attFileSize': '5.61 MB', 'hasXbrl': True}",0.0
ADANIENT,NSE_CORP_ANN,Suspension of Trading,"Members of the Exchange are hereby informed that the trading in the partly paid-up equity shares (Series: E1, ISIN: IN9423A01030) of Adani Enterprises Limited shall be suspended w.e.f. December 23, 2025 (i.e., closing hours of trading on December 22, 2025) on account of first call money.",,,"{'symbol': 'ADANIENT', 'desc': 'Suspension of Trading', 'dt': '19122025175547', 'attchmntFile': '-', 'sm_name': 'Adani Enterprises Limited', 'sm_isin': 'INE423A01024', 'an_dt': '19-Dec-2025 17:55:47', 'sort_date': '2025-12-19 17:55:47', 'seq_id': '106472559', 'smIndustry': 'Trading', 'orgid': None, 'attchmntText': 'Members of the Exchange are hereby informed that the trading in the partly paid-up equity shares (Series: E1, ISIN: IN9423A01030) of Adani Enterprises Limited shall be suspended w.e.f. December 23, 2025 (i.e., closing hours of trading on December 22, 2025) on account of first call money.', 'bflag': None, 'old_new': None, 'csvName': None, 'exchdisstime': '19-Dec-2025 17:55:48', 'difference': '00:00:01', 'fileSize': '0 Bytes', 'attFileSize': '0 Bytes', 'hasXbrl': True}",0.0
ADANIENT,NSE_CORP_ANN,Incorporation,Adani Enterprises Limited has informed the Exchange about Incorporation,,,"{'symbol': 'ADANIENT', 'desc': 'Incorporation', 'dt': '18122025230359', 'attchmntFile': 'https://nsearchives.nseindia.com/corporate/nishant_joshi_adani_com_18122025230346_AELIntimationMDL18122025.pdf', 'sm_name': 'Adani Enterprises Limited', 'sm_isin': 'INE423A01024', 'an_dt': '18-Dec-2025 23:03:59', 'sort_date': '2025-12-18 23:03:59', 'seq_id': '106471906', 'smIndustry': 'Trading', 'orgid': None, 'attchmntText': 'Adani Enterprises Limited has informed the Exchange about Incorporation', 'bflag': None, 'old_new': None, 'csvName': None, 'exchdisstime': '18-Dec-2025 23:04:00', 'difference': '00:00:01', 'fileSize': '161.28 KB', 'attFileSize': '161.28 KB', 'hasXbrl': True}",0.0
ADANIENT,NSE_CORP_ANN,Record Date,Adani Enterprises Limited has informed the Exchange that Record date for the purpose of first Call on partly paid equity shares issued on rights basis is 23-Dec-2025.,,,"{'symbol': 'ADANIENT', 'desc': 'Record Date', 'dt': '17122025210045', 'attchmntFile': 'https://nsearchives.nseindia.com/corporate/nishant_joshi_adani_com_17122025205644_AELRICOutcome17122025.pdf', 'sm_name': 'Adani Enterprises Limited', 'sm_isin': 'INE423A01024', 'an_dt': '17-Dec-2025 21:00:45', 'sort_date': '2025-12-17 21:00:45', 'seq_id': '106470713', 'smIndustry': 'Trading', 'orgid': None, 'attchmntText': 'Adani Enterprises Limited has informed the Exchange that Record date for the purpose of first Call on partly paid equity shares issued on rights basis is 23-Dec-2025.', 'bflag': None, 'old_new': None, 'csvName': None, 'exchdisstime': '17-Dec-2025 21:00:46', 'difference': '00:00:01', 'fileSize': '141.17 KB', 'attFileSize': '141.17 KB', 'hasXbrl': True}",0.0
ADANIENT,NSE_CORP_ANN,Outcome of Board Meeting,"Adani Enterprises Limited has informed the Exchange regarding outcome of rights issue committee meeting held on December 17, 2025.",,,"{'symbol': 'ADANIENT', 'desc': 'Outcome of Board Meeting', 'dt': '17122025205205', 'attchmntFile': 'https://nsearchives.nseindia.com/corporate/nishant_joshi_adani_com_17122025204731_AELRICOutcome17122025.pdf', 'sm_name': 'Adani Enterprises Limited', 'sm_isin': 'INE423A01024', 'an_dt': '17-Dec-2025 20:52:05', 'sort_date': '2025-12-17 20:52:05', 'seq_id': '106470708', 'smIndustry': 'Trading', 'orgid': None, 'attchmntText': 'Adani Enterprises Limited has informed the Exchange regarding outcome of rights issue committee meeting held on December 17, 2025.', 'bflag': None, 'old_new': None, 'csvName': None, 'exchdisstime': '17-Dec-2025 20:52:07', 'difference': '00:00:02', 'fileSize': '141.17 KB', 'attFileSize': '141.17 KB', 'hasXbrl': True}",0.0
ADANIENT,NSE_CORP_ANN,Analysts/Institutional Investor Meet/Con. Call Updates,Adani Enterprises Limited has informed the Exchange about Schedule of meet,,,"{'symbol': 'ADANIENT', 'desc': 'Analysts/Institutional Investor Meet/Con. Call Updates', 'dt': '15122025231731', 'attchmntFile': 'https://nsearchives.nseindia.com/corporate/nishant_joshi_adani_com_15122025231700_AELIntimation15122025.pdf', 'sm_name': 'Adani Enterprises Limited', 'sm_isin': 'INE423A01024', 'an_dt': '15-Dec-2025 23:17:31', 'sort_date': '2025-12-15 23:17:31', 'seq_id': '106468836', 'smIndustry': 'Trading', 'orgid': None, 'attchmntText': 'Adani Enterprises Limited has informed the Exchange about Schedule of meet', 'bflag': None, 'old_new': None, 'csvName': None, 'exchdisstime': '15-Dec-2025 23:17:32', 'difference': '00:00:01', 'fileSize': '136.11 KB', 'attFileSize': '136.11 KB', 'hasXbrl': True}",0.0
ADANIGREEN,NSE_CORP_ANN,Analysts/Institutional Investor Meet/Con. Call Updates,Adani Green Energy Limited has informed the Exchange about Schedule of meet,,,"{'symbol': 'ADANIGREEN', 'desc': 'Analysts/Institutional Investor Meet/Con. Call Updates', 'dt': '15122025195233', 'attchmntFile': 'https://nsearchives.nseindia.com/corporate/ADANIGREEN_15122025195219_Letter.pdf', 'sm_name': 'Adani Green Energy Limited', 'sm_isin': 'INE364U01010', 'an_dt': '15-Dec-2025 19:52:33', 'sort_date': '2025-12-15 19:52:33', 'seq_id': '106468656', 'smIndustry': None, 'orgid': None, 'attchmntText': 'Adani Green Energy Limited has informed the Exchange about Schedule of meet', 'bflag': None, 'old_new': None, 'csvName': None, 'exchdisstime': '15-Dec-2025 19:52:34', 'difference': '00:00:01', 'fileSize': '185.04 KB', 'attFileSize': '185.04 KB', 'hasXbrl': True}",0.0
ABCAPITAL,NSE_CORP_ANN,ESOP/ESOS/ESPS,Aditya Birla Capital Limited has informed the Exchange regarding Allotment of 1375753  Shares.,,,"{'symbol': 'ABCAPITAL', 'desc': 'ESOP/ESOS/ESPS', 'dt': '17122025172449', 'attchmntFile': 'https://nsearchives.nseindia.com/corporate/ABCAPITAL_17122025172436_ESOPse17Dec2025signed.pdf', 'sm_name': 'Aditya Birla Capital Limited', 'sm_isin': 'INE674K01013', 'an_dt': '17-Dec-2025 17:24:49', 'sort_date': '2025-12-17 17:24:49', 'seq_id': '106470481', 'smIndustry': None, 'orgid': None, 'attchmntText': 'Aditya Birla Capital Limited has informed the Exchange regarding Allotment of 1375753  Shares.', 'bflag': None, 'old_new': None, 'csvName': None, 'exchdisstime': '17-Dec-2025 17:24:50', 'difference': '00:00:01', 'fileSize': '628.45 KB', 'attFileSize': '628.45 KB', 'hasXbrl': True}",0.0
ALKEM,NSE_CORP_ANN,Appointment,"Alkem Laboratories Limited has informed the Exchange regarding Appointment of Mr. Sunil Sawant as Senior Management Personnel of the company w.e.f. December 16, 2025.",,,"{'symbol': 'ALKEM', 'desc': 'Appointment', 'dt': '16122025111304', 'attchmntFile': 'https://nsearchives.nseindia.com/corporate/ALKEM_16122025111212_Reg30Appointmentofsunil_Dec25_Signed.pdf', 'sm_name': 'Alkem Laboratories Limited', 'sm_isin': 'INE540L01014', 'an_dt': '16-Dec-2025 11:13:04', 'sort_date': '2025-12-16 11:13:04', 'seq_id': '106469176', 'smIndustry': None, 'orgid': None, 'attchmntText': 'Alkem Laboratories Limited has informed the Exchange regarding Appointment of Mr. Sunil Sawant as Senior Management Personnel of the company w.e.f. December 16, 2025.', 'bflag': None, 'old_new': None, 'csvName': None, 'exchdisstime': '16-Dec-2025 11:13:05', 'difference': '00:00:01', 'fileSize': '604.16 KB', 'attFileSize': '604.16 KB', 'hasXbrl': True}",0.0
ALKEM,NSE_CORP_ANN,Analysts/Institutional Investor Meet/Con. Call Updates,Alkem Laboratories Limited has informed the Exchange about Schedule of meet,,,"{'symbol': 'ALKEM', 'desc': 'Analysts/Institutional Investor Meet/Con. Call Updates', 'dt': '15122025172019', 'attchmntFile': 'https://nsearchives.nseindia.com/corporate/ALKEM_15122025171953_ScheduleofInvestorMeet_December_2025_Signed.pdf', 'sm_name': 'Alkem Laboratories Limited', 'sm_isin': 'INE540L01014', 'an_dt': '15-Dec-2025 17:20:19', 'sort_date': '2025-12-15 17:20:19', 'seq_id': '106468504', 'smIndustry': None, 'orgid': None, 'attchmntText': 'Alkem Laboratories Limited has informed the Exchange about Schedule of meet', 'bflag': None, 'old_new': None, 'csvName': None, 'exchdisstime': '15-Dec-2025 17:20:20', 'difference': '00:00:01', 'fileSize': '181.33 KB', 'attFileSize': '181.33 KB', 'hasXbrl': True}",0.0
AMBER,NSE_CORP_ANN,General Updates,Amber Enterprises India Limited has informed the Exchange that the Company is planning to invest Rs. 500 Crore for expansion of its state-of-the-art Research & Development (R&D) Centre in Punjab.,,,"{'symbol': 'AMBER', 'desc': 'General Updates', 'dt': '18122025185331', 'attchmntFile': 'https://nsearchives.nseindia.com/corporate/AMBER_18122025185257_SE_Intimation_Disclosure_FacilityExpansion_18122025.pdf', 'sm_name': 'Amber Enterprises India Limited', 'sm_isin': 'INE371P01015', 'an_dt': '18-Dec-2025 18:53:31', 'sort_date': '2025-12-18 18:53:31', 'seq_id': '106471622', 'smIndustry': None, 'orgid': None, 'attchmntText': 'Amber Enterprises India Limited has informed the Exchange that the Company is planning to invest Rs. 500 Crore for expansion of its state-of-the-art Research & Development (R&D) Centre in Punjab.', 'bflag': None, 'old_new': None, 'csvName': None, 'exchdisstime': '18-Dec-2025 18:53:32', 'difference': '00:00:01', 'fileSize': '248.96 KB', 'attFileSize': '248.96 KB', 'hasXbrl': True}",0.0
ANGELONE,NSE_CORP_ANN,Trading Window,"Angel One Limited has informed the Exchange regarding the Trading Window closure pursuant to SEBI (Prohibition of Insider Trading) Regulations, 2015",,,"{'symbol': 'ANGELONE', 'desc': 'Trading Window', 'dt': '16122025171808', 'attchmntFile': 'https://nsearchives.nseindia.com/corporate/ANGEL8896_16122025171729_IntimationBoardMeetingandearningscall16122025.pdf', 'sm_name': 'Angel One Limited', 'sm_isin': 'INE732I01013', 'an_dt': '16-Dec-2025 17:18:08', 'sort_date': '2025-12-16 17:18:08', 'seq_id': '106469489', 'smIndustry': None, 'orgid': None, 'attchmntText': 'Angel One Limited has informed the Exchange regarding the Trading Window closure pursuant to SEBI (Prohibition of Insider Trading) Regulations, 2015', 'bflag': None, 'old_new': None, 'csvName': None, 'exchdisstime': '16-Dec-2025 17:18:09', 'difference': '00:00:01', 'fileSize': '543.32 KB', 'attFileSize': '543.32 KB', 'hasXbrl': True}",0.0
ASIANPAINT,NSE_CORP_ANN,Trading Window,"Asian Paints Limited has informed the Exchange regarding the Trading Window closure pursuant to SEBI (Prohibition of Insider Trading) Regulations, 2015",,,"{'symbol': 'ASIANPAINT', 'desc': 'Trading Window', 'dt': '15122025215439', 'attchmntFile': 'https://nsearchives.nseindia.com/corporate/ASIANPAINT_15122025215419_SEintimationtradingwindowclosureDec25.pdf', 'sm_name': 'Asian Paints Limited', 'sm_isin': 'INE021A01018', 'an_dt': '15-Dec-2025 21:54:39', 'sort_date': '2025-12-15 21:54:39', 'seq_id': '106468703', 'smIndustry': 'Paints', 'orgid': None, 'attchmntText': 'Asian Paints Limited has informed the Exchange regarding the Trading Window closure pursuant to SEBI (Prohibition of Insider Trading) Regulations, 2015', 'bflag': None, 'old_new': None, 'csvName': None, 'exchdisstime': '15-Dec-2025 21:54:40', 'difference': '00:00:01', 'fileSize': '283.78 KB', 'attFileSize': '283.78 KB', 'hasXbrl': True}",0.0
AUROPHARMA,NSE_CORP_ANN,General Updates,"Aurobindo Pharma Limited has informed the Exchange about completion of US FDA Inspection at Unit-IV of APL Healthcare Limited, a wholly owned subsidiary of the Company",,,"{'symbol': 'AUROPHARMA', 'desc': 'General Updates', 'dt': '18122025100535', 'attchmntFile': 'https://nsearchives.nseindia.com/corporate/AUROPHARMA_18122025100448_LtrToSEsAPLHCUnitVUSFDAinspection18122025.pdf', 'sm_name': 'Aurobindo Pharma Limited', 'sm_isin': 'INE406A01029', 'an_dt': '18-Dec-2025 10:05:35', 'sort_date': '2025-12-18 10:05:35', 'seq_id': '106471066', 'smIndustry': 'Pharmaceuticals', 'orgid': None, 'attchmntText': 'Aurobindo Pharma Limited has informed the Exchange about completion of US FDA Inspection at Unit-IV of APL Healthcare Limited, a wholly owned subsidiary of the Company', 'bflag': None, 'old_new': None, 'csvName': None, 'exchdisstime': '18-Dec-2025 10:05:36', 'difference': '00:00:01', 'fileSize': '247.67 KB', 'attFileSize': '247.67 KB', 'hasXbrl': True}",0.0
AUROPHARMA,NSE_CORP_ANN,Analysts/Institutional Investor Meet/Con. Call Updates,Aurobindo Pharma Limited has informed the Exchange about Schedule of meet,,,"{'symbol': 'AUROPHARMA', 'desc': 'Analysts/Institutional Investor Meet/Con. Call Updates', 'dt': '15122025143953', 'attchmntFile': 'https://nsearchives.nseindia.com/corporate/AUROPHARMA_15122025143928_LtrToSEsInvestorMeeBK15122025.pdf', 'sm_name': 'Aurobindo Pharma Limited', 'sm_isin': 'INE406A01029', 'an_dt': '15-Dec-2025 14:39:53', 'sort_date': '2025-12-15 14:39:53', 'seq_id': '106468336', 'smIndustry': 'Pharmaceuticals', 'orgid': None, 'attchmntText': 'Aurobindo Pharma Limited has informed the Exchange about Schedule of meet', 'bflag': None, 'old_new': None, 'csvName': None, 'exchdisstime': '15-Dec-2025 14:39:54', 'difference': '00:00:01', 'fileSize': '216.17 KB', 'attFileSize': '216.17 KB', 'hasXbrl': True}",0.0
AXISBANK,NSE_CORP_ANN,Shareholders meeting,Axis Bank Limited has informed the Exchange regarding Notice of Postal Ballot,,,"{'symbol': 'AXISBANK', 'desc': 'Shareholders meeting', 'dt': '19122025093836', 'attchmntFile': 'https://nsearchives.nseindia.com/corporate/AXISBANK1_19122025093718_SEintimationPostalBallot19122025-signed.pdf', 'sm_name': 'Axis Bank Limited', 'sm_isin': 'INE238A01026', 'an_dt': '19-Dec-2025 09:38:36', 'sort_date': '2025-12-19 09:38:36', 'seq_id': '106472025', 'smIndustry': 'Banks', 'orgid': None, 'attchmntText': 'Axis Bank Limited has informed the Exchange regarding Notice of Postal Ballot', 'bflag': None, 'old_new': None, 'csvName': None, 'exchdisstime': '19-Dec-2025 09:38:37', 'difference': '00:00:01', 'fileSize': '429.06 KB', 'attFileSize': '429.06 KB', 'hasXbrl': True}",0.0
AXISBANK,NSE_CORP_ANN,Change in Director(s),Axis Bank Limited has informed the Exchange regarding Change in Director(s) of the company.,,,"{'symbol': 'AXISBANK', 'desc': 'Change in Director(s)', 'dt': '18122025101244', 'attchmntFile': 'https://nsearchives.nseindia.com/corporate/AXISBANK1_18122025101018_SE_ID_appointmentSigned18122025.pdf', 'sm_name': 'Axis Bank Limited', 'sm_isin': 'INE238A01026', 'an_dt': '18-Dec-2025 10:12:44', 'sort_date': '2025-12-18 10:12:44', 'seq_id': '106471123', 'smIndustry': 'Banks', 'orgid': None, 'attchmntText': 'Axis Bank Limited has informed the Exchange regarding Change in Director(s) of the company.', 'bflag': None, 'old_new': None, 'csvName': None, 'exchdisstime': '18-Dec-2025 10:12:45', 'difference': '00:00:01', 'fileSize': '166.81 KB', 'attFileSize': '166.81 KB', 'hasXbrl': True}",0.0
AXISBANK,NSE_CORP_ANN,ESOP/ESOS/ESPS,Axis Bank Limited has informed the Exchange regarding Allotment of 245902  Shares.,,,"{'symbol': 'AXISBANK', 'desc': 'ESOP/ESOS/ESPS', 'dt': '16122025201221', 'attchmntFile': 'https://nsearchives.nseindia.com/corporate/AXISBANK1_16122025201156_SE16122025Signed.pdf', 'sm_name': 'Axis Bank Limited', 'sm_isin': 'INE238A01026', 'an_dt': '16-Dec-2025 20:12:21', 'sort_date': '2025-12-16 20:12:21', 'seq_id': '106469667', 'smIndustry': 'Banks', 'orgid': None, 'attchmntText': 'Axis Bank Limited has informed the Exchange regarding Allotment of 245902  Shares.', 'bflag': None, 'old_new': None, 'csvName': None, 'exchdisstime': '16-Dec-2025 20:12:22', 'difference': '00:00:01', 'fileSize': '157.77 KB', 'attFileSize': '157.77 KB', 'hasXbrl': True}",0.0
AXISBANK,NSE_CORP_ANN,Analysts/Institutional Investor Meet/Con. Call Updates,Axis Bank Limited has informed the Exchange about Presentation,,,"{'symbol': 'AXISBANK', 'desc': 'Analysts/Institutional Investor Meet/Con. Call Updates', 'dt': '15122025200057', 'attchmntFile': 'https://nsearchives.nseindia.com/corporate/AXISBANK1_15122025200024_SEAnalystPresentation15122025Signed.pdf', 'sm_name': 'Axis Bank Limited', 'sm_isin': 'INE238A01026', 'an_dt': '15-Dec-2025 20:00:57', 'sort_date': '2025-12-15 20:00:57', 'seq_id': '106468660', 'smIndustry': 'Banks', 'orgid': None, 'attchmntText': 'Axis Bank Limited has informed the Exchange about Presentation', 'bflag': None, 'old_new': None, 'csvName': None, 'exchdisstime': '15-Dec-2025 20:00:59', 'difference': '00:00:02', 'fileSize': '164.36 KB', 'attFileSize': '164.36 KB', 'hasXbrl': True}",0.0
BSE,NSE_CORP_ANN,Change in Management,BSE Limited has informed the Exchange about re-designation of Key Management Personnel and Senior Management,,,"{'symbol': 'BSE', 'desc': 'Change in Management', 'dt': '17122025183537', 'attchmntFile': 'https://nsearchives.nseindia.com/corporate/BSE1_17122025183508_NSEintimation.pdf', 'sm_name': 'BSE Limited', 'sm_isin': 'INE118H01025', 'an_dt': '17-Dec-2025 18:35:37', 'sort_date': '2025-12-17 18:35:37', 'seq_id': '106470586', 'smIndustry': None, 'orgid': None, 'attchmntText': 'BSE Limited has informed the Exchange about re-designation of Key Management Personnel and Senior Management', 'bflag': None, 'old_new': None, 'csvName': None, 'exchdisstime': '17-Dec-2025 18:35:38', 'difference': '00:00:01', 'fileSize': '938.97 KB', 'attFileSize': '938.97 KB', 'hasXbrl': True}",0.0
BSE,NSE_CORP_ANN,Outcome of Board Meeting,"BSE Limited has informed the Exchange regarding Outcome of Board Meeting held on December 17, 2025.",,,"{'symbol': 'BSE', 'desc': 'Outcome of Board Meeting', 'dt': '17122025183337', 'attchmntFile': 'https://nsearchives.nseindia.com/corporate/BSE1_17122025183307_NSEintimation.pdf', 'sm_name': 'BSE Limited', 'sm_isin': 'INE118H01025', 'an_dt': '17-Dec-2025 18:33:37', 'sort_date': '2025-12-17 18:33:37', 'seq_id': '106470582', 'smIndustry': None, 'orgid': None, 'attchmntText': 'BSE Limited has informed the Exchange regarding Outcome of Board Meeting held on December 17, 2025.', 'bflag': None, 'old_new': None, 'csvName': None, 'exchdisstime': '17-Dec-2025 18:33:38', 'difference': '00:00:01', 'fileSize': '938.97 KB', 'attFileSize': '938.97 KB', 'hasXbrl': True}",0.0
BSE,NSE_CORP_ANN,Action(s) taken or orders passed,BSE Limited has informed the Exchange about Action(s) taken or orders passed.,,,"{'symbol': 'BSE', 'desc': 'Action(s) taken or orders passed', 'dt': '17122025173509', 'attchmntFile': 'https://nsearchives.nseindia.com/corporate/BSE1_17122025173302_NSEintimation.pdf', 'sm_name': 'BSE Limited', 'sm_isin': 'INE118H01025', 'an_dt': '17-Dec-2025 17:35:09', 'sort_date': '2025-12-17 17:35:09', 'seq_id': '106470501', 'smIndustry': None, 'orgid': None, 'attchmntText': 'BSE Limited has informed the Exchange about Action(s) taken or orders passed.', 'bflag': None, 'old_new': None, 'csvName': None, 'exchdisstime': '17-Dec-2025 17:35:11', 'difference': '00:00:02', 'fileSize': '832.12 KB', 'attFileSize': '832.12 KB', 'hasXbrl': True}",0.0
BSE,NSE_CORP_ANN,Change in Director(s),BSE Limited has informed the Exchange regarding Change in Director(s) of the company.,,,"{'symbol': 'BSE', 'desc': 'Change in Director(s)', 'dt': '16122025190858', 'attchmntFile': 'https://nsearchives.nseindia.com/corporate/BSE1_16122025190837_NSEintimation.pdf', 'sm_name': 'BSE Limited', 'sm_isin': 'INE118H01025', 'an_dt': '16-Dec-2025 19:08:58', 'sort_date': '2025-12-16 19:08:58', 'seq_id': '106469618', 'smIndustry': None, 'orgid': None, 'attchmntText': 'BSE Limited has informed the Exchange regarding Change in Director(s) of the company.', 'bflag': None, 'old_new': None, 'csvName': None, 'exchdisstime': '16-Dec-2025 19:08:59', 'difference': '00:00:01', 'fileSize': '837.65 KB', 'attFileSize': '837.65 KB', 'hasXbrl': True}",0.0
BANDHANBNK,NSE_CORP_ANN,Analysts/Institutional Investor Meet/Con. Call Updates,"Bandhan Bank Limited has informed the Exchange about Update on the Analysts / Institutional Investors Meet held on December 18, 2025",,,"{'symbol': 'BANDHANBNK', 'desc': 'Analysts/Institutional Investor Meet/Con. Call Updates', 'dt': '18122025192619', 'attchmntFile': 'https://nsearchives.nseindia.com/corporate/BANDHANBNK_18122025192606_SE_Disclosure_Investors_Conference_Outcome_18122025_vf.pdf', 'sm_name': 'Bandhan Bank Limited', 'sm_isin': 'INE545U01014', 'an_dt': '18-Dec-2025 19:26:19', 'sort_date': '2025-12-18 19:26:19', 'seq_id': '106471644', 'smIndustry': None, 'orgid': None, 'attchmntText': 'Bandhan Bank Limited has informed the Exchange about Update on the Analysts / Institutional Investors Meet held on December 18, 2025', 'bflag': None, 'old_new': None, 'csvName': None, 'exchdisstime': '18-Dec-2025 19:26:20', 'difference': '00:00:01', 'fileSize': '261.13 KB', 'attFileSize': '261.13 KB', 'hasXbrl': True}",0.0
BANDHANBNK,NSE_CORP_ANN,Resignation of Independent director,BANDHAN BANK LIMITED has informed the Exchange about Resignation of Independent director.,,,"{'symbol': 'BANDHANBNK', 'desc': 'Resignation of Independent director', 'dt': '15122025200533', 'attchmntFile': 'https://nsearchives.nseindia.com/corporate/BANDHANBNK_ROID_73990_KMP_Doc.zip', 'sm_name': 'Bandhan Bank Limited', 'sm_isin': 'INE545U01014', 'an_dt': '15-Dec-2025 20:05:33', 'sort_date': '2025-12-15 20:05:33', 'seq_id': '106468666', 'smIndustry': None, 'orgid': None, 'attchmntText': 'BANDHAN BANK LIMITED has informed the Exchange about Resignation of Independent director.', 'bflag': None, 'old_new': None, 'csvName': None, 'exchdisstime': '15-Dec-2025 20:05:34', 'difference': '00:00:01', 'fileSize': '92.81 KB', 'attFileSize': '92.81 KB', 'hasXbrl': True}",0.0
BANDHANBNK,NSE_CORP_ANN,Change in Director(s),Bandhan Bank Limited has informed the Exchange regarding Change in Director(s) of the company.,,,"{'symbol': 'BANDHANBNK', 'desc': 'Change in Director(s)', 'dt': '15122025191857', 'attchmntFile': 'https://nsearchives.nseindia.com/corporate/BANDHANBNK_15122025191427_SE_Disclosure_15122025_sd.pdf', 'sm_name': 'Bandhan Bank Limited', 'sm_isin': 'INE545U01014', 'an_dt': '15-Dec-2025 19:18:57', 'sort_date': '2025-12-15 19:18:57', 'seq_id': '106468630', 'smIndustry': None, 'orgid': None, 'attchmntText': 'Bandhan Bank Limited has informed the Exchange regarding Change in Director(s) of the company.', 'bflag': None, 'old_new': None, 'csvName': None, 'exchdisstime': '15-Dec-2025 19:18:57', 'difference': '00:00:00', 'fileSize': '701.45 KB', 'attFileSize': '701.45 KB', 'hasXbrl': True}",0.0
BANKBARODA,NSE_CORP_ANN,General Updates,Bank Of Baroda has informed the Exchange about Disclosure Under Regulation 30 of SEBI (LODR),,,"{'symbol': 'BANKBARODA', 'desc': 'General Updates', 'dt': '19122025201337', 'attchmntFile': 'https://nsearchives.nseindia.com/corporate/BANKBARODA_19122025201324_SEIntimation.pdf', 'sm_name': 'Bank of Baroda', 'sm_isin': 'INE028A01013', 'an_dt': '19-Dec-2025 20:13:37', 'sort_date': '2025-12-19 20:13:37', 'seq_id': '106472725', 'smIndustry': 'Banks', 'orgid': None, 'attchmntText': 'Bank Of Baroda has informed the Exchange about Disclosure Under Regulation 30 of SEBI (LODR)', 'bflag': None, 'old_new': None, 'csvName': None, 'exchdisstime': '19-Dec-2025 20:13:38', 'difference': '00:00:01', 'fileSize': '488.82 KB', 'attFileSize': '488.82 KB', 'hasXbrl': True}",0.0
BANKINDIA,NSE_CORP_ANN,Change in Management,Bank Of India has informed the Exchange about change in Assignment of Senior Management w.e.f. 20.12.2025.,,,"{'symbol': 'BANKINDIA', 'desc': 'Change in Management', 'dt': '20122025180024', 'attchmntFile': 'https://nsearchives.nseindia.com/corporate/BANKINDIA5_20122025180006_CGM.pdf', 'sm_name': 'Bank of India', 'sm_isin': 'INE084A01016', 'an_dt': '20-Dec-2025 18:00:24', 'sort_date': '2025-12-20 18:00:24', 'seq_id': '106473164', 'smIndustry': 'Banks', 'orgid': None, 'attchmntText': 'Bank Of India has informed the Exchange about change in Assignment of Senior Management w.e.f. 20.12.2025.', 'bflag': None, 'old_new': None, 'csvName': None, 'exchdisstime': '20-Dec-2025 18:00:25', 'difference': '00:00:01', 'fileSize': '73.79 KB', 'attFileSize': '73.79 KB', 'hasXbrl': True}",0.0
BANKINDIA,NSE_CORP_ANN,Credit Rating,Bank Of India has informed the Exchange about Credit Rating,,,"{'symbol': 'BANKINDIA', 'desc': 'Credit Rating', 'dt': '19122025172608', 'attchmntFile': 'https://nsearchives.nseindia.com/corporate/BANKINDIA5_19122025172543_CRISIL.pdf', 'sm_name': 'Bank of India', 'sm_isin': 'INE084A01016', 'an_dt': '19-Dec-2025 17:26:08', 'sort_date': '2025-12-19 17:26:08', 'seq_id': '106472516', 'smIndustry': 'Banks', 'orgid': None, 'attchmntText': 'Bank Of India has informed the Exchange about Credit Rating', 'bflag': None, 'old_new': None, 'csvName': None, 'exchdisstime': '19-Dec-2025 17:26:09', 'difference': '00:00:01', 'fileSize': '3.10 MB', 'attFileSize': '3.10 MB', 'hasXbrl': True}",0.0
BANKINDIA,NSE_CORP_ANN,Analysts/Institutional Investor Meet/Con. Call Updates,Bank Of India has informed the Exchange about Investor/Analyst Meet,,,"{'symbol': 'BANKINDIA', 'desc': 'Analysts/Institutional Investor Meet/Con. Call Updates', 'dt': '17122025185012', 'attchmntFile': 'https://nsearchives.nseindia.com/corporate/BANKINDIA5_17122025184929_Milleniumpartners.pdf', 'sm_name': 'Bank of India', 'sm_isin': 'INE084A01016', 'an_dt': '17-Dec-2025 18:50:12', 'sort_date': '2025-12-17 18:50:12', 'seq_id': '106470608', 'smIndustry': 'Banks', 'orgid': None, 'attchmntText': 'Bank Of India has informed the Exchange about Investor/Analyst Meet', 'bflag': None, 'old_new': None, 'csvName': None, 'exchdisstime': '17-Dec-2025 18:50:13', 'difference': '00:00:01', 'fileSize': '54.46 KB', 'attFileSize': '54.46 KB', 'hasXbrl': True}",0.0
BHARATFORG,NSE_CORP_ANN,Credit Rating,Bharat Forge Limited has informed the Exchange about Credit Rating,,,"{'symbol': 'BHARATFORG', 'desc': 'Credit Rating', 'dt': '20122025154557', 'attchmntFile': 'https://nsearchives.nseindia.com/corporate/ANILSHINDE_20122025154544_SEIntimationCreditRating.pdf', 'sm_name': 'Bharat Forge Limited', 'sm_isin': 'INE465A01025', 'an_dt': '20-Dec-2025 15:45:57', 'sort_date': '2025-12-20 15:45:57', 'seq_id': '106473122', 'smIndustry': 'Castings/Forgings', 'orgid': None, 'attchmntText': 'Bharat Forge Limited has informed the Exchange about Credit Rating', 'bflag': None, 'old_new': None, 'csvName': None, 'exchdisstime': '20-Dec-2025 15:45:57', 'difference': '00:00:00', 'fileSize': '172.25 KB', 'attFileSize': '172.25 KB', 'hasXbrl': True}",0.0
BHEL,NSE_CORP_ANN,Amendment to AOA/MOA,Bharat Heavy Electricals Limited has informed the Exchange regarding the Amendment to AOA/MOA of the company.,,,"{'symbol': 'BHEL', 'desc': 'Amendment to AOA/MOA', 'dt': '18122025185447', 'attchmntFile': 'https://nsearchives.nseindia.com/corporate/BHEL_18122025185420_SE_intimation_for_Amendment_AOA_1712.pdf', 'sm_name': 'Bharat Heavy Electricals Limited', 'sm_isin': 'INE257A01018', 'an_dt': '18-Dec-2025 18:54:47', 'sort_date': '2025-12-18 18:54:47', 'seq_id': '106471627', 'smIndustry': 'Electrical Equipment', 'orgid': None, 'attchmntText': 'Bharat Heavy Electricals Limited has informed the Exchange regarding the Amendment to AOA/MOA of the company.', 'bflag': None, 'old_new': None, 'csvName': None, 'exchdisstime': '18-Dec-2025 18:54:48', 'difference': '00:00:01', 'fileSize': '242.23 KB', 'attFileSize': '242.23 KB', 'hasXbrl': True}",0.0
BHEL,NSE_CORP_ANN,Shareholders meeting,Voting Results of Postal Ballot along with Scrutinizer's Report,,,"{'symbol': 'BHEL', 'desc': 'Shareholders meeting', 'dt': '18122025184657', 'attchmntFile': 'https://nsearchives.nseindia.com/corporate/BHEL_18122025184601_44postalballot2025.pdf', 'sm_name': 'Bharat Heavy Electricals Limited', 'sm_isin': 'INE257A01018', 'an_dt': '18-Dec-2025 18:46:57', 'sort_date': '2025-12-18 18:46:57', 'seq_id': '106471619', 'smIndustry': 'Electrical Equipment', 'orgid': None, 'attchmntText': ""Voting Results of Postal Ballot along with Scrutinizer's Report"", 'bflag': None, 'old_new': None, 'csvName': None, 'exchdisstime': '18-Dec-2025 18:46:58', 'difference': '00:00:01', 'fileSize': '1.96 MB', 'attFileSize': '1.96 MB', 'hasXbrl': True}",0.0
BHEL,NSE_CORP_ANN,Change in Management,Bharat Heavy Electricals Limited has informed the Exchange about change in Management,,,"{'symbol': 'BHEL', 'desc': 'Change in Management', 'dt': '15122025224346', 'attchmntFile': 'https://nsearchives.nseindia.com/corporate/BHELCC_15122025224208_BHEL_InformatonforSE.pdf', 'sm_name': 'Bharat Heavy Electricals Limited', 'sm_isin': 'INE257A01018', 'an_dt': '15-Dec-2025 22:43:46', 'sort_date': '2025-12-15 22:43:46', 'seq_id': '106468726', 'smIndustry': 'Electrical Equipment', 'orgid': None, 'attchmntText': 'Bharat Heavy Electricals Limited has informed the Exchange about change in Management', 'bflag': None, 'old_new': None, 'csvName': None, 'exchdisstime': '15-Dec-2025 22:43:46', 'difference': '00:00:00', 'fileSize': '205.82 KB', 'attFileSize': '205.82 KB', 'hasXbrl': True}",0.0
BPCL,NSE_CORP_ANN,General Updates,Bharat Petroleum Corporation Limited has informed the Exchange about General Updates,,,"{'symbol': 'BPCL', 'desc': 'General Updates', 'dt': '18122025185525', 'attchmntFile': 'https://nsearchives.nseindia.com/corporate/BPCL22_18122025185517_stexintimationjvcoalindia181225s.pdf', 'sm_name': 'Bharat Petroleum Corporation Limited', 'sm_isin': 'INE029A01011', 'an_dt': '18-Dec-2025 18:55:25', 'sort_date': '2025-12-18 18:55:25', 'seq_id': '106471628', 'smIndustry': 'Refineries', 'orgid': None, 'attchmntText': 'Bharat Petroleum Corporation Limited has informed the Exchange about General Updates', 'bflag': None, 'old_new': None, 'csvName': None, 'exchdisstime': '18-Dec-2025 18:55:26', 'difference': '00:00:01', 'fileSize': '353.94 KB', 'attFileSize': '353.94 KB', 'hasXbrl': True}",0.0
BPCL,NSE_CORP_ANN,Copy of Newspaper Publication,Bharat Petroleum Corporation Limited has informed the Exchange about Copy of Newspaper Publication,,,"{'symbol': 'BPCL', 'desc': 'Copy of Newspaper Publication', 'dt': '17122025151954', 'attchmntFile': 'https://nsearchives.nseindia.com/corporate/BPCL22_17122025151947_stexnewspaperadvtintimation171225s.pdf', 'sm_name': 'Bharat Petroleum Corporation Limited', 'sm_isin': 'INE029A01011', 'an_dt': '17-Dec-2025 15:19:54', 'sort_date': '2025-12-17 15:19:54', 'seq_id': '106470365', 'smIndustry': 'Refineries', 'orgid': None, 'attchmntText': 'Bharat Petroleum Corporation Limited has informed the Exchange about Copy of Newspaper Publication', 'bflag': None, 'old_new': None, 'csvName': None, 'exchdisstime': '17-Dec-2025 15:19:55', 'difference': '00:00:01', 'fileSize': '1.43 MB', 'attFileSize': '1.43 MB', 'hasXbrl': True}",0.0
BHARTIARTL,NSE_CORP_ANN,Copy of Newspaper Publication,Bharti Airtel Limited has informed the Exchange about Copy of Newspaper Publication,,,"{'symbol': 'BHARTIARTL', 'desc': 'Copy of Newspaper Publication', 'dt': '19122025134716', 'attchmntFile': 'https://nsearchives.nseindia.com/corporate/BHARTIARTL_19122025134631_StxnewsDec19Signed.pdf', 'sm_name': 'Bharti Airtel Limited', 'sm_isin': 'INE397D01024', 'an_dt': '19-Dec-2025 13:47:16', 'sort_date': '2025-12-19 13:47:16', 'seq_id': '106472320', 'smIndustry': 'Telecommunication - Services', 'orgid': None, 'attchmntText': 'Bharti Airtel Limited has informed the Exchange about Copy of Newspaper Publication', 'bflag': None, 'old_new': None, 'csvName': None, 'exchdisstime': '19-Dec-2025 13:47:17', 'difference': '00:00:01', 'fileSize': '2.59 MB', 'attFileSize': '2.59 MB', 'hasXbrl': True}",0.0
BHARTIARTL,NSE_CORP_ANN,Amendment to AOA/MOA,Bharti Airtel Limited has informed the Exchange regarding the Amendment to AOA/MOA of the company.,,,"{'symbol': 'BHARTIARTL', 'desc': 'Amendment to AOA/MOA', 'dt': '18122025193406', 'attchmntFile': 'https://nsearchives.nseindia.com/corporate/BHARTIARTL_18122025193347_SHA.pdf', 'sm_name': 'Bharti Airtel Limited', 'sm_isin': 'INE397D01024', 'an_dt': '18-Dec-2025 19:34:06', 'sort_date': '2025-12-18 19:34:06', 'seq_id': '106471652', 'smIndustry': 'Telecommunication - Services', 'orgid': None, 'attchmntText': 'Bharti Airtel Limited has informed the Exchange regarding the Amendment to AOA/MOA of the company.', 'bflag': None, 'old_new': None, 'csvName': None, 'exchdisstime': '18-Dec-2025 19:34:07', 'difference': '00:00:01', 'fileSize': '2.20 MB', 'attFileSize': '2.20 MB', 'hasXbrl': True}",0.0
BHARTIARTL,NSE_CORP_ANN,Agreements,Bharti Airtel Limited has informed the Exchange about Agreements,,,"{'symbol': 'BHARTIARTL', 'desc': 'Agreements', 'dt': '18122025193123', 'attchmntFile': 'https://nsearchives.nseindia.com/corporate/BHARTIARTL_18122025193046_SHA.pdf', 'sm_name': 'Bharti Airtel Limited', 'sm_isin': 'INE397D01024', 'an_dt': '18-Dec-2025 19:31:23', 'sort_date': '2025-12-18 19:31:23', 'seq_id': '106471649', 'smIndustry': 'Telecommunication - Services', 'orgid': None, 'attchmntText': 'Bharti Airtel Limited has informed the Exchange about Agreements', 'bflag': None, 'old_new': None, 'csvName': None, 'exchdisstime': '18-Dec-2025 19:31:24', 'difference': '00:00:01', 'fileSize': '2.20 MB', 'attFileSize': '2.20 MB', 'hasXbrl': True}",0.0
BHARTIARTL,NSE_CORP_ANN,General Updates,"Bharti Airtel Limited has informed the Exchange about the outcome of the Board meeting dt. December 18, 2025 w.r.t. First and Final Call on partly paid-up equity shares.",,,"{'symbol': 'BHARTIARTL', 'desc': 'General Updates', 'dt': '18122025183208', 'attchmntFile': 'https://nsearchives.nseindia.com/corporate/BHARTIARTL_18122025183131_CallMoneyIntimation.pdf', 'sm_name': 'Bharti Airtel Limited', 'sm_isin': 'INE397D01024', 'an_dt': '18-Dec-2025 18:32:08', 'sort_date': '2025-12-18 18:32:08', 'seq_id': '106471598', 'smIndustry': 'Telecommunication - Services', 'orgid': None, 'attchmntText': 'Bharti Airtel Limited has informed the Exchange about the outcome of the Board meeting dt. December 18, 2025 w.r.t. First and Final Call on partly paid-up equity shares.', 'bflag': None, 'old_new': None, 'csvName': None, 'exchdisstime': '18-Dec-2025 18:32:09', 'difference': '00:00:01', 'fileSize': '2.12 MB', 'attFileSize': '2.12 MB', 'hasXbrl': True}",0.0
BHARTIARTL,NSE_CORP_ANN,Change in Director(s),Bharti Airtel Limited has informed the Exchange regarding Change in Director(s) of the company.,,,"{'symbol': 'BHARTIARTL', 'desc': 'Change in Director(s)', 'dt': '18122025180757', 'attchmntFile': 'https://nsearchives.nseindia.com/corporate/BHARTIARTL_18122025180743_BoardManagementChanges.pdf', 'sm_name': 'Bharti Airtel Limited', 'sm_isin': 'INE397D01024', 'an_dt': '18-Dec-2025 18:07:57', 'sort_date': '2025-12-18 18:07:57', 'seq_id': '106471564', 'smIndustry': 'Telecommunication - Services', 'orgid': None, 'attchmntText': 'Bharti Airtel Limited has informed the Exchange regarding Change in Director(s) of the company.', 'bflag': None, 'old_new': None, 'csvName': None, 'exchdisstime': '18-Dec-2025 18:07:59', 'difference': '00:00:02', 'fileSize': '2.26 MB', 'attFileSize': '2.26 MB', 'hasXbrl': True}",0.0
BHARTIARTL,NSE_CORP_ANN,Change in Management,Bharti Airtel Limited has informed the Exchange about change in Management,,,"{'symbol': 'BHARTIARTL', 'desc': 'Change in Management', 'dt': '18122025180400', 'attchmntFile': 'https://nsearchives.nseindia.com/corporate/BHARTIARTL_18122025180148_BoardManagementChanges.pdf', 'sm_name': 'Bharti Airtel Limited', 'sm_isin': 'INE397D01024', 'an_dt': '18-Dec-2025 18:04:00', 'sort_date': '2025-12-18 18:04:00', 'seq_id': '106471556', 'smIndustry': 'Telecommunication - Services', 'orgid': None, 'attchmntText': 'Bharti Airtel Limited has informed the Exchange about change in Management', 'bflag': None, 'old_new': None, 'csvName': None, 'exchdisstime': '18-Dec-2025 18:04:01', 'difference': '00:00:01', 'fileSize': '2.26 MB', 'attFileSize': '2.26 MB', 'hasXbrl': True}",0.0
BHARTIARTL,NSE_CORP_ANN,Action(s) taken or orders passed,Bharti Airtel Limited has informed the Exchange about Action(s) taken or orders passed,,,"{'symbol': 'BHARTIARTL', 'desc': 'Action(s) taken or orders passed', 'dt': '16122025202311', 'attchmntFile': 'https://nsearchives.nseindia.com/corporate/BHARTIARTL_16122025202237_Bharti_Airtel_-_Regulation30Stxdisclosure.pdf', 'sm_name': 'Bharti Airtel Limited', 'sm_isin': 'INE397D01024', 'an_dt': '16-Dec-2025 20:23:11', 'sort_date': '2025-12-16 20:23:11', 'seq_id': '106469672', 'smIndustry': 'Telecommunication - Services', 'orgid': None, 'attchmntText': 'Bharti Airtel Limited has informed the Exchange about Action(s) taken or orders passed', 'bflag': None, 'old_new': None, 'csvName': None, 'exchdisstime': '16-Dec-2025 20:23:11', 'difference': '00:00:00', 'fileSize': '288.43 KB', 'attFileSize': '288.43 KB', 'hasXbrl': True}",0.0
BIOCON,NSE_CORP_ANN,Updates,Biocon Limited has informed the Exchange regarding 'Notification to Stock Exchanges'.,,,"{'symbol': 'BIOCON', 'desc': 'Updates', 'dt': '18122025174421', 'attchmntFile': 'https://nsearchives.nseindia.com/corporate/BIOCON_18122025174345_Intimation_to_SE_US_FDA_EIR_BGI_Final_181225.pdf', 'sm_name': 'Biocon Limited', 'sm_isin': 'INE376G01013', 'an_dt': '18-Dec-2025 17:44:21', 'sort_date': '2025-12-18 17:44:21', 'seq_id': '106471533', 'smIndustry': 'Pharmaceuticals', 'orgid': None, 'attchmntText': ""Biocon Limited has informed the Exchange regarding 'Notification to Stock Exchanges'."", 'bflag': None, 'old_new': None, 'csvName': None, 'exchdisstime': '18-Dec-2025 17:44:22', 'difference': '00:00:01', 'fileSize': '2.94 MB', 'attFileSize': '2.94 MB', 'hasXbrl': True}",0.0
BIOCON,NSE_CORP_ANN,Press Release,"Biocon Limited has informed the Exchange regarding a press release dated December 17, 2025, titled ""Biocon Biologics Recognized as Asia IP Elite for 2025 by IAM."".",,,"{'symbol': 'BIOCON', 'desc': 'Press Release', 'dt': '17122025081427', 'attchmntFile': 'https://nsearchives.nseindia.com/corporate/BIOCON_17122025081412_Cover_Letter_pressrelease.pdf', 'sm_name': 'Biocon Limited', 'sm_isin': 'INE376G01013', 'an_dt': '17-Dec-2025 08:14:27', 'sort_date': '2025-12-17 08:14:27', 'seq_id': '106469940', 'smIndustry': 'Pharmaceuticals', 'orgid': None, 'attchmntText': 'Biocon Limited has informed the Exchange regarding a press release dated December 17, 2025, titled ""Biocon Biologics Recognized as Asia IP Elite for 2025 by IAM."".', 'bflag': None, 'old_new': None, 'csvName': None, 'exchdisstime': '17-Dec-2025 08:14:28', 'difference': '00:00:01', 'fileSize': '3.08 MB', 'attFileSize': '3.08 MB', 'hasXbrl': True}",0.0
BIOCON,NSE_CORP_ANN,Credit Rating,Biocon Limited has informed the Exchange about Credit Rating,,,"{'symbol': 'BIOCON', 'desc': 'Credit Rating', 'dt': '16122025201224', 'attchmntFile': 'https://nsearchives.nseindia.com/corporate/BIOCON_16122025201208_Cover_letter_Intimation.pdf', 'sm_name': 'Biocon Limited', 'sm_isin': 'INE376G01013', 'an_dt': '16-Dec-2025 20:12:24', 'sort_date': '2025-12-16 20:12:24', 'seq_id': '106469668', 'smIndustry': 'Pharmaceuticals', 'orgid': None, 'attchmntText': 'Biocon Limited has informed the Exchange about Credit Rating', 'bflag': None, 'old_new': None, 'csvName': None, 'exchdisstime': '16-Dec-2025 20:12:26', 'difference': '00:00:02', 'fileSize': '3.28 MB', 'attFileSize': '3.28 MB', 'hasXbrl': True}",0.0
BOSCHLTD,NSE_CORP_ANN,Trading Window,"Bosch Limited has informed the Exchange regarding the Trading Window closure pursuant to SEBI (Prohibition of Insider Trading) Regulations, 2015",,,"{'symbol': 'BOSCHLTD', 'desc': 'Trading Window', 'dt': '15122025124637', 'attchmntFile': 'https://nsearchives.nseindia.com/corporate/BOSCHLTD2024_15122025124619_Letter_to_Stock_exchanges-_Intimation_of_Board_meeting_Nov_2025.pdf', 'sm_name': 'Bosch Limited', 'sm_isin': 'INE323A01026', 'an_dt': '15-Dec-2025 12:46:37', 'sort_date': '2025-12-15 12:46:37', 'seq_id': '106468279', 'smIndustry': 'Auto Ancillaries', 'orgid': None, 'attchmntText': 'Bosch Limited has informed the Exchange regarding the Trading Window closure pursuant to SEBI (Prohibition of Insider Trading) Regulations, 2015', 'bflag': None, 'old_new': None, 'csvName': None, 'exchdisstime': '15-Dec-2025 12:46:38', 'difference': '00:00:01', 'fileSize': '2.90 MB', 'attFileSize': '2.90 MB', 'hasXbrl': True}",0.0
BRITANNIA,NSE_CORP_ANN,Action(s) taken or orders passed,"Pursuant to Regulation 30 read with Clause 20 of Para A of Part A of Schedule III of the SEBI Listing Regulations, 2015, this is to inform you that the Company has received an Order from the Office of the Deputy Commissioner of State Tax, Mumbai Audit Zone III 504, Mazgaon, Mumbai.",,,"{'symbol': 'BRITANNIA', 'desc': 'Action(s) taken or orders passed', 'dt': '19122025153453', 'attchmntFile': 'https://nsearchives.nseindia.com/corporate/BRITANNIA1_19122025153221_Intimation_signed.pdf', 'sm_name': 'Britannia Industries Limited', 'sm_isin': 'INE216A01014', 'an_dt': '19-Dec-2025 15:34:53', 'sort_date': '2025-12-19 15:34:53', 'seq_id': '106472375', 'smIndustry': 'Food And Food Processing', 'orgid': None, 'attchmntText': 'Pursuant to Regulation 30 read with Clause 20 of Para A of Part A of Schedule III of the SEBI Listing Regulations, 2015, this is to inform you that the Company has received an Order from the Office of the Deputy Commissioner of State Tax, Mumbai Audit Zone III 504, Mazgaon, Mumbai.', 'bflag': None, 'old_new': None, 'csvName': None, 'exchdisstime': '19-Dec-2025 15:34:53', 'difference': '00:00:00', 'fileSize': '542.30 KB', 'attFileSize': '542.30 KB', 'hasXbrl': True}",0.0
BRITANNIA,NSE_CORP_ANN,Change in Management,"Pursuant to Regulation 30 read with Clause 7 of Para A of Part A of Schedule III of the SEBI Listing Regulations, 2015, this is to inform you that the Board of Directors, based on the recommendation of the Nomination and Remuneration Committee, have approved the following:  Appointment of Mr. Abhishek Sinha as the Chief Sales Transformation Officer of the Company with effect from 15th December, 2025.Appointment of Mr. Subhashis Basu as the Chief Business Officer-Dairy of the Company with effect from 15th December, 2025.",,,"{'symbol': 'BRITANNIA', 'desc': 'Change in Management', 'dt': '15122025193944', 'attchmntFile': 'https://nsearchives.nseindia.com/corporate/BRITANNIA1_15122025193912_Intimation_signed.pdf', 'sm_name': 'Britannia Industries Limited', 'sm_isin': 'INE216A01014', 'an_dt': '15-Dec-2025 19:39:44', 'sort_date': '2025-12-15 19:39:44', 'seq_id': '106468647', 'smIndustry': 'Food And Food Processing', 'orgid': None, 'attchmntText': 'Pursuant to Regulation 30 read with Clause 7 of Para A of Part A of Schedule III of the SEBI Listing Regulations, 2015, this is to inform you that the Board of Directors, based on the recommendation of the Nomination and Remuneration Committee, have approved the following:  Appointment of Mr. Abhishek Sinha as the Chief Sales Transformation Officer of the Company with effect from 15th December, 2025.Appointment of Mr. Subhashis Basu as the Chief Business Officer-Dairy of the Company with effect from 15th December, 2025.', 'bflag': None, 'old_new': None, 'csvName': None, 'exchdisstime': '15-Dec-2025 19:39:44', 'difference': '00:00:00', 'fileSize': '567.25 KB', 'attFileSize': '567.25 KB', 'hasXbrl': True}",0.0
BRITANNIA,NSE_CORP_ANN,General Updates,"Intimation under Regulation 30 of the Securities and Exchange Board of India (Listing Obligations and Disclosure Requirements) Regulations, 2015",,,"{'symbol': 'BRITANNIA', 'desc': 'General Updates', 'dt': '15122025120835', 'attchmntFile': 'https://nsearchives.nseindia.com/corporate/BRITANNIA1_15122025120800_Intimation_signed.pdf', 'sm_name': 'Britannia Industries Limited', 'sm_isin': 'INE216A01014', 'an_dt': '15-Dec-2025 12:08:35', 'sort_date': '2025-12-15 12:08:35', 'seq_id': '106468252', 'smIndustry': 'Food And Food Processing', 'orgid': None, 'attchmntText': 'Intimation under Regulation 30 of the Securities and Exchange Board of India (Listing Obligations and Disclosure Requirements) Regulations, 2015', 'bflag': None, 'old_new': None, 'csvName': None, 'exchdisstime': '15-Dec-2025 12:08:37', 'difference': '00:00:02', 'fileSize': '542.37 KB', 'attFileSize': '542.37 KB', 'hasXbrl': True}",0.0
CGPOWER,NSE_CORP_ANN,Updates,"CG Power and Industrial Solutions Limited has informed the Exchange regarding 'Disclosure under Regulation 31A of SEBI LODR, Regulations, 2015'.",,,"{'symbol': 'CGPOWER', 'desc': 'Updates', 'dt': '18122025151600', 'attchmntFile': 'https://nsearchives.nseindia.com/corporate/CGPOWER_18122025151150_Requestforreclassification_AGPL.pdf', 'sm_name': 'CG Power and Industrial Solutions Limited', 'sm_isin': 'INE067A01029', 'an_dt': '18-Dec-2025 15:16:00', 'sort_date': '2025-12-18 15:16:00', 'seq_id': '106471369', 'smIndustry': None, 'orgid': None, 'attchmntText': ""CG Power and Industrial Solutions Limited has informed the Exchange regarding 'Disclosure under Regulation 31A of SEBI LODR, Regulations, 2015'."", 'bflag': None, 'old_new': None, 'csvName': None, 'exchdisstime': '18-Dec-2025 15:16:00', 'difference': '00:00:00', 'fileSize': '860.05 KB', 'attFileSize': '860.05 KB', 'hasXbrl': True}",0.0
CANBK,NSE_CORP_ANN,Updates,Canara Bank has informed the Exchange regarding 'Credit confirmation of Annual Interest Payment & Redemption Payment'.,,,"{'symbol': 'CANBK', 'desc': 'Updates', 'dt': '18122025181854', 'attchmntFile': 'https://nsearchives.nseindia.com/corporate/CANBK_18122025181831_lettertonsebsesigned.pdf', 'sm_name': 'Canara Bank', 'sm_isin': 'INE476A01014', 'an_dt': '18-Dec-2025 18:18:54', 'sort_date': '2025-12-18 18:18:54', 'seq_id': '106471580', 'smIndustry': 'Banks', 'orgid': None, 'attchmntText': ""Canara Bank has informed the Exchange regarding 'Credit confirmation of Annual Interest Payment & Redemption Payment'."", 'bflag': None, 'old_new': None, 'csvName': None, 'exchdisstime': '18-Dec-2025 18:18:55', 'difference': '00:00:01', 'fileSize': '659.87 KB', 'attFileSize': '659.87 KB', 'hasXbrl': True}",0.0
CHOLAFIN,NSE_CORP_ANN,Updates,"Cholamandalam Investment and Finance Company Limited has informed the Exchange regarding 'Intimation under Regulation 31(A)(8) of SEBI Listing Regulations, 2015'.",,,"{'symbol': 'CHOLAFIN', 'desc': 'Updates', 'dt': '18122025193808', 'attchmntFile': 'https://nsearchives.nseindia.com/corporate/lakshmits_18122025193537_Intimation_Reclassification_AGPL_18Dec2025.pdf', 'sm_name': 'Cholamandalam Investment and Finance Company Limited', 'sm_isin': 'INE121A01016', 'an_dt': '18-Dec-2025 19:38:08', 'sort_date': '2025-12-18 19:38:08', 'seq_id': '106471656', 'smIndustry': 'Finance', 'orgid': None, 'attchmntText': ""Cholamandalam Investment and Finance Company Limited has informed the Exchange regarding 'Intimation under Regulation 31(A)(8) of SEBI Listing Regulations, 2015'."", 'bflag': None, 'old_new': None, 'csvName': None, 'exchdisstime': '18-Dec-2025 19:38:09', 'difference': '00:00:01', 'fileSize': '1.11 MB', 'attFileSize': '1.11 MB', 'hasXbrl': True}",0.0
CHOLAFIN,NSE_CORP_ANN,ESOP/ESOS/ESPS,Cholamandalam Investment and Finance Company Limited has informed the Exchange regarding Allotment of 98980  Shares.,,,"{'symbol': 'CHOLAFIN', 'desc': 'ESOP/ESOS/ESPS', 'dt': '18122025071825', 'attchmntFile': 'https://nsearchives.nseindia.com/corporate/lakshmits_18122025071707_Allotment_of_98980shs_Dec2025.pdf', 'sm_name': 'Cholamandalam Investment and Finance Company Limited', 'sm_isin': 'INE121A01016', 'an_dt': '18-Dec-2025 07:18:25', 'sort_date': '2025-12-18 07:18:25', 'seq_id': '106470960', 'smIndustry': 'Finance', 'orgid': None, 'attchmntText': 'Cholamandalam Investment and Finance Company Limited has informed the Exchange regarding Allotment of 98980  Shares.', 'bflag': None, 'old_new': None, 'csvName': None, 'exchdisstime': '18-Dec-2025 07:18:26', 'difference': '00:00:01', 'fileSize': '258.96 KB', 'attFileSize': '258.96 KB', 'hasXbrl': True}",0.0
CIPLA,NSE_CORP_ANN,"Arrangements for strategic, technical, manufacturing, or marketing tie up",Cipla Limited has informed the exchange that it has entered into an exclusive Supply and Marketing Agreement for Pfizer s brands,,,"{'symbol': 'CIPLA', 'desc': 'Arrangements for strategic, technical, manufacturing, or marketing tie up', 'dt': '19122025113050', 'attchmntFile': 'https://nsearchives.nseindia.com/corporate/CIPLA_19122025112751_SE_Pfizer_deal_19122025_Final_Signed.pdf', 'sm_name': 'Cipla Limited', 'sm_isin': 'INE059A01026', 'an_dt': '19-Dec-2025 11:30:50', 'sort_date': '2025-12-19 11:30:50', 'seq_id': '106472198', 'smIndustry': 'Pharmaceuticals', 'orgid': None, 'attchmntText': 'Cipla Limited has informed the exchange that it has entered into an exclusive Supply and Marketing Agreement for Pfizer s brands', 'bflag': None, 'old_new': None, 'csvName': None, 'exchdisstime': '19-Dec-2025 11:30:51', 'difference': '00:00:01', 'fileSize': '399.20 KB', 'attFileSize': '399.20 KB', 'hasXbrl': True}",0.0
CIPLA,NSE_CORP_ANN,ESOP/ESOS/ESPS,Cipla Limited has informed the Exchange regarding Allotment of 585  Shares.,,,"{'symbol': 'CIPLA', 'desc': 'ESOP/ESOS/ESPS', 'dt': '17122025180556', 'attchmntFile': 'https://nsearchives.nseindia.com/corporate/CIPLA_17122025180509_SE_Intimationsigned.pdf', 'sm_name': 'Cipla Limited', 'sm_isin': 'INE059A01026', 'an_dt': '17-Dec-2025 18:05:56', 'sort_date': '2025-12-17 18:05:56', 'seq_id': '106470539', 'smIndustry': 'Pharmaceuticals', 'orgid': None, 'attchmntText': 'Cipla Limited has informed the Exchange regarding Allotment of 585  Shares.', 'bflag': None, 'old_new': None, 'csvName': None, 'exchdisstime': '17-Dec-2025 18:05:57', 'difference': '00:00:01', 'fileSize': '162.13 KB', 'attFileSize': '162.13 KB', 'hasXbrl': True}",0.0
COALINDIA,NSE_CORP_ANN,General Updates,"Coal India Limited has informed the Exchange about General Updates-Additional charge arrangement for the post of Chairman cum Managing Director, Northern Coalfields Limited (NCL) to CMD, CIL.",,,"{'symbol': 'COALINDIA', 'desc': 'General Updates', 'dt': '16122025163548', 'attchmntFile': 'https://nsearchives.nseindia.com/corporate/COALINDIA_16122025163538_cmdnclsigned.pdf', 'sm_name': 'Coal India Limited', 'sm_isin': 'INE522F01014', 'an_dt': '16-Dec-2025 16:35:48', 'sort_date': '2025-12-16 16:35:48', 'seq_id': '106469448', 'smIndustry': 'Mining', 'orgid': None, 'attchmntText': 'Coal India Limited has informed the Exchange about General Updates-Additional charge arrangement for the post of Chairman cum Managing Director, Northern Coalfields Limited (NCL) to CMD, CIL.', 'bflag': None, 'old_new': None, 'csvName': None, 'exchdisstime': '16-Dec-2025 16:35:49', 'difference': '00:00:01', 'fileSize': '768.44 KB', 'attFileSize': '768.44 KB', 'hasXbrl': True}",0.0
COALINDIA,NSE_CORP_ANN,Press Release,"Coal India Limited has informed the Exchange regarding a press release dated December 16, 2025, titled ""Mr. B Sairam new Coal India Chief"".",,,"{'symbol': 'COALINDIA', 'desc': 'Press Release', 'dt': '16122025104243', 'attchmntFile': 'https://nsearchives.nseindia.com/corporate/COALINDIA_16122025104237_letter1612signed.pdf', 'sm_name': 'Coal India Limited', 'sm_isin': 'INE522F01014', 'an_dt': '16-Dec-2025 10:42:43', 'sort_date': '2025-12-16 10:42:43', 'seq_id': '106469114', 'smIndustry': 'Mining', 'orgid': None, 'attchmntText': 'Coal India Limited has informed the Exchange regarding a press release dated December 16, 2025, titled ""Mr. B Sairam new Coal India Chief"".', 'bflag': None, 'old_new': None, 'csvName': None, 'exchdisstime': '16-Dec-2025 10:42:44', 'difference': '00:00:01', 'fileSize': '1.05 MB', 'attFileSize': '1.05 MB', 'hasXbrl': True}",0.0
COALINDIA,NSE_CORP_ANN,Change in Director(s),Coal India Limited has informed the Exchange regarding Change in Director(s) of the company.,,,"{'symbol': 'COALINDIA', 'desc': 'Change in Director(s)', 'dt': '15122025213156', 'attchmntFile': 'https://nsearchives.nseindia.com/corporate/COALINDIA_15122025213137_lettersigned.pdf', 'sm_name': 'Coal India Limited', 'sm_isin': 'INE522F01014', 'an_dt': '15-Dec-2025 21:31:56', 'sort_date': '2025-12-15 21:31:56', 'seq_id': '106468697', 'smIndustry': 'Mining', 'orgid': None, 'attchmntText': 'Coal India Limited has informed the Exchange regarding Change in Director(s) of the company.', 'bflag': None, 'old_new': None, 'csvName': None, 'exchdisstime': '15-Dec-2025 21:31:57', 'difference': '00:00:01', 'fileSize': '682.32 KB', 'attFileSize': '682.32 KB', 'hasXbrl': True}",0.0
COFORGE,NSE_CORP_ANN,General Updates,Coforge Limited has informed the Exchange about Filing of Second Motion Petition with the Hon ble National Company Law Tribunal ( NCLT ),,,"{'symbol': 'COFORGE', 'desc': 'General Updates', 'dt': '16122025133027', 'attchmntFile': 'https://nsearchives.nseindia.com/corporate/COFORGE_16122025133006_STX_Intimation-Coforge_SMP.pdf', 'sm_name': 'Coforge Limited', 'sm_isin': 'INE591G01017', 'an_dt': '16-Dec-2025 13:30:27', 'sort_date': '2025-12-16 13:30:27', 'seq_id': '106469285', 'smIndustry': None, 'orgid': None, 'attchmntText': 'Coforge Limited has informed the Exchange about Filing of Second Motion Petition with the Hon ble National Company Law Tribunal ( NCLT )', 'bflag': None, 'old_new': None, 'csvName': None, 'exchdisstime': '16-Dec-2025 13:30:28', 'difference': '00:00:01', 'fileSize': '232.29 KB', 'attFileSize': '232.29 KB', 'hasXbrl': True}",0.0
COFORGE,NSE_CORP_ANN,Press Release,"Coforge Limited has informed the Exchange regarding a press release dated December 16, 2025, titled ""Coforge Unveils  Data Cosmos    A Next-Gen AI-Enabled, Cloud-Native Data & Analytics Platform Designed to Accelerate Enterprise Transformation"".",,,"{'symbol': 'COFORGE', 'desc': 'Press Release', 'dt': '16122025104215', 'attchmntFile': 'https://nsearchives.nseindia.com/corporate/COFORGE_16122025104153_PR_Dec16.pdf', 'sm_name': 'Coforge Limited', 'sm_isin': 'INE591G01017', 'an_dt': '16-Dec-2025 10:42:15', 'sort_date': '2025-12-16 10:42:15', 'seq_id': '106469113', 'smIndustry': None, 'orgid': None, 'attchmntText': 'Coforge Limited has informed the Exchange regarding a press release dated December 16, 2025, titled ""Coforge Unveils  Data Cosmos    A Next-Gen AI-Enabled, Cloud-Native Data & Analytics Platform Designed to Accelerate Enterprise Transformation"".', 'bflag': None, 'old_new': None, 'csvName': None, 'exchdisstime': '16-Dec-2025 10:42:16', 'difference': '00:00:01', 'fileSize': '463.94 KB', 'attFileSize': '463.94 KB', 'hasXbrl': True}",0.0
CAMS,NSE_CORP_ANN,Analysts/Institutional Investor Meet/Con. Call Updates,Computer Age Management Services Limited has informed the Exchange about Schedule of meet,,,"{'symbol': 'CAMS', 'desc': 'Analysts/Institutional Investor Meet/Con. Call Updates', 'dt': '19122025180358', 'attchmntFile': 'https://nsearchives.nseindia.com/corporate/Jaiganesh_19122025180326_Analyst_call_Millenium.pdf', 'sm_name': 'Computer Age Management Services Limited', 'sm_isin': 'INE596I01012', 'an_dt': '19-Dec-2025 18:03:58', 'sort_date': '2025-12-19 18:03:58', 'seq_id': '106472581', 'smIndustry': None, 'orgid': None, 'attchmntText': 'Computer Age Management Services Limited has informed the Exchange about Schedule of meet', 'bflag': None, 'old_new': None, 'csvName': None, 'exchdisstime': '19-Dec-2025 18:03:59', 'difference': '00:00:01', 'fileSize': '645.04 KB', 'attFileSize': '645.04 KB', 'hasXbrl': True}",0.0
CAMS,NSE_CORP_ANN,Agreements,Computer Age Management Services Limited has informed the Exchange about Business Transfer Agreement executed between the Company and its wholly owned subsidiary on 17th December 2025.,,,"{'symbol': 'CAMS', 'desc': 'Agreements', 'dt': '17122025181046', 'attchmntFile': 'https://nsearchives.nseindia.com/corporate/Jaiganesh_17122025181018_CAMS_BTA_with_CAMSPay.pdf', 'sm_name': 'Computer Age Management Services Limited', 'sm_isin': 'INE596I01012', 'an_dt': '17-Dec-2025 18:10:46', 'sort_date': '2025-12-17 18:10:46', 'seq_id': '106470552', 'smIndustry': None, 'orgid': None, 'attchmntText': 'Computer Age Management Services Limited has informed the Exchange about Business Transfer Agreement executed between the Company and its wholly owned subsidiary on 17th December 2025.', 'bflag': None, 'old_new': None, 'csvName': None, 'exchdisstime': '17-Dec-2025 18:10:47', 'difference': '00:00:01', 'fileSize': '436.42 KB', 'attFileSize': '436.42 KB', 'hasXbrl': True}",0.0
CONCOR,NSE_CORP_ANN,Change in Management,Container Corporation Of India Limited has informed the Exchange about change in Management,,,"{'symbol': 'CONCOR', 'desc': 'Change in Management', 'dt': '19122025174842', 'attchmntFile': 'https://nsearchives.nseindia.com/corporate/CONCOR_19122025174815_CONCOR_SE_19122025.pdf', 'sm_name': 'Container Corporation of India Limited', 'sm_isin': 'INE111A01017', 'an_dt': '19-Dec-2025 17:48:42', 'sort_date': '2025-12-19 17:48:42', 'seq_id': '106472545', 'smIndustry': 'Travel And Transport', 'orgid': None, 'attchmntText': 'Container Corporation Of India Limited has informed the Exchange about change in Management', 'bflag': None, 'old_new': None, 'csvName': None, 'exchdisstime': '19-Dec-2025 17:48:44', 'difference': '00:00:02', 'fileSize': '556.50 KB', 'attFileSize': '556.50 KB', 'hasXbrl': True}",0.0
CROMPTON,NSE_CORP_ANN,General Updates,Crompton Greaves Consumer Electricals Limited has informed the Exchange about General Updates,,,"{'symbol': 'CROMPTON', 'desc': 'General Updates', 'dt': '20122025180016', 'attchmntFile': 'https://nsearchives.nseindia.com/corporate/Crompton123_20122025175724_Intimationofgrantofpatent.pdf', 'sm_name': 'Crompton Greaves Consumer Electricals Limited', 'sm_isin': 'INE299U01018', 'an_dt': '20-Dec-2025 18:00:16', 'sort_date': '2025-12-20 18:00:16', 'seq_id': '106473163', 'smIndustry': None, 'orgid': None, 'attchmntText': 'Crompton Greaves Consumer Electricals Limited has informed the Exchange about General Updates', 'bflag': None, 'old_new': None, 'csvName': None, 'exchdisstime': '20-Dec-2025 18:00:17', 'difference': '00:00:01', 'fileSize': '3.04 MB', 'attFileSize': '3.04 MB', 'hasXbrl': True}",0.0
CROMPTON,NSE_CORP_ANN,Action(s) taken or orders passed,Crompton Greaves Consumer Electricals Limited has informed the Exchange about Action(s) taken or orders passed,,,"{'symbol': 'CROMPTON', 'desc': 'Action(s) taken or orders passed', 'dt': '17122025160227', 'attchmntFile': 'https://nsearchives.nseindia.com/corporate/Crompton123_17122025155625_IntimationforOrderspassed.pdf', 'sm_name': 'Crompton Greaves Consumer Electricals Limited', 'sm_isin': 'INE299U01018', 'an_dt': '17-Dec-2025 16:02:27', 'sort_date': '2025-12-17 16:02:27', 'seq_id': '106470394', 'smIndustry': None, 'orgid': None, 'attchmntText': 'Crompton Greaves Consumer Electricals Limited has informed the Exchange about Action(s) taken or orders passed', 'bflag': None, 'old_new': None, 'csvName': None, 'exchdisstime': '17-Dec-2025 16:02:28', 'difference': '00:00:01', 'fileSize': '3.02 MB', 'attFileSize': '3.02 MB', 'hasXbrl': True}",0.0
CUMMINSIND,NSE_CORP_ANN,Pendency of Litigation(s)/dispute(s) or the outcome impacting the Company,Cummins India Limited has informed the Exchange about Pendency of Litigation(s)/dispute(s) or the outcome impacting the Company-Order in favor by Income Tax Appellate Tribunal (ITAT),,,"{'symbol': 'CUMMINSIND', 'desc': 'Pendency of Litigation(s)/dispute(s) or the outcome impacting the Company', 'dt': '19122025194227', 'attchmntFile': 'https://nsearchives.nseindia.com/corporate/CILINDIA_19122025194210_SEIntimation-CILTaxOrder19122025_sign.pdf', 'sm_name': 'Cummins India Limited', 'sm_isin': 'INE298A01020', 'an_dt': '19-Dec-2025 19:42:27', 'sort_date': '2025-12-19 19:42:27', 'seq_id': '106472711', 'smIndustry': 'Diesel Engines', 'orgid': None, 'attchmntText': 'Cummins India Limited has informed the Exchange about Pendency of Litigation(s)/dispute(s) or the outcome impacting the Company-Order in favor by Income Tax Appellate Tribunal (ITAT)', 'bflag': None, 'old_new': None, 'csvName': None, 'exchdisstime': '19-Dec-2025 19:42:28', 'difference': '00:00:01', 'fileSize': '200.65 KB', 'attFileSize': '200.65 KB', 'hasXbrl': True}",0.0
CUMMINSIND,NSE_CORP_ANN,General Updates,Cummins India Limited has informed the Exchange about General Updates - Approval for acquisition of stake in Clean Max Yellowstone Private Limited,,,"{'symbol': 'CUMMINSIND', 'desc': 'General Updates', 'dt': '18122025185345', 'attchmntFile': 'https://nsearchives.nseindia.com/corporate/CILINDIA_18122025185324_SEIntimation_SPV18122025sign.pdf', 'sm_name': 'Cummins India Limited', 'sm_isin': 'INE298A01020', 'an_dt': '18-Dec-2025 18:53:45', 'sort_date': '2025-12-18 18:53:45', 'seq_id': '106471623', 'smIndustry': 'Diesel Engines', 'orgid': None, 'attchmntText': 'Cummins India Limited has informed the Exchange about General Updates - Approval for acquisition of stake in Clean Max Yellowstone Private Limited', 'bflag': None, 'old_new': None, 'csvName': None, 'exchdisstime': '18-Dec-2025 18:53:46', 'difference': '00:00:01', 'fileSize': '253.57 KB', 'attFileSize': '253.57 KB', 'hasXbrl': True}",0.0
CUMMINSIND,NSE_CORP_ANN,Outcome of Board Meeting,"Cummins India Limited has informed the Exchange regarding Outcome of Board Meeting held on December 18, 2025.",,,"{'symbol': 'CUMMINSIND', 'desc': 'Outcome of Board Meeting', 'dt': '18122025185133', 'attchmntFile': 'https://nsearchives.nseindia.com/corporate/CILINDIA_18122025185042_SEIntimation_SPV18122025sign.pdf', 'sm_name': 'Cummins India Limited', 'sm_isin': 'INE298A01020', 'an_dt': '18-Dec-2025 18:51:33', 'sort_date': '2025-12-18 18:51:33', 'seq_id': '106471621', 'smIndustry': 'Diesel Engines', 'orgid': None, 'attchmntText': 'Cummins India Limited has informed the Exchange regarding Outcome of Board Meeting held on December 18, 2025.', 'bflag': None, 'old_new': None, 'csvName': None, 'exchdisstime': '18-Dec-2025 18:51:34', 'difference': '00:00:01', 'fileSize': '253.57 KB', 'attFileSize': '253.57 KB', 'hasXbrl': True}",0.0
CYIENT,NSE_CORP_ANN,Analysts/Institutional Investor Meet/Con. Call Updates,Cyient Limited has informed the Exchange about Link of Recording,,,"{'symbol': 'CYIENT', 'desc': 'Analysts/Institutional Investor Meet/Con. Call Updates', 'dt': '18122025182404', 'attchmntFile': 'https://nsearchives.nseindia.com/corporate/CYIENT_18122025182350_RecordinglinkFinalSigned.pdf', 'sm_name': 'Cyient Limited', 'sm_isin': 'INE136B01020', 'an_dt': '18-Dec-2025 18:24:04', 'sort_date': '2025-12-18 18:24:04', 'seq_id': '106471588', 'smIndustry': None, 'orgid': None, 'attchmntText': 'Cyient Limited has informed the Exchange about Link of Recording', 'bflag': None, 'old_new': None, 'csvName': None, 'exchdisstime': '18-Dec-2025 18:24:05', 'difference': '00:00:01', 'fileSize': '417.78 KB', 'attFileSize': '417.78 KB', 'hasXbrl': True}",0.0
CYIENT,NSE_CORP_ANN,Press Release,"Cyient Limited has informed the Exchange regarding a press release dated December 17, 2025, titled ""Cyient Semiconductors Acquires Majority Stake in Kinetic Technologies to Drive Custom Power IC Leadership for Edge AI and High-Performance Compute Markets"".",,,"{'symbol': 'CYIENT', 'desc': 'Press Release', 'dt': '17122025201702', 'attchmntFile': 'https://nsearchives.nseindia.com/corporate/CYIENT_17122025201627_PR17122025Signed.pdf', 'sm_name': 'Cyient Limited', 'sm_isin': 'INE136B01020', 'an_dt': '17-Dec-2025 20:17:02', 'sort_date': '2025-12-17 20:17:02', 'seq_id': '106470696', 'smIndustry': None, 'orgid': None, 'attchmntText': 'Cyient Limited has informed the Exchange regarding a press release dated December 17, 2025, titled ""Cyient Semiconductors Acquires Majority Stake in Kinetic Technologies to Drive Custom Power IC Leadership for Edge AI and High-Performance Compute Markets"".', 'bflag': None, 'old_new': None, 'csvName': None, 'exchdisstime': '17-Dec-2025 20:17:03', 'difference': '00:00:01', 'fileSize': '1.12 MB', 'attFileSize': '1.12 MB', 'hasXbrl': True}",0.0
CYIENT,NSE_CORP_ANN,Acquisition,Cyient Limited has informed the Exchange about Acquisition,,,"{'symbol': 'CYIENT', 'desc': 'Acquisition', 'dt': '17122025195736', 'attchmntFile': 'https://nsearchives.nseindia.com/corporate/CYIENT_17122025195557_Crystal12172025Signed.pdf', 'sm_name': 'Cyient Limited', 'sm_isin': 'INE136B01020', 'an_dt': '17-Dec-2025 19:57:36', 'sort_date': '2025-12-17 19:57:36', 'seq_id': '106470683', 'smIndustry': None, 'orgid': None, 'attchmntText': 'Cyient Limited has informed the Exchange about Acquisition', 'bflag': None, 'old_new': None, 'csvName': None, 'exchdisstime': '17-Dec-2025 19:57:37', 'difference': '00:00:01', 'fileSize': '558.37 KB', 'attFileSize': '558.37 KB', 'hasXbrl': True}",0.0
CYIENT,NSE_CORP_ANN,Outcome of Board Meeting,"Cyient Limited has informed the Exchange regarding  Board meeting held on December 17, 2025.",,,"{'symbol': 'CYIENT', 'desc': 'Outcome of Board Meeting', 'dt': '17122025195347', 'attchmntFile': 'https://nsearchives.nseindia.com/corporate/CYIENT_17122025195312_Crystal12172025Signed.pdf', 'sm_name': 'Cyient Limited', 'sm_isin': 'INE136B01020', 'an_dt': '17-Dec-2025 19:53:47', 'sort_date': '2025-12-17 19:53:47', 'seq_id': '106470681', 'smIndustry': None, 'orgid': None, 'attchmntText': 'Cyient Limited has informed the Exchange regarding  Board meeting held on December 17, 2025.', 'bflag': None, 'old_new': None, 'csvName': None, 'exchdisstime': '17-Dec-2025 19:53:49', 'difference': '00:00:02', 'fileSize': '558.37 KB', 'attFileSize': '558.37 KB', 'hasXbrl': True}",0.0
CYIENT,NSE_CORP_ANN,Shareholders meeting,"Cyient Limited has submitted the Exchange a copy Srutinizers report of  Postal Ballot. Further, the company has informed the Exchange regarding voting results.",,,"{'symbol': 'CYIENT', 'desc': 'Shareholders meeting', 'dt': '15122025161018', 'attchmntFile': 'https://nsearchives.nseindia.com/corporate/CYIENT_15122025161005_15122025PBRESULTSigned.pdf', 'sm_name': 'Cyient Limited', 'sm_isin': 'INE136B01020', 'an_dt': '15-Dec-2025 16:10:18', 'sort_date': '2025-12-15 16:10:18', 'seq_id': '106468408', 'smIndustry': None, 'orgid': None, 'attchmntText': 'Cyient Limited has submitted the Exchange a copy Srutinizers report of  Postal Ballot. Further, the company has informed the Exchange regarding voting results.', 'bflag': None, 'old_new': None, 'csvName': None, 'exchdisstime': '15-Dec-2025 16:10:19', 'difference': '00:00:01', 'fileSize': '903.83 KB', 'attFileSize': '903.83 KB', 'hasXbrl': True}",0.0
DLF,NSE_CORP_ANN,Updates,DLF Limited has informed the Exchange regarding 'Disclosure under Regulation 30 of SEBI Listing Regulations'.,,,"{'symbol': 'DLF', 'desc': 'Updates', 'dt': '17122025181751', 'attchmntFile': 'https://nsearchives.nseindia.com/corporate/DLF_17122025181541_Letter.pdf', 'sm_name': 'DLF Limited', 'sm_isin': 'INE271C01023', 'an_dt': '17-Dec-2025 18:17:51', 'sort_date': '2025-12-17 18:17:51', 'seq_id': '106470562', 'smIndustry': 'Construction', 'orgid': None, 'attchmntText': ""DLF Limited has informed the Exchange regarding 'Disclosure under Regulation 30 of SEBI Listing Regulations'."", 'bflag': None, 'old_new': None, 'csvName': None, 'exchdisstime': '17-Dec-2025 18:17:52', 'difference': '00:00:01', 'fileSize': '2.96 MB', 'attFileSize': '2.96 MB', 'hasXbrl': True}",0.0
DABUR,NSE_CORP_ANN,Action(s) taken or orders passed,"Dabur India Limited has informed the Exchange about update on Action(s) taken or orders passed on February 5, 2025",,,"{'symbol': 'DABUR', 'desc': 'Action(s) taken or orders passed', 'dt': '17122025154838', 'attchmntFile': 'https://nsearchives.nseindia.com/corporate/DABUR_17122025154515_Update.pdf', 'sm_name': 'Dabur India Limited', 'sm_isin': 'INE016A01026', 'an_dt': '17-Dec-2025 15:48:38', 'sort_date': '2025-12-17 15:48:38', 'seq_id': '106470383', 'smIndustry': 'Personal Care', 'orgid': None, 'attchmntText': 'Dabur India Limited has informed the Exchange about update on Action(s) taken or orders passed on February 5, 2025', 'bflag': None, 'old_new': None, 'csvName': None, 'exchdisstime': '17-Dec-2025 15:48:39', 'difference': '00:00:01', 'fileSize': '145.93 KB', 'attFileSize': '145.93 KB', 'hasXbrl': True}",0.0
DABUR,NSE_CORP_ANN,Updates,Dabur India Limited has informed the Exchange regarding 'Report on Special Window for Re-lodgement of Transfer Request of Physical Shares'.,,,"{'symbol': 'DABUR', 'desc': 'Updates', 'dt': '17122025142618', 'attchmntFile': 'https://nsearchives.nseindia.com/corporate/DABUR_17122025142125_relodgement.pdf', 'sm_name': 'Dabur India Limited', 'sm_isin': 'INE016A01026', 'an_dt': '17-Dec-2025 14:26:18', 'sort_date': '2025-12-17 14:26:18', 'seq_id': '106470323', 'smIndustry': 'Personal Care', 'orgid': None, 'attchmntText': ""Dabur India Limited has informed the Exchange regarding 'Report on Special Window for Re-lodgement of Transfer Request of Physical Shares'."", 'bflag': None, 'old_new': None, 'csvName': None, 'exchdisstime': '17-Dec-2025 14:26:19', 'difference': '00:00:01', 'fileSize': '171.71 KB', 'attFileSize': '171.71 KB', 'hasXbrl': True}",0.0
DABUR,NSE_CORP_ANN,Trading Window,"Dabur India Limited has informed the Exchange regarding the Trading Window closure pursuant to SEBI (Prohibition of Insider Trading) Regulations, 2015",,,"{'symbol': 'DABUR', 'desc': 'Trading Window', 'dt': '17122025142442', 'attchmntFile': 'https://nsearchives.nseindia.com/corporate/DABUR_17122025141835_tradingwindow.pdf', 'sm_name': 'Dabur India Limited', 'sm_isin': 'INE016A01026', 'an_dt': '17-Dec-2025 14:24:42', 'sort_date': '2025-12-17 14:24:42', 'seq_id': '106470322', 'smIndustry': 'Personal Care', 'orgid': None, 'attchmntText': 'Dabur India Limited has informed the Exchange regarding the Trading Window closure pursuant to SEBI (Prohibition of Insider Trading) Regulations, 2015', 'bflag': None, 'old_new': None, 'csvName': None, 'exchdisstime': '17-Dec-2025 14:24:43', 'difference': '00:00:01', 'fileSize': '120.83 KB', 'attFileSize': '120.83 KB', 'hasXbrl': True}",0.0
DELHIVERY,NSE_CORP_ANN,Press Release,"Delhivery Limited has informed the Exchange regarding a press release dated December 15, 2025, titled ""Delhivery launches On-demand Intracity offering in Mumbai and Hyderabad via the Delhivery Direct App"".",,,"{'symbol': 'DELHIVERY', 'desc': 'Press Release', 'dt': '15122025161518', 'attchmntFile': 'https://nsearchives.nseindia.com/corporate/DELHIVERYLTD_15122025161339_PR_Delhivery_Direct_15122025.pdf', 'sm_name': 'Delhivery Limited', 'sm_isin': 'INE148O01028', 'an_dt': '15-Dec-2025 16:15:18', 'sort_date': '2025-12-15 16:15:18', 'seq_id': '106468413', 'smIndustry': None, 'orgid': None, 'attchmntText': 'Delhivery Limited has informed the Exchange regarding a press release dated December 15, 2025, titled ""Delhivery launches On-demand Intracity offering in Mumbai and Hyderabad via the Delhivery Direct App"".', 'bflag': None, 'old_new': None, 'csvName': None, 'exchdisstime': '15-Dec-2025 16:15:19', 'difference': '00:00:01', 'fileSize': '419.43 KB', 'attFileSize': '419.43 KB', 'hasXbrl': True}",0.0
DIXON,NSE_CORP_ANN,Analysts/Institutional Investor Meet/Con. Call Updates,Dixon Technologies (India) Limited has informed the Exchange about Investor Meet Outcome,,,"{'symbol': 'DIXON', 'desc': 'Analysts/Institutional Investor Meet/Con. Call Updates', 'dt': '20122025100238', 'attchmntFile': 'https://nsearchives.nseindia.com/corporate/DIXON_20122025100124_Outcome.pdf', 'sm_name': 'Dixon Technologies (India) Limited', 'sm_isin': 'INE935N01012', 'an_dt': '20-Dec-2025 10:02:38', 'sort_date': '2025-12-20 10:02:38', 'seq_id': '106472995', 'smIndustry': None, 'orgid': None, 'attchmntText': 'Dixon Technologies (India) Limited has informed the Exchange about Investor Meet Outcome', 'bflag': None, 'old_new': None, 'csvName': None, 'exchdisstime': '20-Dec-2025 10:02:39', 'difference': '00:00:01', 'fileSize': '650.07 KB', 'attFileSize': '650.07 KB', 'hasXbrl': True}",0.0
DRREDDY,NSE_CORP_ANN,Copy of Newspaper Publication,Dr. Reddy's Laboratories Limited has informed the Exchange about Copy of Newspaper Publication,,,"{'symbol': 'DRREDDY', 'desc': 'Copy of Newspaper Publication', 'dt': '17122025163848', 'attchmntFile': 'https://nsearchives.nseindia.com/corporate/DRREDDY_17122025163837_Stock_Exchange_Intimation_newspaper_advertisement_signed.pdf', 'sm_name': ""Dr. Reddy's Laboratories Limited"", 'sm_isin': 'INE089A01023', 'an_dt': '17-Dec-2025 16:38:48', 'sort_date': '2025-12-17 16:38:48', 'seq_id': '106470419', 'smIndustry': 'Pharmaceuticals', 'orgid': None, 'attchmntText': ""Dr. Reddy's Laboratories Limited has informed the Exchange about Copy of Newspaper Publication"", 'bflag': None, 'old_new': None, 'csvName': None, 'exchdisstime': '17-Dec-2025 16:38:49', 'difference': '00:00:01', 'fileSize': '6.01 MB', 'attFileSize': '6.01 MB', 'hasXbrl': True}",0.0
DRREDDY,NSE_CORP_ANN,Analysts/Institutional Investor Meet/Con. Call Updates,Dr. Reddy's Laboratories Limited has informed the Exchange about Schedule of meet,,,"{'symbol': 'DRREDDY', 'desc': 'Analysts/Institutional Investor Meet/Con. Call Updates', 'dt': '16122025144339', 'attchmntFile': 'https://nsearchives.nseindia.com/corporate/DRREDDY_16122025144241_SEIntimation_Investormeet_16122025_Signed.pdf', 'sm_name': ""Dr. Reddy's Laboratories Limited"", 'sm_isin': 'INE089A01023', 'an_dt': '16-Dec-2025 14:43:39', 'sort_date': '2025-12-16 14:43:39', 'seq_id': '106469323', 'smIndustry': 'Pharmaceuticals', 'orgid': None, 'attchmntText': ""Dr. Reddy's Laboratories Limited has informed the Exchange about Schedule of meet"", 'bflag': None, 'old_new': None, 'csvName': None, 'exchdisstime': '16-Dec-2025 14:43:41', 'difference': '00:00:02', 'fileSize': '362.06 KB', 'attFileSize': '362.06 KB', 'hasXbrl': True}",0.0
ETERNAL,NSE_CORP_ANN,Trading Window,"ETERNAL LIMITED has informed the Exchange regarding the Trading Window closure pursuant to SEBI (Prohibition of Insider Trading) Regulations, 2015",,,"{'symbol': 'ETERNAL', 'desc': 'Trading Window', 'dt': '19122025183323', 'attchmntFile': 'https://nsearchives.nseindia.com/corporate/ZOMATO_19122025183237_InsiderTradingIntimation2025.pdf', 'sm_name': 'ETERNAL LIMITED', 'sm_isin': 'INE758T01015', 'an_dt': '19-Dec-2025 18:33:23', 'sort_date': '2025-12-19 18:33:23', 'seq_id': '106472623', 'smIndustry': None, 'orgid': None, 'attchmntText': 'ETERNAL LIMITED has informed the Exchange regarding the Trading Window closure pursuant to SEBI (Prohibition of Insider Trading) Regulations, 2015', 'bflag': None, 'old_new': None, 'csvName': None, 'exchdisstime': '19-Dec-2025 18:33:24', 'difference': '00:00:01', 'fileSize': '167.28 KB', 'attFileSize': '167.28 KB', 'hasXbrl': True}",0.0
ETERNAL,NSE_CORP_ANN,General Updates,"Eternal Limited has informed the exchange about incorporation of Eternal General Service Foundation, a wholly owned subsidiary of the Company",,,"{'symbol': 'ETERNAL', 'desc': 'General Updates', 'dt': '18122025193633', 'attchmntFile': 'https://nsearchives.nseindia.com/corporate/ZOMATO_18122025193530_IntimationIncorporationupdatesigned.pdf', 'sm_name': 'ETERNAL LIMITED', 'sm_isin': 'INE758T01015', 'an_dt': '18-Dec-2025 19:36:33', 'sort_date': '2025-12-18 19:36:33', 'seq_id': '106471654', 'smIndustry': None, 'orgid': None, 'attchmntText': 'Eternal Limited has informed the exchange about incorporation of Eternal General Service Foundation, a wholly owned subsidiary of the Company', 'bflag': None, 'old_new': None, 'csvName': None, 'exchdisstime': '18-Dec-2025 19:36:35', 'difference': '00:00:02', 'fileSize': '247.01 KB', 'attFileSize': '247.01 KB', 'hasXbrl': True}",0.0
FORTIS,NSE_CORP_ANN,Press Release,"Fortis Healthcare Limited has informed the Exchange regarding a press release dated December 19, 2025, titled ""Attached "".",,,"{'symbol': 'FORTIS', 'desc': 'Press Release', 'dt': '20122025004633', 'attchmntFile': 'https://nsearchives.nseindia.com/corporate/FORTIS_20122025004623_FHLPRS.pdf', 'sm_name': 'Fortis Healthcare Limited', 'sm_isin': 'INE061F01013', 'an_dt': '20-Dec-2025 00:46:33', 'sort_date': '2025-12-20 00:46:33', 'seq_id': '106472984', 'smIndustry': 'Miscellaneous', 'orgid': None, 'attchmntText': 'Fortis Healthcare Limited has informed the Exchange regarding a press release dated December 19, 2025, titled ""Attached "".', 'bflag': None, 'old_new': None, 'csvName': None, 'exchdisstime': '20-Dec-2025 00:46:34', 'difference': '00:00:01', 'fileSize': '420.49 KB', 'attFileSize': '420.49 KB', 'hasXbrl': True}",0.0
FORTIS,NSE_CORP_ANN,General Updates,Fortis Healthcare Limited has informed the Exchange about Signing of definitive agreements for acquisition of TMI Healthcare Private Limited,,,"{'symbol': 'FORTIS', 'desc': 'General Updates', 'dt': '20122025003854', 'attchmntFile': 'https://nsearchives.nseindia.com/corporate/FORTIS_20122025003846_FHL-STx_Intimation-S.pdf', 'sm_name': 'Fortis Healthcare Limited', 'sm_isin': 'INE061F01013', 'an_dt': '20-Dec-2025 00:38:54', 'sort_date': '2025-12-20 00:38:54', 'seq_id': '106472983', 'smIndustry': 'Miscellaneous', 'orgid': None, 'attchmntText': 'Fortis Healthcare Limited has informed the Exchange about Signing of definitive agreements for acquisition of TMI Healthcare Private Limited', 'bflag': None, 'old_new': None, 'csvName': None, 'exchdisstime': '20-Dec-2025 00:38:55', 'difference': '00:00:01', 'fileSize': '329.83 KB', 'attFileSize': '329.83 KB', 'hasXbrl': True}",0.0
FORTIS,NSE_CORP_ANN,Updates,Fortis Healthcare Limited has informed the Exchange regarding 'final approval received from BSE limited approving the modifications/alterations of the terms of Debentures.'.,,,"{'symbol': 'FORTIS', 'desc': 'Updates', 'dt': '19122025174612', 'attchmntFile': 'https://nsearchives.nseindia.com/corporate/FORTIS_19122025174603_intimationFHL.pdf', 'sm_name': 'Fortis Healthcare Limited', 'sm_isin': 'INE061F01013', 'an_dt': '19-Dec-2025 17:46:12', 'sort_date': '2025-12-19 17:46:12', 'seq_id': '106472540', 'smIndustry': 'Miscellaneous', 'orgid': None, 'attchmntText': ""Fortis Healthcare Limited has informed the Exchange regarding 'final approval received from BSE limited approving the modifications/alterations of the terms of Debentures.'."", 'bflag': None, 'old_new': None, 'csvName': None, 'exchdisstime': '19-Dec-2025 17:46:13', 'difference': '00:00:01', 'fileSize': '657.07 KB', 'attFileSize': '657.07 KB', 'hasXbrl': True}",0.0
FORTIS,NSE_CORP_ANN,Change in Director(s),Fortis Healthcare Limited has informed the Exchange regarding Change in Director(s) of the company.,,,"{'symbol': 'FORTIS', 'desc': 'Change in Director(s)', 'dt': '19122025154715', 'attchmntFile': 'https://nsearchives.nseindia.com/corporate/FORTIS_19122025154659_IntimationFHLHarrisapp.pdf', 'sm_name': 'Fortis Healthcare Limited', 'sm_isin': 'INE061F01013', 'an_dt': '19-Dec-2025 15:47:15', 'sort_date': '2025-12-19 15:47:15', 'seq_id': '106472390', 'smIndustry': 'Miscellaneous', 'orgid': None, 'attchmntText': 'Fortis Healthcare Limited has informed the Exchange regarding Change in Director(s) of the company.', 'bflag': None, 'old_new': None, 'csvName': None, 'exchdisstime': '19-Dec-2025 15:47:16', 'difference': '00:00:01', 'fileSize': '726.31 KB', 'attFileSize': '726.31 KB', 'hasXbrl': True}",0.0
FORTIS,NSE_CORP_ANN,Resignation,"Fortis Healthcare Limited has informed the Exchange regarding Resignation of  Lim Tsin-Lin as Non- Executive Director of the company w.e.f. December 19, 2025 (close of Business Hours)",,,"{'symbol': 'FORTIS', 'desc': 'Resignation', 'dt': '19122025154137', 'attchmntFile': 'https://nsearchives.nseindia.com/corporate/FORTIS_19122025154124_IntimationFHLHarrisapp.pdf', 'sm_name': 'Fortis Healthcare Limited', 'sm_isin': 'INE061F01013', 'an_dt': '19-Dec-2025 15:41:37', 'sort_date': '2025-12-19 15:41:37', 'seq_id': '106472385', 'smIndustry': 'Miscellaneous', 'orgid': None, 'attchmntText': 'Fortis Healthcare Limited has informed the Exchange regarding Resignation of  Lim Tsin-Lin as Non- Executive Director of the company w.e.f. December 19, 2025 (close of Business Hours)', 'bflag': None, 'old_new': None, 'csvName': None, 'exchdisstime': '19-Dec-2025 15:41:38', 'difference': '00:00:01', 'fileSize': '726.31 KB', 'attFileSize': '726.31 KB', 'hasXbrl': True}",0.0
FORTIS,NSE_CORP_ANN,Appointment,"Fortis Healthcare Limited has informed the Exchange regarding Appointment of  Mr. Mohd Shahazwan Bin Mohd Harris as Other of the company w.e.f. December 19, 2025.",,,"{'symbol': 'FORTIS', 'desc': 'Appointment', 'dt': '19122025153756', 'attchmntFile': 'https://nsearchives.nseindia.com/corporate/FORTIS_19122025153559_IntimationFHLHarrisapp.pdf', 'sm_name': 'Fortis Healthcare Limited', 'sm_isin': 'INE061F01013', 'an_dt': '19-Dec-2025 15:37:56', 'sort_date': '2025-12-19 15:37:56', 'seq_id': '106472381', 'smIndustry': 'Miscellaneous', 'orgid': None, 'attchmntText': 'Fortis Healthcare Limited has informed the Exchange regarding Appointment of  Mr. Mohd Shahazwan Bin Mohd Harris as Other of the company w.e.f. December 19, 2025.', 'bflag': None, 'old_new': None, 'csvName': None, 'exchdisstime': '19-Dec-2025 15:37:57', 'difference': '00:00:01', 'fileSize': '726.31 KB', 'attFileSize': '726.31 KB', 'hasXbrl': True}",0.0
FORTIS,NSE_CORP_ANN,Copy of Newspaper Publication,"Newspaper clippings   Special Window for re-lodgement of transfer requests of physical shares.The newspaper clippings of the advertisement on the captioned subject published today i.e., December 17, 2025 in the columns of English daily  Financial Express , all editions and Punjabi daily  Rozana Spokesman , Mohali edition are enclosed for information and records.",,,"{'symbol': 'FORTIS', 'desc': 'Copy of Newspaper Publication', 'dt': '17122025194324', 'attchmntFile': 'https://nsearchives.nseindia.com/corporate/FORTIS_17122025194309_IntimationNewspaperclippings.pdf', 'sm_name': 'Fortis Healthcare Limited', 'sm_isin': 'INE061F01013', 'an_dt': '17-Dec-2025 19:43:24', 'sort_date': '2025-12-17 19:43:24', 'seq_id': '106470674', 'smIndustry': 'Miscellaneous', 'orgid': None, 'attchmntText': 'Newspaper clippings   Special Window for re-lodgement of transfer requests of physical shares.The newspaper clippings of the advertisement on the captioned subject published today i.e., December 17, 2025 in the columns of English daily  Financial Express , all editions and Punjabi daily  Rozana Spokesman , Mohali edition are enclosed for information and records.', 'bflag': None, 'old_new': None, 'csvName': None, 'exchdisstime': '17-Dec-2025 19:43:25', 'difference': '00:00:01', 'fileSize': '3.87 MB', 'attFileSize': '3.87 MB', 'hasXbrl': True}",0.0
GAIL,NSE_CORP_ANN,Analysts/Institutional Investor Meet/Con. Call Updates,GAIL (India) Limited has informed the Exchange about Schedule of meet,,,"{'symbol': 'GAIL', 'desc': 'Analysts/Institutional Investor Meet/Con. Call Updates', 'dt': '16122025104326', 'attchmntFile': 'https://nsearchives.nseindia.com/corporate/Himanshugail_16122025104311_Schedule_Meet16122025.pdf', 'sm_name': 'GAIL (India) Limited', 'sm_isin': 'INE129A01019', 'an_dt': '16-Dec-2025 10:43:26', 'sort_date': '2025-12-16 10:43:26', 'seq_id': '106469115', 'smIndustry': 'Gas', 'orgid': None, 'attchmntText': 'GAIL (India) Limited has informed the Exchange about Schedule of meet', 'bflag': None, 'old_new': None, 'csvName': None, 'exchdisstime': '16-Dec-2025 10:43:26', 'difference': '00:00:00', 'fileSize': '230.39 KB', 'attFileSize': '230.39 KB', 'hasXbrl': True}",0.0
GMRAIRPORT,NSE_CORP_ANN,Acquisition,"GMR AIRPORTS LIMITED has informed the Exchange about Intimation under Regulations 30 & 51 of SEBI (Listing Obligations and Disclosure Requirements) Regulations, 2015 ( Listing Regulations )  Acquisition of equity stake in Delhi Duty Free Services Private Limited ( DDFS )",,,"{'symbol': 'GMRAIRPORT', 'desc': 'Acquisition', 'dt': '20122025212423', 'attchmntFile': 'https://nsearchives.nseindia.com/corporate/GMRINFRA_20122025212104_STXIntimation_DDFS_Stake_Purchase.pdf', 'sm_name': 'GMR AIRPORTS LIMITED', 'sm_isin': 'INE776C01039', 'an_dt': '20-Dec-2025 21:24:23', 'sort_date': '2025-12-20 21:24:23', 'seq_id': '106473245', 'smIndustry': None, 'orgid': None, 'attchmntText': 'GMR AIRPORTS LIMITED has informed the Exchange about Intimation under Regulations 30 & 51 of SEBI (Listing Obligations and Disclosure Requirements) Regulations, 2015 ( Listing Regulations )  Acquisition of equity stake in Delhi Duty Free Services Private Limited ( DDFS )', 'bflag': None, 'old_new': None, 'csvName': None, 'exchdisstime': '20-Dec-2025 21:24:24', 'difference': '00:00:01', 'fileSize': '464.22 KB', 'attFileSize': '464.22 KB', 'hasXbrl': True}",0.0
GMRAIRPORT,NSE_CORP_ANN,Credit Rating,GMR AIRPORTS LIMITED has informed the Exchange about Credit Rating,,,"{'symbol': 'GMRAIRPORT', 'desc': 'Credit Rating', 'dt': '20122025211706', 'attchmntFile': 'https://nsearchives.nseindia.com/corporate/GMRINFRA_20122025211622_20122025-CREDITRATING.pdf', 'sm_name': 'GMR AIRPORTS LIMITED', 'sm_isin': 'INE776C01039', 'an_dt': '20-Dec-2025 21:17:06', 'sort_date': '2025-12-20 21:17:06', 'seq_id': '106473243', 'smIndustry': None, 'orgid': None, 'attchmntText': 'GMR AIRPORTS LIMITED has informed the Exchange about Credit Rating', 'bflag': None, 'old_new': None, 'csvName': None, 'exchdisstime': '20-Dec-2025 21:17:07', 'difference': '00:00:01', 'fileSize': '456.29 KB', 'attFileSize': '456.29 KB', 'hasXbrl': True}",0.0
GMRAIRPORT,NSE_CORP_ANN,Copy of Newspaper Publication,GMR AIRPORTS LIMITED has informed the Exchange about Intimation regarding Newspaper Publication for Notice of Postal Ballot,,,"{'symbol': 'GMRAIRPORT', 'desc': 'Copy of Newspaper Publication', 'dt': '18122025171323', 'attchmntFile': 'https://nsearchives.nseindia.com/corporate/GMRINFRA_18122025170931_Postal_Ballot_Newspaper.pdf', 'sm_name': 'GMR AIRPORTS LIMITED', 'sm_isin': 'INE776C01039', 'an_dt': '18-Dec-2025 17:13:23', 'sort_date': '2025-12-18 17:13:23', 'seq_id': '106471496', 'smIndustry': None, 'orgid': None, 'attchmntText': 'GMR AIRPORTS LIMITED has informed the Exchange about Intimation regarding Newspaper Publication for Notice of Postal Ballot', 'bflag': None, 'old_new': None, 'csvName': None, 'exchdisstime': '18-Dec-2025 17:13:24', 'difference': '00:00:01', 'fileSize': '4.79 MB', 'attFileSize': '4.79 MB', 'hasXbrl': True}",0.0
GMRAIRPORT,NSE_CORP_ANN,Shareholders meeting,GMR AIRPORTS LIMITED has informed the Exchange regarding Notice of Postal Ballot,,,"{'symbol': 'GMRAIRPORT', 'desc': 'Shareholders meeting', 'dt': '17122025172104', 'attchmntFile': 'https://nsearchives.nseindia.com/corporate/GMRINFRA_17122025171646_Postal_Ballot_Intimation-final.pdf', 'sm_name': 'GMR AIRPORTS LIMITED', 'sm_isin': 'INE776C01039', 'an_dt': '17-Dec-2025 17:21:04', 'sort_date': '2025-12-17 17:21:04', 'seq_id': '106470474', 'smIndustry': None, 'orgid': None, 'attchmntText': 'GMR AIRPORTS LIMITED has informed the Exchange regarding Notice of Postal Ballot', 'bflag': None, 'old_new': None, 'csvName': None, 'exchdisstime': '17-Dec-2025 17:21:05', 'difference': '00:00:01', 'fileSize': '1.22 MB', 'attFileSize': '1.22 MB', 'hasXbrl': True}",0.0
GMRAIRPORT,NSE_CORP_ANN,Resignation,GMR AIRPORTS LIMITED has informed the Exchange regarding Intimation regarding Resignation of Alternate Director of the Company,,,"{'symbol': 'GMRAIRPORT', 'desc': 'Resignation', 'dt': '16122025232611', 'attchmntFile': 'https://nsearchives.nseindia.com/corporate/GMRINFRA_16122025232413_STX-Intimation-of-Resignation-of-Director-Mr-Antoine.pdf', 'sm_name': 'GMR AIRPORTS LIMITED', 'sm_isin': 'INE776C01039', 'an_dt': '16-Dec-2025 23:26:11', 'sort_date': '2025-12-16 23:26:11', 'seq_id': '106469889', 'smIndustry': None, 'orgid': None, 'attchmntText': 'GMR AIRPORTS LIMITED has informed the Exchange regarding Intimation regarding Resignation of Alternate Director of the Company', 'bflag': None, 'old_new': None, 'csvName': None, 'exchdisstime': '16-Dec-2025 23:26:11', 'difference': '00:00:00', 'fileSize': '458.58 KB', 'attFileSize': '458.58 KB', 'hasXbrl': True}",0.0
GMRAIRPORT,NSE_CORP_ANN,General Updates,"GMR AIRPORTS LIMITED has informed the Exchange about SEBI (Listing Obligations and Disclosure Requirements) Regulations, 2015 - Monthly Traffic Updates",,,"{'symbol': 'GMRAIRPORT', 'desc': 'General Updates', 'dt': '15122025215052', 'attchmntFile': 'https://nsearchives.nseindia.com/corporate/GMRINFRA_15122025214736_15122025-monthlytrafficdataNov.pdf', 'sm_name': 'GMR AIRPORTS LIMITED', 'sm_isin': 'INE776C01039', 'an_dt': '15-Dec-2025 21:50:52', 'sort_date': '2025-12-15 21:50:52', 'seq_id': '106468701', 'smIndustry': None, 'orgid': None, 'attchmntText': 'GMR AIRPORTS LIMITED has informed the Exchange about SEBI (Listing Obligations and Disclosure Requirements) Regulations, 2015 - Monthly Traffic Updates', 'bflag': None, 'old_new': None, 'csvName': None, 'exchdisstime': '15-Dec-2025 21:50:53', 'difference': '00:00:01', 'fileSize': '873.33 KB', 'attFileSize': '873.33 KB', 'hasXbrl': True}",0.0
GLENMARK,NSE_CORP_ANN,Press Release,"Glenmark Pharmaceuticals Limited has informed the Exchange regarding a press release dated December 16, 2025, titled ""Glenmark Secures Exclusive Multi-Regional Rights to Aumolertinib, an MHRA and NMPA approved Third-Generation EGFR-TKI, from Hansoh Pharma"".",,,"{'symbol': 'GLENMARK', 'desc': 'Press Release', 'dt': '16122025153459', 'attchmntFile': 'https://nsearchives.nseindia.com/corporate/GLENMARK_16122025153443_PR_1612_SIGNED.pdf', 'sm_name': 'Glenmark Pharmaceuticals Limited', 'sm_isin': 'INE935A01035', 'an_dt': '16-Dec-2025 15:34:59', 'sort_date': '2025-12-16 15:34:59', 'seq_id': '106469356', 'smIndustry': 'Pharmaceuticals', 'orgid': None, 'attchmntText': 'Glenmark Pharmaceuticals Limited has informed the Exchange regarding a press release dated December 16, 2025, titled ""Glenmark Secures Exclusive Multi-Regional Rights to Aumolertinib, an MHRA and NMPA approved Third-Generation EGFR-TKI, from Hansoh Pharma"".', 'bflag': None, 'old_new': None, 'csvName': None, 'exchdisstime': '16-Dec-2025 15:35:00', 'difference': '00:00:01', 'fileSize': '468.40 KB', 'attFileSize': '468.40 KB', 'hasXbrl': True}",0.0
GRASIM,NSE_CORP_ANN,General Updates,Change In Senior Management Personnel of the Company,,,"{'symbol': 'GRASIM', 'desc': 'General Updates', 'dt': '19122025175745', 'attchmntFile': 'https://nsearchives.nseindia.com/corporate/GRASIM_19122025175653_SEIntimationChangeInSMP.pdf', 'sm_name': 'Grasim Industries Limited', 'sm_isin': 'INE047A01013', 'an_dt': '19-Dec-2025 17:57:45', 'sort_date': '2025-12-19 17:57:45', 'seq_id': '106472566', 'smIndustry': 'Cement And Cement Products', 'orgid': None, 'attchmntText': 'Change In Senior Management Personnel of the Company', 'bflag': None, 'old_new': None, 'csvName': None, 'exchdisstime': '19-Dec-2025 17:57:46', 'difference': '00:00:01', 'fileSize': '407.64 KB', 'attFileSize': '407.64 KB', 'hasXbrl': True}",0.0
GRASIM,NSE_CORP_ANN,Analysts/Institutional Investor Meet/Con. Call Updates,Intimation of schedule of Analysts / Institutional Investor Meet,,,"{'symbol': 'GRASIM', 'desc': 'Analysts/Institutional Investor Meet/Con. Call Updates', 'dt': '19122025161450', 'attchmntFile': 'https://nsearchives.nseindia.com/corporate/GRASIM_19122025161439_SEIntimation.pdf', 'sm_name': 'Grasim Industries Limited', 'sm_isin': 'INE047A01013', 'an_dt': '19-Dec-2025 16:14:50', 'sort_date': '2025-12-19 16:14:50', 'seq_id': '106472426', 'smIndustry': 'Cement And Cement Products', 'orgid': None, 'attchmntText': 'Intimation of schedule of Analysts / Institutional Investor Meet', 'bflag': None, 'old_new': None, 'csvName': None, 'exchdisstime': '19-Dec-2025 16:14:51', 'difference': '00:00:01', 'fileSize': '177.69 KB', 'attFileSize': '177.69 KB', 'hasXbrl': True}",0.0
HCLTECH,NSE_CORP_ANN,Trading Window,"HCL Technologies Limited has informed the Exchange regarding the Trading Window closure pursuant to SEBI (Prohibition of Insider Trading) Regulations, 2015",,,"{'symbol': 'HCLTECH', 'desc': 'Trading Window', 'dt': '19122025185608', 'attchmntFile': 'https://nsearchives.nseindia.com/corporate/HCLTECH_19122025185556_TWclosingintimation.pdf', 'sm_name': 'HCL Technologies Limited', 'sm_isin': 'INE860A01027', 'an_dt': '19-Dec-2025 18:56:08', 'sort_date': '2025-12-19 18:56:08', 'seq_id': '106472663', 'smIndustry': 'Computers - Software', 'orgid': None, 'attchmntText': 'HCL Technologies Limited has informed the Exchange regarding the Trading Window closure pursuant to SEBI (Prohibition of Insider Trading) Regulations, 2015', 'bflag': None, 'old_new': None, 'csvName': None, 'exchdisstime': '19-Dec-2025 18:56:09', 'difference': '00:00:01', 'fileSize': '402.17 KB', 'attFileSize': '402.17 KB', 'hasXbrl': True}",0.0
HCLTECH,NSE_CORP_ANN,Updates,HCL Technologies Limited has informed the Exchange regarding ''Release    HCLTech recognized as a Leader in the 2025 Gartner® Magic Quadrant  for Data Center Outsourcing Services,,,"{'symbol': 'HCLTECH', 'desc': 'Updates', 'dt': '19122025150254', 'attchmntFile': 'https://nsearchives.nseindia.com/corporate/HCLTECH_19122025150136_Release19December2025.pdf', 'sm_name': 'HCL Technologies Limited', 'sm_isin': 'INE860A01027', 'an_dt': '19-Dec-2025 15:02:54', 'sort_date': '2025-12-19 15:02:54', 'seq_id': '106472349', 'smIndustry': 'Computers - Software', 'orgid': None, 'attchmntText': ""HCL Technologies Limited has informed the Exchange regarding ''Release    HCLTech recognized as a Leader in the 2025 Gartner® Magic Quadrant  for Data Center Outsourcing Services"", 'bflag': None, 'old_new': None, 'csvName': None, 'exchdisstime': '19-Dec-2025 15:02:55', 'difference': '00:00:01', 'fileSize': '428.51 KB', 'attFileSize': '428.51 KB', 'hasXbrl': True}",0.0
HCLTECH,NSE_CORP_ANN,Press Release,"HCL Technologies Limited has informed the Exchange regarding a press release dated December 18, 2025, titled ""Release    HCLTech to Acquire Telco Solutions Business from Hewlett PackardEnterprise (HPE) to Further Strengthen its Engineering and AI-led Network Propositionsto Global Communication Service Providers. "".",,,"{'symbol': 'HCLTECH', 'desc': 'Press Release', 'dt': '18122025204422', 'attchmntFile': 'https://nsearchives.nseindia.com/corporate/HCLTECH_18122025204408_StockintimationletterofAcquistion.pdf', 'sm_name': 'HCL Technologies Limited', 'sm_isin': 'INE860A01027', 'an_dt': '18-Dec-2025 20:44:22', 'sort_date': '2025-12-18 20:44:22', 'seq_id': '106471695', 'smIndustry': 'Computers - Software', 'orgid': None, 'attchmntText': 'HCL Technologies Limited has informed the Exchange regarding a press release dated December 18, 2025, titled ""Release    HCLTech to Acquire Telco Solutions Business from Hewlett PackardEnterprise (HPE) to Further Strengthen its Engineering and AI-led Network Propositionsto Global Communication Service Providers. "".', 'bflag': None, 'old_new': None, 'csvName': None, 'exchdisstime': '18-Dec-2025 20:44:24', 'difference': '00:00:02', 'fileSize': '517.62 KB', 'attFileSize': '517.62 KB', 'hasXbrl': True}",0.0
HCLTECH,NSE_CORP_ANN,Acquisition,HCL Technologies Limited has informed the Exchange about Acquisition,,,"{'symbol': 'HCLTECH', 'desc': 'Acquisition', 'dt': '18122025203702', 'attchmntFile': 'https://nsearchives.nseindia.com/corporate/HCLTECH_18122025203644_StockintimationletterofAcquistion.pdf', 'sm_name': 'HCL Technologies Limited', 'sm_isin': 'INE860A01027', 'an_dt': '18-Dec-2025 20:37:02', 'sort_date': '2025-12-18 20:37:02', 'seq_id': '106471692', 'smIndustry': 'Computers - Software', 'orgid': None, 'attchmntText': 'HCL Technologies Limited has informed the Exchange about Acquisition', 'bflag': None, 'old_new': None, 'csvName': None, 'exchdisstime': '18-Dec-2025 20:37:03', 'difference': '00:00:01', 'fileSize': '517.62 KB', 'attFileSize': '517.62 KB', 'hasXbrl': True}",0.0
HDFCBANK,NSE_CORP_ANN,ESOP/ESOS/ESPS,HDFC Bank Limited has informed the Exchange regarding Allotment of 2066610  Shares.,,,"{'symbol': 'HDFCBANK', 'desc': 'ESOP/ESOS/ESPS', 'dt': '18122025160934', 'attchmntFile': 'https://nsearchives.nseindia.com/corporate/HDFCBANK_18122025160703_SELetterESOP18122025.pdf', 'sm_name': 'HDFC Bank Limited', 'sm_isin': 'INE040A01018', 'an_dt': '18-Dec-2025 16:09:34', 'sort_date': '2025-12-18 16:09:34', 'seq_id': '106471419', 'smIndustry': 'Banks', 'orgid': None, 'attchmntText': 'HDFC Bank Limited has informed the Exchange regarding Allotment of 2066610  Shares.', 'bflag': None, 'old_new': None, 'csvName': None, 'exchdisstime': '18-Dec-2025 16:09:35', 'difference': '00:00:01', 'fileSize': '561.87 KB', 'attFileSize': '561.87 KB', 'hasXbrl': True}",0.0
HDFCBANK,NSE_CORP_ANN,Copy of Newspaper Publication,HDFC Bank Limited has informed the Exchange about Copy of Newspaper Publication,,,"{'symbol': 'HDFCBANK', 'desc': 'Copy of Newspaper Publication', 'dt': '18122025154934', 'attchmntFile': 'https://nsearchives.nseindia.com/corporate/HDFCBANK_18122025154856_SEintimation_Newspaperadv.pdf', 'sm_name': 'HDFC Bank Limited', 'sm_isin': 'INE040A01018', 'an_dt': '18-Dec-2025 15:49:34', 'sort_date': '2025-12-18 15:49:34', 'seq_id': '106471401', 'smIndustry': 'Banks', 'orgid': None, 'attchmntText': 'HDFC Bank Limited has informed the Exchange about Copy of Newspaper Publication', 'bflag': None, 'old_new': None, 'csvName': None, 'exchdisstime': '18-Dec-2025 15:49:34', 'difference': '00:00:00', 'fileSize': '900.08 KB', 'attFileSize': '900.08 KB', 'hasXbrl': True}",0.0
HDFCBANK,NSE_CORP_ANN,General Updates,HDFC Bank Limited has informed the Exchange about General Updates,,,"{'symbol': 'HDFCBANK', 'desc': 'General Updates', 'dt': '15122025231939', 'attchmntFile': 'https://nsearchives.nseindia.com/corporate/HDFCBANK_15122025231922_Reg30intimation-RBIapproval_investment_in_other_bank.pdf', 'sm_name': 'HDFC Bank Limited', 'sm_isin': 'INE040A01018', 'an_dt': '15-Dec-2025 23:19:39', 'sort_date': '2025-12-15 23:19:39', 'seq_id': '106468837', 'smIndustry': 'Banks', 'orgid': None, 'attchmntText': 'HDFC Bank Limited has informed the Exchange about General Updates', 'bflag': None, 'old_new': None, 'csvName': None, 'exchdisstime': '15-Dec-2025 23:19:41', 'difference': '00:00:02', 'fileSize': '258.10 KB', 'attFileSize': '258.10 KB', 'hasXbrl': True}",0.0
HDFCLIFE,NSE_CORP_ANN,General Updates,HDFC Life Insurance Company Limited has informed the Exchange about the allotment of 769885 securities pursuant to ESOP/ESPS,,,"{'symbol': 'HDFCLIFE', 'desc': 'General Updates', 'dt': '17122025161532', 'attchmntFile': 'https://nsearchives.nseindia.com/corporate/PRASAD_17122025161500_ESOPSEIntimationDecembersigned.pdf', 'sm_name': 'HDFC Life Insurance Company Limited', 'sm_isin': 'INE795G01014', 'an_dt': '17-Dec-2025 16:15:32', 'sort_date': '2025-12-17 16:15:32', 'seq_id': '106470401', 'smIndustry': None, 'orgid': None, 'attchmntText': 'HDFC Life Insurance Company Limited has informed the Exchange about the allotment of 769885 securities pursuant to ESOP/ESPS', 'bflag': None, 'old_new': None, 'csvName': None, 'exchdisstime': '17-Dec-2025 16:15:33', 'difference': '00:00:01', 'fileSize': '256.59 KB', 'attFileSize': '256.59 KB', 'hasXbrl': True}",0.0
HFCL,NSE_CORP_ANN,Updates,"HFCL Limited has informed the Exchange regarding 'Outcome of the Meeting of Fund Raising Committee of Directors held today i.e. December 22, 2025'.",,,"{'symbol': 'HFCL', 'desc': 'Updates', 'dt': '22122025102550', 'attchmntFile': 'https://nsearchives.nseindia.com/corporate/AHMED_22122025102524_HFCL_STX_22122025_FirstHalf.pdf', 'sm_name': 'HFCL Limited', 'sm_isin': 'INE548A01028', 'an_dt': '22-Dec-2025 10:25:50', 'sort_date': '2025-12-22 10:25:50', 'seq_id': '106473541', 'smIndustry': 'Telecommunication - Equipment', 'orgid': None, 'attchmntText': ""HFCL Limited has informed the Exchange regarding 'Outcome of the Meeting of Fund Raising Committee of Directors held today i.e. December 22, 2025'."", 'bflag': None, 'old_new': None, 'csvName': None, 'exchdisstime': '22-Dec-2025 10:25:50', 'difference': '00:00:00', 'fileSize': '284.24 KB', 'attFileSize': '284.24 KB', 'hasXbrl': True}",0.0
HAVELLS,NSE_CORP_ANN,Change in Management,Havells India Limited has informed the Exchange about change in Management,,,"{'symbol': 'HAVELLS', 'desc': 'Change in Management', 'dt': '17122025165453', 'attchmntFile': 'https://nsearchives.nseindia.com/corporate/HAVELLS1_17122025165413_signed_Intimation_SeniorMngt_aapt_17122025.pdf', 'sm_name': 'Havells India Limited', 'sm_isin': 'INE176B01018', 'an_dt': '17-Dec-2025 16:54:53', 'sort_date': '2025-12-17 16:54:53', 'seq_id': '106470432', 'smIndustry': 'Electrical Equipment', 'orgid': None, 'attchmntText': 'Havells India Limited has informed the Exchange about change in Management', 'bflag': None, 'old_new': None, 'csvName': None, 'exchdisstime': '17-Dec-2025 16:54:54', 'difference': '00:00:01', 'fileSize': '725.70 KB', 'attFileSize': '725.70 KB', 'hasXbrl': True}",0.0
HEROMOTOCO,NSE_CORP_ANN,Copy of Newspaper Publication,Please find enclosed herewith the copy of newspaper advertisement published today intimating that the special window has been opened for re-lodgement of transfer requests of physical shares.,,,"{'symbol': 'HEROMOTOCO', 'desc': 'Copy of Newspaper Publication', 'dt': '20122025214035', 'attchmntFile': 'https://nsearchives.nseindia.com/corporate/HEROMOTO_20122025214021_Stxintimation20122025f.pdf', 'sm_name': 'Hero MotoCorp Limited', 'sm_isin': 'INE158A01026', 'an_dt': '20-Dec-2025 21:40:35', 'sort_date': '2025-12-20 21:40:35', 'seq_id': '106473248', 'smIndustry': 'Automobiles - 2 And 3 Wheelers', 'orgid': None, 'attchmntText': 'Please find enclosed herewith the copy of newspaper advertisement published today intimating that the special window has been opened for re-lodgement of transfer requests of physical shares.', 'bflag': None, 'old_new': None, 'csvName': None, 'exchdisstime': '20-Dec-2025 21:40:35', 'difference': '00:00:00', 'fileSize': '480.56 KB', 'attFileSize': '480.56 KB', 'hasXbrl': True}",0.0
HINDUNILVR,NSE_CORP_ANN,General Updates,Update on acquisition of Equity Shares of Transition Sustainable Energy Services One Private Limited,,,"{'symbol': 'HINDUNILVR', 'desc': 'General Updates', 'dt': '18122025190027', 'attchmntFile': 'https://nsearchives.nseindia.com/corporate/HINDUNILVR_18122025185948_18122025SEIntimationsigned.pdf', 'sm_name': 'Hindustan Unilever Limited', 'sm_isin': 'INE030A01027', 'an_dt': '18-Dec-2025 19:00:27', 'sort_date': '2025-12-18 19:00:27', 'seq_id': '106471629', 'smIndustry': 'Diversified', 'orgid': None, 'attchmntText': 'Update on acquisition of Equity Shares of Transition Sustainable Energy Services One Private Limited', 'bflag': None, 'old_new': None, 'csvName': None, 'exchdisstime': '18-Dec-2025 19:00:28', 'difference': '00:00:01', 'fileSize': '248.95 KB', 'attFileSize': '248.95 KB', 'hasXbrl': True}",0.0
HINDUNILVR,NSE_CORP_ANN,Trading Window,"Hindustan Unilever Limited has informed the Exchange regarding the Trading Window closure pursuant to SEBI (Prohibition of Insider Trading) Regulations, 2015",,,"{'symbol': 'HINDUNILVR', 'desc': 'Trading Window', 'dt': '15122025183233', 'attchmntFile': 'https://nsearchives.nseindia.com/corporate/HINDUNILVR_15122025183159_15122025IntimationofClosedPeriodsigned.pdf', 'sm_name': 'Hindustan Unilever Limited', 'sm_isin': 'INE030A01027', 'an_dt': '15-Dec-2025 18:32:33', 'sort_date': '2025-12-15 18:32:33', 'seq_id': '106468588', 'smIndustry': 'Diversified', 'orgid': None, 'attchmntText': 'Hindustan Unilever Limited has informed the Exchange regarding the Trading Window closure pursuant to SEBI (Prohibition of Insider Trading) Regulations, 2015', 'bflag': None, 'old_new': None, 'csvName': None, 'exchdisstime': '15-Dec-2025 18:32:34', 'difference': '00:00:01', 'fileSize': '214.92 KB', 'attFileSize': '214.92 KB', 'hasXbrl': True}",0.0
HINDZINC,NSE_CORP_ANN,Shareholders meeting,"Hindustan Zinc Limited has submitted the Exchange a copy Srutinizers report of  Postal Ballot. Further, the company has informed the Exchange regarding voting results.",,,"{'symbol': 'HINDZINC', 'desc': 'Shareholders meeting', 'dt': '21122025153527', 'attchmntFile': 'https://nsearchives.nseindia.com/corporate/HINDZINCNSE_21122025153513_HZL_voting_results_and_report.pdf', 'sm_name': 'Hindustan Zinc Limited', 'sm_isin': 'INE267A01017', 'an_dt': '21-Dec-2025 15:35:27', 'sort_date': '2025-12-21 15:35:27', 'seq_id': '106473300', 'smIndustry': 'Metals', 'orgid': None, 'attchmntText': 'Hindustan Zinc Limited has submitted the Exchange a copy Srutinizers report of  Postal Ballot. Further, the company has informed the Exchange regarding voting results.', 'bflag': None, 'old_new': None, 'csvName': None, 'exchdisstime': '21-Dec-2025 15:35:28', 'difference': '00:00:01', 'fileSize': '1.40 MB', 'attFileSize': '1.40 MB', 'hasXbrl': True}",0.0
HINDZINC,NSE_CORP_ANN,Action(s) taken or orders passed,Hindustan Zinc Limited has informed the Exchange about Action(s) taken or orders passed,,,"{'symbol': 'HINDZINC', 'desc': 'Action(s) taken or orders passed', 'dt': '17122025201352', 'attchmntFile': 'https://nsearchives.nseindia.com/corporate/HINDZINCNSE_17122025201339_SEIntimationpenalty.pdf', 'sm_name': 'Hindustan Zinc Limited', 'sm_isin': 'INE267A01017', 'an_dt': '17-Dec-2025 20:13:52', 'sort_date': '2025-12-17 20:13:52', 'seq_id': '106470691', 'smIndustry': 'Metals', 'orgid': None, 'attchmntText': 'Hindustan Zinc Limited has informed the Exchange about Action(s) taken or orders passed', 'bflag': None, 'old_new': None, 'csvName': None, 'exchdisstime': '17-Dec-2025 20:13:53', 'difference': '00:00:01', 'fileSize': '409.06 KB', 'attFileSize': '409.06 KB', 'hasXbrl': True}",0.0
POWERINDIA,NSE_CORP_ANN,Action(s) taken or orders passed,Hitachi Energy India Limited has informed the Exchange about Action(s) taken or orders passed,,,"{'symbol': 'POWERINDIA', 'desc': 'Action(s) taken or orders passed', 'dt': '16122025145109', 'attchmntFile': 'https://nsearchives.nseindia.com/corporate/HitachiEnergy_16122025145045_StockExchangeIntimation.pdf', 'sm_name': 'Hitachi Energy India Limited', 'sm_isin': 'INE07Y701011', 'an_dt': '16-Dec-2025 14:51:09', 'sort_date': '2025-12-16 14:51:09', 'seq_id': '106469327', 'smIndustry': None, 'orgid': None, 'attchmntText': 'Hitachi Energy India Limited has informed the Exchange about Action(s) taken or orders passed', 'bflag': None, 'old_new': None, 'csvName': None, 'exchdisstime': '16-Dec-2025 14:51:10', 'difference': '00:00:01', 'fileSize': '117.60 KB', 'attFileSize': '117.60 KB', 'hasXbrl': True}",0.0
ICICIBANK,NSE_CORP_ANN,General Updates,"ICICI Bank Limited has informed the Exchange about disclosure under Regulation 30 of the SEBI (Listing Obligations and Disclosure Requirements) Regulation, 2015",,,"{'symbol': 'ICICIBANK', 'desc': 'General Updates', 'dt': '19122025113617', 'attchmntFile': 'https://nsearchives.nseindia.com/corporate/ICICI2022_19122025113528_NSEBSE_19122025.pdf', 'sm_name': 'ICICI Bank Limited', 'sm_isin': 'INE090A01013', 'an_dt': '19-Dec-2025 11:36:17', 'sort_date': '2025-12-19 11:36:17', 'seq_id': '106472204', 'smIndustry': 'Banks', 'orgid': None, 'attchmntText': 'ICICI Bank Limited has informed the Exchange about disclosure under Regulation 30 of the SEBI (Listing Obligations and Disclosure Requirements) Regulation, 2015', 'bflag': None, 'old_new': None, 'csvName': None, 'exchdisstime': '19-Dec-2025 11:36:17', 'difference': '00:00:00', 'fileSize': '3.09 MB', 'attFileSize': '3.09 MB', 'hasXbrl': True}",0.0
ICICIBANK,NSE_CORP_ANN,ESOP/ESOS/ESPS,ICICI Bank Limited has informed the Exchange regarding Allotment of 19752  Shares.,,,"{'symbol': 'ICICIBANK', 'desc': 'ESOP/ESOS/ESPS', 'dt': '18122025165908', 'attchmntFile': 'https://nsearchives.nseindia.com/corporate/ICICIBANK1_18122025165728_StcokExchangeletter.pdf', 'sm_name': 'ICICI Bank Limited', 'sm_isin': 'INE090A01013', 'an_dt': '18-Dec-2025 16:59:08', 'sort_date': '2025-12-18 16:59:08', 'seq_id': '106471483', 'smIndustry': 'Banks', 'orgid': None, 'attchmntText': 'ICICI Bank Limited has informed the Exchange regarding Allotment of 19752  Shares.', 'bflag': None, 'old_new': None, 'csvName': None, 'exchdisstime': '18-Dec-2025 16:59:09', 'difference': '00:00:01', 'fileSize': '200.32 KB', 'attFileSize': '200.32 KB', 'hasXbrl': True}",0.0
ICICIGI,NSE_CORP_ANN,General Updates,"ICICI Lombard General Insurance Company Limited has informed the Exchange about Update on Disclosure under Regulation 30 of SEBI (Listing Obligations and Disclosure Requirements) Regulations, 2015",,,"{'symbol': 'ICICIGI', 'desc': 'General Updates', 'dt': '19122025161128', 'attchmntFile': 'https://nsearchives.nseindia.com/corporate/ICICIGI_19122025161055_SE_Intimation_MP_Appeal_Order_FY2018-21.pdf', 'sm_name': 'ICICI Lombard General Insurance Company Limited', 'sm_isin': 'INE765G01017', 'an_dt': '19-Dec-2025 16:11:28', 'sort_date': '2025-12-19 16:11:28', 'seq_id': '106472421', 'smIndustry': None, 'orgid': None, 'attchmntText': 'ICICI Lombard General Insurance Company Limited has informed the Exchange about Update on Disclosure under Regulation 30 of SEBI (Listing Obligations and Disclosure Requirements) Regulations, 2015', 'bflag': None, 'old_new': None, 'csvName': None, 'exchdisstime': '19-Dec-2025 16:11:29', 'difference': '00:00:01', 'fileSize': '343.67 KB', 'attFileSize': '343.67 KB', 'hasXbrl': True}",0.0
ICICIGI,NSE_CORP_ANN,Updates,"ICICI Lombard General Insurance Company Limited has informed the Exchange regarding 'Schedule Of Analyst/ Institutional Investor Meet - Intimation. Rescheduling of Analyst/Institutional Investor Meet to held on December 16, 2025.'.",,,"{'symbol': 'ICICIGI', 'desc': 'Updates', 'dt': '15122025201559', 'attchmntFile': 'https://nsearchives.nseindia.com/corporate/ICICIGI_15122025201405_RescheduleofAnalystMeetPreIntimationDecember152025.pdf', 'sm_name': 'ICICI Lombard General Insurance Company Limited', 'sm_isin': 'INE765G01017', 'an_dt': '15-Dec-2025 20:15:59', 'sort_date': '2025-12-15 20:15:59', 'seq_id': '106468671', 'smIndustry': None, 'orgid': None, 'attchmntText': ""ICICI Lombard General Insurance Company Limited has informed the Exchange regarding 'Schedule Of Analyst/ Institutional Investor Meet - Intimation. Rescheduling of Analyst/Institutional Investor Meet to held on December 16, 2025.'."", 'bflag': None, 'old_new': None, 'csvName': None, 'exchdisstime': '15-Dec-2025 20:16:01', 'difference': '00:00:02', 'fileSize': '2.91 MB', 'attFileSize': '2.91 MB', 'hasXbrl': True}",0.0
ICICIPRULI,NSE_CORP_ANN,General Updates,ICICI Prudential Life Insurance Company Limited has informed the Exchange about General Updates,,,"{'symbol': 'ICICIPRULI', 'desc': 'General Updates', 'dt': '20122025144726', 'attchmntFile': 'https://nsearchives.nseindia.com/corporate/ICICIPRULI_20122025144703_SE_Intimation_under_Regulation_30_and_51__Credit_Intimation.pdf', 'sm_name': 'ICICI Prudential Life Insurance Company Limited', 'sm_isin': 'INE726G01019', 'an_dt': '20-Dec-2025 14:47:26', 'sort_date': '2025-12-20 14:47:26', 'seq_id': '106473099', 'smIndustry': None, 'orgid': None, 'attchmntText': 'ICICI Prudential Life Insurance Company Limited has informed the Exchange about General Updates', 'bflag': None, 'old_new': None, 'csvName': None, 'exchdisstime': '20-Dec-2025 14:47:28', 'difference': '00:00:02', 'fileSize': '183.11 KB', 'attFileSize': '183.11 KB', 'hasXbrl': True}",0.0
ICICIPRULI,NSE_CORP_ANN,Action(s) taken or orders passed,ICICI Prudential Life Insurance Company Limited has informed the Exchange about Action(s) taken or orders passed,,,"{'symbol': 'ICICIPRULI', 'desc': 'Action(s) taken or orders passed', 'dt': '20122025111512', 'attchmntFile': 'https://nsearchives.nseindia.com/corporate/ICICIPRULI_20122025111500_Draft_disclosure_order_dated_19122025.pdf', 'sm_name': 'ICICI Prudential Life Insurance Company Limited', 'sm_isin': 'INE726G01019', 'an_dt': '20-Dec-2025 11:15:12', 'sort_date': '2025-12-20 11:15:12', 'seq_id': '106473010', 'smIndustry': None, 'orgid': None, 'attchmntText': 'ICICI Prudential Life Insurance Company Limited has informed the Exchange about Action(s) taken or orders passed', 'bflag': None, 'old_new': None, 'csvName': None, 'exchdisstime': '20-Dec-2025 11:15:13', 'difference': '00:00:01', 'fileSize': '149.64 KB', 'attFileSize': '149.64 KB', 'hasXbrl': True}",0.0
ICICIPRULI,NSE_CORP_ANN,ESOP/ESOS/ESPS,ICICI Prudential Life Insurance Company Limited has informed the Exchange regarding Allotment of 78351  Shares.,,,"{'symbol': 'ICICIPRULI', 'desc': 'ESOP/ESOS/ESPS', 'dt': '16122025122651', 'attchmntFile': 'https://nsearchives.nseindia.com/corporate/ICICIPRULI_16122025122639_SE_Intimation_Dec_16_2025.pdf', 'sm_name': 'ICICI Prudential Life Insurance Company Limited', 'sm_isin': 'INE726G01019', 'an_dt': '16-Dec-2025 12:26:51', 'sort_date': '2025-12-16 12:26:51', 'seq_id': '106469238', 'smIndustry': None, 'orgid': None, 'attchmntText': 'ICICI Prudential Life Insurance Company Limited has informed the Exchange regarding Allotment of 78351  Shares.', 'bflag': None, 'old_new': None, 'csvName': None, 'exchdisstime': '16-Dec-2025 12:26:53', 'difference': '00:00:02', 'fileSize': '143.99 KB', 'attFileSize': '143.99 KB', 'hasXbrl': True}",0.0
IDFCFIRSTB,NSE_CORP_ANN,Shareholders meeting,"IDFC First Bank Limited has submitted the Exchange a copy Srutinizers report of  Postal Ballot. Further, the company has informed the Exchange regarding voting results.",,,"{'symbol': 'IDFCFIRSTB', 'desc': 'Shareholders meeting', 'dt': '20122025192030', 'attchmntFile': 'https://nsearchives.nseindia.com/corporate/IDFCFIRSTB_20122025190840_IDFCFIRSTB_PostalBallot_VotingResults_Outcome.pdf', 'sm_name': 'IDFC First Bank Limited', 'sm_isin': 'INE092T01019', 'an_dt': '20-Dec-2025 19:20:30', 'sort_date': '2025-12-20 19:20:30', 'seq_id': '106473179', 'smIndustry': None, 'orgid': None, 'attchmntText': 'IDFC First Bank Limited has submitted the Exchange a copy Srutinizers report of  Postal Ballot. Further, the company has informed the Exchange regarding voting results.', 'bflag': None, 'old_new': None, 'csvName': None, 'exchdisstime': '20-Dec-2025 19:20:31', 'difference': '00:00:01', 'fileSize': '1.10 MB', 'attFileSize': '1.10 MB', 'hasXbrl': True}",0.0
IIFL,NSE_CORP_ANN,Press Release,"IIFL Finance Limited has informed the Exchange regarding a press release dated December 19, 2025, titled ""IIFL Finance Limited Designates Former RBI Deputy Governor Mr. B. P. Kanungo as Chairperson of the Board.""",,,"{'symbol': 'IIFL', 'desc': 'Press Release', 'dt': '19122025231336', 'attchmntFile': 'https://nsearchives.nseindia.com/corporate/IIFL_19122025231319_Final_SE_Intimation.pdf', 'sm_name': 'IIFL Finance Limited', 'sm_isin': 'INE530B01024', 'an_dt': '19-Dec-2025 23:13:36', 'sort_date': '2025-12-19 23:13:36', 'seq_id': '106472823', 'smIndustry': None, 'orgid': None, 'attchmntText': 'IIFL Finance Limited has informed the Exchange regarding a press release dated December 19, 2025, titled ""IIFL Finance Limited Designates Former RBI Deputy Governor Mr. B. P. Kanungo as Chairperson of the Board.""', 'bflag': None, 'old_new': None, 'csvName': None, 'exchdisstime': '19-Dec-2025 23:13:38', 'difference': '00:00:02', 'fileSize': '1.27 MB', 'attFileSize': '1.27 MB', 'hasXbrl': True}",0.0
IIFL,NSE_CORP_ANN,Outcome of Board Meeting,"IIFL Finance Limited has informed the Exchanges regarding Outcome of Board Meeting dated December 19, 2025.",,,"{'symbol': 'IIFL', 'desc': 'Outcome of Board Meeting', 'dt': '19122025225030', 'attchmntFile': 'https://nsearchives.nseindia.com/corporate/IIFL_19122025224721_SE_Intimation_Final.pdf', 'sm_name': 'IIFL Finance Limited', 'sm_isin': 'INE530B01024', 'an_dt': '19-Dec-2025 22:50:30', 'sort_date': '2025-12-19 22:50:30', 'seq_id': '106472808', 'smIndustry': None, 'orgid': None, 'attchmntText': 'IIFL Finance Limited has informed the Exchanges regarding Outcome of Board Meeting dated December 19, 2025.', 'bflag': None, 'old_new': None, 'csvName': None, 'exchdisstime': '19-Dec-2025 22:50:31', 'difference': '00:00:01', 'fileSize': '838.38 KB', 'attFileSize': '838.38 KB', 'hasXbrl': True}",0.0
IIFL,NSE_CORP_ANN,Credit Rating,IIFL Finance Limited has informed the Exchange about Credit Rating,,,"{'symbol': 'IIFL', 'desc': 'Credit Rating', 'dt': '16122025161631', 'attchmntFile': 'https://nsearchives.nseindia.com/corporate/IIFL_16122025161225_RatingSEIntimation.pdf', 'sm_name': 'IIFL Finance Limited', 'sm_isin': 'INE530B01024', 'an_dt': '16-Dec-2025 16:16:31', 'sort_date': '2025-12-16 16:16:31', 'seq_id': '106469418', 'smIndustry': None, 'orgid': None, 'attchmntText': 'IIFL Finance Limited has informed the Exchange about Credit Rating', 'bflag': None, 'old_new': None, 'csvName': None, 'exchdisstime': '16-Dec-2025 16:16:32', 'difference': '00:00:01', 'fileSize': '258.68 KB', 'attFileSize': '258.68 KB', 'hasXbrl': True}",0.0
IIFL,NSE_CORP_ANN,Allotment of Securities,IIFL Finance Limited has informed the Exchange regarding Intimation of Allotment of Non-Convertible Debentures on Private Placement basis,,,"{'symbol': 'IIFL', 'desc': 'Allotment of Securities', 'dt': '16122025145323', 'attchmntFile': 'https://nsearchives.nseindia.com/corporate/IIFL_16122025145007_SEIntimationAllotment.pdf', 'sm_name': 'IIFL Finance Limited', 'sm_isin': 'INE530B01024', 'an_dt': '16-Dec-2025 14:53:23', 'sort_date': '2025-12-16 14:53:23', 'seq_id': '106469332', 'smIndustry': None, 'orgid': None, 'attchmntText': 'IIFL Finance Limited has informed the Exchange regarding Intimation of Allotment of Non-Convertible Debentures on Private Placement basis', 'bflag': None, 'old_new': None, 'csvName': None, 'exchdisstime': '16-Dec-2025 14:53:24', 'difference': '00:00:01', 'fileSize': '250.65 KB', 'attFileSize': '250.65 KB', 'hasXbrl': True}",0.0
ITC,NSE_CORP_ANN,ESOP/ESOS/ESPS,ITC Limited has informed the Exchange regarding Allotment of 195210 Shares.,,,"{'symbol': 'ITC', 'desc': 'ESOP/ESOS/ESPS', 'dt': '19122025153129', 'attchmntFile': 'https://nsearchives.nseindia.com/corporate/ITC_19122025153038_SE.pdf', 'sm_name': 'ITC Limited', 'sm_isin': 'INE154A01025', 'an_dt': '19-Dec-2025 15:31:29', 'sort_date': '2025-12-19 15:31:29', 'seq_id': '106472373', 'smIndustry': 'Cigarettes', 'orgid': None, 'attchmntText': 'ITC Limited has informed the Exchange regarding Allotment of 195210 Shares.', 'bflag': None, 'old_new': None, 'csvName': None, 'exchdisstime': '19-Dec-2025 15:31:30', 'difference': '00:00:01', 'fileSize': '635.33 KB', 'attFileSize': '635.33 KB', 'hasXbrl': True}",0.0
ITC,NSE_CORP_ANN,Sale or disposal,"ITC Limited has informed the Exchange about Voluntary Liquidation of Prag Agro Farm Limited, a wholly owned subsidiary",,,"{'symbol': 'ITC', 'desc': 'Sale or disposal', 'dt': '19122025113126', 'attchmntFile': 'https://nsearchives.nseindia.com/corporate/ITC_19122025113115_SE_PAFL_.pdf', 'sm_name': 'ITC Limited', 'sm_isin': 'INE154A01025', 'an_dt': '19-Dec-2025 11:31:26', 'sort_date': '2025-12-19 11:31:26', 'seq_id': '106472199', 'smIndustry': 'Cigarettes', 'orgid': None, 'attchmntText': 'ITC Limited has informed the Exchange about Voluntary Liquidation of Prag Agro Farm Limited, a wholly owned subsidiary', 'bflag': None, 'old_new': None, 'csvName': None, 'exchdisstime': '19-Dec-2025 11:31:27', 'difference': '00:00:01', 'fileSize': '333.47 KB', 'attFileSize': '333.47 KB', 'hasXbrl': True}",0.0
ITC,NSE_CORP_ANN,General Updates,ITC Limited has informed the Exchange about Acquisition of Pulp and Paper Undertaking of Aditya Birla Real Estate Limited - Update,,,"{'symbol': 'ITC', 'desc': 'General Updates', 'dt': '17122025102015', 'attchmntFile': 'https://nsearchives.nseindia.com/corporate/ITC_17122025102003_SE_Century_.pdf', 'sm_name': 'ITC Limited', 'sm_isin': 'INE154A01025', 'an_dt': '17-Dec-2025 10:20:15', 'sort_date': '2025-12-17 10:20:15', 'seq_id': '106470110', 'smIndustry': 'Cigarettes', 'orgid': None, 'attchmntText': 'ITC Limited has informed the Exchange about Acquisition of Pulp and Paper Undertaking of Aditya Birla Real Estate Limited - Update', 'bflag': None, 'old_new': None, 'csvName': None, 'exchdisstime': '17-Dec-2025 10:20:16', 'difference': '00:00:01', 'fileSize': '279.54 KB', 'attFileSize': '279.54 KB', 'hasXbrl': True}",0.0
ITC,NSE_CORP_ANN,Change in Director(s),ITC Limited has informed the Exchange regarding Change in Director(s) of the company.,,,"{'symbol': 'ITC', 'desc': 'Change in Director(s)', 'dt': '16122025162546', 'attchmntFile': 'https://nsearchives.nseindia.com/corporate/ITC_16122025162539_SE_Director_.pdf', 'sm_name': 'ITC Limited', 'sm_isin': 'INE154A01025', 'an_dt': '16-Dec-2025 16:25:46', 'sort_date': '2025-12-16 16:25:46', 'seq_id': '106469437', 'smIndustry': 'Cigarettes', 'orgid': None, 'attchmntText': 'ITC Limited has informed the Exchange regarding Change in Director(s) of the company.', 'bflag': None, 'old_new': None, 'csvName': None, 'exchdisstime': '16-Dec-2025 16:25:47', 'difference': '00:00:01', 'fileSize': '385.31 KB', 'attFileSize': '385.31 KB', 'hasXbrl': True}",0.0
ITC,NSE_CORP_ANN,Shareholders meeting,ITC Limited has informed the Exchange regarding voting results of  Postal Ballot,,,"{'symbol': 'ITC', 'desc': 'Shareholders meeting', 'dt': '16122025162019', 'attchmntFile': 'https://nsearchives.nseindia.com/corporate/ITC_16122025161929_SE_VotingResults_.pdf', 'sm_name': 'ITC Limited', 'sm_isin': 'INE154A01025', 'an_dt': '16-Dec-2025 16:20:19', 'sort_date': '2025-12-16 16:20:19', 'seq_id': '106469423', 'smIndustry': 'Cigarettes', 'orgid': None, 'attchmntText': 'ITC Limited has informed the Exchange regarding voting results of  Postal Ballot', 'bflag': None, 'old_new': None, 'csvName': None, 'exchdisstime': '16-Dec-2025 16:20:21', 'difference': '00:00:02', 'fileSize': '455.30 KB', 'attFileSize': '455.30 KB', 'hasXbrl': True}",0.0
INDIANB,NSE_CORP_ANN,Shareholders meeting,"Indian Bank has informed the Exchange regarding Notice of Extraordinary General Meeting to be held on January 09, 2026",,,"{'symbol': 'INDIANB', 'desc': 'Shareholders meeting', 'dt': '17122025174021', 'attchmntFile': 'https://nsearchives.nseindia.com/corporate/INDIANB_17122025173749_SE_EGM_Notice17122025.pdf', 'sm_name': 'Indian Bank', 'sm_isin': 'INE562A01011', 'an_dt': '17-Dec-2025 17:40:21', 'sort_date': '2025-12-17 17:40:21', 'seq_id': '106470505', 'smIndustry': 'Banks', 'orgid': None, 'attchmntText': 'Indian Bank has informed the Exchange regarding Notice of Extraordinary General Meeting to be held on January 09, 2026', 'bflag': None, 'old_new': None, 'csvName': None, 'exchdisstime': '17-Dec-2025 17:40:22', 'difference': '00:00:01', 'fileSize': '1.67 MB', 'attFileSize': '1.67 MB', 'hasXbrl': True}",0.0
IEX,NSE_CORP_ANN,Analysts/Institutional Investor Meet/Con. Call Updates,Indian Energy Exchange Limited has informed the Exchange about Schedule of meet,,,"{'symbol': 'IEX', 'desc': 'Analysts/Institutional Investor Meet/Con. Call Updates', 'dt': '18122025131816', 'attchmntFile': 'https://nsearchives.nseindia.com/corporate/IEX_18122025131742_Signed_IEX_Analsyt_Meet_18_12_2025.pdf', 'sm_name': 'Indian Energy Exchange Limited', 'sm_isin': 'INE022Q01012', 'an_dt': '18-Dec-2025 13:18:16', 'sort_date': '2025-12-18 13:18:16', 'seq_id': '106471313', 'smIndustry': None, 'orgid': None, 'attchmntText': 'Indian Energy Exchange Limited has informed the Exchange about Schedule of meet', 'bflag': None, 'old_new': None, 'csvName': None, 'exchdisstime': '18-Dec-2025 13:18:17', 'difference': '00:00:01', 'fileSize': '328.03 KB', 'attFileSize': '328.03 KB', 'hasXbrl': True}",0.0
IRFC,NSE_CORP_ANN,Change in Auditors,Indian Railway Finance Corporation Limited has informed the Exchange regarding Change in Auditors of the company.,,,"{'symbol': 'IRFC', 'desc': 'Change in Auditors', 'dt': '16122025112330', 'attchmntFile': 'https://nsearchives.nseindia.com/corporate/IRFC_16122025112313_IntimationforAppointmentofjointStatutoryAuditors.pdf', 'sm_name': 'Indian Railway Finance Corporation Limited', 'sm_isin': 'INE053F07520', 'an_dt': '16-Dec-2025 11:23:30', 'sort_date': '2025-12-16 11:23:30', 'seq_id': '106469179', 'smIndustry': '-', 'orgid': None, 'attchmntText': 'Indian Railway Finance Corporation Limited has informed the Exchange regarding Change in Auditors of the company.', 'bflag': None, 'old_new': None, 'csvName': None, 'exchdisstime': '16-Dec-2025 11:23:31', 'difference': '00:00:01', 'fileSize': '614.00 KB', 'attFileSize': '614.00 KB', 'hasXbrl': True}",0.0
INDUSTOWER,NSE_CORP_ANN,Acquisition,Indus Towers Limited has informed the Exchange regarding Incorporation of a Step-down Wholly Owned Subsidiary in United Arab Emirates,,,"{'symbol': 'INDUSTOWER', 'desc': 'Acquisition', 'dt': '19122025211648', 'attchmntFile': 'https://nsearchives.nseindia.com/corporate/BHARTIINFRATEL_19122025211455_SEUAE23412122025.pdf', 'sm_name': 'Indus Towers Limited', 'sm_isin': 'INE121J01017', 'an_dt': '19-Dec-2025 21:16:48', 'sort_date': '2025-12-19 21:16:48', 'seq_id': '106472756', 'smIndustry': None, 'orgid': None, 'attchmntText': 'Indus Towers Limited has informed the Exchange regarding Incorporation of a Step-down Wholly Owned Subsidiary in United Arab Emirates', 'bflag': None, 'old_new': None, 'csvName': None, 'exchdisstime': '19-Dec-2025 21:16:49', 'difference': '00:00:01', 'fileSize': '360.76 KB', 'attFileSize': '360.76 KB', 'hasXbrl': True}",0.0
INDUSINDBK,NSE_CORP_ANN,News Verification,The Exchange has sought clarification from Indusind Bank Limited with respect to recent news item captioned IndusInd Bank Under SFIO Scanner As MCA Orders Probe Citing Public Interest..  The response from the Company is attached.,,,"{'symbol': 'INDUSINDBK', 'desc': 'News Verification', 'dt': '18122025215442', 'attchmntFile': 'https://nsearchives.nseindia.com/corporate/INDUSINDBK3_18122025215343_SEIntimationnewsclarification18122025.pdf', 'sm_name': 'IndusInd Bank Limited', 'sm_isin': 'INE095A01012', 'an_dt': '18-Dec-2025 21:54:42', 'sort_date': '2025-12-18 21:54:42', 'seq_id': '106471721', 'smIndustry': 'Banks', 'orgid': None, 'attchmntText': 'The Exchange has sought clarification from Indusind Bank Limited with respect to recent news item captioned IndusInd Bank Under SFIO Scanner As MCA Orders Probe Citing Public Interest..  The response from the Company is attached.', 'bflag': None, 'old_new': None, 'csvName': None, 'exchdisstime': '18-Dec-2025 21:54:44', 'difference': '00:00:02', 'fileSize': '252.00 KB', 'attFileSize': '252.00 KB', 'hasXbrl': True}",0.0
INDUSINDBK,NSE_CORP_ANN,Change in Management,Indusind Bank Limited has informed the Exchange about change in Management,,,"{'symbol': 'INDUSINDBK', 'desc': 'Change in Management', 'dt': '17122025185002', 'attchmntFile': 'https://nsearchives.nseindia.com/corporate/INDUSINDBK3_17122025184941_SEDisclosureChangeInSMP17122025.pdf', 'sm_name': 'IndusInd Bank Limited', 'sm_isin': 'INE095A01012', 'an_dt': '17-Dec-2025 18:50:02', 'sort_date': '2025-12-17 18:50:02', 'seq_id': '106470607', 'smIndustry': 'Banks', 'orgid': None, 'attchmntText': 'Indusind Bank Limited has informed the Exchange about change in Management', 'bflag': None, 'old_new': None, 'csvName': None, 'exchdisstime': '17-Dec-2025 18:50:02', 'difference': '00:00:00', 'fileSize': '442.00 KB', 'attFileSize': '442.00 KB', 'hasXbrl': True}",0.0
INDUSINDBK,NSE_CORP_ANN,General Updates,"Indusind Bank Limited has informed the Exchange about intimation under Regulation 30 of SEBI (Listing Obligations and Disclosure Requirements) Regulations, 2015",,,"{'symbol': 'INDUSINDBK', 'desc': 'General Updates', 'dt': '16122025064133', 'attchmntFile': 'https://nsearchives.nseindia.com/corporate/INDUSINDBK3_16122025064115_IntimationMajorShRBIapproval15122025.pdf', 'sm_name': 'IndusInd Bank Limited', 'sm_isin': 'INE095A01012', 'an_dt': '16-Dec-2025 06:41:33', 'sort_date': '2025-12-16 06:41:33', 'seq_id': '106468946', 'smIndustry': 'Banks', 'orgid': None, 'attchmntText': 'Indusind Bank Limited has informed the Exchange about intimation under Regulation 30 of SEBI (Listing Obligations and Disclosure Requirements) Regulations, 2015', 'bflag': None, 'old_new': None, 'csvName': None, 'exchdisstime': '16-Dec-2025 06:41:34', 'difference': '00:00:01', 'fileSize': '277.93 KB', 'attFileSize': '277.93 KB', 'hasXbrl': True}",0.0
INFY,NSE_CORP_ANN,Updates,Infosys Limited has informed the Exchange regarding 'Company statement'.,,,"{'symbol': 'INFY', 'desc': 'Updates', 'dt': '20122025091646', 'attchmntFile': 'https://nsearchives.nseindia.com/corporate/INFY_20122025091628_SE_McCamish_Systems_20122025.pdf', 'sm_name': 'Infosys Limited', 'sm_isin': 'INE009A01021', 'an_dt': '20-Dec-2025 09:16:46', 'sort_date': '2025-12-20 09:16:46', 'seq_id': '106472989', 'smIndustry': 'Computers - Software', 'orgid': None, 'attchmntText': ""Infosys Limited has informed the Exchange regarding 'Company statement'."", 'bflag': None, 'old_new': None, 'csvName': None, 'exchdisstime': '20-Dec-2025 09:16:48', 'difference': '00:00:02', 'fileSize': '218.02 KB', 'attFileSize': '218.02 KB', 'hasXbrl': True}",0.0
INFY,NSE_CORP_ANN,Copy of Newspaper Publication,Infosys Limited has informed the Exchange about Copy of Newspaper Publication for loss of share certificates,,,"{'symbol': 'INFY', 'desc': 'Copy of Newspaper Publication', 'dt': '19122025155403', 'attchmntFile': 'https://nsearchives.nseindia.com/corporate/Infosys_19122025155340_SE_19122025.pdf', 'sm_name': 'Infosys Limited', 'sm_isin': 'INE009A01021', 'an_dt': '19-Dec-2025 15:54:03', 'sort_date': '2025-12-19 15:54:03', 'seq_id': '106472395', 'smIndustry': 'Computers - Software', 'orgid': None, 'attchmntText': 'Infosys Limited has informed the Exchange about Copy of Newspaper Publication for loss of share certificates', 'bflag': None, 'old_new': None, 'csvName': None, 'exchdisstime': '19-Dec-2025 15:54:04', 'difference': '00:00:01', 'fileSize': '1.55 MB', 'attFileSize': '1.55 MB', 'hasXbrl': True}",0.0
INFY,NSE_CORP_ANN,ESOP/ESOS/ESPS,Infosys Limited has informed the Exchange regarding Allotment of 43490  Shares.,,,"{'symbol': 'INFY', 'desc': 'ESOP/ESOS/ESPS', 'dt': '19122025154950', 'attchmntFile': 'https://nsearchives.nseindia.com/corporate/Infosys_19122025154932_ESOP_Allotment_Batch89.pdf', 'sm_name': 'Infosys Limited', 'sm_isin': 'INE009A01021', 'an_dt': '19-Dec-2025 15:49:50', 'sort_date': '2025-12-19 15:49:50', 'seq_id': '106472392', 'smIndustry': 'Computers - Software', 'orgid': None, 'attchmntText': 'Infosys Limited has informed the Exchange regarding Allotment of 43490  Shares.', 'bflag': None, 'old_new': None, 'csvName': None, 'exchdisstime': '19-Dec-2025 15:49:51', 'difference': '00:00:01', 'fileSize': '251.73 KB', 'attFileSize': '251.73 KB', 'hasXbrl': True}",0.0
INFY,NSE_CORP_ANN,General Updates,Infosys Limited has informed the Exchange about Disclosure Under Regulation 30 Of SEBI LODR Regulations,,,"{'symbol': 'INFY', 'desc': 'General Updates', 'dt': '17122025163809', 'attchmntFile': 'https://nsearchives.nseindia.com/corporate/Infosys_17122025163654_letter_17122025.pdf', 'sm_name': 'Infosys Limited', 'sm_isin': 'INE009A01021', 'an_dt': '17-Dec-2025 16:38:09', 'sort_date': '2025-12-17 16:38:09', 'seq_id': '106470418', 'smIndustry': 'Computers - Software', 'orgid': None, 'attchmntText': 'Infosys Limited has informed the Exchange about Disclosure Under Regulation 30 Of SEBI LODR Regulations', 'bflag': None, 'old_new': None, 'csvName': None, 'exchdisstime': '17-Dec-2025 16:38:10', 'difference': '00:00:01', 'fileSize': '252.09 KB', 'attFileSize': '252.09 KB', 'hasXbrl': True}",0.0
INOXWIND,NSE_CORP_ANN,Press Release,"Inox Wind Limited has informed the Exchange regarding a press release dated December 18, 2025, titled ""Hon ble Dy Chief Minister of Gujarat Inaugurates INOXGFL Group s Advanced Solar and Wind Manufacturing Facilities near Ahmedabad"".",,,"{'symbol': 'INOXWIND', 'desc': 'Press Release', 'dt': '18122025223256', 'attchmntFile': 'https://nsearchives.nseindia.com/corporate/INOXWIND_18122025223213_IWL_PressRelease18122025.pdf', 'sm_name': 'Inox Wind Limited', 'sm_isin': 'INE066P01011', 'an_dt': '18-Dec-2025 22:32:56', 'sort_date': '2025-12-18 22:32:56', 'seq_id': '106471881', 'smIndustry': None, 'orgid': None, 'attchmntText': 'Inox Wind Limited has informed the Exchange regarding a press release dated December 18, 2025, titled ""Hon ble Dy Chief Minister of Gujarat Inaugurates INOXGFL Group s Advanced Solar and Wind Manufacturing Facilities near Ahmedabad"".', 'bflag': None, 'old_new': None, 'csvName': None, 'exchdisstime': '18-Dec-2025 22:32:57', 'difference': '00:00:01', 'fileSize': '410.54 KB', 'attFileSize': '410.54 KB', 'hasXbrl': True}",0.0
INDIGO,NSE_CORP_ANN,General Updates,InterGlobe Aviation Limited has informed the Exchange about General Updates,,,"{'symbol': 'INDIGO', 'desc': 'General Updates', 'dt': '18122025154707', 'attchmntFile': 'https://nsearchives.nseindia.com/corporate/Indigo1_18122025154647_PressReleaseDisclosure18122025.pdf', 'sm_name': 'InterGlobe Aviation Limited', 'sm_isin': 'INE646L01027', 'an_dt': '18-Dec-2025 15:47:07', 'sort_date': '2025-12-18 15:47:07', 'seq_id': '106471398', 'smIndustry': None, 'orgid': None, 'attchmntText': 'InterGlobe Aviation Limited has informed the Exchange about General Updates', 'bflag': None, 'old_new': None, 'csvName': None, 'exchdisstime': '18-Dec-2025 15:47:08', 'difference': '00:00:01', 'fileSize': '186.82 KB', 'attFileSize': '186.82 KB', 'hasXbrl': True}",0.0
JINDALSTEL,NSE_CORP_ANN,General Updates,JINDAL STEEL LIMITED has informed the Exchange about Grant of Stock Options under Jindal Steel Employee Benefit Scheme   2022,,,"{'symbol': 'JINDALSTEL', 'desc': 'General Updates', 'dt': '20122025114059', 'attchmntFile': 'https://nsearchives.nseindia.com/corporate/JINDALSTEL_20122025114027_stx.pdf', 'sm_name': 'JINDAL STEEL LIMITED', 'sm_isin': 'INE749A01030', 'an_dt': '20-Dec-2025 11:40:59', 'sort_date': '2025-12-20 11:40:59', 'seq_id': '106473022', 'smIndustry': 'Steel And Steel Products', 'orgid': None, 'attchmntText': 'JINDAL STEEL LIMITED has informed the Exchange about Grant of Stock Options under Jindal Steel Employee Benefit Scheme   2022', 'bflag': None, 'old_new': None, 'csvName': None, 'exchdisstime': '20-Dec-2025 11:41:00', 'difference': '00:00:01', 'fileSize': '436.61 KB', 'attFileSize': '436.61 KB', 'hasXbrl': True}",0.0
JSWENERGY,NSE_CORP_ANN,Updates,JSW Energy Limited has informed the Exchange about the Assignment of Credit Rating - O2 Companies.,,,"{'symbol': 'JSWENERGY', 'desc': 'Updates', 'dt': '17122025115741', 'attchmntFile': 'https://nsearchives.nseindia.com/corporate/AJAYJSWEL_17122025115726_O2RatingsStockexchangedisclosure.pdf', 'sm_name': 'JSW Energy Limited', 'sm_isin': 'INE121E01018', 'an_dt': '17-Dec-2025 11:57:41', 'sort_date': '2025-12-17 11:57:41', 'seq_id': '106470206', 'smIndustry': 'Power', 'orgid': None, 'attchmntText': 'JSW Energy Limited has informed the Exchange about the Assignment of Credit Rating - O2 Companies.', 'bflag': None, 'old_new': None, 'csvName': None, 'exchdisstime': '17-Dec-2025 11:57:42', 'difference': '00:00:01', 'fileSize': '484.28 KB', 'attFileSize': '484.28 KB', 'hasXbrl': True}",0.0
JSWSTEEL,NSE_CORP_ANN,Credit Rating- Revision,JSW Steel Limited has informed the Exchange about Credit Rating- Revision,,,"{'symbol': 'JSWSTEEL', 'desc': 'Credit Rating- Revision', 'dt': '16122025140829', 'attchmntFile': 'https://nsearchives.nseindia.com/corporate/Supriya_16122025140818_SEIntimationCreditRatingRevision16122025.pdf', 'sm_name': 'JSW Steel Limited', 'sm_isin': 'INE019A01020', 'an_dt': '16-Dec-2025 14:08:29', 'sort_date': '2025-12-16 14:08:29', 'seq_id': '106469304', 'smIndustry': 'Steel And Steel Products', 'orgid': None, 'attchmntText': 'JSW Steel Limited has informed the Exchange about Credit Rating- Revision', 'bflag': None, 'old_new': None, 'csvName': None, 'exchdisstime': '16-Dec-2025 14:08:30', 'difference': '00:00:01', 'fileSize': '406.63 KB', 'attFileSize': '406.63 KB', 'hasXbrl': True}",0.0
JIOFIN,NSE_CORP_ANN,Change in Management,Jio Financial Services Limited has informed the Exchange about change in Management,,,"{'symbol': 'JIOFIN', 'desc': 'Change in Management', 'dt': '17122025192319', 'attchmntFile': 'https://nsearchives.nseindia.com/corporate/JIOFINANCIAL_17122025192238_Disclosure.pdf', 'sm_name': 'Jio Financial Services Limited', 'sm_isin': 'INE758E01017', 'an_dt': '17-Dec-2025 19:23:19', 'sort_date': '2025-12-17 19:23:19', 'seq_id': '106470653', 'smIndustry': None, 'orgid': None, 'attchmntText': 'Jio Financial Services Limited has informed the Exchange about change in Management', 'bflag': None, 'old_new': None, 'csvName': None, 'exchdisstime': '17-Dec-2025 19:23:20', 'difference': '00:00:01', 'fileSize': '376.69 KB', 'attFileSize': '376.69 KB', 'hasXbrl': True}",0.0
JUBLFOOD,NSE_CORP_ANN,Credit Rating,Jubilant Foodworks Limited has informed the Exchange about Credit Rating,,,"{'symbol': 'JUBLFOOD', 'desc': 'Credit Rating', 'dt': '15122025165304', 'attchmntFile': 'https://nsearchives.nseindia.com/corporate/JUBLFOOD_15122025165245_SEIntimationCreditRatingDec25.pdf', 'sm_name': 'Jubilant Foodworks Limited', 'sm_isin': 'INE797F01012', 'an_dt': '15-Dec-2025 16:53:04', 'sort_date': '2025-12-15 16:53:04', 'seq_id': '106468473', 'smIndustry': 'Food And Food Processing', 'orgid': None, 'attchmntText': 'Jubilant Foodworks Limited has informed the Exchange about Credit Rating', 'bflag': None, 'old_new': None, 'csvName': None, 'exchdisstime': '15-Dec-2025 16:53:05', 'difference': '00:00:01', 'fileSize': '336.45 KB', 'attFileSize': '336.45 KB', 'hasXbrl': True}",0.0
KEI,NSE_CORP_ANN,General Updates,"Intimation under Regulation 30 of SEBI (Listing Obligations and Disclosure Requirements) Regulations, 2015",,,"{'symbol': 'KEI', 'desc': 'General Updates', 'dt': '15122025182725', 'attchmntFile': 'https://nsearchives.nseindia.com/corporate/KEI_15122025182715_Intimation.pdf', 'sm_name': 'KEI Industries Limited', 'sm_isin': 'INE878B01027', 'an_dt': '15-Dec-2025 18:27:25', 'sort_date': '2025-12-15 18:27:25', 'seq_id': '106468584', 'smIndustry': 'Miscellaneous', 'orgid': None, 'attchmntText': 'Intimation under Regulation 30 of SEBI (Listing Obligations and Disclosure Requirements) Regulations, 2015', 'bflag': None, 'old_new': None, 'csvName': None, 'exchdisstime': '15-Dec-2025 18:27:26', 'difference': '00:00:01', 'fileSize': '2.36 MB', 'attFileSize': '2.36 MB', 'hasXbrl': True}",0.0
KPITTECH,NSE_CORP_ANN,Analysts/Institutional Investor Meet/Con. Call Updates,KPIT Technologies Limited has informed the Exchange about Investor Meet Outcome,,,"{'symbol': 'KPITTECH', 'desc': 'Analysts/Institutional Investor Meet/Con. Call Updates', 'dt': '16122025085723', 'attchmntFile': 'https://nsearchives.nseindia.com/corporate/KPITTECH_16122025085550_Investor_meet_Outcome_DEC15_Signed.pdf', 'sm_name': 'KPIT Technologies Limited', 'sm_isin': 'INE04I401011', 'an_dt': '16-Dec-2025 08:57:23', 'sort_date': '2025-12-16 08:57:23', 'seq_id': '106468949', 'smIndustry': None, 'orgid': None, 'attchmntText': 'KPIT Technologies Limited has informed the Exchange about Investor Meet Outcome', 'bflag': None, 'old_new': None, 'csvName': None, 'exchdisstime': '16-Dec-2025 08:57:24', 'difference': '00:00:01', 'fileSize': '239.63 KB', 'attFileSize': '239.63 KB', 'hasXbrl': True}",0.0
KALYANKJIL,NSE_CORP_ANN,Shareholders meeting,Kalyan Jewellers India Limited has informed the Exchange regarding Proceedings of Postal Ballot,,,"{'symbol': 'KALYANKJIL', 'desc': 'Shareholders meeting', 'dt': '15122025144855', 'attchmntFile': 'https://nsearchives.nseindia.com/corporate/KALYANKJIL_15122025144822_Proceedings_of_Postal_Ballot.pdf', 'sm_name': 'Kalyan Jewellers India Limited', 'sm_isin': 'INE303R01014', 'an_dt': '15-Dec-2025 14:48:55', 'sort_date': '2025-12-15 14:48:55', 'seq_id': '106468342', 'smIndustry': None, 'orgid': None, 'attchmntText': 'Kalyan Jewellers India Limited has informed the Exchange regarding Proceedings of Postal Ballot', 'bflag': None, 'old_new': None, 'csvName': None, 'exchdisstime': '15-Dec-2025 14:48:56', 'difference': '00:00:01', 'fileSize': '454.52 KB', 'attFileSize': '454.52 KB', 'hasXbrl': True}",0.0
KAYNES,NSE_CORP_ANN,Credit Rating,Kaynes Technology India Limited has informed the Exchange about Credit Rating,,,"{'symbol': 'KAYNES', 'desc': 'Credit Rating', 'dt': '19122025164303', 'attchmntFile': 'https://nsearchives.nseindia.com/corporate/KAYNESTECH_19122025164214_CareCreditRatingSigned.pdf', 'sm_name': 'Kaynes Technology India Limited', 'sm_isin': 'INE918Z01012', 'an_dt': '19-Dec-2025 16:43:03', 'sort_date': '2025-12-19 16:43:03', 'seq_id': '106472453', 'smIndustry': None, 'orgid': None, 'attchmntText': 'Kaynes Technology India Limited has informed the Exchange about Credit Rating', 'bflag': None, 'old_new': None, 'csvName': None, 'exchdisstime': '19-Dec-2025 16:43:04', 'difference': '00:00:01', 'fileSize': '394.98 KB', 'attFileSize': '394.98 KB', 'hasXbrl': True}",0.0
KAYNES,NSE_CORP_ANN,Press Release,"Kaynes Technology India Limited has informed the Exchange regarding a press release dated December 16, 2025, titled "" Kaynes Semicon Announces Strategic Partnerships with Mitsui & Co. and AOI Electronics to Strengthen India s Semiconductor Ecosystem. "".",,,"{'symbol': 'KAYNES', 'desc': 'Press Release', 'dt': '16122025194531', 'attchmntFile': 'https://nsearchives.nseindia.com/corporate/KAYNESTECH_16122025194314_PRSemiconSigned.pdf', 'sm_name': 'Kaynes Technology India Limited', 'sm_isin': 'INE918Z01012', 'an_dt': '16-Dec-2025 19:45:31', 'sort_date': '2025-12-16 19:45:31', 'seq_id': '106469659', 'smIndustry': None, 'orgid': None, 'attchmntText': 'Kaynes Technology India Limited has informed the Exchange regarding a press release dated December 16, 2025, titled "" Kaynes Semicon Announces Strategic Partnerships with Mitsui & Co. and AOI Electronics to Strengthen India s Semiconductor Ecosystem. "".', 'bflag': None, 'old_new': None, 'csvName': None, 'exchdisstime': '16-Dec-2025 19:45:32', 'difference': '00:00:01', 'fileSize': '325.47 KB', 'attFileSize': '325.47 KB', 'hasXbrl': True}",0.0
KAYNES,NSE_CORP_ANN,Shareholders meeting,"Kaynes Technology India Limited has submitted the Exchange a copy Srutinizers report of  Postal Ballot. Further, the company has informed the Exchange regarding voting results.",,,"{'symbol': 'KAYNES', 'desc': 'Shareholders meeting', 'dt': '15122025193037', 'attchmntFile': 'https://nsearchives.nseindia.com/corporate/KAYNESTECH_15122025193008_VRandSRSigned.pdf', 'sm_name': 'Kaynes Technology India Limited', 'sm_isin': 'INE918Z01012', 'an_dt': '15-Dec-2025 19:30:37', 'sort_date': '2025-12-15 19:30:37', 'seq_id': '106468637', 'smIndustry': None, 'orgid': None, 'attchmntText': 'Kaynes Technology India Limited has submitted the Exchange a copy Srutinizers report of  Postal Ballot. Further, the company has informed the Exchange regarding voting results.', 'bflag': None, 'old_new': None, 'csvName': None, 'exchdisstime': '15-Dec-2025 19:30:38', 'difference': '00:00:01', 'fileSize': '1.43 MB', 'attFileSize': '1.43 MB', 'hasXbrl': True}",0.0
KFINTECH,NSE_CORP_ANN,ESOP/ESOS/ESPS,KFin Technologies Limited has informed the Exchange regarding allotment of Equity Shares pursuant to exercise of options by the eligible grantees,,,"{'symbol': 'KFINTECH', 'desc': 'ESOP/ESOS/ESPS', 'dt': '19122025091006', 'attchmntFile': 'https://nsearchives.nseindia.com/corporate/KFINTECHNSE_19122025090953_Intimation.pdf', 'sm_name': 'Kfin Technologies Limited', 'sm_isin': 'INE138Y01010', 'an_dt': '19-Dec-2025 09:10:06', 'sort_date': '2025-12-19 09:10:06', 'seq_id': '106471985', 'smIndustry': None, 'orgid': None, 'attchmntText': 'KFin Technologies Limited has informed the Exchange regarding allotment of Equity Shares pursuant to exercise of options by the eligible grantees', 'bflag': None, 'old_new': None, 'csvName': None, 'exchdisstime': '19-Dec-2025 09:10:07', 'difference': '00:00:01', 'fileSize': '312.66 KB', 'attFileSize': '312.66 KB', 'hasXbrl': True}",0.0
KFINTECH,NSE_CORP_ANN,Updates,KFin Technologies Limited has informed the Exchange regarding 'Intimation of Schedule of Analyst / Institutional Investors  Meet'.,,,"{'symbol': 'KFINTECH', 'desc': 'Updates', 'dt': '18122025221112', 'attchmntFile': 'https://nsearchives.nseindia.com/corporate/KFINTECHNSE_18122025221101_Intimation.pdf', 'sm_name': 'Kfin Technologies Limited', 'sm_isin': 'INE138Y01010', 'an_dt': '18-Dec-2025 22:11:12', 'sort_date': '2025-12-18 22:11:12', 'seq_id': '106471728', 'smIndustry': None, 'orgid': None, 'attchmntText': ""KFin Technologies Limited has informed the Exchange regarding 'Intimation of Schedule of Analyst / Institutional Investors  Meet'."", 'bflag': None, 'old_new': None, 'csvName': None, 'exchdisstime': '18-Dec-2025 22:11:13', 'difference': '00:00:01', 'fileSize': '293.01 KB', 'attFileSize': '293.01 KB', 'hasXbrl': True}",0.0
KFINTECH,NSE_CORP_ANN,Shareholders meeting,KFin Technologies Limited has submitted the Outcome of Postal Ballot and Voting Results of Postal Ballot along with the Scrutinizer's Report,,,"{'symbol': 'KFINTECH', 'desc': 'Shareholders meeting', 'dt': '18122025201556', 'attchmntFile': 'https://nsearchives.nseindia.com/corporate/KFINTECHNSE_18122025201139_Intimation.pdf', 'sm_name': 'Kfin Technologies Limited', 'sm_isin': 'INE138Y01010', 'an_dt': '18-Dec-2025 20:15:56', 'sort_date': '2025-12-18 20:15:56', 'seq_id': '106471683', 'smIndustry': None, 'orgid': None, 'attchmntText': ""KFin Technologies Limited has submitted the Outcome of Postal Ballot and Voting Results of Postal Ballot along with the Scrutinizer's Report"", 'bflag': None, 'old_new': None, 'csvName': None, 'exchdisstime': '18-Dec-2025 20:15:57', 'difference': '00:00:01', 'fileSize': '1.02 MB', 'attFileSize': '1.02 MB', 'hasXbrl': True}",0.0
KOTAKBANK,NSE_CORP_ANN,Action(s) taken or orders passed,"Intimation under Regulation 30 of the SEBI (Listing Obligations and Disclosure Requirements) Regulations, 2015",,,"{'symbol': 'KOTAKBANK', 'desc': 'Action(s) taken or orders passed', 'dt': '21122025123245', 'attchmntFile': 'https://nsearchives.nseindia.com/corporate/KOTAK_21122025123228_GSTPenalty21122025.pdf', 'sm_name': 'Kotak Mahindra Bank Limited', 'sm_isin': 'INE237A01010', 'an_dt': '21-Dec-2025 12:32:45', 'sort_date': '2025-12-21 12:32:45', 'seq_id': '106473264', 'smIndustry': 'Banks', 'orgid': None, 'attchmntText': 'Intimation under Regulation 30 of the SEBI (Listing Obligations and Disclosure Requirements) Regulations, 2015', 'bflag': None, 'old_new': None, 'csvName': None, 'exchdisstime': '21-Dec-2025 12:32:46', 'difference': '00:00:01', 'fileSize': '233.87 KB', 'attFileSize': '233.87 KB', 'hasXbrl': True}",0.0
KOTAKBANK,NSE_CORP_ANN,General Updates,Kotak Mahindra Bank Limited has informed the Exchange about Grant of Performance Linked Restricted Stock Units,,,"{'symbol': 'KOTAKBANK', 'desc': 'General Updates', 'dt': '18122025143030', 'attchmntFile': 'https://nsearchives.nseindia.com/corporate/Kotakmahindrabank_18122025143016_PRSUGrantIntimation18122025.pdf', 'sm_name': 'Kotak Mahindra Bank Limited', 'sm_isin': 'INE237A01010', 'an_dt': '18-Dec-2025 14:30:30', 'sort_date': '2025-12-18 14:30:30', 'seq_id': '106471339', 'smIndustry': 'Banks', 'orgid': None, 'attchmntText': 'Kotak Mahindra Bank Limited has informed the Exchange about Grant of Performance Linked Restricted Stock Units', 'bflag': None, 'old_new': None, 'csvName': None, 'exchdisstime': '18-Dec-2025 14:30:31', 'difference': '00:00:01', 'fileSize': '236.29 KB', 'attFileSize': '236.29 KB', 'hasXbrl': True}",0.0
LT,NSE_CORP_ANN,Copy of Newspaper Publication,Larsen & Toubro Limited has informed the Exchange about Copy of Newspaper Publication,,,"{'symbol': 'LT', 'desc': 'Copy of Newspaper Publication', 'dt': '20122025141138', 'attchmntFile': 'https://nsearchives.nseindia.com/corporate/PAM_20122025141111_NewspaperAdvt20122025.pdf', 'sm_name': 'Larsen & Toubro Limited', 'sm_isin': 'INE018A01030', 'an_dt': '20-Dec-2025 14:11:38', 'sort_date': '2025-12-20 14:11:38', 'seq_id': '106473089', 'smIndustry': 'Engineering', 'orgid': None, 'attchmntText': 'Larsen & Toubro Limited has informed the Exchange about Copy of Newspaper Publication', 'bflag': None, 'old_new': None, 'csvName': None, 'exchdisstime': '20-Dec-2025 14:11:39', 'difference': '00:00:01', 'fileSize': '548.48 KB', 'attFileSize': '548.48 KB', 'hasXbrl': True}",0.0
LT,NSE_CORP_ANN,Shareholders meeting,Larsen & Toubro Limited has informed the Exchange regarding Notice of Postal Ballot,,,"{'symbol': 'LT', 'desc': 'Shareholders meeting', 'dt': '19122025150420', 'attchmntFile': 'https://nsearchives.nseindia.com/corporate/PAM_19122025150329_PostalBallotNotice19122025.pdf', 'sm_name': 'Larsen & Toubro Limited', 'sm_isin': 'INE018A01030', 'an_dt': '19-Dec-2025 15:04:20', 'sort_date': '2025-12-19 15:04:20', 'seq_id': '106472350', 'smIndustry': 'Engineering', 'orgid': None, 'attchmntText': 'Larsen & Toubro Limited has informed the Exchange regarding Notice of Postal Ballot', 'bflag': None, 'old_new': None, 'csvName': None, 'exchdisstime': '19-Dec-2025 15:04:22', 'difference': '00:00:02', 'fileSize': '956.33 KB', 'attFileSize': '956.33 KB', 'hasXbrl': True}",0.0
LT,NSE_CORP_ANN,Press Release,"Larsen & Toubro Limited has informed the Exchange regarding a press release dated December 17, 2025, titled ""L&T Wins Orders (Large*) for Buildings & Factories Business"".",,,"{'symbol': 'LT', 'desc': 'Press Release', 'dt': '17122025105850', 'attchmntFile': 'https://nsearchives.nseindia.com/corporate/PAM_17122025105757_PressRelease17122025.pdf', 'sm_name': 'Larsen & Toubro Limited', 'sm_isin': 'INE018A01030', 'an_dt': '17-Dec-2025 10:58:50', 'sort_date': '2025-12-17 10:58:50', 'seq_id': '106470127', 'smIndustry': 'Engineering', 'orgid': None, 'attchmntText': 'Larsen & Toubro Limited has informed the Exchange regarding a press release dated December 17, 2025, titled ""L&T Wins Orders (Large*) for Buildings & Factories Business"".', 'bflag': None, 'old_new': None, 'csvName': None, 'exchdisstime': '17-Dec-2025 10:58:50', 'difference': '00:00:00', 'fileSize': '343.71 KB', 'attFileSize': '343.71 KB', 'hasXbrl': True}",0.0
LUPIN,NSE_CORP_ANN,Press Release,"Lupin Limited has informed the Exchange regarding a press release dated December 18, 2025, titled ""Lupin Signs Exclusive Licensing Agreement with Neopharmed for GastroenterologyBrand Plasil® in the Philippines and Brazil"".",,,"{'symbol': 'LUPIN', 'desc': 'Press Release', 'dt': '18122025154144', 'attchmntFile': 'https://nsearchives.nseindia.com/corporate/Lupin2_18122025154035_SE_LetterwithPressRelease_18122025.pdf', 'sm_name': 'Lupin Limited', 'sm_isin': 'INE326A01029', 'an_dt': '18-Dec-2025 15:41:44', 'sort_date': '2025-12-18 15:41:44', 'seq_id': '106471390', 'smIndustry': 'Pharmaceuticals', 'orgid': None, 'attchmntText': 'Lupin Limited has informed the Exchange regarding a press release dated December 18, 2025, titled ""Lupin Signs Exclusive Licensing Agreement with Neopharmed for GastroenterologyBrand Plasil® in the Philippines and Brazil"".', 'bflag': None, 'old_new': None, 'csvName': None, 'exchdisstime': '18-Dec-2025 15:41:45', 'difference': '00:00:01', 'fileSize': '937.67 KB', 'attFileSize': '937.67 KB', 'hasXbrl': True}",0.0
M&M,NSE_CORP_ANN,Updates,Mahindra & Mahindra Limited has informed the Exchange regarding 'Transfer Of Equity Shares By Mahindra & Mahindra Employees' Stock Option Trust To The Stock Option Grantees'.,,,"{'symbol': 'M&M', 'desc': 'Updates', 'dt': '15122025161322', 'attchmntFile': 'https://nsearchives.nseindia.com/corporate/Shaibya_15122025161315_Employeeslist15122025.pdf', 'sm_name': 'Mahindra & Mahindra Limited', 'sm_isin': 'INE101A01026', 'an_dt': '15-Dec-2025 16:13:22', 'sort_date': '2025-12-15 16:13:22', 'seq_id': '106468410', 'smIndustry': 'Automobiles - 4 Wheelers', 'orgid': None, 'attchmntText': ""Mahindra & Mahindra Limited has informed the Exchange regarding 'Transfer Of Equity Shares By Mahindra & Mahindra Employees' Stock Option Trust To The Stock Option Grantees'."", 'bflag': None, 'old_new': None, 'csvName': None, 'exchdisstime': '15-Dec-2025 16:13:23', 'difference': '00:00:01', 'fileSize': '727.19 KB', 'attFileSize': '727.19 KB', 'hasXbrl': True}",0.0
MANAPPURAM,NSE_CORP_ANN,Allotment of Securities,"Manappuram Finance Limited has informed the Exchange regarding allotment of 50000 securities pursuant to Non Convertible Securities at its meeting held on December 15, 2025",,,"{'symbol': 'MANAPPURAM', 'desc': 'Allotment of Securities', 'dt': '15122025132601', 'attchmntFile': 'https://nsearchives.nseindia.com/corporate/MANAPPURAM_15122025132500_FRMCMeetingoutcomeSEdisclosuresigned.pdf', 'sm_name': 'Manappuram Finance Limited', 'sm_isin': 'INE522D01027', 'an_dt': '15-Dec-2025 13:26:01', 'sort_date': '2025-12-15 13:26:01', 'seq_id': '106468301', 'smIndustry': 'Finance', 'orgid': None, 'attchmntText': 'Manappuram Finance Limited has informed the Exchange regarding allotment of 50000 securities pursuant to Non Convertible Securities at its meeting held on December 15, 2025', 'bflag': None, 'old_new': None, 'csvName': None, 'exchdisstime': '15-Dec-2025 13:26:02', 'difference': '00:00:01', 'fileSize': '338.00 KB', 'attFileSize': '338.00 KB', 'hasXbrl': True}",0.0
MARICO,NSE_CORP_ANN,Acquisition,"Please find attached intimation under Regulation 30 of SEBI (Listing Obligations and Disclosure Requirements) Regulations, 2015.",,,"{'symbol': 'MARICO', 'desc': 'Acquisition', 'dt': '17122025181740', 'attchmntFile': 'https://nsearchives.nseindia.com/corporate/marico_17122025181342_SEintimationPLIX.pdf', 'sm_name': 'Marico Limited', 'sm_isin': 'INE196A01026', 'an_dt': '17-Dec-2025 18:17:40', 'sort_date': '2025-12-17 18:17:40', 'seq_id': '106470561', 'smIndustry': 'Personal Care', 'orgid': None, 'attchmntText': 'Please find attached intimation under Regulation 30 of SEBI (Listing Obligations and Disclosure Requirements) Regulations, 2015.', 'bflag': None, 'old_new': None, 'csvName': None, 'exchdisstime': '17-Dec-2025 18:17:40', 'difference': '00:00:00', 'fileSize': '191.65 KB', 'attFileSize': '191.65 KB', 'hasXbrl': True}",0.0
MARICO,NSE_CORP_ANN,Press Release,"Please find attached a press release by Marico Limited, titled ""Marico Achieves Dual A- CDP Scores and secures Leadership in NSE ESG Ratings"".",,,"{'symbol': 'MARICO', 'desc': 'Press Release', 'dt': '17122025125358', 'attchmntFile': 'https://nsearchives.nseindia.com/corporate/marico_17122025125148_pressrelease.pdf', 'sm_name': 'Marico Limited', 'sm_isin': 'INE196A01026', 'an_dt': '17-Dec-2025 12:53:58', 'sort_date': '2025-12-17 12:53:58', 'seq_id': '106470278', 'smIndustry': 'Personal Care', 'orgid': None, 'attchmntText': 'Please find attached a press release by Marico Limited, titled ""Marico Achieves Dual A- CDP Scores and secures Leadership in NSE ESG Ratings"".', 'bflag': None, 'old_new': None, 'csvName': None, 'exchdisstime': '17-Dec-2025 12:53:59', 'difference': '00:00:01', 'fileSize': '3.09 MB', 'attFileSize': '3.09 MB', 'hasXbrl': True}",0.0
MARUTI,NSE_CORP_ANN,General Updates,"Maruti Suzuki India Limited has informed the Exchange about Intimation under Regulation 30 of the Securities and Exchange Board of India (Listing Obligations and Disclosure Requirements) Regulations, 2015",,,"{'symbol': 'MARUTI', 'desc': 'General Updates', 'dt': '18122025183839', 'attchmntFile': 'https://nsearchives.nseindia.com/corporate/MARUTIASHISH_18122025183643_CCI_18122025.pdf', 'sm_name': 'Maruti Suzuki India Limited', 'sm_isin': 'INE585B01010', 'an_dt': '18-Dec-2025 18:38:39', 'sort_date': '2025-12-18 18:38:39', 'seq_id': '106471609', 'smIndustry': 'Automobiles - 4 Wheelers', 'orgid': None, 'attchmntText': 'Maruti Suzuki India Limited has informed the Exchange about Intimation under Regulation 30 of the Securities and Exchange Board of India (Listing Obligations and Disclosure Requirements) Regulations, 2015', 'bflag': None, 'old_new': None, 'csvName': None, 'exchdisstime': '18-Dec-2025 18:38:39', 'difference': '00:00:00', 'fileSize': '1.71 MB', 'attFileSize': '1.71 MB', 'hasXbrl': True}",0.0
MARUTI,NSE_CORP_ANN,Press Release,"Maruti Suzuki India Limited has informed the Exchange regarding a press release dated December 17, 2025, titled ""Maruti Suzuki ushers in inclusive mobility with WagonR Swivel seat: A step towardsproviding accessible mobility for senior citizens and persons with disabilities"".",,,"{'symbol': 'MARUTI', 'desc': 'Press Release', 'dt': '17122025140214', 'attchmntFile': 'https://nsearchives.nseindia.com/corporate/MARUTIASHISH_17122025140059_PR_17122025.pdf', 'sm_name': 'Maruti Suzuki India Limited', 'sm_isin': 'INE585B01010', 'an_dt': '17-Dec-2025 14:02:14', 'sort_date': '2025-12-17 14:02:14', 'seq_id': '106470314', 'smIndustry': 'Automobiles - 4 Wheelers', 'orgid': None, 'attchmntText': 'Maruti Suzuki India Limited has informed the Exchange regarding a press release dated December 17, 2025, titled ""Maruti Suzuki ushers in inclusive mobility with WagonR Swivel seat: A step towardsproviding accessible mobility for senior citizens and persons with disabilities"".', 'bflag': None, 'old_new': None, 'csvName': None, 'exchdisstime': '17-Dec-2025 14:02:15', 'difference': '00:00:01', 'fileSize': '1.81 MB', 'attFileSize': '1.81 MB', 'hasXbrl': True}",0.0
MAXHEALTH,NSE_CORP_ANN,General Updates,Max Healthcare Institute Limited has informed the Exchange about General Updates,,,"{'symbol': 'MAXHEALTH', 'desc': 'General Updates', 'dt': '19122025223615', 'attchmntFile': 'https://nsearchives.nseindia.com/corporate/MAXHEALTH_19122025223533_SE_Intimation_GST_Order.pdf', 'sm_name': 'Max Healthcare Institute Limited', 'sm_isin': 'INE027H01010', 'an_dt': '19-Dec-2025 22:36:15', 'sort_date': '2025-12-19 22:36:15', 'seq_id': '106472784', 'smIndustry': None, 'orgid': None, 'attchmntText': 'Max Healthcare Institute Limited has informed the Exchange about General Updates', 'bflag': None, 'old_new': None, 'csvName': None, 'exchdisstime': '19-Dec-2025 22:36:16', 'difference': '00:00:01', 'fileSize': '323.16 KB', 'attFileSize': '323.16 KB', 'hasXbrl': True}",0.0
MAXHEALTH,NSE_CORP_ANN,Press Release,"Max Healthcare Institute Limited has informed the Exchange regarding a press release dated December 18, 2025, titled ""Max Healthcare Announces Entry into Pune with a 450-Beds Hospital, Investment of over INR 1000 Cr"".",,,"{'symbol': 'MAXHEALTH', 'desc': 'Press Release', 'dt': '18122025155745', 'attchmntFile': 'https://nsearchives.nseindia.com/corporate/MAXHEALTH_18122025155655_SE_Intimation_Press_Release.pdf', 'sm_name': 'Max Healthcare Institute Limited', 'sm_isin': 'INE027H01010', 'an_dt': '18-Dec-2025 15:57:45', 'sort_date': '2025-12-18 15:57:45', 'seq_id': '106471408', 'smIndustry': None, 'orgid': None, 'attchmntText': 'Max Healthcare Institute Limited has informed the Exchange regarding a press release dated December 18, 2025, titled ""Max Healthcare Announces Entry into Pune with a 450-Beds Hospital, Investment of over INR 1000 Cr"".', 'bflag': None, 'old_new': None, 'csvName': None, 'exchdisstime': '18-Dec-2025 15:57:46', 'difference': '00:00:01', 'fileSize': '472.32 KB', 'attFileSize': '472.32 KB', 'hasXbrl': True}",0.0
MAXHEALTH,NSE_CORP_ANN,Acquisition,Max Healthcare Institute Limited has informed the Exchange about Share Purchase Agreement to acquire equity stake in Yerawada Properties Private Limited and matters relating to setting up a approx. 450 bedded super speciality hospital in Pune,,,"{'symbol': 'MAXHEALTH', 'desc': 'Acquisition', 'dt': '18122025110747', 'attchmntFile': 'https://nsearchives.nseindia.com/corporate/MAXHEALTH_18122025110646_SE_Intimation_Acquisition_Purchase_of_Land.pdf', 'sm_name': 'Max Healthcare Institute Limited', 'sm_isin': 'INE027H01010', 'an_dt': '18-Dec-2025 11:07:47', 'sort_date': '2025-12-18 11:07:47', 'seq_id': '106471201', 'smIndustry': None, 'orgid': None, 'attchmntText': 'Max Healthcare Institute Limited has informed the Exchange about Share Purchase Agreement to acquire equity stake in Yerawada Properties Private Limited and matters relating to setting up a approx. 450 bedded super speciality hospital in Pune', 'bflag': None, 'old_new': None, 'csvName': None, 'exchdisstime': '18-Dec-2025 11:07:48', 'difference': '00:00:01', 'fileSize': '327.74 KB', 'attFileSize': '327.74 KB', 'hasXbrl': True}",0.0
MAXHEALTH,NSE_CORP_ANN,Outcome of Board Meeting,"Max Healthcare Institute Limited has informed the Exchange regarding Board meeting held on December 18, 2025.",,,"{'symbol': 'MAXHEALTH', 'desc': 'Outcome of Board Meeting', 'dt': '18122025110133', 'attchmntFile': 'https://nsearchives.nseindia.com/corporate/MAXHEALTH_18122025110108_SE_Intimation_Acquisition_Purchase_of_Land.pdf', 'sm_name': 'Max Healthcare Institute Limited', 'sm_isin': 'INE027H01010', 'an_dt': '18-Dec-2025 11:01:33', 'sort_date': '2025-12-18 11:01:33', 'seq_id': '106471197', 'smIndustry': None, 'orgid': None, 'attchmntText': 'Max Healthcare Institute Limited has informed the Exchange regarding Board meeting held on December 18, 2025.', 'bflag': None, 'old_new': None, 'csvName': None, 'exchdisstime': '18-Dec-2025 11:01:35', 'difference': '00:00:02', 'fileSize': '327.74 KB', 'attFileSize': '327.74 KB', 'hasXbrl': True}",0.0
MPHASIS,NSE_CORP_ANN,Trading Window,"MphasiS Limited has informed the Exchange regarding the Trading Window closure pursuant to SEBI (Prohibition of Insider Trading) Regulations, 2015",,,"{'symbol': 'MPHASIS', 'desc': 'Trading Window', 'dt': '18122025155825', 'attchmntFile': 'https://nsearchives.nseindia.com/corporate/MPHASIS_18122025155811_Closure_of_Trading_Window_-_Jan_2026.pdf', 'sm_name': 'MphasiS Limited', 'sm_isin': 'INE356A01018', 'an_dt': '18-Dec-2025 15:58:25', 'sort_date': '2025-12-18 15:58:25', 'seq_id': '106471409', 'smIndustry': 'Computers - Software', 'orgid': None, 'attchmntText': 'MphasiS Limited has informed the Exchange regarding the Trading Window closure pursuant to SEBI (Prohibition of Insider Trading) Regulations, 2015', 'bflag': None, 'old_new': None, 'csvName': None, 'exchdisstime': '18-Dec-2025 15:58:26', 'difference': '00:00:01', 'fileSize': '388.47 KB', 'attFileSize': '388.47 KB', 'hasXbrl': True}",0.0
MUTHOOTFIN,NSE_CORP_ANN,Trading Window,"Muthoot Finance Limited has informed the Exchange regarding the Trading Window closure pursuant to SEBI (Prohibition of Insider Trading) Regulations, 2015",,,"{'symbol': 'MUTHOOTFIN', 'desc': 'Trading Window', 'dt': '19122025153709', 'attchmntFile': 'https://nsearchives.nseindia.com/corporate/MUTHOOTFIN_19122025153558_Trading_window_closure_-_Q3_-December_30_2025_sd.pdf', 'sm_name': 'Muthoot Finance Limited', 'sm_isin': 'INE414G01012', 'an_dt': '19-Dec-2025 15:37:09', 'sort_date': '2025-12-19 15:37:09', 'seq_id': '106472379', 'smIndustry': 'Finance', 'orgid': None, 'attchmntText': 'Muthoot Finance Limited has informed the Exchange regarding the Trading Window closure pursuant to SEBI (Prohibition of Insider Trading) Regulations, 2015', 'bflag': None, 'old_new': None, 'csvName': None, 'exchdisstime': '19-Dec-2025 15:37:10', 'difference': '00:00:01', 'fileSize': '227.35 KB', 'attFileSize': '227.35 KB', 'hasXbrl': True}",0.0
NBCC,NSE_CORP_ANN,Updates,"NBCC (India) Limited has informed the Exchange regarding 'Work order received by NBCC (India) Limited in the normal course of business, amounting to Rs. 179.37 crore (approx.) '.",,,"{'symbol': 'NBCC', 'desc': 'Updates', 'dt': '19122025112346', 'attchmntFile': 'https://nsearchives.nseindia.com/corporate/NBCC_19122025112332_workorder179crIIM_Sambhl.pdf', 'sm_name': 'NBCC (India) Limited', 'sm_isin': 'INE095N01015', 'an_dt': '19-Dec-2025 11:23:46', 'sort_date': '2025-12-19 11:23:46', 'seq_id': '106472193', 'smIndustry': 'Construction', 'orgid': None, 'attchmntText': ""NBCC (India) Limited has informed the Exchange regarding 'Work order received by NBCC (India) Limited in the normal course of business, amounting to Rs. 179.37 crore (approx.) '."", 'bflag': None, 'old_new': None, 'csvName': None, 'exchdisstime': '19-Dec-2025 11:23:47', 'difference': '00:00:01', 'fileSize': '323.16 KB', 'attFileSize': '323.16 KB', 'hasXbrl': True}",0.0
NCC,NSE_CORP_ANN,Change in Management,NCC Limited has informed the Exchange about change in Management,,,"{'symbol': 'NCC', 'desc': 'Change in Management', 'dt': '17122025120042', 'attchmntFile': 'https://nsearchives.nseindia.com/corporate/NCC_17122025120033_Reg.pdf', 'sm_name': 'NCC Limited', 'sm_isin': 'INE868B01028', 'an_dt': '17-Dec-2025 12:00:42', 'sort_date': '2025-12-17 12:00:42', 'seq_id': '106470208', 'smIndustry': 'Construction', 'orgid': None, 'attchmntText': 'NCC Limited has informed the Exchange about change in Management', 'bflag': None, 'old_new': None, 'csvName': None, 'exchdisstime': '17-Dec-2025 12:00:43', 'difference': '00:00:01', 'fileSize': '687.87 KB', 'attFileSize': '687.87 KB', 'hasXbrl': True}",0.0
NHPC,NSE_CORP_ANN,General Updates,NHPC Limited has informed the Exchange about General Update on commissioning of Subansiri Lower HE Project (2000 MW) of NHPC Limited,,,"{'symbol': 'NHPC', 'desc': 'General Updates', 'dt': '21122025101620', 'attchmntFile': 'https://nsearchives.nseindia.com/corporate/NHPC_21122025101323_STX_Subansiri_update___1_.pdf', 'sm_name': 'NHPC Limited', 'sm_isin': 'INE848E01016', 'an_dt': '21-Dec-2025 10:16:20', 'sort_date': '2025-12-21 10:16:20', 'seq_id': '106473259', 'smIndustry': 'Power', 'orgid': None, 'attchmntText': 'NHPC Limited has informed the Exchange about General Update on commissioning of Subansiri Lower HE Project (2000 MW) of NHPC Limited', 'bflag': None, 'old_new': None, 'csvName': None, 'exchdisstime': '21-Dec-2025 10:16:21', 'difference': '00:00:01', 'fileSize': '751.58 KB', 'attFileSize': '751.58 KB', 'hasXbrl': True}",0.0
NHPC,NSE_CORP_ANN,Updates,"NHPC Limited has informed the Exchange regarding 'Tripartite agreement between, new RTA, erstwhile RTA and NHPC Limited '.",,,"{'symbol': 'NHPC', 'desc': 'Updates', 'dt': '18122025175353', 'attchmntFile': 'https://nsearchives.nseindia.com/corporate/NHPC_18122025175340_Intimation_tripartite_agreement_rta.pdf', 'sm_name': 'NHPC Limited', 'sm_isin': 'INE848E01016', 'an_dt': '18-Dec-2025 17:53:53', 'sort_date': '2025-12-18 17:53:53', 'seq_id': '106471548', 'smIndustry': 'Power', 'orgid': None, 'attchmntText': ""NHPC Limited has informed the Exchange regarding 'Tripartite agreement between, new RTA, erstwhile RTA and NHPC Limited '."", 'bflag': None, 'old_new': None, 'csvName': None, 'exchdisstime': '18-Dec-2025 17:53:54', 'difference': '00:00:01', 'fileSize': '738.11 KB', 'attFileSize': '738.11 KB', 'hasXbrl': True}",0.0
NMDC,NSE_CORP_ANN,General Updates,NMDC Limited has informed the Exchange about General Updates - Clarification sought on volume movement in the shares of NMDC Limited.,,,"{'symbol': 'NMDC', 'desc': 'General Updates', 'dt': '15122025152557', 'attchmntFile': 'https://nsearchives.nseindia.com/corporate/NMDC_15122025152544_20251215_SEA2025060_VOLUMEINC.pdf', 'sm_name': 'NMDC Limited', 'sm_isin': 'INE584A01023', 'an_dt': '15-Dec-2025 15:25:57', 'sort_date': '2025-12-15 15:25:57', 'seq_id': '106468369', 'smIndustry': 'Mining', 'orgid': None, 'attchmntText': 'NMDC Limited has informed the Exchange about General Updates - Clarification sought on volume movement in the shares of NMDC Limited.', 'bflag': None, 'old_new': None, 'csvName': None, 'exchdisstime': '15-Dec-2025 15:25:59', 'difference': '00:00:02', 'fileSize': '654.13 KB', 'attFileSize': '654.13 KB', 'hasXbrl': True}",0.0
NTPC,NSE_CORP_ANN,Action(s) taken or orders passed,NTPC Limited has informed the Exchange about Action(s) taken or orders passed,,,"{'symbol': 'NTPC', 'desc': 'Action(s) taken or orders passed', 'dt': '17122025170244', 'attchmntFile': 'https://nsearchives.nseindia.com/corporate/NTPC2_17122025170232_INTIMATIONOFGSTORDER17122025.pdf', 'sm_name': 'NTPC Limited', 'sm_isin': 'INE733E01010', 'an_dt': '17-Dec-2025 17:02:44', 'sort_date': '2025-12-17 17:02:44', 'seq_id': '106470457', 'smIndustry': 'Power', 'orgid': None, 'attchmntText': 'NTPC Limited has informed the Exchange about Action(s) taken or orders passed', 'bflag': None, 'old_new': None, 'csvName': None, 'exchdisstime': '17-Dec-2025 17:02:45', 'difference': '00:00:01', 'fileSize': '1.06 MB', 'attFileSize': '1.06 MB', 'hasXbrl': True}",0.0
NTPC,NSE_CORP_ANN,General Updates,NTPC Limited has informed the Exchange about declaration of COD of the fifth part capacity of 37.925 MW out of 300 MW Khavda Solar Energy Project under 450 MW Hybrid Tranche V Project  of NTPC Renewable Energy Limited,,,"{'symbol': 'NTPC', 'desc': 'General Updates', 'dt': '17122025162513', 'attchmntFile': 'https://nsearchives.nseindia.com/corporate/ishkumar_17122025162129_DisclosureKhavda17122025.pdf', 'sm_name': 'NTPC Limited', 'sm_isin': 'INE733E01010', 'an_dt': '17-Dec-2025 16:25:13', 'sort_date': '2025-12-17 16:25:13', 'seq_id': '106470410', 'smIndustry': 'Power', 'orgid': None, 'attchmntText': 'NTPC Limited has informed the Exchange about declaration of COD of the fifth part capacity of 37.925 MW out of 300 MW Khavda Solar Energy Project under 450 MW Hybrid Tranche V Project  of NTPC Renewable Energy Limited', 'bflag': None, 'old_new': None, 'csvName': None, 'exchdisstime': '17-Dec-2025 16:25:14', 'difference': '00:00:01', 'fileSize': '733.28 KB', 'attFileSize': '733.28 KB', 'hasXbrl': True}",0.0
NATIONALUM,NSE_CORP_ANN,General Updates,National Aluminium Company Limited has informed the Exchange about Newspaper publication regarding transfer of shares to IEPF,,,"{'symbol': 'NATIONALUM', 'desc': 'General Updates', 'dt': '15122025111047', 'attchmntFile': 'https://nsearchives.nseindia.com/corporate/bharatsahu_15122025111008_SE_Letter_IEPF_Paper_publication.pdf', 'sm_name': 'National Aluminium Company Limited', 'sm_isin': 'INE139A01026', 'an_dt': '15-Dec-2025 11:10:47', 'sort_date': '2025-12-15 11:10:47', 'seq_id': '106468200', 'smIndustry': 'Aluminium', 'orgid': None, 'attchmntText': 'National Aluminium Company Limited has informed the Exchange about Newspaper publication regarding transfer of shares to IEPF', 'bflag': None, 'old_new': None, 'csvName': None, 'exchdisstime': '15-Dec-2025 11:10:47', 'difference': '00:00:00', 'fileSize': '3.34 MB', 'attFileSize': '3.34 MB', 'hasXbrl': True}",0.0
NESTLEIND,NSE_CORP_ANN,Trading Window,"Nestle India Limited has informed the Exchange regarding the Trading Window closure pursuant to SEBI (Prohibition of Insider Trading) Regulations, 2015",,,"{'symbol': 'NESTLEIND', 'desc': 'Trading Window', 'dt': '17122025171441', 'attchmntFile': 'https://nsearchives.nseindia.com/corporate/NESTLEIND1_17122025171358_TradingWindowClosureSEintimationsigned.pdf', 'sm_name': 'Nestle India Limited', 'sm_isin': 'INE239A01016', 'an_dt': '17-Dec-2025 17:14:41', 'sort_date': '2025-12-17 17:14:41', 'seq_id': '106470468', 'smIndustry': 'Food And Food Processing', 'orgid': None, 'attchmntText': 'Nestle India Limited has informed the Exchange regarding the Trading Window closure pursuant to SEBI (Prohibition of Insider Trading) Regulations, 2015', 'bflag': None, 'old_new': None, 'csvName': None, 'exchdisstime': '17-Dec-2025 17:14:43', 'difference': '00:00:02', 'fileSize': '229.58 KB', 'attFileSize': '229.58 KB', 'hasXbrl': True}",0.0
OBEROIRLTY,NSE_CORP_ANN,Reply to Clarification- Financial results,"The Exchange had sought clarification from Oberoi Realty Limited for the quarter ended 30-Sep-2025 with respect to Regulation 33 of the SEBI (Listing Obligations and Disclosure Requirements) Regulations, 2015. On basis of above the Company was required to clarify the following:   The response of the Company is enclosed.",,,"{'symbol': 'OBEROIRLTY', 'desc': 'Reply to Clarification- Financial results', 'dt': '22122025105041', 'attchmntFile': 'https://nsearchives.nseindia.com/corporate/OBEROIRLTY_18122025181826_ORLLetter_Financial_18122025_signed.pdf', 'sm_name': 'Oberoi Realty Limited', 'sm_isin': 'INE093I01010', 'an_dt': '22-Dec-2025 10:50:41', 'sort_date': '2025-12-22 10:50:41', 'seq_id': '106473564', 'smIndustry': 'Construction', 'orgid': None, 'attchmntText': 'The Exchange had sought clarification from Oberoi Realty Limited for the quarter ended 30-Sep-2025 with respect to Regulation 33 of the SEBI (Listing Obligations and Disclosure Requirements) Regulations, 2015. On basis of above the Company was required to clarify the following:   The response of the Company is enclosed.', 'bflag': None, 'old_new': None, 'csvName': None, 'exchdisstime': '22-Dec-2025 10:50:42', 'difference': '00:00:01', 'fileSize': '343.46 KB', 'attFileSize': '343.46 KB', 'hasXbrl': True}",0.0
ONGC,NSE_CORP_ANN,Press Release,"Oil & Natural Gas Corporation Limited has informed the Exchange regarding a press release dated December 18, 2025, titled ""ONGC Issues Public Notice Against Fraudulent Use of Its Name"".",,,"{'symbol': 'ONGC', 'desc': 'Press Release', 'dt': '18122025153001', 'attchmntFile': 'https://nsearchives.nseindia.com/corporate/ONGC_18122025152946_pressrelease18122025.pdf', 'sm_name': 'Oil & Natural Gas Corporation Limited', 'sm_isin': 'INE213A01011', 'an_dt': '18-Dec-2025 15:30:01', 'sort_date': '2025-12-18 15:30:01', 'seq_id': '106471382', 'smIndustry': 'Oil Exploration/Production', 'orgid': None, 'attchmntText': 'Oil & Natural Gas Corporation Limited has informed the Exchange regarding a press release dated December 18, 2025, titled ""ONGC Issues Public Notice Against Fraudulent Use of Its Name"".', 'bflag': None, 'old_new': None, 'csvName': None, 'exchdisstime': '18-Dec-2025 15:30:02', 'difference': '00:00:01', 'fileSize': '1.65 MB', 'attFileSize': '1.65 MB', 'hasXbrl': True}",0.0
OIL,NSE_CORP_ANN,Updates,Oil India Limited has informed the Exchange regarding 'Board comments on fine levied by the Exchange'.,,,"{'symbol': 'OIL', 'desc': 'Updates', 'dt': '20122025192610', 'attchmntFile': 'https://nsearchives.nseindia.com/corporate/OIL_20122025192541_Boardcommentsonfineleviedbyexchange.pdf', 'sm_name': 'Oil India Limited', 'sm_isin': 'INE274J01014', 'an_dt': '20-Dec-2025 19:26:10', 'sort_date': '2025-12-20 19:26:10', 'seq_id': '106473180', 'smIndustry': 'Oil Exploration/Production', 'orgid': None, 'attchmntText': ""Oil India Limited has informed the Exchange regarding 'Board comments on fine levied by the Exchange'."", 'bflag': None, 'old_new': None, 'csvName': None, 'exchdisstime': '20-Dec-2025 19:26:11', 'difference': '00:00:01', 'fileSize': '1.68 MB', 'attFileSize': '1.68 MB', 'hasXbrl': True}",0.0
PAYTM,NSE_CORP_ANN,Granting/withdrawal/surrender/cancellation/suspension of key licenses/ regulatory approvals,"One 97 Communications Limited has informed the Exchange about General Update - Paytm Payments Services Limited receives RBI Authorisation for Offline and Cross-Border Payments, in addition to earlier authorisation for Online Payment Aggregation",,,"{'symbol': 'PAYTM', 'desc': 'Granting/withdrawal/surrender/cancellation/suspension of key licenses/ regulatory approvals', 'dt': '17122025205911', 'attchmntFile': 'https://nsearchives.nseindia.com/corporate/PAYTM_17122025205342_SE_Disclosure_PPSL_License_Sd.pdf', 'sm_name': 'One 97 Communications Limited', 'sm_isin': 'INE982J01020', 'an_dt': '17-Dec-2025 20:59:11', 'sort_date': '2025-12-17 20:59:11', 'seq_id': '106470712', 'smIndustry': None, 'orgid': None, 'attchmntText': 'One 97 Communications Limited has informed the Exchange about General Update - Paytm Payments Services Limited receives RBI Authorisation for Offline and Cross-Border Payments, in addition to earlier authorisation for Online Payment Aggregation', 'bflag': None, 'old_new': None, 'csvName': None, 'exchdisstime': '17-Dec-2025 20:59:12', 'difference': '00:00:01', 'fileSize': '660.29 KB', 'attFileSize': '660.29 KB', 'hasXbrl': True}",0.0
OFSS,NSE_CORP_ANN,Updates,"Oracle Financial Services Software Limited has informed the Exchange regarding 'Allotment of 5,669  equity shares pursuant to the OFSS Stock Plan, 2014.'.",,,"{'symbol': 'OFSS', 'desc': 'Updates', 'dt': '17122025104023', 'attchmntFile': 'https://nsearchives.nseindia.com/corporate/OFSS_17122025104016_InitimationofESOPAllotmentDecember172025.pdf', 'sm_name': 'Oracle Financial Services Software Limited', 'sm_isin': 'INE881D01027', 'an_dt': '17-Dec-2025 10:40:23', 'sort_date': '2025-12-17 10:40:23', 'seq_id': '106470117', 'smIndustry': 'Computers - Software', 'orgid': None, 'attchmntText': ""Oracle Financial Services Software Limited has informed the Exchange regarding 'Allotment of 5,669  equity shares pursuant to the OFSS Stock Plan, 2014.'."", 'bflag': None, 'old_new': None, 'csvName': None, 'exchdisstime': '17-Dec-2025 10:40:24', 'difference': '00:00:01', 'fileSize': '119.62 KB', 'attFileSize': '119.62 KB', 'hasXbrl': True}",0.0
PIIND,NSE_CORP_ANN,Analysts/Institutional Investor Meet/Con. Call Updates,PI Industries Limited has informed the Exchange about Schedule of meet,,,"{'symbol': 'PIIND', 'desc': 'Analysts/Institutional Investor Meet/Con. Call Updates', 'dt': '15122025114018', 'attchmntFile': 'https://nsearchives.nseindia.com/corporate/PIIND_15122025113956_Sd.pdf', 'sm_name': 'PI Industries Limited', 'sm_isin': 'INE603J01014', 'an_dt': '15-Dec-2025 11:40:18', 'sort_date': '2025-12-15 11:40:18', 'seq_id': '106468221', 'smIndustry': 'Pesticides And Agrochemicals', 'orgid': None, 'attchmntText': 'PI Industries Limited has informed the Exchange about Schedule of meet', 'bflag': None, 'old_new': None, 'csvName': None, 'exchdisstime': '15-Dec-2025 11:40:19', 'difference': '00:00:01', 'fileSize': '280.68 KB', 'attFileSize': '280.68 KB', 'hasXbrl': True}",0.0
PNBHOUSING,NSE_CORP_ANN,Analysts/Institutional Investor Meet/Con. Call Updates,PNB Housing Finance Limited has informed the Exchange about Citi India Financial Tour 2025 Conference - Outcome,,,"{'symbol': 'PNBHOUSING', 'desc': 'Analysts/Institutional Investor Meet/Con. Call Updates', 'dt': '19122025211248', 'attchmntFile': 'https://nsearchives.nseindia.com/corporate/PNBHOUSING_19122025211214_CitiOutcomeDec192025.pdf', 'sm_name': 'PNB Housing Finance Limited', 'sm_isin': 'INE572E01012', 'an_dt': '19-Dec-2025 21:12:48', 'sort_date': '2025-12-19 21:12:48', 'seq_id': '106472752', 'smIndustry': None, 'orgid': None, 'attchmntText': 'PNB Housing Finance Limited has informed the Exchange about Citi India Financial Tour 2025 Conference - Outcome', 'bflag': None, 'old_new': None, 'csvName': None, 'exchdisstime': '19-Dec-2025 21:12:49', 'difference': '00:00:01', 'fileSize': '237.79 KB', 'attFileSize': '237.79 KB', 'hasXbrl': True}",0.0
PNBHOUSING,NSE_CORP_ANN,Press Release,"PNB Housing Finance Limited has informed the Exchange regarding a press release dated December 18, 2025, titled ""Mr. Ajai Kumar Shukla assumes Charge as new MD & CEO of the Company "".",,,"{'symbol': 'PNBHOUSING', 'desc': 'Press Release', 'dt': '18122025123720', 'attchmntFile': 'https://nsearchives.nseindia.com/corporate/PNBHOUSING_18122025123611_SEPressReleaseAppointmentOfKMPs18122025.pdf', 'sm_name': 'PNB Housing Finance Limited', 'sm_isin': 'INE572E01012', 'an_dt': '18-Dec-2025 12:37:20', 'sort_date': '2025-12-18 12:37:20', 'seq_id': '106471283', 'smIndustry': None, 'orgid': None, 'attchmntText': 'PNB Housing Finance Limited has informed the Exchange regarding a press release dated December 18, 2025, titled ""Mr. Ajai Kumar Shukla assumes Charge as new MD & CEO of the Company "".', 'bflag': None, 'old_new': None, 'csvName': None, 'exchdisstime': '18-Dec-2025 12:37:21', 'difference': '00:00:01', 'fileSize': '353.25 KB', 'attFileSize': '353.25 KB', 'hasXbrl': True}",0.0
PNBHOUSING,NSE_CORP_ANN,Change in Management,PNB Housing Finance Limited has informed the Exchange about change in Senior Management Personnel (SMP),,,"{'symbol': 'PNBHOUSING', 'desc': 'Change in Management', 'dt': '15122025203725', 'attchmntFile': 'https://nsearchives.nseindia.com/corporate/PNBHOUSING_15122025203459_IntimationMrMukeshAgarwal.pdf', 'sm_name': 'PNB Housing Finance Limited', 'sm_isin': 'INE572E01012', 'an_dt': '15-Dec-2025 20:37:25', 'sort_date': '2025-12-15 20:37:25', 'seq_id': '106468680', 'smIndustry': None, 'orgid': None, 'attchmntText': 'PNB Housing Finance Limited has informed the Exchange about change in Senior Management Personnel (SMP)', 'bflag': None, 'old_new': None, 'csvName': None, 'exchdisstime': '15-Dec-2025 20:37:25', 'difference': '00:00:00', 'fileSize': '538.72 KB', 'attFileSize': '538.72 KB', 'hasXbrl': True}",0.0
PERSISTENT,NSE_CORP_ANN,Analysts/Institutional Investor Meet/Con. Call Updates,Persistent Systems Limited has informed the Exchange about Presentation,,,"{'symbol': 'PERSISTENT', 'desc': 'Analysts/Institutional Investor Meet/Con. Call Updates', 'dt': '19122025180913', 'attchmntFile': 'https://nsearchives.nseindia.com/corporate/PERSISTENTUSER1_19122025180855_PSLOutcomeDecember192025.pdf', 'sm_name': 'Persistent Systems Limited', 'sm_isin': 'INE262H01013', 'an_dt': '19-Dec-2025 18:09:13', 'sort_date': '2025-12-19 18:09:13', 'seq_id': '106472593', 'smIndustry': 'Computers - Software', 'orgid': None, 'attchmntText': 'Persistent Systems Limited has informed the Exchange about Presentation', 'bflag': None, 'old_new': None, 'csvName': None, 'exchdisstime': '19-Dec-2025 18:09:13', 'difference': '00:00:00', 'fileSize': '471.71 KB', 'attFileSize': '471.71 KB', 'hasXbrl': True}",0.0
PERSISTENT,NSE_CORP_ANN,Press Release,"Persistent Systems Limited has informed the Exchange regarding a press release dated December 16, 2025, titled ""Persistent and DigitalOcean Announce Strategic Partnership to     Advance Accessible, Scalable and Secure AI"".",,,"{'symbol': 'PERSISTENT', 'desc': 'Press Release', 'dt': '16122025133935', 'attchmntFile': 'https://nsearchives.nseindia.com/corporate/PERSISTENTUSER1_16122025133919_PSLPressReleaseDec162025signed.pdf', 'sm_name': 'Persistent Systems Limited', 'sm_isin': 'INE262H01013', 'an_dt': '16-Dec-2025 13:39:35', 'sort_date': '2025-12-16 13:39:35', 'seq_id': '106469293', 'smIndustry': 'Computers - Software', 'orgid': None, 'attchmntText': 'Persistent Systems Limited has informed the Exchange regarding a press release dated December 16, 2025, titled ""Persistent and DigitalOcean Announce Strategic Partnership to     Advance Accessible, Scalable and Secure AI"".', 'bflag': None, 'old_new': None, 'csvName': None, 'exchdisstime': '16-Dec-2025 13:39:36', 'difference': '00:00:01', 'fileSize': '485.00 KB', 'attFileSize': '485.00 KB', 'hasXbrl': True}",0.0
PPLPHARMA,NSE_CORP_ANN,Copy of Newspaper Publication,Piramal Pharma Limited has informed the Exchange about newspaper advertisement confirming dispatch of the Notice of Postal Ballot,,,"{'symbol': 'PPLPHARMA', 'desc': 'Copy of Newspaper Publication', 'dt': '18122025143144', 'attchmntFile': 'https://nsearchives.nseindia.com/corporate/pratibhamishra_18122025143128_NewspaperSEIntimation.pdf', 'sm_name': 'Piramal Pharma Limited', 'sm_isin': 'INE0DK501011', 'an_dt': '18-Dec-2025 14:31:44', 'sort_date': '2025-12-18 14:31:44', 'seq_id': '106471341', 'smIndustry': None, 'orgid': None, 'attchmntText': 'Piramal Pharma Limited has informed the Exchange about newspaper advertisement confirming dispatch of the Notice of Postal Ballot', 'bflag': None, 'old_new': None, 'csvName': None, 'exchdisstime': '18-Dec-2025 14:31:45', 'difference': '00:00:01', 'fileSize': '9.34 MB', 'attFileSize': '9.34 MB', 'hasXbrl': True}",0.0
PPLPHARMA,NSE_CORP_ANN,Shareholders meeting,Piramal Pharma Limited has informed the Exchange regarding Notice of Postal Ballot,,,"{'symbol': 'PPLPHARMA', 'desc': 'Shareholders meeting', 'dt': '17122025151408', 'attchmntFile': 'https://nsearchives.nseindia.com/corporate/Priyankamehta_17122025151352_SEIntimation_Dispatch_of_Postal_Ballot_Notice.pdf', 'sm_name': 'Piramal Pharma Limited', 'sm_isin': 'INE0DK501011', 'an_dt': '17-Dec-2025 15:14:08', 'sort_date': '2025-12-17 15:14:08', 'seq_id': '106470360', 'smIndustry': None, 'orgid': None, 'attchmntText': 'Piramal Pharma Limited has informed the Exchange regarding Notice of Postal Ballot', 'bflag': None, 'old_new': None, 'csvName': None, 'exchdisstime': '17-Dec-2025 15:14:09', 'difference': '00:00:01', 'fileSize': '402.64 KB', 'attFileSize': '402.64 KB', 'hasXbrl': True}",0.0
POWERGRID,NSE_CORP_ANN,General Updates,"Power Grid Corporation of India Limited has informed the Exchange about Disclosure under Regulation 30 of SEBI (Listing Obligations and Disclosure Requirements) Regulations, 2015.",,,"{'symbol': 'POWERGRID', 'desc': 'General Updates', 'dt': '20122025204217', 'attchmntFile': 'https://nsearchives.nseindia.com/corporate/POWERGRID1_20122025204210_BSENSEReg30dt20122025Merger.pdf', 'sm_name': 'Power Grid Corporation of India Limited', 'sm_isin': 'INE752E01010', 'an_dt': '20-Dec-2025 20:42:17', 'sort_date': '2025-12-20 20:42:17', 'seq_id': '106473240', 'smIndustry': 'Power', 'orgid': None, 'attchmntText': 'Power Grid Corporation of India Limited has informed the Exchange about Disclosure under Regulation 30 of SEBI (Listing Obligations and Disclosure Requirements) Regulations, 2015.', 'bflag': None, 'old_new': None, 'csvName': None, 'exchdisstime': '20-Dec-2025 20:42:18', 'difference': '00:00:01', 'fileSize': '812.55 KB', 'attFileSize': '812.55 KB', 'hasXbrl': True}",0.0
PNB,NSE_CORP_ANN,Credit Rating,Punjab National Bank has informed the Exchange about Credit Rating,,,"{'symbol': 'PNB', 'desc': 'Credit Rating', 'dt': '15122025185105', 'attchmntFile': 'https://nsearchives.nseindia.com/corporate/pnb2_15122025185057_Intimation_Brickwork_rating_15122025_DS.pdf', 'sm_name': 'Punjab National Bank', 'sm_isin': 'INE160A01014', 'an_dt': '15-Dec-2025 18:51:05', 'sort_date': '2025-12-15 18:51:05', 'seq_id': '106468607', 'smIndustry': 'Banks', 'orgid': None, 'attchmntText': 'Punjab National Bank has informed the Exchange about Credit Rating', 'bflag': None, 'old_new': None, 'csvName': None, 'exchdisstime': '15-Dec-2025 18:51:07', 'difference': '00:00:02', 'fileSize': '585.40 KB', 'attFileSize': '585.40 KB', 'hasXbrl': True}",0.0
RBLBANK,NSE_CORP_ANN,Analysts/Institutional Investor Meet/Con. Call Updates,RBL Bank Limited has informed the Exchange about Schedule of meet,,,"{'symbol': 'RBLBANK', 'desc': 'Analysts/Institutional Investor Meet/Con. Call Updates', 'dt': '18122025184531', 'attchmntFile': 'https://nsearchives.nseindia.com/corporate/RBLBANK_18122025184436_IntimationofInvestorMeetDec182025Signed.pdf', 'sm_name': 'RBL Bank Limited', 'sm_isin': 'INE976G01028', 'an_dt': '18-Dec-2025 18:45:31', 'sort_date': '2025-12-18 18:45:31', 'seq_id': '106471617', 'smIndustry': None, 'orgid': None, 'attchmntText': 'RBL Bank Limited has informed the Exchange about Schedule of meet', 'bflag': None, 'old_new': None, 'csvName': None, 'exchdisstime': '18-Dec-2025 18:45:32', 'difference': '00:00:01', 'fileSize': '220.52 KB', 'attFileSize': '220.52 KB', 'hasXbrl': True}",0.0
RBLBANK,NSE_CORP_ANN,Credit Rating,RBL Bank Limited has informed the Exchange about Credit Rating,,,"{'symbol': 'RBLBANK', 'desc': 'Credit Rating', 'dt': '17122025165045', 'attchmntFile': 'https://nsearchives.nseindia.com/corporate/RBLBANK_17122025164955_CreditRatingIntimationDecember172025Signed.pdf', 'sm_name': 'RBL Bank Limited', 'sm_isin': 'INE976G01028', 'an_dt': '17-Dec-2025 16:50:45', 'sort_date': '2025-12-17 16:50:45', 'seq_id': '106470426', 'smIndustry': None, 'orgid': None, 'attchmntText': 'RBL Bank Limited has informed the Exchange about Credit Rating', 'bflag': None, 'old_new': None, 'csvName': None, 'exchdisstime': '17-Dec-2025 16:50:46', 'difference': '00:00:01', 'fileSize': '736.08 KB', 'attFileSize': '736.08 KB', 'hasXbrl': True}",0.0
RBLBANK,NSE_CORP_ANN,Resignation,RBL Bank Limited has informed the Exchange regarding Change in Management,,,"{'symbol': 'RBLBANK', 'desc': 'Resignation', 'dt': '15122025191524', 'attchmntFile': 'https://nsearchives.nseindia.com/corporate/RBLBANK_15122025191446_IntimationChangeinSeniorManagementSigned.pdf', 'sm_name': 'RBL Bank Limited', 'sm_isin': 'INE976G01028', 'an_dt': '15-Dec-2025 19:15:24', 'sort_date': '2025-12-15 19:15:24', 'seq_id': '106468623', 'smIndustry': None, 'orgid': None, 'attchmntText': 'RBL Bank Limited has informed the Exchange regarding Change in Management', 'bflag': None, 'old_new': None, 'csvName': None, 'exchdisstime': '15-Dec-2025 19:15:25', 'difference': '00:00:01', 'fileSize': '353.98 KB', 'attFileSize': '353.98 KB', 'hasXbrl': True}",0.0
RECLTD,NSE_CORP_ANN,General Updates,Intimation of incorporation of subsidiary company.,,,"{'symbol': 'RECLTD', 'desc': 'General Updates', 'dt': '20122025164238', 'attchmntFile': 'https://nsearchives.nseindia.com/corporate/RECLTD_20122025164109_Signed_Intimation_201225_Incorporation_Musalgaon.pdf', 'sm_name': 'REC Limited', 'sm_isin': 'INE020B01018', 'an_dt': '20-Dec-2025 16:42:38', 'sort_date': '2025-12-20 16:42:38', 'seq_id': '106473144', 'smIndustry': 'Financial Institution', 'orgid': None, 'attchmntText': 'Intimation of incorporation of subsidiary company.', 'bflag': None, 'old_new': None, 'csvName': None, 'exchdisstime': '20-Dec-2025 16:42:39', 'difference': '00:00:01', 'fileSize': '936.59 KB', 'attFileSize': '936.59 KB', 'hasXbrl': True}",0.0
RECLTD,NSE_CORP_ANN,Analysts/Institutional Investor Meet/Con. Call Updates,REC Limited has informed the Exchange about Schedule of Analysts/ Institutional Investors meet.,,,"{'symbol': 'RECLTD', 'desc': 'Analysts/Institutional Investor Meet/Con. Call Updates', 'dt': '16122025170846', 'attchmntFile': 'https://nsearchives.nseindia.com/corporate/RECLTD_16122025170635_Signed_Intimation_of_InvestorMeet161225.pdf', 'sm_name': 'REC Limited', 'sm_isin': 'INE020B01018', 'an_dt': '16-Dec-2025 17:08:46', 'sort_date': '2025-12-16 17:08:46', 'seq_id': '106469479', 'smIndustry': 'Financial Institution', 'orgid': None, 'attchmntText': 'REC Limited has informed the Exchange about Schedule of Analysts/ Institutional Investors meet.', 'bflag': None, 'old_new': None, 'csvName': None, 'exchdisstime': '16-Dec-2025 17:08:47', 'difference': '00:00:01', 'fileSize': '703.36 KB', 'attFileSize': '703.36 KB', 'hasXbrl': True}",0.0
RVNL,NSE_CORP_ANN,Action(s) taken or orders passed,"Demand Notice received from the Office of the Senior Joint Commissioner, Large Taxpayer Unit, Corporate Division, Kolkata, West Bengal",,,"{'symbol': 'RVNL', 'desc': 'Action(s) taken or orders passed', 'dt': '18122025141839', 'attchmntFile': 'https://nsearchives.nseindia.com/corporate/RVNL_18122025141736_Coveringletter18122025.pdf', 'sm_name': 'Rail Vikas Nigam Limited', 'sm_isin': 'INE415G01027', 'an_dt': '18-Dec-2025 14:18:39', 'sort_date': '2025-12-18 14:18:39', 'seq_id': '106471335', 'smIndustry': None, 'orgid': None, 'attchmntText': 'Demand Notice received from the Office of the Senior Joint Commissioner, Large Taxpayer Unit, Corporate Division, Kolkata, West Bengal', 'bflag': None, 'old_new': None, 'csvName': None, 'exchdisstime': '18-Dec-2025 14:18:40', 'difference': '00:00:01', 'fileSize': '610.81 KB', 'attFileSize': '610.81 KB', 'hasXbrl': True}",0.0
RVNL,NSE_CORP_ANN,Bagging/Receiving of orders/contracts,"Disclosure under Regulation 30 of SEBI (LODR) Regulations, 2015- Receipt of Letter of Award (LOA) from North Eastern Railway",,,"{'symbol': 'RVNL', 'desc': 'Bagging/Receiving of orders/contracts', 'dt': '16122025223210', 'attchmntFile': 'https://nsearchives.nseindia.com/corporate/RVNL_16122025223155_Coveringletter16122025.pdf', 'sm_name': 'Rail Vikas Nigam Limited', 'sm_isin': 'INE415G01027', 'an_dt': '16-Dec-2025 22:32:10', 'sort_date': '2025-12-16 22:32:10', 'seq_id': '106469713', 'smIndustry': None, 'orgid': None, 'attchmntText': 'Disclosure under Regulation 30 of SEBI (LODR) Regulations, 2015- Receipt of Letter of Award (LOA) from North Eastern Railway', 'bflag': None, 'old_new': None, 'csvName': None, 'exchdisstime': '16-Dec-2025 22:32:11', 'difference': '00:00:01', 'fileSize': '1.59 MB', 'attFileSize': '1.59 MB', 'hasXbrl': True}",0.0
RELIANCE,NSE_CORP_ANN,Other Restructuring,Cessation of Abraham & Thakore Private Limited as subsidiary of the Company,,,"{'symbol': 'RELIANCE', 'desc': 'Other Restructuring', 'dt': '19122025233757', 'attchmntFile': 'https://nsearchives.nseindia.com/corporate/kavinavora_19122025233709_SE19122025.pdf', 'sm_name': 'Reliance Industries Limited', 'sm_isin': 'INE002A01018', 'an_dt': '19-Dec-2025 23:37:57', 'sort_date': '2025-12-19 23:37:57', 'seq_id': '106472909', 'smIndustry': 'Refineries', 'orgid': None, 'attchmntText': 'Cessation of Abraham & Thakore Private Limited as subsidiary of the Company', 'bflag': None, 'old_new': None, 'csvName': None, 'exchdisstime': '19-Dec-2025 23:37:58', 'difference': '00:00:01', 'fileSize': '258.38 KB', 'attFileSize': '258.38 KB', 'hasXbrl': True}",0.0
RELIANCE,NSE_CORP_ANN,Updates,"Please find attached a media release by Reliance Consumer Products Limited, asubsidiary of the Company, titled  RELIANCE CONSUMER PRODUCTS ACQUIRESTAMIL NADU S HERITAGE NUTRITION BRAND  UDHAIYAM .",,,"{'symbol': 'RELIANCE', 'desc': 'Updates', 'dt': '18122025155908', 'attchmntFile': 'https://nsearchives.nseindia.com/corporate/kavinavora_18122025155851_SE__18122025.pdf', 'sm_name': 'Reliance Industries Limited', 'sm_isin': 'INE002A01018', 'an_dt': '18-Dec-2025 15:59:08', 'sort_date': '2025-12-18 15:59:08', 'seq_id': '106471411', 'smIndustry': 'Refineries', 'orgid': None, 'attchmntText': 'Please find attached a media release by Reliance Consumer Products Limited, asubsidiary of the Company, titled  RELIANCE CONSUMER PRODUCTS ACQUIRESTAMIL NADU S HERITAGE NUTRITION BRAND  UDHAIYAM .', 'bflag': None, 'old_new': None, 'csvName': None, 'exchdisstime': '18-Dec-2025 15:59:09', 'difference': '00:00:01', 'fileSize': '324.66 KB', 'attFileSize': '324.66 KB', 'hasXbrl': True}",0.0
SBICARD,NSE_CORP_ANN,Analysts/Institutional Investor Meet/Con. Call Updates,SBI Cards and Payment Services Limited has informed the Exchange about Schedule of meet,,,"{'symbol': 'SBICARD', 'desc': 'Analysts/Institutional Investor Meet/Con. Call Updates', 'dt': '19122025180410', 'attchmntFile': 'https://nsearchives.nseindia.com/corporate/SBICPSL_19122025180121_SEFilingInvestormeet.pdf', 'sm_name': 'SBI Cards and Payment Services Limited', 'sm_isin': 'INE018E01016', 'an_dt': '19-Dec-2025 18:04:10', 'sort_date': '2025-12-19 18:04:10', 'seq_id': '106472583', 'smIndustry': None, 'orgid': None, 'attchmntText': 'SBI Cards and Payment Services Limited has informed the Exchange about Schedule of meet', 'bflag': None, 'old_new': None, 'csvName': None, 'exchdisstime': '19-Dec-2025 18:04:11', 'difference': '00:00:01', 'fileSize': '1.53 MB', 'attFileSize': '1.53 MB', 'hasXbrl': True}",0.0
SBILIFE,NSE_CORP_ANN,ESOP/ESOS/ESPS,"SBI Life Insurance Company Limited has informed the Exchange regarding Allotment of 124645 Equity Shares pursuant to ESOP through circular resolution of the Board Stakeholders' Relationship and Sustainability Committee passed on December 16, 2025.",,,"{'symbol': 'SBILIFE', 'desc': 'ESOP/ESOS/ESPS', 'dt': '16122025200424', 'attchmntFile': 'https://nsearchives.nseindia.com/corporate/Thanos_16122025200305_SE_16122025_signed.pdf', 'sm_name': 'SBI Life Insurance Company Limited', 'sm_isin': 'INE123W01016', 'an_dt': '16-Dec-2025 20:04:24', 'sort_date': '2025-12-16 20:04:24', 'seq_id': '106469663', 'smIndustry': None, 'orgid': None, 'attchmntText': ""SBI Life Insurance Company Limited has informed the Exchange regarding Allotment of 124645 Equity Shares pursuant to ESOP through circular resolution of the Board Stakeholders' Relationship and Sustainability Committee passed on December 16, 2025."", 'bflag': None, 'old_new': None, 'csvName': None, 'exchdisstime': '16-Dec-2025 20:04:25', 'difference': '00:00:01', 'fileSize': '153.75 KB', 'attFileSize': '153.75 KB', 'hasXbrl': True}",0.0
SHREECEM,NSE_CORP_ANN,Updates,SHREE CEMENT LIMITED has informed the Exchange regarding 'Order passed by GST Authority'.,,,"{'symbol': 'SHREECEM', 'desc': 'Updates', 'dt': '19122025174303', 'attchmntFile': 'https://nsearchives.nseindia.com/corporate/SHREECEM_19122025174157_NSE_BSE_GST_191225.pdf', 'sm_name': 'SHREE CEMENT LIMITED', 'sm_isin': 'INE070A01015', 'an_dt': '19-Dec-2025 17:43:03', 'sort_date': '2025-12-19 17:43:03', 'seq_id': '106472534', 'smIndustry': 'Cement And Cement Products', 'orgid': None, 'attchmntText': ""SHREE CEMENT LIMITED has informed the Exchange regarding 'Order passed by GST Authority'."", 'bflag': None, 'old_new': None, 'csvName': None, 'exchdisstime': '19-Dec-2025 17:43:04', 'difference': '00:00:01', 'fileSize': '222.71 KB', 'attFileSize': '222.71 KB', 'hasXbrl': True}",0.0
SHREECEM,NSE_CORP_ANN,Strikes/Lockouts/Disturbances,SHREE CEMENT LIMITED has informed the Exchange about strikes/lockouts/disturbances,,,"{'symbol': 'SHREECEM', 'desc': 'Strikes/Lockouts/Disturbances', 'dt': '19122025081147', 'attchmntFile': 'https://nsearchives.nseindia.com/corporate/SHREECEM_19122025081128_NSE_BSE_Lockout_191225.pdf', 'sm_name': 'SHREE CEMENT LIMITED', 'sm_isin': 'INE070A01015', 'an_dt': '19-Dec-2025 08:11:47', 'sort_date': '2025-12-19 08:11:47', 'seq_id': '106471958', 'smIndustry': 'Cement And Cement Products', 'orgid': None, 'attchmntText': 'SHREE CEMENT LIMITED has informed the Exchange about strikes/lockouts/disturbances', 'bflag': None, 'old_new': None, 'csvName': None, 'exchdisstime': '19-Dec-2025 08:11:48', 'difference': '00:00:01', 'fileSize': '212.86 KB', 'attFileSize': '212.86 KB', 'hasXbrl': True}",0.0
SHREECEM,NSE_CORP_ANN,Shareholders meeting,"SHREE CEMENT LIMITED has submitted the Exchange a copy Srutinizers report of  Postal Ballot. Further, the company has informed the Exchange regarding voting results.",,,"{'symbol': 'SHREECEM', 'desc': 'Shareholders meeting', 'dt': '15122025151400', 'attchmntFile': 'https://nsearchives.nseindia.com/corporate/SHREECEM_15122025151338_NSE_BSE_Postal_Ballot_outcome_151225.pdf', 'sm_name': 'SHREE CEMENT LIMITED', 'sm_isin': 'INE070A01015', 'an_dt': '15-Dec-2025 15:14:00', 'sort_date': '2025-12-15 15:14:00', 'seq_id': '106468355', 'smIndustry': 'Cement And Cement Products', 'orgid': None, 'attchmntText': 'SHREE CEMENT LIMITED has submitted the Exchange a copy Srutinizers report of  Postal Ballot. Further, the company has informed the Exchange regarding voting results.', 'bflag': None, 'old_new': None, 'csvName': None, 'exchdisstime': '15-Dec-2025 15:14:01', 'difference': '00:00:01', 'fileSize': '703.14 KB', 'attFileSize': '703.14 KB', 'hasXbrl': True}",0.0
SRF,NSE_CORP_ANN,Pendency of Litigation(s)/dispute(s) or the outcome impacting the Company,SRF Limited has informed the Exchange about Pendency of Litigation(s)/dispute(s) or the outcome impacting the Company,,,"{'symbol': 'SRF', 'desc': 'Pendency of Litigation(s)/dispute(s) or the outcome impacting the Company', 'dt': '16122025130516', 'attchmntFile': 'https://nsearchives.nseindia.com/corporate/ekta_maheshwari_16122025130348_SRFIntimation1612025.pdf', 'sm_name': 'SRF Limited', 'sm_isin': 'INE647A01010', 'an_dt': '16-Dec-2025 13:05:16', 'sort_date': '2025-12-16 13:05:16', 'seq_id': '106469269', 'smIndustry': 'Textiles - Synthetic', 'orgid': None, 'attchmntText': 'SRF Limited has informed the Exchange about Pendency of Litigation(s)/dispute(s) or the outcome impacting the Company', 'bflag': None, 'old_new': None, 'csvName': None, 'exchdisstime': '16-Dec-2025 13:05:18', 'difference': '00:00:02', 'fileSize': '299.25 KB', 'attFileSize': '299.25 KB', 'hasXbrl': True}",0.0
SAMMAANCAP,NSE_CORP_ANN,Updates,"Sammaan Capital Limited has informed the Exchange regarding 'We hereby certify that our Company has made timely payment of interest amount in respect of the  Secured Redeemable Non-convertible Debentures issued by our Company, through Public Issue, and listed on the Stock Exchange.'.",,,"{'symbol': 'SAMMAANCAP', 'desc': 'Updates', 'dt': '19122025184747', 'attchmntFile': 'https://nsearchives.nseindia.com/corporate/IHFL_19122025184733_SCL_Retail_Intimation_57_19122025_WH8.pdf', 'sm_name': 'Sammaan Capital Limited', 'sm_isin': 'INE148I01020', 'an_dt': '19-Dec-2025 18:47:47', 'sort_date': '2025-12-19 18:47:47', 'seq_id': '106472647', 'smIndustry': None, 'orgid': None, 'attchmntText': ""Sammaan Capital Limited has informed the Exchange regarding 'We hereby certify that our Company has made timely payment of interest amount in respect of the  Secured Redeemable Non-convertible Debentures issued by our Company, through Public Issue, and listed on the Stock Exchange.'."", 'bflag': None, 'old_new': None, 'csvName': None, 'exchdisstime': '19-Dec-2025 18:47:48', 'difference': '00:00:01', 'fileSize': '655.43 KB', 'attFileSize': '655.43 KB', 'hasXbrl': True}",0.0
SAMMAANCAP,NSE_CORP_ANN,News Verification,The Exchange has sought clarification from Sammaan Capital Limited with respect to recent news item captioned Sammaan Capital falls 5% from day's high as Delhi Police files fresh FIR in probe against ex-promoters..  The response from the Company is attached.,,,"{'symbol': 'SAMMAANCAP', 'desc': 'News Verification', 'dt': '18122025145920', 'attchmntFile': 'https://nsearchives.nseindia.com/corporate/IHFL_18122025145859_SCL_NSE_BSE_Query_reply_18122025.pdf', 'sm_name': 'Sammaan Capital Limited', 'sm_isin': 'INE148I01020', 'an_dt': '18-Dec-2025 14:59:20', 'sort_date': '2025-12-18 14:59:20', 'seq_id': '106471355', 'smIndustry': None, 'orgid': None, 'attchmntText': ""The Exchange has sought clarification from Sammaan Capital Limited with respect to recent news item captioned Sammaan Capital falls 5% from day's high as Delhi Police files fresh FIR in probe against ex-promoters..  The response from the Company is attached."", 'bflag': None, 'old_new': None, 'csvName': None, 'exchdisstime': '18-Dec-2025 14:59:22', 'difference': '00:00:02', 'fileSize': '236.26 KB', 'attFileSize': '236.26 KB', 'hasXbrl': True}",0.0
MOTHERSON,NSE_CORP_ANN,Trading Window,"Samvardhana Motherson International Limited has informed the Exchange regarding the Trading Window closure pursuant to SEBI (Prohibition of Insider Trading) Regulations, 2015",,,"{'symbol': 'MOTHERSON', 'desc': 'Trading Window', 'dt': '17122025171245', 'attchmntFile': 'https://nsearchives.nseindia.com/corporate/MOTHERSON_17122025171230_Stock_Exchange_Disclosure.pdf', 'sm_name': 'Samvardhana Motherson International Limited', 'sm_isin': 'INE775A01035', 'an_dt': '17-Dec-2025 17:12:45', 'sort_date': '2025-12-17 17:12:45', 'seq_id': '106470465', 'smIndustry': None, 'orgid': None, 'attchmntText': 'Samvardhana Motherson International Limited has informed the Exchange regarding the Trading Window closure pursuant to SEBI (Prohibition of Insider Trading) Regulations, 2015', 'bflag': None, 'old_new': None, 'csvName': None, 'exchdisstime': '17-Dec-2025 17:12:46', 'difference': '00:00:01', 'fileSize': '613.86 KB', 'attFileSize': '613.86 KB', 'hasXbrl': True}",0.0
MOTHERSON,NSE_CORP_ANN,Analysts/Institutional Investor Meet/Con. Call Updates,"Samvardhana Motherson International Limited has informed the exchange regarding schedule of investor meet to be held on December 18, 2025.",,,"{'symbol': 'MOTHERSON', 'desc': 'Analysts/Institutional Investor Meet/Con. Call Updates', 'dt': '15122025172747', 'attchmntFile': 'https://nsearchives.nseindia.com/corporate/MOTHERSON_15122025172738_SE_Disclosure-Investor_Meeting_18122025signed.pdf', 'sm_name': 'Samvardhana Motherson International Limited', 'sm_isin': 'INE775A01035', 'an_dt': '15-Dec-2025 17:27:47', 'sort_date': '2025-12-15 17:27:47', 'seq_id': '106468509', 'smIndustry': None, 'orgid': None, 'attchmntText': 'Samvardhana Motherson International Limited has informed the exchange regarding schedule of investor meet to be held on December 18, 2025.', 'bflag': None, 'old_new': None, 'csvName': None, 'exchdisstime': '15-Dec-2025 17:27:48', 'difference': '00:00:01', 'fileSize': '289.85 KB', 'attFileSize': '289.85 KB', 'hasXbrl': True}",0.0
SHRIRAMFIN,NSE_CORP_ANN,Press Release,"Shriram Finance Limited has informed the Exchange regarding a press release dated December 19, 2025, titled ""Press Release - MUFG Bank to Invest INR 39,618 crore in Shriram Finance through Preferential Issuance of equity shares"".",,,"{'symbol': 'SHRIRAMFIN', 'desc': 'Press Release', 'dt': '19122025122749', 'attchmntFile': 'https://nsearchives.nseindia.com/corporate/Mathew_19122025122735_NSEBSEPressRelease.pdf', 'sm_name': 'Shriram Finance Limited', 'sm_isin': 'INE721A01013', 'an_dt': '19-Dec-2025 12:27:49', 'sort_date': '2025-12-19 12:27:49', 'seq_id': '106472249', 'smIndustry': None, 'orgid': None, 'attchmntText': 'Shriram Finance Limited has informed the Exchange regarding a press release dated December 19, 2025, titled ""Press Release - MUFG Bank to Invest INR 39,618 crore in Shriram Finance through Preferential Issuance of equity shares"".', 'bflag': None, 'old_new': None, 'csvName': None, 'exchdisstime': '19-Dec-2025 12:27:49', 'difference': '00:00:00', 'fileSize': '440.24 KB', 'attFileSize': '440.24 KB', 'hasXbrl': True}",0.0
SHRIRAMFIN,NSE_CORP_ANN,Outcome of Board Meeting,"Shriram Finance Limited has informed the Exchange regarding  Board meeting held on December 19, 2025.",,,"{'symbol': 'SHRIRAMFIN', 'desc': 'Outcome of Board Meeting', 'dt': '19122025121334', 'attchmntFile': 'https://nsearchives.nseindia.com/corporate/Mathew_19122025121323_NSEBSEOutcomeofBM.pdf', 'sm_name': 'Shriram Finance Limited', 'sm_isin': 'INE721A01013', 'an_dt': '19-Dec-2025 12:13:34', 'sort_date': '2025-12-19 12:13:34', 'seq_id': '106472242', 'smIndustry': None, 'orgid': None, 'attchmntText': 'Shriram Finance Limited has informed the Exchange regarding  Board meeting held on December 19, 2025.', 'bflag': None, 'old_new': None, 'csvName': None, 'exchdisstime': '19-Dec-2025 12:13:35', 'difference': '00:00:01', 'fileSize': '1.63 MB', 'attFileSize': '1.63 MB', 'hasXbrl': True}",0.0
SHRIRAMFIN,NSE_CORP_ANN,Rumour Verification - Regulation 30(11),Shriram Finance Limited has informed the Exchange about Rumour Verification - Regulation 30(11),,,"{'symbol': 'SHRIRAMFIN', 'desc': 'Rumour Verification - Regulation 30(11)', 'dt': '18122025104920', 'attchmntFile': 'https://nsearchives.nseindia.com/corporate/Mathew_18122025104822_NSERumourVerificationDec2025.pdf', 'sm_name': 'Shriram Finance Limited', 'sm_isin': 'INE721A01013', 'an_dt': '18-Dec-2025 10:49:20', 'sort_date': '2025-12-18 10:49:20', 'seq_id': '106471153', 'smIndustry': None, 'orgid': None, 'attchmntText': 'Shriram Finance Limited has informed the Exchange about Rumour Verification - Regulation 30(11)', 'bflag': None, 'old_new': None, 'csvName': None, 'exchdisstime': '18-Dec-2025 10:49:21', 'difference': '00:00:01', 'fileSize': '284.91 KB', 'attFileSize': '284.91 KB', 'hasXbrl': True}",0.0
SHRIRAMFIN,NSE_CORP_ANN,News Verification,The Exchange has sought clarification from Shriram Finance Limited with respect to recent news item captioned Japan's MUFG to invest up to $5 billion in Shriram Finance for 20% stake in major India bet Company Business News.  The response from the Company is attached.,,,"{'symbol': 'SHRIRAMFIN', 'desc': 'News Verification', 'dt': '18122025103925', 'attchmntFile': 'https://nsearchives.nseindia.com/corporate/Mathew_18122025103749_NSERumourVerificationDec2025.pdf', 'sm_name': 'Shriram Finance Limited', 'sm_isin': 'INE721A01013', 'an_dt': '18-Dec-2025 10:39:25', 'sort_date': '2025-12-18 10:39:25', 'seq_id': '106471143', 'smIndustry': None, 'orgid': None, 'attchmntText': ""The Exchange has sought clarification from Shriram Finance Limited with respect to recent news item captioned Japan's MUFG to invest up to $5 billion in Shriram Finance for 20% stake in major India bet Company Business News.  The response from the Company is attached."", 'bflag': None, 'old_new': None, 'csvName': None, 'exchdisstime': '18-Dec-2025 10:39:26', 'difference': '00:00:01', 'fileSize': '297.43 KB', 'attFileSize': '297.43 KB', 'hasXbrl': True}",0.0
SHRIRAMFIN,NSE_CORP_ANN,Action(s) taken or orders passed,Shriram Finance Limited has informed the Exchange about Action(s) taken or orders passed,,,"{'symbol': 'SHRIRAMFIN', 'desc': 'Action(s) taken or orders passed', 'dt': '17122025195011', 'attchmntFile': 'https://nsearchives.nseindia.com/corporate/Mathew_17122025194826_NSEBSEReg30PenaltyDec172025.pdf', 'sm_name': 'Shriram Finance Limited', 'sm_isin': 'INE721A01013', 'an_dt': '17-Dec-2025 19:50:11', 'sort_date': '2025-12-17 19:50:11', 'seq_id': '106470678', 'smIndustry': None, 'orgid': None, 'attchmntText': 'Shriram Finance Limited has informed the Exchange about Action(s) taken or orders passed', 'bflag': None, 'old_new': None, 'csvName': None, 'exchdisstime': '17-Dec-2025 19:50:12', 'difference': '00:00:01', 'fileSize': '278.06 KB', 'attFileSize': '278.06 KB', 'hasXbrl': True}",0.0
SHRIRAMFIN,NSE_CORP_ANN,Updates,"Shriram Finance Limited has informed the Exchange regarding 'Report on Special Window for re-lodgement of transfer requests of physical shares of the Company from Integrated Registry Management Services Private Limited, Registrar and Share Transfer Agent of the Company, for the month ended November  30, 2025'.",,,"{'symbol': 'SHRIRAMFIN', 'desc': 'Updates', 'dt': '17122025181004', 'attchmntFile': 'https://nsearchives.nseindia.com/corporate/Mathew_17122025180858_BSENSE_Upload.pdf', 'sm_name': 'Shriram Finance Limited', 'sm_isin': 'INE721A01013', 'an_dt': '17-Dec-2025 18:10:04', 'sort_date': '2025-12-17 18:10:04', 'seq_id': '106470549', 'smIndustry': None, 'orgid': None, 'attchmntText': ""Shriram Finance Limited has informed the Exchange regarding 'Report on Special Window for re-lodgement of transfer requests of physical shares of the Company from Integrated Registry Management Services Private Limited, Registrar and Share Transfer Agent of the Company, for the month ended November  30, 2025'."", 'bflag': None, 'old_new': None, 'csvName': None, 'exchdisstime': '17-Dec-2025 18:10:05', 'difference': '00:00:01', 'fileSize': '966.48 KB', 'attFileSize': '966.48 KB', 'hasXbrl': True}",0.0
SIEMENS,NSE_CORP_ANN,Disclosure under SEBI Takeover Regulations,"Siemens International Holding B.V. has submitted to the Exchange a copy of Disclosures under Regulation 10(6)-Report to stock Exchange in respect of any acquisition made in reliance upon exemption provided for in regulation 10 of SEBI (SAST) Regulations, 2011.",,,"{'symbol': 'SIEMENS', 'desc': 'Disclosure under SEBI Takeover Regulations', 'dt': '18122025124325', 'attchmntFile': 'https://nsearchives.nseindia.com/corporate/team_sandeshc_18122025095259_SIH_Disclosure.pdf', 'sm_name': 'Siemens Limited', 'sm_isin': 'INE003A01024', 'an_dt': '18-Dec-2025 12:43:25', 'sort_date': '2025-12-18 12:43:25', 'seq_id': '106471063', 'smIndustry': 'Electrical Equipment', 'orgid': None, 'attchmntText': 'Siemens International Holding B.V. has submitted to the Exchange a copy of Disclosures under Regulation 10(6)-Report to stock Exchange in respect of any acquisition made in reliance upon exemption provided for in regulation 10 of SEBI (SAST) Regulations, 2011.', 'bflag': None, 'old_new': None, 'csvName': None, 'exchdisstime': '18-Dec-2025 12:43:26', 'difference': '00:00:01', 'fileSize': '792.71 KB', 'attFileSize': '792.71 KB', 'hasXbrl': True}",0.0
SIEMENS,NSE_CORP_ANN,Analysts/Institutional Investor Meet/Con. Call Updates,Siemens Limited has informed the Exchange about Transcript,,,"{'symbol': 'SIEMENS', 'desc': 'Analysts/Institutional Investor Meet/Con. Call Updates', 'dt': '18122025112152', 'attchmntFile': 'https://nsearchives.nseindia.com/corporate/SIEMENS57_18122025111958_TranscriptIntimation.pdf', 'sm_name': 'Siemens Limited', 'sm_isin': 'INE003A01024', 'an_dt': '18-Dec-2025 11:21:52', 'sort_date': '2025-12-18 11:21:52', 'seq_id': '106471212', 'smIndustry': 'Electrical Equipment', 'orgid': None, 'attchmntText': 'Siemens Limited has informed the Exchange about Transcript', 'bflag': None, 'old_new': None, 'csvName': None, 'exchdisstime': '18-Dec-2025 11:21:53', 'difference': '00:00:01', 'fileSize': '511.18 KB', 'attFileSize': '511.18 KB', 'hasXbrl': True}",0.0
SOLARINDS,NSE_CORP_ANN,Shareholders meeting,Solar Industries India Limited has informed the Exchange about Submission of the Voting Results and Scrutiniser''s Report of Postal Ballot.,,,"{'symbol': 'SOLARINDS', 'desc': 'Shareholders meeting', 'dt': '18122025131033', 'attchmntFile': 'https://nsearchives.nseindia.com/corporate/SOLARINDS_18122025130815_PB_Voting_Result_Scrutinizer_report.pdf', 'sm_name': 'Solar Industries India Limited', 'sm_isin': 'INE343H01011', 'an_dt': '18-Dec-2025 13:10:33', 'sort_date': '2025-12-18 13:10:33', 'seq_id': '106471308', 'smIndustry': 'Chemicals - Speciality', 'orgid': None, 'attchmntText': ""Solar Industries India Limited has informed the Exchange about Submission of the Voting Results and Scrutiniser''s Report of Postal Ballot."", 'bflag': None, 'old_new': None, 'csvName': None, 'exchdisstime': '18-Dec-2025 13:10:34', 'difference': '00:00:01', 'fileSize': '7.09 MB', 'attFileSize': '7.09 MB', 'hasXbrl': True}",0.0
SONACOMS,NSE_CORP_ANN,Shareholders meeting,Sona Blw Precision Forgings Limited has submitted the Exchange a copy Srutinizers report of  Postal Ballot,,,"{'symbol': 'SONACOMS', 'desc': 'Shareholders meeting', 'dt': '20122025101340', 'attchmntFile': 'https://nsearchives.nseindia.com/corporate/SONACOMS_20122025101221_ScrutinizerReportfinal.pdf', 'sm_name': 'Sona BLW Precision Forgings Limited', 'sm_isin': 'INE073K01018', 'an_dt': '20-Dec-2025 10:13:40', 'sort_date': '2025-12-20 10:13:40', 'seq_id': '106472997', 'smIndustry': None, 'orgid': None, 'attchmntText': 'Sona Blw Precision Forgings Limited has submitted the Exchange a copy Srutinizers report of  Postal Ballot', 'bflag': None, 'old_new': None, 'csvName': None, 'exchdisstime': '20-Dec-2025 10:13:42', 'difference': '00:00:02', 'fileSize': '1.09 MB', 'attFileSize': '1.09 MB', 'hasXbrl': True}",0.0
SONACOMS,NSE_CORP_ANN,Trading Window,"Sona Blw Precision Forgings Limited has informed the Exchange regarding the Trading Window closure pursuant to SEBI (Prohibition of Insider Trading) Regulations, 2015",,,"{'symbol': 'SONACOMS', 'desc': 'Trading Window', 'dt': '15122025153425', 'attchmntFile': 'https://nsearchives.nseindia.com/corporate/SONACOMS_15122025153355_intimation.pdf', 'sm_name': 'Sona BLW Precision Forgings Limited', 'sm_isin': 'INE073K01018', 'an_dt': '15-Dec-2025 15:34:25', 'sort_date': '2025-12-15 15:34:25', 'seq_id': '106468378', 'smIndustry': None, 'orgid': None, 'attchmntText': 'Sona Blw Precision Forgings Limited has informed the Exchange regarding the Trading Window closure pursuant to SEBI (Prohibition of Insider Trading) Regulations, 2015', 'bflag': None, 'old_new': None, 'csvName': None, 'exchdisstime': '15-Dec-2025 15:34:26', 'difference': '00:00:01', 'fileSize': '177.61 KB', 'attFileSize': '177.61 KB', 'hasXbrl': True}",0.0
SBIN,NSE_CORP_ANN,Change in Director(s),State Bank Of India has informed the Exchange regarding Change in Director(s) of the company.,,,"{'symbol': 'SBIN', 'desc': 'Change in Director(s)', 'dt': '17122025121626', 'attchmntFile': 'https://nsearchives.nseindia.com/corporate/SBIN1_17122025121459_SE_disclosuredsc.pdf', 'sm_name': 'State Bank of India', 'sm_isin': 'INE062A01012', 'an_dt': '17-Dec-2025 12:16:26', 'sort_date': '2025-12-17 12:16:26', 'seq_id': '106470238', 'smIndustry': 'Banks', 'orgid': None, 'attchmntText': 'State Bank Of India has informed the Exchange regarding Change in Director(s) of the company.', 'bflag': None, 'old_new': None, 'csvName': None, 'exchdisstime': '17-Dec-2025 12:16:27', 'difference': '00:00:01', 'fileSize': '230.92 KB', 'attFileSize': '230.92 KB', 'hasXbrl': True}",0.0
SBIN,NSE_CORP_ANN,Analysts/Institutional Investor Meet/Con. Call Updates,State Bank Of India has informed the Exchange about,,,"{'symbol': 'SBIN', 'desc': 'Analysts/Institutional Investor Meet/Con. Call Updates', 'dt': '16122025184922', 'attchmntFile': 'https://nsearchives.nseindia.com/corporate/SBIN1_16122025184909_BSE_NSE_Investor_Outcome16122025dsc.pdf', 'sm_name': 'State Bank of India', 'sm_isin': 'INE062A01012', 'an_dt': '16-Dec-2025 18:49:22', 'sort_date': '2025-12-16 18:49:22', 'seq_id': '106469600', 'smIndustry': 'Banks', 'orgid': None, 'attchmntText': 'State Bank Of India has informed the Exchange about', 'bflag': None, 'old_new': None, 'csvName': None, 'exchdisstime': '16-Dec-2025 18:49:23', 'difference': '00:00:01', 'fileSize': '196.31 KB', 'attFileSize': '196.31 KB', 'hasXbrl': True}",0.0
SBIN,NSE_CORP_ANN,Copy of Newspaper Publication,State Bank Of India has informed the Exchange about Copy of Newspaper Publication,,,"{'symbol': 'SBIN', 'desc': 'Copy of Newspaper Publication', 'dt': '16122025124030', 'attchmntFile': 'https://nsearchives.nseindia.com/corporate/SBIN1_16122025124019_SE_disdsc.pdf', 'sm_name': 'State Bank of India', 'sm_isin': 'INE062A01012', 'an_dt': '16-Dec-2025 12:40:30', 'sort_date': '2025-12-16 12:40:30', 'seq_id': '106469249', 'smIndustry': 'Banks', 'orgid': None, 'attchmntText': 'State Bank Of India has informed the Exchange about Copy of Newspaper Publication', 'bflag': None, 'old_new': None, 'csvName': None, 'exchdisstime': '16-Dec-2025 12:40:31', 'difference': '00:00:01', 'fileSize': '4.03 MB', 'attFileSize': '4.03 MB', 'hasXbrl': True}",0.0
SBIN,NSE_CORP_ANN,General Updates,State Bank Of India has informed the Exchange about signing of EURO 150 million KfW  Line of Credit(Phase 2) for financing Climate friendly energy generation projects,,,"{'symbol': 'SBIN', 'desc': 'General Updates', 'dt': '15122025180626', 'attchmntFile': 'https://nsearchives.nseindia.com/corporate/SBIN1_15122025180549_BSE_NSE_Euro150Mn_15122025dsc.pdf', 'sm_name': 'State Bank of India', 'sm_isin': 'INE062A01012', 'an_dt': '15-Dec-2025 18:06:26', 'sort_date': '2025-12-15 18:06:26', 'seq_id': '106468553', 'smIndustry': 'Banks', 'orgid': None, 'attchmntText': 'State Bank Of India has informed the Exchange about signing of EURO 150 million KfW  Line of Credit(Phase 2) for financing Climate friendly energy generation projects', 'bflag': None, 'old_new': None, 'csvName': None, 'exchdisstime': '15-Dec-2025 18:06:27', 'difference': '00:00:01', 'fileSize': '167.16 KB', 'attFileSize': '167.16 KB', 'hasXbrl': True}",0.0
SUNPHARMA,NSE_CORP_ANN,General Updates,"Intimation under Regulation 30 of SEBI (Listing Obligations and Disclosure Requirements) Regulations, 2015   US FDA determines Baska facility inspection classification as OAI",,,"{'symbol': 'SUNPHARMA', 'desc': 'General Updates', 'dt': '18122025082732', 'attchmntFile': 'https://nsearchives.nseindia.com/corporate/SUNSEC_18122025082632_SEIntimationforOAIstatus.pdf', 'sm_name': 'Sun Pharmaceutical Industries Limited', 'sm_isin': 'INE044A01028', 'an_dt': '18-Dec-2025 08:27:32', 'sort_date': '2025-12-18 08:27:32', 'seq_id': '106470963', 'smIndustry': 'Pharmaceuticals', 'orgid': None, 'attchmntText': 'Intimation under Regulation 30 of SEBI (Listing Obligations and Disclosure Requirements) Regulations, 2015   US FDA determines Baska facility inspection classification as OAI', 'bflag': None, 'old_new': None, 'csvName': None, 'exchdisstime': '18-Dec-2025 08:27:34', 'difference': '00:00:02', 'fileSize': '209.81 KB', 'attFileSize': '209.81 KB', 'hasXbrl': True}",0.0
SUZLON,NSE_CORP_ANN,Press Release,"Suzlon Energy Limited has informed the Exchange regarding a press release dated December 17, 2025, titled ""Suzlon and Yanara extend partnership with 306 MW Wind Turbine Orders in Rajasthan"".",,,"{'symbol': 'SUZLON', 'desc': 'Press Release', 'dt': '17122025090004', 'attchmntFile': 'https://nsearchives.nseindia.com/corporate/SUZLON1_17122025085937_Suzlon17122025.pdf', 'sm_name': 'Suzlon Energy Limited', 'sm_isin': 'INE040H01021', 'an_dt': '17-Dec-2025 09:00:04', 'sort_date': '2025-12-17 09:00:04', 'seq_id': '106469944', 'smIndustry': 'Electrical Equipment', 'orgid': None, 'attchmntText': 'Suzlon Energy Limited has informed the Exchange regarding a press release dated December 17, 2025, titled ""Suzlon and Yanara extend partnership with 306 MW Wind Turbine Orders in Rajasthan"".', 'bflag': None, 'old_new': None, 'csvName': None, 'exchdisstime': '17-Dec-2025 09:00:05', 'difference': '00:00:01', 'fileSize': '427.89 KB', 'attFileSize': '427.89 KB', 'hasXbrl': True}",0.0
SYNGENE,NSE_CORP_ANN,Investor Presentation,Syngene International Limited has informed the Exchange about Investor Presentation,,,"{'symbol': 'SYNGENE', 'desc': 'Investor Presentation', 'dt': '17122025125752', 'attchmntFile': 'https://nsearchives.nseindia.com/corporate/SYNGENE2_17122025125609_IP17122025.pdf', 'sm_name': 'Syngene International Limited', 'sm_isin': 'INE398R01022', 'an_dt': '17-Dec-2025 12:57:52', 'sort_date': '2025-12-17 12:57:52', 'seq_id': '106470282', 'smIndustry': None, 'orgid': None, 'attchmntText': 'Syngene International Limited has informed the Exchange about Investor Presentation', 'bflag': None, 'old_new': None, 'csvName': None, 'exchdisstime': '17-Dec-2025 12:57:53', 'difference': '00:00:01', 'fileSize': '1.77 MB', 'attFileSize': '1.77 MB', 'hasXbrl': True}",0.0
SYNGENE,NSE_CORP_ANN,Analysts/Institutional Investor Meet/Con. Call Updates,Syngene International Limited has informed the Exchange about Schedule of meet,,,"{'symbol': 'SYNGENE', 'desc': 'Analysts/Institutional Investor Meet/Con. Call Updates', 'dt': '15122025174117', 'attchmntFile': 'https://nsearchives.nseindia.com/corporate/SYNGENE2_15122025174025_Investorcallintimation18122025.pdf', 'sm_name': 'Syngene International Limited', 'sm_isin': 'INE398R01022', 'an_dt': '15-Dec-2025 17:41:17', 'sort_date': '2025-12-15 17:41:17', 'seq_id': '106468528', 'smIndustry': None, 'orgid': None, 'attchmntText': 'Syngene International Limited has informed the Exchange about Schedule of meet', 'bflag': None, 'old_new': None, 'csvName': None, 'exchdisstime': '15-Dec-2025 17:41:18', 'difference': '00:00:01', 'fileSize': '206.69 KB', 'attFileSize': '206.69 KB', 'hasXbrl': True}",0.0
TITAGARH,NSE_CORP_ANN,Press Release,"TITAGARH RAIL SYSTEMS LIMITED has informed the Exchange regarding a press release dated December 20, 2025, titled ""Titagarh Rolls Out the 1st Trainset of Ahmedabad Metro - Hon ble Chief Minister of Gujarat, Shri Bhupendrabhai Patel visited the plant of Titagarh in Kolkata to receive the train"".",,,"{'symbol': 'TITAGARH', 'desc': 'Press Release', 'dt': '20122025200504', 'attchmntFile': 'https://nsearchives.nseindia.com/corporate/TWL_20122025200450_PressRelease20122025.pdf', 'sm_name': 'TITAGARH RAIL SYSTEMS LIMITED', 'sm_isin': 'INE615H01020', 'an_dt': '20-Dec-2025 20:05:04', 'sort_date': '2025-12-20 20:05:04', 'seq_id': '106473197', 'smIndustry': None, 'orgid': None, 'attchmntText': 'TITAGARH RAIL SYSTEMS LIMITED has informed the Exchange regarding a press release dated December 20, 2025, titled ""Titagarh Rolls Out the 1st Trainset of Ahmedabad Metro - Hon ble Chief Minister of Gujarat, Shri Bhupendrabhai Patel visited the plant of Titagarh in Kolkata to receive the train"".', 'bflag': None, 'old_new': None, 'csvName': None, 'exchdisstime': '20-Dec-2025 20:05:05', 'difference': '00:00:01', 'fileSize': '1.20 MB', 'attFileSize': '1.20 MB', 'hasXbrl': True}",0.0
TITAGARH,NSE_CORP_ANN,Bagging/Receiving of orders/contracts,TITAGARH RAIL SYSTEMS LIMITED has informed the Exchange about Bagging/Receiving of orders/contracts,,,"{'symbol': 'TITAGARH', 'desc': 'Bagging/Receiving of orders/contracts', 'dt': '17122025190030', 'attchmntFile': 'https://nsearchives.nseindia.com/corporate/TWL_17122025185935_DisclosuretoSELOA17122025.pdf', 'sm_name': 'TITAGARH RAIL SYSTEMS LIMITED', 'sm_isin': 'INE615H01020', 'an_dt': '17-Dec-2025 19:00:30', 'sort_date': '2025-12-17 19:00:30', 'seq_id': '106470625', 'smIndustry': None, 'orgid': None, 'attchmntText': 'TITAGARH RAIL SYSTEMS LIMITED has informed the Exchange about Bagging/Receiving of orders/contracts', 'bflag': None, 'old_new': None, 'csvName': None, 'exchdisstime': '17-Dec-2025 19:00:31', 'difference': '00:00:01', 'fileSize': '249.53 KB', 'attFileSize': '249.53 KB', 'hasXbrl': True}",0.0
TVSMOTOR,NSE_CORP_ANN,Updates,"TVS Motor Company Limited has informed the Exchange regarding 'Postal ballot as per Section 110 of the Companies Act, 2013'.",,,"{'symbol': 'TVSMOTOR', 'desc': 'Updates', 'dt': '15122025112136', 'attchmntFile': 'https://nsearchives.nseindia.com/corporate/TVSMOTOR_15122025112120_IntimationPostalBallot_sd.pdf', 'sm_name': 'TVS Motor Company Limited', 'sm_isin': 'INE494B01015', 'an_dt': '15-Dec-2025 11:21:36', 'sort_date': '2025-12-15 11:21:36', 'seq_id': '106468206', 'smIndustry': 'Automobiles - 2 And 3 Wheelers', 'orgid': None, 'attchmntText': ""TVS Motor Company Limited has informed the Exchange regarding 'Postal ballot as per Section 110 of the Companies Act, 2013'."", 'bflag': None, 'old_new': None, 'csvName': None, 'exchdisstime': '15-Dec-2025 11:21:37', 'difference': '00:00:01', 'fileSize': '162.06 KB', 'attFileSize': '162.06 KB', 'hasXbrl': True}",0.0
TVSMOTOR,NSE_CORP_ANN,Change in Director(s),TVS Motor Company Limited has informed the Exchange regarding Change in Director(s) of the company.,,,"{'symbol': 'TVSMOTOR', 'desc': 'Change in Director(s)', 'dt': '15122025110312', 'attchmntFile': 'https://nsearchives.nseindia.com/corporate/TVSMOTOR_15122025110203_NSEBSEIntimation.pdf', 'sm_name': 'TVS Motor Company Limited', 'sm_isin': 'INE494B01015', 'an_dt': '15-Dec-2025 11:03:12', 'sort_date': '2025-12-15 11:03:12', 'seq_id': '106468197', 'smIndustry': 'Automobiles - 2 And 3 Wheelers', 'orgid': None, 'attchmntText': 'TVS Motor Company Limited has informed the Exchange regarding Change in Director(s) of the company.', 'bflag': None, 'old_new': None, 'csvName': None, 'exchdisstime': '15-Dec-2025 11:03:12', 'difference': '00:00:00', 'fileSize': '180.59 KB', 'attFileSize': '180.59 KB', 'hasXbrl': True}",0.0
TCS,NSE_CORP_ANN,Updates,Tata Consultancy Services Limited has informed the Exchange regarding 'Press Release - TCS BaNCS Gets AI Upgrade: New Core Tool to Supercharge Innovation'.,,,"{'symbol': 'TCS', 'desc': 'Updates', 'dt': '19122025114119', 'attchmntFile': 'https://nsearchives.nseindia.com/corporate/TCS_CORPCS_19122025114100_Ltr_19Dec25signed.pdf', 'sm_name': 'Tata Consultancy Services Limited', 'sm_isin': 'INE467B01029', 'an_dt': '19-Dec-2025 11:41:19', 'sort_date': '2025-12-19 11:41:19', 'seq_id': '106472207', 'smIndustry': 'Computers - Software', 'orgid': None, 'attchmntText': ""Tata Consultancy Services Limited has informed the Exchange regarding 'Press Release - TCS BaNCS Gets AI Upgrade: New Core Tool to Supercharge Innovation'."", 'bflag': None, 'old_new': None, 'csvName': None, 'exchdisstime': '19-Dec-2025 11:41:20', 'difference': '00:00:01', 'fileSize': '474.68 KB', 'attFileSize': '474.68 KB', 'hasXbrl': True}",0.0
TCS,NSE_CORP_ANN,Incorporation,Tata Consultancy Services Limited has informed the Exchange about Incorporation,,,"{'symbol': 'TCS', 'desc': 'Incorporation', 'dt': '18122025193635', 'attchmntFile': 'https://nsearchives.nseindia.com/corporate/TCS_CORPCS_18122025193553_Signed_Final_SE_Intimation.pdf', 'sm_name': 'Tata Consultancy Services Limited', 'sm_isin': 'INE467B01029', 'an_dt': '18-Dec-2025 19:36:35', 'sort_date': '2025-12-18 19:36:35', 'seq_id': '106471655', 'smIndustry': 'Computers - Software', 'orgid': None, 'attchmntText': 'Tata Consultancy Services Limited has informed the Exchange about Incorporation', 'bflag': None, 'old_new': None, 'csvName': None, 'exchdisstime': '18-Dec-2025 19:36:36', 'difference': '00:00:01', 'fileSize': '275.65 KB', 'attFileSize': '275.65 KB', 'hasXbrl': True}",0.0
TCS,NSE_CORP_ANN,Analysts/Institutional Investor Meet/Con. Call Updates,Tata Consultancy Services Limited has informed the Exchange about Presentation,,,"{'symbol': 'TCS', 'desc': 'Analysts/Institutional Investor Meet/Con. Call Updates', 'dt': '17122025155224', 'attchmntFile': 'https://nsearchives.nseindia.com/corporate/TCS_CORPCS_17122025155131_Signed_SE_Int.pdf', 'sm_name': 'Tata Consultancy Services Limited', 'sm_isin': 'INE467B01029', 'an_dt': '17-Dec-2025 15:52:24', 'sort_date': '2025-12-17 15:52:24', 'seq_id': '106470386', 'smIndustry': 'Computers - Software', 'orgid': None, 'attchmntText': 'Tata Consultancy Services Limited has informed the Exchange about Presentation', 'bflag': None, 'old_new': None, 'csvName': None, 'exchdisstime': '17-Dec-2025 15:52:25', 'difference': '00:00:01', 'fileSize': '13.08 MB', 'attFileSize': '13.08 MB', 'hasXbrl': True}",0.0
TATAELXSI,NSE_CORP_ANN,Spurt in Volume,"Significant increase in volume has been observed in Tata Elxsi Limited. The Exchange, in order to ensure that investors have latest relevant information about the company and to inform the market place so that the interest of the investors is safeguarded, had written to the company. Tata Elxsi Limited has submitted their response.",,,"{'symbol': 'TATAELXSI', 'desc': 'Spurt in Volume', 'dt': '19122025204408', 'attchmntFile': 'https://nsearchives.nseindia.com/corporate/TELNSE_19122025204214_NSEResponseSpurtinVolume.pdf', 'sm_name': 'Tata Elxsi Limited', 'sm_isin': 'INE670A01012', 'an_dt': '19-Dec-2025 20:44:08', 'sort_date': '2025-12-19 20:44:08', 'seq_id': '106472736', 'smIndustry': 'Computers - Software', 'orgid': None, 'attchmntText': 'Significant increase in volume has been observed in Tata Elxsi Limited. The Exchange, in order to ensure that investors have latest relevant information about the company and to inform the market place so that the interest of the investors is safeguarded, had written to the company. Tata Elxsi Limited has submitted their response.', 'bflag': None, 'old_new': None, 'csvName': None, 'exchdisstime': '19-Dec-2025 20:44:08', 'difference': '00:00:00', 'fileSize': '213.22 KB', 'attFileSize': '213.22 KB', 'hasXbrl': True}",0.0
TATAPOWER,NSE_CORP_ANN,Press Release,"Tata Power Company Limited has informed the Exchange regarding a press release dated December 19, 2025, titled as  Tata Power, London School of Economics and Political Science (LSE) and International Growth Centre (IGC) launches Energy Insights and innovation lab to accelerate India s clean energy transition.""",,,"{'symbol': 'TATAPOWER', 'desc': 'Press Release', 'dt': '19122025152811', 'attchmntFile': 'https://nsearchives.nseindia.com/corporate/VPTPCL_19122025152759_PR-19-12-2025.pdf', 'sm_name': 'Tata Power Company Limited', 'sm_isin': 'INE245A01013', 'an_dt': '19-Dec-2025 15:28:11', 'sort_date': '2025-12-19 15:28:11', 'seq_id': '106472368', 'smIndustry': 'Power', 'orgid': None, 'attchmntText': 'Tata Power Company Limited has informed the Exchange regarding a press release dated December 19, 2025, titled as  Tata Power, London School of Economics and Political Science (LSE) and International Growth Centre (IGC) launches Energy Insights and innovation lab to accelerate India s clean energy transition.""', 'bflag': None, 'old_new': None, 'csvName': None, 'exchdisstime': '19-Dec-2025 15:28:12', 'difference': '00:00:01', 'fileSize': '467.46 KB', 'attFileSize': '467.46 KB', 'hasXbrl': True}",0.0
TATAPOWER,NSE_CORP_ANN,Allotment of Securities,Tata Power Company Limited has informed the Exchange regarding allotment of 200000 securities pursuant to Non Convertible Securities.,,,"{'symbol': 'TATAPOWER', 'desc': 'Allotment of Securities', 'dt': '19122025130612', 'attchmntFile': 'https://nsearchives.nseindia.com/corporate/VPTPCL_19122025130504_Reg_30_-_Allotment_of_NCD.pdf', 'sm_name': 'Tata Power Company Limited', 'sm_isin': 'INE245A01013', 'an_dt': '19-Dec-2025 13:06:12', 'sort_date': '2025-12-19 13:06:12', 'seq_id': '106472293', 'smIndustry': 'Power', 'orgid': None, 'attchmntText': 'Tata Power Company Limited has informed the Exchange regarding allotment of 200000 securities pursuant to Non Convertible Securities.', 'bflag': None, 'old_new': None, 'csvName': None, 'exchdisstime': '19-Dec-2025 13:06:13', 'difference': '00:00:01', 'fileSize': '250.70 KB', 'attFileSize': '250.70 KB', 'hasXbrl': True}",0.0
TATAPOWER,NSE_CORP_ANN,General Updates,Tata Power Company Limited has informed the Exchange about Update on Acquisition,,,"{'symbol': 'TATAPOWER', 'desc': 'General Updates', 'dt': '18122025202622', 'attchmntFile': 'https://nsearchives.nseindia.com/corporate/VPTPCL_18122025202614_KHPL-Third_tranche_updated.pdf', 'sm_name': 'Tata Power Company Limited', 'sm_isin': 'INE245A01013', 'an_dt': '18-Dec-2025 20:26:22', 'sort_date': '2025-12-18 20:26:22', 'seq_id': '106471687', 'smIndustry': 'Power', 'orgid': None, 'attchmntText': 'Tata Power Company Limited has informed the Exchange about Update on Acquisition', 'bflag': None, 'old_new': None, 'csvName': None, 'exchdisstime': '18-Dec-2025 20:26:23', 'difference': '00:00:01', 'fileSize': '257.29 KB', 'attFileSize': '257.29 KB', 'hasXbrl': True}",0.0
TATAPOWER,NSE_CORP_ANN,Analysts/Institutional Investor Meet/Con. Call Updates,Tata Power Company Limited has informed the Exchange about Presentation,,,"{'symbol': 'TATAPOWER', 'desc': 'Analysts/Institutional Investor Meet/Con. Call Updates', 'dt': '15122025110141', 'attchmntFile': 'https://nsearchives.nseindia.com/corporate/VPTPCL_15122025105900_Analyst_Presentation.pdf', 'sm_name': 'Tata Power Company Limited', 'sm_isin': 'INE245A01013', 'an_dt': '15-Dec-2025 11:01:41', 'sort_date': '2025-12-15 11:01:41', 'seq_id': '106468196', 'smIndustry': 'Power', 'orgid': None, 'attchmntText': 'Tata Power Company Limited has informed the Exchange about Presentation', 'bflag': None, 'old_new': None, 'csvName': None, 'exchdisstime': '15-Dec-2025 11:01:43', 'difference': '00:00:02', 'fileSize': '16.71 MB', 'attFileSize': '16.71 MB', 'hasXbrl': True}",0.0
TATASTEEL,NSE_CORP_ANN,Pendency of Litigation(s)/dispute(s) or the outcome impacting the Company,Tata Steel Limited has informed the Exchange about Pendency of Litigation(s)/dispute(s) or the outcome impacting the Company,,,"{'symbol': 'TATASTEEL', 'desc': 'Pendency of Litigation(s)/dispute(s) or the outcome impacting the Company', 'dt': '19122025190749', 'attchmntFile': 'https://nsearchives.nseindia.com/corporate/SAKSHIKAPUR_19122025190631_BSENSE.pdf', 'sm_name': 'Tata Steel Limited', 'sm_isin': 'INE081A01012', 'an_dt': '19-Dec-2025 19:07:49', 'sort_date': '2025-12-19 19:07:49', 'seq_id': '106472680', 'smIndustry': 'Steel And Steel Products', 'orgid': None, 'attchmntText': 'Tata Steel Limited has informed the Exchange about Pendency of Litigation(s)/dispute(s) or the outcome impacting the Company', 'bflag': None, 'old_new': None, 'csvName': None, 'exchdisstime': '19-Dec-2025 19:07:50', 'difference': '00:00:01', 'fileSize': '360.81 KB', 'attFileSize': '360.81 KB', 'hasXbrl': True}",0.0
TATASTEEL,NSE_CORP_ANN,Acquisition,Tata Steel Limited has informed the Exchange about Acquisition of equity stake in T Steel Holdings Pte. Ltd,,,"{'symbol': 'TATASTEEL', 'desc': 'Acquisition', 'dt': '19122025175514', 'attchmntFile': 'https://nsearchives.nseindia.com/corporate/SWATISHETH_19122025175016_BSENSE.pdf', 'sm_name': 'Tata Steel Limited', 'sm_isin': 'INE081A01012', 'an_dt': '19-Dec-2025 17:55:14', 'sort_date': '2025-12-19 17:55:14', 'seq_id': '106472561', 'smIndustry': 'Steel And Steel Products', 'orgid': None, 'attchmntText': 'Tata Steel Limited has informed the Exchange about Acquisition of equity stake in T Steel Holdings Pte. Ltd', 'bflag': None, 'old_new': None, 'csvName': None, 'exchdisstime': '19-Dec-2025 17:55:15', 'difference': '00:00:01', 'fileSize': '324.18 KB', 'attFileSize': '324.18 KB', 'hasXbrl': True}",0.0
TECHM,NSE_CORP_ANN,General Updates,Tech Mahindra Limited has informed the Exchange about General Updates,,,"{'symbol': 'TECHM', 'desc': 'General Updates', 'dt': '19122025184322', 'attchmntFile': 'https://nsearchives.nseindia.com/corporate/Apekshakhemka_19122025184310_Reg_30_disclosure_PForder_F_signed.pdf', 'sm_name': 'Tech Mahindra Limited', 'sm_isin': 'INE669C01028', 'an_dt': '19-Dec-2025 18:43:22', 'sort_date': '2025-12-19 18:43:22', 'seq_id': '106472643', 'smIndustry': 'Computers - Software', 'orgid': None, 'attchmntText': 'Tech Mahindra Limited has informed the Exchange about General Updates', 'bflag': None, 'old_new': None, 'csvName': None, 'exchdisstime': '19-Dec-2025 18:43:23', 'difference': '00:00:01', 'fileSize': '171.46 KB', 'attFileSize': '171.46 KB', 'hasXbrl': True}",0.0
TECHM,NSE_CORP_ANN,Incorporation,Tech Mahindra Limited has informed the Exchange about Incorporation,,,"{'symbol': 'TECHM', 'desc': 'Incorporation', 'dt': '15122025124529', 'attchmntFile': 'https://nsearchives.nseindia.com/corporate/Apekshakhemka_15122025124517_IncorporationIntimation-Chessworks_S.pdf', 'sm_name': 'Tech Mahindra Limited', 'sm_isin': 'INE669C01028', 'an_dt': '15-Dec-2025 12:45:29', 'sort_date': '2025-12-15 12:45:29', 'seq_id': '106468277', 'smIndustry': 'Computers - Software', 'orgid': None, 'attchmntText': 'Tech Mahindra Limited has informed the Exchange about Incorporation', 'bflag': None, 'old_new': None, 'csvName': None, 'exchdisstime': '15-Dec-2025 12:45:30', 'difference': '00:00:01', 'fileSize': '258.72 KB', 'attFileSize': '258.72 KB', 'hasXbrl': True}",0.0
FEDERALBNK,NSE_CORP_ANN,Analysts/Institutional Investor Meet/Con. Call Updates,The Federal Bank  Limited has informed the Exchange about Schedule of meet,,,"{'symbol': 'FEDERALBNK', 'desc': 'Analysts/Institutional Investor Meet/Con. Call Updates', 'dt': '18122025172352', 'attchmntFile': 'https://nsearchives.nseindia.com/corporate/FEDERALBNK_18122025172314_SE_Intimation_Investor_Meet_181225_S.pdf', 'sm_name': 'The Federal Bank  Limited', 'sm_isin': 'INE171A01011', 'an_dt': '18-Dec-2025 17:23:52', 'sort_date': '2025-12-18 17:23:52', 'seq_id': '106471508', 'smIndustry': 'Banks', 'orgid': None, 'attchmntText': 'The Federal Bank  Limited has informed the Exchange about Schedule of meet', 'bflag': None, 'old_new': None, 'csvName': None, 'exchdisstime': '18-Dec-2025 17:23:52', 'difference': '00:00:00', 'fileSize': '258.00 KB', 'attFileSize': '258.00 KB', 'hasXbrl': True}",0.0
INDHOTEL,NSE_CORP_ANN,Press Release,"The Indian Hotels Company Limited has informed the Exchange regarding a press release dated December 19, 2025, titled ""IHCL, GVK-BHUPAL FAMILY REDEFINE ALLIANCE; TRANSITIONS FROM JOINT VENTURE TO A LONG-TERM MANAGEMENT ARRANGEMENT"".",,,"{'symbol': 'INDHOTEL', 'desc': 'Press Release', 'dt': '19122025185916', 'attchmntFile': 'https://nsearchives.nseindia.com/corporate/INDHOTEL_19122025185855_Pressrelease.pdf', 'sm_name': 'The Indian Hotels Company Limited', 'sm_isin': 'INE053A01029', 'an_dt': '19-Dec-2025 18:59:16', 'sort_date': '2025-12-19 18:59:16', 'seq_id': '106472667', 'smIndustry': 'Hotels', 'orgid': None, 'attchmntText': 'The Indian Hotels Company Limited has informed the Exchange regarding a press release dated December 19, 2025, titled ""IHCL, GVK-BHUPAL FAMILY REDEFINE ALLIANCE; TRANSITIONS FROM JOINT VENTURE TO A LONG-TERM MANAGEMENT ARRANGEMENT"".', 'bflag': None, 'old_new': None, 'csvName': None, 'exchdisstime': '19-Dec-2025 18:59:17', 'difference': '00:00:01', 'fileSize': '476.70 KB', 'attFileSize': '476.70 KB', 'hasXbrl': True}",0.0
INDHOTEL,NSE_CORP_ANN,Sale or disposal,The Indian Hotels Company Limited has informed the Exchange about Sale or disposal,,,"{'symbol': 'INDHOTEL', 'desc': 'Sale or disposal', 'dt': '19122025184931', 'attchmntFile': 'https://nsearchives.nseindia.com/corporate/INDHOTEL_19122025184827_AGREEMENTTOSELL.pdf', 'sm_name': 'The Indian Hotels Company Limited', 'sm_isin': 'INE053A01029', 'an_dt': '19-Dec-2025 18:49:31', 'sort_date': '2025-12-19 18:49:31', 'seq_id': '106472648', 'smIndustry': 'Hotels', 'orgid': None, 'attchmntText': 'The Indian Hotels Company Limited has informed the Exchange about Sale or disposal', 'bflag': None, 'old_new': None, 'csvName': None, 'exchdisstime': '19-Dec-2025 18:49:32', 'difference': '00:00:01', 'fileSize': '404.84 KB', 'attFileSize': '404.84 KB', 'hasXbrl': True}",0.0
TITAN,NSE_CORP_ANN,Analysts/Institutional Investor Meet/Con. Call Updates,Titan Company Limited has informed the Exchange about Schedule of meet,,,"{'symbol': 'TITAN', 'desc': 'Analysts/Institutional Investor Meet/Con. Call Updates', 'dt': '15122025104907', 'attchmntFile': 'https://nsearchives.nseindia.com/corporate/TITAN_15122025104817_SEintimation.pdf', 'sm_name': 'Titan Company Limited', 'sm_isin': 'INE280A01010', 'an_dt': '15-Dec-2025 10:49:07', 'sort_date': '2025-12-15 10:49:07', 'seq_id': '106468184', 'smIndustry': 'Gems Jewellery And Watches', 'orgid': None, 'attchmntText': 'Titan Company Limited has informed the Exchange about Schedule of meet', 'bflag': None, 'old_new': None, 'csvName': None, 'exchdisstime': '15-Dec-2025 10:49:08', 'difference': '00:00:01', 'fileSize': '202.22 KB', 'attFileSize': '202.22 KB', 'hasXbrl': True}",0.0
TORNTPHARM,NSE_CORP_ANN,Updates,Torrent Pharmaceuticals Limited has informed the Exchange regarding 'Redemption of Commercial Papers '.,,,"{'symbol': 'TORNTPHARM', 'desc': 'Updates', 'dt': '16122025175104', 'attchmntFile': 'https://nsearchives.nseindia.com/corporate/TORNTPHARM_16122025175040_CP_redemption_ur_30.pdf', 'sm_name': 'Torrent Pharmaceuticals Limited', 'sm_isin': 'INE685A01028', 'an_dt': '16-Dec-2025 17:51:04', 'sort_date': '2025-12-16 17:51:04', 'seq_id': '106469527', 'smIndustry': 'Pharmaceuticals', 'orgid': None, 'attchmntText': ""Torrent Pharmaceuticals Limited has informed the Exchange regarding 'Redemption of Commercial Papers '."", 'bflag': None, 'old_new': None, 'csvName': None, 'exchdisstime': '16-Dec-2025 17:51:05', 'difference': '00:00:01', 'fileSize': '684.68 KB', 'attFileSize': '684.68 KB', 'hasXbrl': True}",0.0
TORNTPOWER,NSE_CORP_ANN,Analysts/Institutional Investor Meet/Con. Call Updates,Torrent Power Limited has informed the Exchange about Schedule of meet,,,"{'symbol': 'TORNTPOWER', 'desc': 'Analysts/Institutional Investor Meet/Con. Call Updates', 'dt': '15122025170542', 'attchmntFile': 'https://nsearchives.nseindia.com/corporate/TORNTPOWER_15122025170524_Investor.pdf', 'sm_name': 'Torrent Power Limited', 'sm_isin': 'INE813H01021', 'an_dt': '15-Dec-2025 17:05:42', 'sort_date': '2025-12-15 17:05:42', 'seq_id': '106468482', 'smIndustry': 'Power', 'orgid': None, 'attchmntText': 'Torrent Power Limited has informed the Exchange about Schedule of meet', 'bflag': None, 'old_new': None, 'csvName': None, 'exchdisstime': '15-Dec-2025 17:05:43', 'difference': '00:00:01', 'fileSize': '287.59 KB', 'attFileSize': '287.59 KB', 'hasXbrl': True}",0.0
TRENT,NSE_CORP_ANN,Credit Rating- New,"Trent Limited has informed the Exchange about Intimation under Regulation 30 read with Schedule III of the SEBI (Listing Obligations and Disclosure Requirements) Regulations, 2015 ( SEBI Listing Regulations )",,,"{'symbol': 'TRENT', 'desc': 'Credit Rating- New', 'dt': '19122025180107', 'attchmntFile': 'https://nsearchives.nseindia.com/corporate/TRENT_19122025180042_ESGRatingIntimationMorningstar.pdf', 'sm_name': 'Trent Limited', 'sm_isin': 'INE849A01012', 'an_dt': '19-Dec-2025 18:01:07', 'sort_date': '2025-12-19 18:01:07', 'seq_id': '106472573', 'smIndustry': 'Miscellaneous', 'orgid': None, 'attchmntText': 'Trent Limited has informed the Exchange about Intimation under Regulation 30 read with Schedule III of the SEBI (Listing Obligations and Disclosure Requirements) Regulations, 2015 ( SEBI Listing Regulations )', 'bflag': None, 'old_new': None, 'csvName': None, 'exchdisstime': '19-Dec-2025 18:01:08', 'difference': '00:00:01', 'fileSize': '243.35 KB', 'attFileSize': '243.35 KB', 'hasXbrl': True}",0.0
TRENT,NSE_CORP_ANN,Trading Window,"Trent Limited has informed the Exchange regarding the Trading Window closure pursuant to SEBI (Prohibition of Insider Trading) Regulations, 2015",,,"{'symbol': 'TRENT', 'desc': 'Trading Window', 'dt': '19122025123353', 'attchmntFile': 'https://nsearchives.nseindia.com/corporate/TRENT_19122025123335_BSENSE31122025.pdf', 'sm_name': 'Trent Limited', 'sm_isin': 'INE849A01012', 'an_dt': '19-Dec-2025 12:33:53', 'sort_date': '2025-12-19 12:33:53', 'seq_id': '106472251', 'smIndustry': 'Miscellaneous', 'orgid': None, 'attchmntText': 'Trent Limited has informed the Exchange regarding the Trading Window closure pursuant to SEBI (Prohibition of Insider Trading) Regulations, 2015', 'bflag': None, 'old_new': None, 'csvName': None, 'exchdisstime': '19-Dec-2025 12:33:54', 'difference': '00:00:01', 'fileSize': '208.08 KB', 'attFileSize': '208.08 KB', 'hasXbrl': True}",0.0
TRENT,NSE_CORP_ANN,Analysts/Institutional Investor Meet/Con. Call Updates,Trent Limited has informed the Exchange about Intimation of schedule of Analyst / Institutional Investor Meeting,,,"{'symbol': 'TRENT', 'desc': 'Analysts/Institutional Investor Meet/Con. Call Updates', 'dt': '19122025111620', 'attchmntFile': 'https://nsearchives.nseindia.com/corporate/TRENT_19122025111433_InvestorAnalystMeeting19122025.pdf', 'sm_name': 'Trent Limited', 'sm_isin': 'INE849A01012', 'an_dt': '19-Dec-2025 11:16:20', 'sort_date': '2025-12-19 11:16:20', 'seq_id': '106472189', 'smIndustry': 'Miscellaneous', 'orgid': None, 'attchmntText': 'Trent Limited has informed the Exchange about Intimation of schedule of Analyst / Institutional Investor Meeting', 'bflag': None, 'old_new': None, 'csvName': None, 'exchdisstime': '19-Dec-2025 11:16:21', 'difference': '00:00:01', 'fileSize': '248.29 KB', 'attFileSize': '248.29 KB', 'hasXbrl': True}",0.0
TIINDIA,NSE_CORP_ANN,General Updates,Tube Investments of India Limited has informed the Exchange about General Updates,,,"{'symbol': 'TIINDIA', 'desc': 'General Updates', 'dt': '18122025164511', 'attchmntFile': 'https://nsearchives.nseindia.com/corporate/TIINDIA_18122025164157_Reg31A_ReclasificationofAGPL_TIItoBSENSE.pdf', 'sm_name': 'Tube Investments of India Limited', 'sm_isin': 'INE974X01010', 'an_dt': '18-Dec-2025 16:45:11', 'sort_date': '2025-12-18 16:45:11', 'seq_id': '106471453', 'smIndustry': None, 'orgid': None, 'attchmntText': 'Tube Investments of India Limited has informed the Exchange about General Updates', 'bflag': None, 'old_new': None, 'csvName': None, 'exchdisstime': '18-Dec-2025 16:45:12', 'difference': '00:00:01', 'fileSize': '148.52 KB', 'attFileSize': '148.52 KB', 'hasXbrl': True}",0.0
UNOMINDA,NSE_CORP_ANN,Trading Window,"UNO Minda Limited has informed the Exchange regarding the Trading Window closure pursuant to SEBI (Prohibition of Insider Trading) Regulations, 2015",,,"{'symbol': 'UNOMINDA', 'desc': 'Trading Window', 'dt': '20122025112823', 'attchmntFile': 'https://nsearchives.nseindia.com/corporate/MINDAIND1_20122025112804_Tradingwindowdec25.pdf', 'sm_name': 'UNO Minda Limited', 'sm_isin': 'INE405E01023', 'an_dt': '20-Dec-2025 11:28:23', 'sort_date': '2025-12-20 11:28:23', 'seq_id': '106473015', 'smIndustry': None, 'orgid': None, 'attchmntText': 'UNO Minda Limited has informed the Exchange regarding the Trading Window closure pursuant to SEBI (Prohibition of Insider Trading) Regulations, 2015', 'bflag': None, 'old_new': None, 'csvName': None, 'exchdisstime': '20-Dec-2025 11:28:23', 'difference': '00:00:00', 'fileSize': '414.90 KB', 'attFileSize': '414.90 KB', 'hasXbrl': True}",0.0
UNOMINDA,NSE_CORP_ANN,Updates,UNO Minda Limited has informed the Exchange regarding 'Redemption of Commercial Papers'.,,,"{'symbol': 'UNOMINDA', 'desc': 'Updates', 'dt': '16122025180547', 'attchmntFile': 'https://nsearchives.nseindia.com/corporate/MINDAIND1_16122025180536_CP_REDEMPTION.pdf', 'sm_name': 'UNO Minda Limited', 'sm_isin': 'INE405E01023', 'an_dt': '16-Dec-2025 18:05:47', 'sort_date': '2025-12-16 18:05:47', 'seq_id': '106469551', 'smIndustry': None, 'orgid': None, 'attchmntText': ""UNO Minda Limited has informed the Exchange regarding 'Redemption of Commercial Papers'."", 'bflag': None, 'old_new': None, 'csvName': None, 'exchdisstime': '16-Dec-2025 18:05:48', 'difference': '00:00:01', 'fileSize': '3.17 MB', 'attFileSize': '3.17 MB', 'hasXbrl': True}",0.0
UNOMINDA,NSE_CORP_ANN,ESOP/ESOS/ESPS,UNO Minda Limited has informed the Exchange regarding Allotment of 81747  Shares.,,,"{'symbol': 'UNOMINDA', 'desc': 'ESOP/ESOS/ESPS', 'dt': '15122025163002', 'attchmntFile': 'https://nsearchives.nseindia.com/corporate/MINDAIND1_15122025162952_ESOP.pdf', 'sm_name': 'UNO Minda Limited', 'sm_isin': 'INE405E01023', 'an_dt': '15-Dec-2025 16:30:02', 'sort_date': '2025-12-15 16:30:02', 'seq_id': '106468454', 'smIndustry': None, 'orgid': None, 'attchmntText': 'UNO Minda Limited has informed the Exchange regarding Allotment of 81747  Shares.', 'bflag': None, 'old_new': None, 'csvName': None, 'exchdisstime': '15-Dec-2025 16:30:02', 'difference': '00:00:00', 'fileSize': '3.82 MB', 'attFileSize': '3.82 MB', 'hasXbrl': True}",0.0
UNOMINDA,NSE_CORP_ANN,Acquisition,UNO Minda Limited has informed the Exchange about completion of transaction,,,"{'symbol': 'UNOMINDA', 'desc': 'Acquisition', 'dt': '15122025155425', 'attchmntFile': 'https://nsearchives.nseindia.com/corporate/MINDAIND1_15122025155411_Intimation.pdf', 'sm_name': 'UNO Minda Limited', 'sm_isin': 'INE405E01023', 'an_dt': '15-Dec-2025 15:54:25', 'sort_date': '2025-12-15 15:54:25', 'seq_id': '106468402', 'smIndustry': None, 'orgid': None, 'attchmntText': 'UNO Minda Limited has informed the Exchange about completion of transaction', 'bflag': None, 'old_new': None, 'csvName': None, 'exchdisstime': '15-Dec-2025 15:54:26', 'difference': '00:00:01', 'fileSize': '3.17 MB', 'attFileSize': '3.17 MB', 'hasXbrl': True}",0.0
ULTRACEMCO,NSE_CORP_ANN,Action(s) initiated or orders passed,UltraTech Cement Limited has informed the Exchange about Action(s) initiated or orders passed,,,"{'symbol': 'ULTRACEMCO', 'desc': 'Action(s) initiated or orders passed', 'dt': '20122025130707', 'attchmntFile': 'https://nsearchives.nseindia.com/corporate/ULTRACEMCO1_20122025130624_GSTOrder19122025.pdf', 'sm_name': 'UltraTech Cement Limited', 'sm_isin': 'INE481G01011', 'an_dt': '20-Dec-2025 13:07:07', 'sort_date': '2025-12-20 13:07:07', 'seq_id': '106473063', 'smIndustry': 'Cement And Cement Products', 'orgid': None, 'attchmntText': 'UltraTech Cement Limited has informed the Exchange about Action(s) initiated or orders passed', 'bflag': None, 'old_new': None, 'csvName': None, 'exchdisstime': '20-Dec-2025 13:07:07', 'difference': '00:00:00', 'fileSize': '242.60 KB', 'attFileSize': '242.60 KB', 'hasXbrl': True}",0.0
ULTRACEMCO,NSE_CORP_ANN,Action(s) taken or orders passed,"UltraTech Cement Limited has informed the Exchange about order received from Commissioner, Central Goods and Services Tax, Bolpur, West Bengal",,,"{'symbol': 'ULTRACEMCO', 'desc': 'Action(s) taken or orders passed', 'dt': '19122025160423', 'attchmntFile': 'https://nsearchives.nseindia.com/corporate/ULTRACEMCO1_19122025160358_GSTOrders.pdf', 'sm_name': 'UltraTech Cement Limited', 'sm_isin': 'INE481G01011', 'an_dt': '19-Dec-2025 16:04:23', 'sort_date': '2025-12-19 16:04:23', 'seq_id': '106472408', 'smIndustry': 'Cement And Cement Products', 'orgid': None, 'attchmntText': 'UltraTech Cement Limited has informed the Exchange about order received from Commissioner, Central Goods and Services Tax, Bolpur, West Bengal', 'bflag': None, 'old_new': None, 'csvName': None, 'exchdisstime': '19-Dec-2025 16:04:24', 'difference': '00:00:01', 'fileSize': '246.08 KB', 'attFileSize': '246.08 KB', 'hasXbrl': True}",0.0
UNIONBANK,NSE_CORP_ANN,General Updates,"Union Bank of India has informed the Exchange about Disclosure under Regulation 30 of the SEBI (Listing Obligations and Disclosure Requirements) Regulations, 2015",,,"{'symbol': 'UNIONBANK', 'desc': 'General Updates', 'dt': '19122025210912', 'attchmntFile': 'https://nsearchives.nseindia.com/corporate/UNIONBANK_19122025210450_19122025_Disclosure_under_Regulation_30.pdf', 'sm_name': 'Union Bank of India', 'sm_isin': 'INE692A01016', 'an_dt': '19-Dec-2025 21:09:12', 'sort_date': '2025-12-19 21:09:12', 'seq_id': '106472748', 'smIndustry': 'Banks', 'orgid': None, 'attchmntText': 'Union Bank of India has informed the Exchange about Disclosure under Regulation 30 of the SEBI (Listing Obligations and Disclosure Requirements) Regulations, 2015', 'bflag': None, 'old_new': None, 'csvName': None, 'exchdisstime': '19-Dec-2025 21:09:13', 'difference': '00:00:01', 'fileSize': '409.30 KB', 'attFileSize': '409.30 KB', 'hasXbrl': True}",0.0
VBL,NSE_CORP_ANN,General Updates,Board Presentation on the proposed acquisition of 100% Share Capital of Twizza Proprietary Limited ( Twizza ) through our subsidiary company in South Africa i.e. The Beverages Company Proprietary Limited.,,,"{'symbol': 'VBL', 'desc': 'General Updates', 'dt': '21122025132550', 'attchmntFile': 'https://nsearchives.nseindia.com/corporate/VBL_21122025132530_Presentation.pdf', 'sm_name': 'Varun Beverages Limited', 'sm_isin': 'INE200M01013', 'an_dt': '21-Dec-2025 13:25:50', 'sort_date': '2025-12-21 13:25:50', 'seq_id': '106473266', 'smIndustry': None, 'orgid': None, 'attchmntText': 'Board Presentation on the proposed acquisition of 100% Share Capital of Twizza Proprietary Limited ( Twizza ) through our subsidiary company in South Africa i.e. The Beverages Company Proprietary Limited.', 'bflag': None, 'old_new': None, 'csvName': None, 'exchdisstime': '21-Dec-2025 13:25:51', 'difference': '00:00:01', 'fileSize': '632.63 KB', 'attFileSize': '632.63 KB', 'hasXbrl': True}",0.0
VBL,NSE_CORP_ANN,Outcome of Board Meeting,The Board of Directors at their meeting held today inter-alia considered and approved to acquire 100% Share Capital of Twizza Proprietary Limited as per details in the enclosed intimation.,,,"{'symbol': 'VBL', 'desc': 'Outcome of Board Meeting', 'dt': '21122025131916', 'attchmntFile': 'https://nsearchives.nseindia.com/corporate/VBL_21122025131850_Outcome_v2.pdf', 'sm_name': 'Varun Beverages Limited', 'sm_isin': 'INE200M01013', 'an_dt': '21-Dec-2025 13:19:16', 'sort_date': '2025-12-21 13:19:16', 'seq_id': '106473265', 'smIndustry': None, 'orgid': None, 'attchmntText': 'The Board of Directors at their meeting held today inter-alia considered and approved to acquire 100% Share Capital of Twizza Proprietary Limited as per details in the enclosed intimation.', 'bflag': None, 'old_new': None, 'csvName': None, 'exchdisstime': '21-Dec-2025 13:19:16', 'difference': '00:00:00', 'fileSize': '215.14 KB', 'attFileSize': '215.14 KB', 'hasXbrl': True}",0.0
VEDL,NSE_CORP_ANN,Action(s) taken or orders passed,Vedanta Limited has informed the Exchange about Action(s) taken or orders passed,,,"{'symbol': 'VEDL', 'desc': 'Action(s) taken or orders passed', 'dt': '17122025204846', 'attchmntFile': 'https://nsearchives.nseindia.com/corporate/VEDL_17122025204748_VEDLSEIntimationHZLPenalty-coversigned.pdf', 'sm_name': 'Vedanta Limited', 'sm_isin': 'INE205A01025', 'an_dt': '17-Dec-2025 20:48:46', 'sort_date': '2025-12-17 20:48:46', 'seq_id': '106470706', 'smIndustry': None, 'orgid': None, 'attchmntText': 'Vedanta Limited has informed the Exchange about Action(s) taken or orders passed', 'bflag': None, 'old_new': None, 'csvName': None, 'exchdisstime': '17-Dec-2025 20:48:46', 'difference': '00:00:00', 'fileSize': '960.75 KB', 'attFileSize': '960.75 KB', 'hasXbrl': True}",0.0
VEDL,NSE_CORP_ANN,Updates,Vedanta Limited has informed the Exchange regarding 'Update on Scheme of Arrangement for Demerger of Vedanta Limited'.,,,"{'symbol': 'VEDL', 'desc': 'Updates', 'dt': '16122025225807', 'attchmntFile': 'https://nsearchives.nseindia.com/corporate/VEDL_16122025225750_VEDLSEIntimationNCLTOrder16Dec_2025signed.pdf', 'sm_name': 'Vedanta Limited', 'sm_isin': 'INE205A01025', 'an_dt': '16-Dec-2025 22:58:07', 'sort_date': '2025-12-16 22:58:07', 'seq_id': '106469803', 'smIndustry': None, 'orgid': None, 'attchmntText': ""Vedanta Limited has informed the Exchange regarding 'Update on Scheme of Arrangement for Demerger of Vedanta Limited'."", 'bflag': None, 'old_new': None, 'csvName': None, 'exchdisstime': '16-Dec-2025 22:58:09', 'difference': '00:00:02', 'fileSize': '2.95 MB', 'attFileSize': '2.95 MB', 'hasXbrl': True}",0.0
VEDL,NSE_CORP_ANN,Credit Rating- Others,Vedanta Limited has informed the Exchange about Reaffirmation of Credit Ratings by India Ratings,,,"{'symbol': 'VEDL', 'desc': 'Credit Rating- Others', 'dt': '16122025182348', 'attchmntFile': 'https://nsearchives.nseindia.com/corporate/VEDL_16122025182341_VEDLSEIndiaRatings15122025signed.pdf', 'sm_name': 'Vedanta Limited', 'sm_isin': 'INE205A01025', 'an_dt': '16-Dec-2025 18:23:48', 'sort_date': '2025-12-16 18:23:48', 'seq_id': '106469571', 'smIndustry': None, 'orgid': None, 'attchmntText': 'Vedanta Limited has informed the Exchange about Reaffirmation of Credit Ratings by India Ratings', 'bflag': None, 'old_new': None, 'csvName': None, 'exchdisstime': '16-Dec-2025 18:23:48', 'difference': '00:00:00', 'fileSize': '243.29 KB', 'attFileSize': '243.29 KB', 'hasXbrl': True}",0.0
VEDL,NSE_CORP_ANN,News Verification,The Exchange has sought clarification from Vedanta Limited with respect to recent news item captioned Vedanta demerger decks cleared after Mumbai NCLT approves plan; Stock surges.  The response from the Company is attached.,,,"{'symbol': 'VEDL', 'desc': 'News Verification', 'dt': '16122025163430', 'attchmntFile': 'https://nsearchives.nseindia.com/corporate/VEDL_16122025163405_VEDLSEIntimationClarification16122025.pdf', 'sm_name': 'Vedanta Limited', 'sm_isin': 'INE205A01025', 'an_dt': '16-Dec-2025 16:34:30', 'sort_date': '2025-12-16 16:34:30', 'seq_id': '106469445', 'smIndustry': None, 'orgid': None, 'attchmntText': 'The Exchange has sought clarification from Vedanta Limited with respect to recent news item captioned Vedanta demerger decks cleared after Mumbai NCLT approves plan; Stock surges.  The response from the Company is attached.', 'bflag': None, 'old_new': None, 'csvName': None, 'exchdisstime': '16-Dec-2025 16:34:31', 'difference': '00:00:01', 'fileSize': '277.24 KB', 'attFileSize': '277.24 KB', 'hasXbrl': True}",0.0
IDEA,NSE_CORP_ANN,Action(s) taken or orders passed,"Vodafone Idea Limited has informed the Exchange about Disclosure under Regulation 30 of SEBI (Listing Obligations and Disclosure Requirements) Regulations, 2015 regarding orders passed under Central Goods and Services Tax Act, 2017",,,"{'symbol': 'IDEA', 'desc': 'Action(s) taken or orders passed', 'dt': '19122025210400', 'attchmntFile': 'https://nsearchives.nseindia.com/corporate/IDEA_19122025210307_SEintimationGSTPenalty19122025signed.pdf', 'sm_name': 'Vodafone Idea Limited', 'sm_isin': 'INE669E01016', 'an_dt': '19-Dec-2025 21:04:00', 'sort_date': '2025-12-19 21:04:00', 'seq_id': '106472742', 'smIndustry': 'Telecommunication - Services', 'orgid': None, 'attchmntText': 'Vodafone Idea Limited has informed the Exchange about Disclosure under Regulation 30 of SEBI (Listing Obligations and Disclosure Requirements) Regulations, 2015 regarding orders passed under Central Goods and Services Tax Act, 2017', 'bflag': None, 'old_new': None, 'csvName': None, 'exchdisstime': '19-Dec-2025 21:04:02', 'difference': '00:00:02', 'fileSize': '551.89 KB', 'attFileSize': '551.89 KB', 'hasXbrl': True}",0.0
IDEA,NSE_CORP_ANN,Press Release,"Vodafone Idea Limited has informed the Exchange regarding a press release dated December 18, 2025, titled ""Disclosure under Regulation 30 of SEBI (Listing Obligations and Disclosure Requirements) Regulations, 2015   Release to media - Issuance of Non-Convertible Debentures aggregating to Rs. 3,300 Crore by Vodafone Idea Telecom Infrastructure Limited ( VITIL ), wholly owned subsidiary of the Company"".",,,"{'symbol': 'IDEA', 'desc': 'Press Release', 'dt': '18122025175621', 'attchmntFile': 'https://nsearchives.nseindia.com/corporate/IDEA_18122025175536_SEIntimationPressRelease18122025.pdf', 'sm_name': 'Vodafone Idea Limited', 'sm_isin': 'INE669E01016', 'an_dt': '18-Dec-2025 17:56:21', 'sort_date': '2025-12-18 17:56:21', 'seq_id': '106471551', 'smIndustry': 'Telecommunication - Services', 'orgid': None, 'attchmntText': 'Vodafone Idea Limited has informed the Exchange regarding a press release dated December 18, 2025, titled ""Disclosure under Regulation 30 of SEBI (Listing Obligations and Disclosure Requirements) Regulations, 2015   Release to media - Issuance of Non-Convertible Debentures aggregating to Rs. 3,300 Crore by Vodafone Idea Telecom Infrastructure Limited ( VITIL ), wholly owned subsidiary of the Company"".', 'bflag': None, 'old_new': None, 'csvName': None, 'exchdisstime': '18-Dec-2025 17:56:22', 'difference': '00:00:01', 'fileSize': '450.46 KB', 'attFileSize': '450.46 KB', 'hasXbrl': True}",0.0
VOLTAS,NSE_CORP_ANN,Analysts/Institutional Investor Meet/Con. Call Updates,Voltas Limited has informed the Exchange about Schedule of meet,,,"{'symbol': 'VOLTAS', 'desc': 'Analysts/Institutional Investor Meet/Con. Call Updates', 'dt': '18122025171912', 'attchmntFile': 'https://nsearchives.nseindia.com/corporate/VOLTAS_RB_18122025171830_SEIntimation18122025_signed.pdf', 'sm_name': 'Voltas Limited', 'sm_isin': 'INE226A01021', 'an_dt': '18-Dec-2025 17:19:12', 'sort_date': '2025-12-18 17:19:12', 'seq_id': '106471502', 'smIndustry': 'Engineering', 'orgid': None, 'attchmntText': 'Voltas Limited has informed the Exchange about Schedule of meet', 'bflag': None, 'old_new': None, 'csvName': None, 'exchdisstime': '18-Dec-2025 17:19:14', 'difference': '00:00:02', 'fileSize': '556.46 KB', 'attFileSize': '556.46 KB', 'hasXbrl': True}",0.0
VOLTAS,NSE_CORP_ANN,General Updates,Voltas Limited has informed the Exchange about General Updates,,,"{'symbol': 'VOLTAS', 'desc': 'General Updates', 'dt': '18122025122136', 'attchmntFile': 'https://nsearchives.nseindia.com/corporate/VOLTAS_RB_18122025122104_stockexchange1812.pdf', 'sm_name': 'Voltas Limited', 'sm_isin': 'INE226A01021', 'an_dt': '18-Dec-2025 12:21:36', 'sort_date': '2025-12-18 12:21:36', 'seq_id': '106471269', 'smIndustry': 'Engineering', 'orgid': None, 'attchmntText': 'Voltas Limited has informed the Exchange about General Updates', 'bflag': None, 'old_new': None, 'csvName': None, 'exchdisstime': '18-Dec-2025 12:21:37', 'difference': '00:00:01', 'fileSize': '315.48 KB', 'attFileSize': '315.48 KB', 'hasXbrl': True}",0.0
WIPRO,NSE_CORP_ANN,Updates,Wipro Limited has informed the Exchange regarding 'Grant of Restricted Stock Units'.,,,"{'symbol': 'WIPRO', 'desc': 'Updates', 'dt': '16122025210237', 'attchmntFile': 'https://nsearchives.nseindia.com/corporate/Cslogin_16122025210209_SEIntimation16122025.pdf', 'sm_name': 'Wipro Limited', 'sm_isin': 'INE075A01022', 'an_dt': '16-Dec-2025 21:02:37', 'sort_date': '2025-12-16 21:02:37', 'seq_id': '106469685', 'smIndustry': 'Computers - Software', 'orgid': None, 'attchmntText': ""Wipro Limited has informed the Exchange regarding 'Grant of Restricted Stock Units'."", 'bflag': None, 'old_new': None, 'csvName': None, 'exchdisstime': '16-Dec-2025 21:02:38', 'difference': '00:00:01', 'fileSize': '223.88 KB', 'attFileSize': '223.88 KB', 'hasXbrl': True}",0.0
WIPRO,NSE_CORP_ANN,Copy of Newspaper Publication,"Wipro Limited has informed the Exchange about Newspaper Advertisement - Regulation 47 of SEBI (Listing Obligations and Disclosure Requirements) Regulations, 2015",,,"{'symbol': 'WIPRO', 'desc': 'Copy of Newspaper Publication', 'dt': '15122025153643', 'attchmntFile': 'https://nsearchives.nseindia.com/corporate/Wipro_Secretarial_15122025153625_Reg47NewspaperAd.pdf', 'sm_name': 'Wipro Limited', 'sm_isin': 'INE075A01022', 'an_dt': '15-Dec-2025 15:36:43', 'sort_date': '2025-12-15 15:36:43', 'seq_id': '106468380', 'smIndustry': 'Computers - Software', 'orgid': None, 'attchmntText': 'Wipro Limited has informed the Exchange about Newspaper Advertisement - Regulation 47 of SEBI (Listing Obligations and Disclosure Requirements) Regulations, 2015', 'bflag': None, 'old_new': None, 'csvName': None, 'exchdisstime': '15-Dec-2025 15:36:44', 'difference': '00:00:01', 'fileSize': '3.23 MB', 'attFileSize': '3.23 MB', 'hasXbrl': True}",0.0
YESBANK,NSE_CORP_ANN,Allotment of Securities,Yes Bank Limited has informed the Exchange  regarding Intimation of allotment of equity shares pursuant to exercise of stock options under YBL ESOS 2020 Scheme and YBL RSU Plan 2024,,,"{'symbol': 'YESBANK', 'desc': 'Allotment of Securities', 'dt': '18122025211742', 'attchmntFile': 'https://nsearchives.nseindia.com/corporate/YESBANK_18122025211732_SE_INTIMATION_ESOP_18122025_SIGNED.pdf', 'sm_name': 'Yes Bank Limited', 'sm_isin': 'INE528G01019', 'an_dt': '18-Dec-2025 21:17:42', 'sort_date': '2025-12-18 21:17:42', 'seq_id': '106471711', 'smIndustry': 'Banks', 'orgid': None, 'attchmntText': 'Yes Bank Limited has informed the Exchange  regarding Intimation of allotment of equity shares pursuant to exercise of stock options under YBL ESOS 2020 Scheme and YBL RSU Plan 2024', 'bflag': None, 'old_new': None, 'csvName': None, 'exchdisstime': '18-Dec-2025 21:17:43', 'difference': '00:00:01', 'fileSize': '284.70 KB', 'attFileSize': '284.70 KB', 'hasXbrl': True}",0.0
YESBANK,NSE_CORP_ANN,General Updates,"Disclosure under Regulation 30 of the SEBI (Listing Obligations and Disclosure Requirements) Regulations, 2015 - ESG Rating",,,"{'symbol': 'YESBANK', 'desc': 'General Updates', 'dt': '16122025150024', 'attchmntFile': 'https://nsearchives.nseindia.com/corporate/YESBANK_16122025145956_SEIntimation_ESG_RATING_SUSTAINABILITY_2025_16122025_SIGNED.pdf', 'sm_name': 'Yes Bank Limited', 'sm_isin': 'INE528G01019', 'an_dt': '16-Dec-2025 15:00:24', 'sort_date': '2025-12-16 15:00:24', 'seq_id': '106469335', 'smIndustry': 'Banks', 'orgid': None, 'attchmntText': 'Disclosure under Regulation 30 of the SEBI (Listing Obligations and Disclosure Requirements) Regulations, 2015 - ESG Rating', 'bflag': None, 'old_new': None, 'csvName': None, 'exchdisstime': '16-Dec-2025 15:00:25', 'difference': '00:00:01', 'fileSize': '394.78 KB', 'attFileSize': '394.78 KB', 'hasXbrl': True}",0.0
ZYDUSLIFE,NSE_CORP_ANN,Press Release,"Zydus Lifesciences Limited has informed the Exchange regarding a press release dated December 19, 2025, titled ""Zydus Lifesciences Limited signs an exclusive agreement with Myriad Genetics of US to launch cancer-risk assessment diagnostic tests in India"".",,,"{'symbol': 'ZYDUSLIFE', 'desc': 'Press Release', 'dt': '19122025094914', 'attchmntFile': 'https://nsearchives.nseindia.com/corporate/Cadilahc_19122025094802_PR19122025.pdf', 'sm_name': 'Zydus Lifesciences Limited', 'sm_isin': 'INE010B01027', 'an_dt': '19-Dec-2025 09:49:14', 'sort_date': '2025-12-19 09:49:14', 'seq_id': '106472060', 'smIndustry': None, 'orgid': None, 'attchmntText': 'Zydus Lifesciences Limited has informed the Exchange regarding a press release dated December 19, 2025, titled ""Zydus Lifesciences Limited signs an exclusive agreement with Myriad Genetics of US to launch cancer-risk assessment diagnostic tests in India"".', 'bflag': None, 'old_new': None, 'csvName': None, 'exchdisstime': '19-Dec-2025 09:49:15', 'difference': '00:00:01', 'fileSize': '1.19 MB', 'attFileSize': '1.19 MB', 'hasXbrl': True}",0.0
ZYDUSLIFE,NSE_CORP_ANN,General Updates,Zydus Lifesciences Limited has informed the Exchange about General Updates,,,"{'symbol': 'ZYDUSLIFE', 'desc': 'General Updates', 'dt': '16122025171911', 'attchmntFile': 'https://nsearchives.nseindia.com/corporate/Cadilahc_16122025171648_SEIntimationESGRatingSES16122025.pdf', 'sm_name': 'Zydus Lifesciences Limited', 'sm_isin': 'INE010B01027', 'an_dt': '16-Dec-2025 17:19:11', 'sort_date': '2025-12-16 17:19:11', 'seq_id': '106469492', 'smIndustry': None, 'orgid': None, 'attchmntText': 'Zydus Lifesciences Limited has informed the Exchange about General Updates', 'bflag': None, 'old_new': None, 'csvName': None, 'exchdisstime': '16-Dec-2025 17:19:12', 'difference': '00:00:01', 'fileSize': '693.41 KB', 'attFileSize': '693.41 KB', 'hasXbrl': True}",0.0
ADANIENSOL,NSE_CORP_ANN,General Updates,"Adani Energy Solutions Limited has informed the Exchange about Intimation for Incorporation of a step-down subsidiary, ATSOL Global IFSC Limited.",,,"{'symbol': 'ADANIENSOL', 'desc': 'General Updates', 'dt': '22122025163018', 'attchmntFile': 'https://nsearchives.nseindia.com/corporate/ADANITRANS_22122025163002_ATSOL_Global_IFSC_Intimation.pdf', 'sm_name': 'Adani Energy Solutions Limited', 'sm_isin': 'INE931S01010', 'an_dt': '22-Dec-2025 16:30:18', 'sort_date': '2025-12-22 16:30:18', 'seq_id': '106473943', 'smIndustry': None, 'orgid': None, 'attchmntText': 'Adani Energy Solutions Limited has informed the Exchange about Intimation for Incorporation of a step-down subsidiary, ATSOL Global IFSC Limited.', 'bflag': None, 'old_new': None, 'csvName': None, 'exchdisstime': '22-Dec-2025 16:30:18', 'difference': '00:00:00', 'fileSize': '178.27 KB', 'attFileSize': '178.27 KB', 'hasXbrl': True}",0.0
BSE,NSE_CORP_ANN,News Verification,The Exchange has sought clarification from BSE Limited with respect to recent news item captioned BSE shares rise 3.5% as report says stock exchange plans to launch more monthly index option products.  The response from the Company is awaited.,,,"{'symbol': 'BSE', 'desc': 'News Verification', 'dt': '22122025181847', 'attchmntFile': '-', 'sm_name': 'BSE Limited', 'sm_isin': 'INE118H01025', 'an_dt': '22-Dec-2025 18:18:47', 'sort_date': '2025-12-22 18:18:47', 'seq_id': '106474137', 'smIndustry': None, 'orgid': None, 'attchmntText': 'The Exchange has sought clarification from BSE Limited with respect to recent news item captioned BSE shares rise 3.5% as report says stock exchange plans to launch more monthly index option products.  The response from the Company is awaited.', 'bflag': None, 'old_new': None, 'csvName': None, 'exchdisstime': '22-Dec-2025 18:18:48', 'difference': '00:00:01', 'fileSize': '0 Bytes', 'attFileSize': '0 Bytes', 'hasXbrl': True}",0.0
BANKINDIA,NSE_CORP_ANN,Trading Window,"Bank Of India has informed the Exchange regarding the Trading Window closure pursuant to SEBI (Prohibition of Insider Trading) Regulations, 2015",,,"{'symbol': 'BANKINDIA', 'desc': 'Trading Window', 'dt': '22122025165947', 'attchmntFile': 'https://nsearchives.nseindia.com/corporate/BANKINDIA5_22122025165928_Q3FY26TradingWindowClosure.pdf', 'sm_name': 'Bank of India', 'sm_isin': 'INE084A01016', 'an_dt': '22-Dec-2025 16:59:47', 'sort_date': '2025-12-22 16:59:47', 'seq_id': '106473986', 'smIndustry': 'Banks', 'orgid': None, 'attchmntText': 'Bank Of India has informed the Exchange regarding the Trading Window closure pursuant to SEBI (Prohibition of Insider Trading) Regulations, 2015', 'bflag': None, 'old_new': None, 'csvName': None, 'exchdisstime': '22-Dec-2025 16:59:48', 'difference': '00:00:01', 'fileSize': '56.24 KB', 'attFileSize': '56.24 KB', 'hasXbrl': True}",0.0
BANKINDIA,NSE_CORP_ANN,Updates,Bank Of India has informed the Exchange regarding ' Bank Of India has informed the Exchange regarding 'Notice for Excercise of Call Option in respect of 9.04% Additional Tier I Bonds Series VI (ISIN NO.INE084A08136) Fixation of Record Date'.'.,,,"{'symbol': 'BANKINDIA', 'desc': 'Updates', 'dt': '22122025151515', 'attchmntFile': 'https://nsearchives.nseindia.com/corporate/BANKINDIA2_22122025151501_AT1CallOption.pdf', 'sm_name': 'Bank of India', 'sm_isin': 'INE084A01016', 'an_dt': '22-Dec-2025 15:15:15', 'sort_date': '2025-12-22 15:15:15', 'seq_id': '106473851', 'smIndustry': 'Banks', 'orgid': None, 'attchmntText': ""Bank Of India has informed the Exchange regarding ' Bank Of India has informed the Exchange regarding 'Notice for Excercise of Call Option in respect of 9.04% Additional Tier I Bonds Series VI (ISIN NO.INE084A08136) Fixation of Record Date'.'."", 'bflag': None, 'old_new': None, 'csvName': None, 'exchdisstime': '22-Dec-2025 15:15:16', 'difference': '00:00:01', 'fileSize': '67.28 KB', 'attFileSize': '67.28 KB', 'hasXbrl': True}",0.0
BPCL,NSE_CORP_ANN,Trading Window,"Bharat Petroleum Corporation Limited has informed the Exchange regarding the Trading Window closure pursuant to SEBI (Prohibition of Insider Trading) Regulations, 2015",,,"{'symbol': 'BPCL', 'desc': 'Trading Window', 'dt': '22122025161242', 'attchmntFile': 'https://nsearchives.nseindia.com/corporate/BPCL22_22122025161235_stexchwindowclosure221225s.pdf', 'sm_name': 'Bharat Petroleum Corporation Limited', 'sm_isin': 'INE029A01011', 'an_dt': '22-Dec-2025 16:12:42', 'sort_date': '2025-12-22 16:12:42', 'seq_id': '106473921', 'smIndustry': 'Refineries', 'orgid': None, 'attchmntText': 'Bharat Petroleum Corporation Limited has informed the Exchange regarding the Trading Window closure pursuant to SEBI (Prohibition of Insider Trading) Regulations, 2015', 'bflag': None, 'old_new': None, 'csvName': None, 'exchdisstime': '22-Dec-2025 16:12:42', 'difference': '00:00:00', 'fileSize': '290.86 KB', 'attFileSize': '290.86 KB', 'hasXbrl': True}",0.0
BOSCHLTD,NSE_CORP_ANN,Action(s) taken or orders passed,Bosch Limited has informed the Exchange about Action(s) taken or orders passed,,,"{'symbol': 'BOSCHLTD', 'desc': 'Action(s) taken or orders passed', 'dt': '22122025181859', 'attchmntFile': 'https://nsearchives.nseindia.com/corporate/BOSCHLTD2025_22122025181738_LtoSE22122025.pdf', 'sm_name': 'Bosch Limited', 'sm_isin': 'INE323A01026', 'an_dt': '22-Dec-2025 18:18:59', 'sort_date': '2025-12-22 18:18:59', 'seq_id': '106474138', 'smIndustry': 'Auto Ancillaries', 'orgid': None, 'attchmntText': 'Bosch Limited has informed the Exchange about Action(s) taken or orders passed', 'bflag': None, 'old_new': None, 'csvName': None, 'exchdisstime': '22-Dec-2025 18:19:00', 'difference': '00:00:01', 'fileSize': '2.92 MB', 'attFileSize': '2.92 MB', 'hasXbrl': True}",0.0
CDSL,NSE_CORP_ANN,Analysts/Institutional Investor Meet/Con. Call Updates,"CDSL has informed the Exchange about the schedule of the Analyst Meet to be held on Friday, December 26, 2025.",,,"{'symbol': 'CDSL', 'desc': 'Analysts/Institutional Investor Meet/Con. Call Updates', 'dt': '22122025183612', 'attchmntFile': 'https://nsearchives.nseindia.com/corporate/CDSL_22122025183530_ConCallInvite_Dec26_2025_Signed.pdf', 'sm_name': 'Central Depository Services (India) Limited', 'sm_isin': 'INE736A01011', 'an_dt': '22-Dec-2025 18:36:12', 'sort_date': '2025-12-22 18:36:12', 'seq_id': '106474161', 'smIndustry': None, 'orgid': None, 'attchmntText': 'CDSL has informed the Exchange about the schedule of the Analyst Meet to be held on Friday, December 26, 2025.', 'bflag': None, 'old_new': None, 'csvName': None, 'exchdisstime': '22-Dec-2025 18:36:14', 'difference': '00:00:02', 'fileSize': '292.67 KB', 'attFileSize': '292.67 KB', 'hasXbrl': True}",0.0
CIPLA,NSE_CORP_ANN,General Updates,Cipla Limited has informed the Exchange about General Updates,,,"{'symbol': 'CIPLA', 'desc': 'General Updates', 'dt': '22122025190248', 'attchmntFile': 'https://nsearchives.nseindia.com/corporate/CIPLA_22122025190111_ESGRating2025_signed.pdf', 'sm_name': 'Cipla Limited', 'sm_isin': 'INE059A01026', 'an_dt': '22-Dec-2025 19:02:48', 'sort_date': '2025-12-22 19:02:48', 'seq_id': '106474202', 'smIndustry': 'Pharmaceuticals', 'orgid': None, 'attchmntText': 'Cipla Limited has informed the Exchange about General Updates', 'bflag': None, 'old_new': None, 'csvName': None, 'exchdisstime': '22-Dec-2025 19:02:50', 'difference': '00:00:02', 'fileSize': '161.98 KB', 'attFileSize': '161.98 KB', 'hasXbrl': True}",0.0
CAMS,NSE_CORP_ANN,Change in Director(s),Computer Age Management Services Limited has informed the Exchange regarding Change in Director(s) of the company.,,,"{'symbol': 'CAMS', 'desc': 'Change in Director(s)', 'dt': '22122025133827', 'attchmntFile': 'https://nsearchives.nseindia.com/corporate/Palaki_22122025133818_CAMS_Outcome_of_the_Board_meeting.pdf', 'sm_name': 'Computer Age Management Services Limited', 'sm_isin': 'INE596I01012', 'an_dt': '22-Dec-2025 13:38:27', 'sort_date': '2025-12-22 13:38:27', 'seq_id': '106473765', 'smIndustry': None, 'orgid': None, 'attchmntText': 'Computer Age Management Services Limited has informed the Exchange regarding Change in Director(s) of the company.', 'bflag': None, 'old_new': None, 'csvName': None, 'exchdisstime': '22-Dec-2025 13:38:28', 'difference': '00:00:01', 'fileSize': '678.64 KB', 'attFileSize': '678.64 KB', 'hasXbrl': True}",0.0
CAMS,NSE_CORP_ANN,Outcome of Board Meeting,"Computer Age Management Services Limited has informed the Exchange regarding  Board meeting held on December 22, 2025.",,,"{'symbol': 'CAMS', 'desc': 'Outcome of Board Meeting', 'dt': '22122025131850', 'attchmntFile': 'https://nsearchives.nseindia.com/corporate/Palaki_22122025131825_CAMS_Outcome_of_the_Board_meeting.pdf', 'sm_name': 'Computer Age Management Services Limited', 'sm_isin': 'INE596I01012', 'an_dt': '22-Dec-2025 13:18:50', 'sort_date': '2025-12-22 13:18:50', 'seq_id': '106473748', 'smIndustry': None, 'orgid': None, 'attchmntText': 'Computer Age Management Services Limited has informed the Exchange regarding  Board meeting held on December 22, 2025.', 'bflag': None, 'old_new': None, 'csvName': None, 'exchdisstime': '22-Dec-2025 13:18:50', 'difference': '00:00:00', 'fileSize': '678.64 KB', 'attFileSize': '678.64 KB', 'hasXbrl': True}",0.0
CONCOR,NSE_CORP_ANN,General Updates,Disclosure under Regulation 30 of SEBI (LODR) Regulations 2015,,,"{'symbol': 'CONCOR', 'desc': 'General Updates', 'dt': '22122025125543', 'attchmntFile': 'https://nsearchives.nseindia.com/corporate/CONCOR_22122025125523_CONCOR_SE_22122025.pdf', 'sm_name': 'Container Corporation of India Limited', 'sm_isin': 'INE111A01017', 'an_dt': '22-Dec-2025 12:55:43', 'sort_date': '2025-12-22 12:55:43', 'seq_id': '106473728', 'smIndustry': 'Travel And Transport', 'orgid': None, 'attchmntText': 'Disclosure under Regulation 30 of SEBI (LODR) Regulations 2015', 'bflag': None, 'old_new': None, 'csvName': None, 'exchdisstime': '22-Dec-2025 12:55:44', 'difference': '00:00:01', 'fileSize': '560.46 KB', 'attFileSize': '560.46 KB', 'hasXbrl': True}",0.0
DABUR,NSE_CORP_ANN,General Updates,"Dabur India Limited has informed the Exchange about disclosure under Regulation 30 of SEBI (LODR) Regulations, 2025 (""SEBI Listing Regulations"") - ESG Rating assigned by SES ESG Research Private Limited",,,"{'symbol': 'DABUR', 'desc': 'General Updates', 'dt': '22122025154345', 'attchmntFile': 'https://nsearchives.nseindia.com/corporate/DABUR_22122025154156_ESGLetter.pdf', 'sm_name': 'Dabur India Limited', 'sm_isin': 'INE016A01026', 'an_dt': '22-Dec-2025 15:43:45', 'sort_date': '2025-12-22 15:43:45', 'seq_id': '106473885', 'smIndustry': 'Personal Care', 'orgid': None, 'attchmntText': 'Dabur India Limited has informed the Exchange about disclosure under Regulation 30 of SEBI (LODR) Regulations, 2025 (""SEBI Listing Regulations"") - ESG Rating assigned by SES ESG Research Private Limited', 'bflag': None, 'old_new': None, 'csvName': None, 'exchdisstime': '22-Dec-2025 15:43:46', 'difference': '00:00:01', 'fileSize': '372.38 KB', 'attFileSize': '372.38 KB', 'hasXbrl': True}",0.0
FORTIS,NSE_CORP_ANN,Trading Window,"Fortis Healthcare Limited has informed the Exchange regarding the Trading Window closure pursuant to SEBI (Prohibition of Insider Trading) Regulations, 2015",,,"{'symbol': 'FORTIS', 'desc': 'Trading Window', 'dt': '22122025153412', 'attchmntFile': 'https://nsearchives.nseindia.com/corporate/FORTIS_22122025153358_FHLINTIMATION3Q2025.pdf', 'sm_name': 'Fortis Healthcare Limited', 'sm_isin': 'INE061F01013', 'an_dt': '22-Dec-2025 15:34:12', 'sort_date': '2025-12-22 15:34:12', 'seq_id': '106473872', 'smIndustry': 'Miscellaneous', 'orgid': None, 'attchmntText': 'Fortis Healthcare Limited has informed the Exchange regarding the Trading Window closure pursuant to SEBI (Prohibition of Insider Trading) Regulations, 2015', 'bflag': None, 'old_new': None, 'csvName': None, 'exchdisstime': '22-Dec-2025 15:34:13', 'difference': '00:00:01', 'fileSize': '629.71 KB', 'attFileSize': '629.71 KB', 'hasXbrl': True}",0.0
HAVELLS,NSE_CORP_ANN,Trading Window,"Havells India Limited has informed the Exchange regarding the Trading Window closure pursuant to SEBI (Prohibition of Insider Trading) Regulations, 2015",,,"{'symbol': 'HAVELLS', 'desc': 'Trading Window', 'dt': '22122025173614', 'attchmntFile': 'https://nsearchives.nseindia.com/corporate/HAVELLS1_22122025173605_signed_Closure_of_Trading_Window_Q3.pdf', 'sm_name': 'Havells India Limited', 'sm_isin': 'INE176B01018', 'an_dt': '22-Dec-2025 17:36:14', 'sort_date': '2025-12-22 17:36:14', 'seq_id': '106474058', 'smIndustry': 'Electrical Equipment', 'orgid': None, 'attchmntText': 'Havells India Limited has informed the Exchange regarding the Trading Window closure pursuant to SEBI (Prohibition of Insider Trading) Regulations, 2015', 'bflag': None, 'old_new': None, 'csvName': None, 'exchdisstime': '22-Dec-2025 17:36:15', 'difference': '00:00:01', 'fileSize': '732.81 KB', 'attFileSize': '732.81 KB', 'hasXbrl': True}",0.0
HEROMOTOCO,NSE_CORP_ANN,Trading Window,"Hero MotoCorp Limited has informed the Exchange regarding the Trading Window closure pursuant to SEBI (Prohibition of Insider Trading) Regulations, 2015",,,"{'symbol': 'HEROMOTOCO', 'desc': 'Trading Window', 'dt': '22122025125844', 'attchmntFile': 'https://nsearchives.nseindia.com/corporate/HEROMOTO_22122025125812_ClosureofTradingwindow.pdf', 'sm_name': 'Hero MotoCorp Limited', 'sm_isin': 'INE158A01026', 'an_dt': '22-Dec-2025 12:58:44', 'sort_date': '2025-12-22 12:58:44', 'seq_id': '106473731', 'smIndustry': 'Automobiles - 2 And 3 Wheelers', 'orgid': None, 'attchmntText': 'Hero MotoCorp Limited has informed the Exchange regarding the Trading Window closure pursuant to SEBI (Prohibition of Insider Trading) Regulations, 2015', 'bflag': None, 'old_new': None, 'csvName': None, 'exchdisstime': '22-Dec-2025 12:58:44', 'difference': '00:00:00', 'fileSize': '732.74 KB', 'attFileSize': '732.74 KB', 'hasXbrl': True}",0.0
ICICIBANK,NSE_CORP_ANN,Trading Window,"ICICI Bank Limited has informed the Exchange regarding the Trading Window closure pursuant to SEBI (Prohibition of Insider Trading) Regulations, 2015",,,"{'symbol': 'ICICIBANK', 'desc': 'Trading Window', 'dt': '22122025174634', 'attchmntFile': 'https://nsearchives.nseindia.com/corporate/ICICI2022_22122025174535_NSEBSE.pdf', 'sm_name': 'ICICI Bank Limited', 'sm_isin': 'INE090A01013', 'an_dt': '22-Dec-2025 17:46:34', 'sort_date': '2025-12-22 17:46:34', 'seq_id': '106474079', 'smIndustry': 'Banks', 'orgid': None, 'attchmntText': 'ICICI Bank Limited has informed the Exchange regarding the Trading Window closure pursuant to SEBI (Prohibition of Insider Trading) Regulations, 2015', 'bflag': None, 'old_new': None, 'csvName': None, 'exchdisstime': '22-Dec-2025 17:46:36', 'difference': '00:00:02', 'fileSize': '3.14 MB', 'attFileSize': '3.14 MB', 'hasXbrl': True}",0.0
IDFCFIRSTB,NSE_CORP_ANN,ESOP/ESOS/ESPS,IDFC First Bank Limited has informed the Exchange regarding Allotment of 796222  Shares.,,,"{'symbol': 'IDFCFIRSTB', 'desc': 'ESOP/ESOS/ESPS', 'dt': '22122025150239', 'attchmntFile': 'https://nsearchives.nseindia.com/corporate/IDFCFIRSTB_22122025150135_ESOP_Allotment_December_22_2025.pdf', 'sm_name': 'IDFC First Bank Limited', 'sm_isin': 'INE092T01019', 'an_dt': '22-Dec-2025 15:02:39', 'sort_date': '2025-12-22 15:02:39', 'seq_id': '106473827', 'smIndustry': None, 'orgid': None, 'attchmntText': 'IDFC First Bank Limited has informed the Exchange regarding Allotment of 796222  Shares.', 'bflag': None, 'old_new': None, 'csvName': None, 'exchdisstime': '22-Dec-2025 15:02:40', 'difference': '00:00:01', 'fileSize': '972.38 KB', 'attFileSize': '972.38 KB', 'hasXbrl': True}",0.0
IRCTC,NSE_CORP_ANN,Trading Window,"Indian Railway Catering And Tourism Corporation Limited has informed the Exchange regarding the Trading Window closure pursuant to SEBI (Prohibition of Insider Trading) Regulations, 2015",,,"{'symbol': 'IRCTC', 'desc': 'Trading Window', 'dt': '22122025174439', 'attchmntFile': 'https://nsearchives.nseindia.com/corporate/IRCTC_22122025174431_TradingWindowClosureSTEX22122025.pdf', 'sm_name': 'Indian Railway Catering And Tourism Corporation Limited', 'sm_isin': 'INE335Y01012', 'an_dt': '22-Dec-2025 17:44:39', 'sort_date': '2025-12-22 17:44:39', 'seq_id': '106474076', 'smIndustry': None, 'orgid': None, 'attchmntText': 'Indian Railway Catering And Tourism Corporation Limited has informed the Exchange regarding the Trading Window closure pursuant to SEBI (Prohibition of Insider Trading) Regulations, 2015', 'bflag': None, 'old_new': None, 'csvName': None, 'exchdisstime': '22-Dec-2025 17:44:40', 'difference': '00:00:01', 'fileSize': '287.12 KB', 'attFileSize': '287.12 KB', 'hasXbrl': True}",0.0
JSWSTEEL,NSE_CORP_ANN,Trading Window,"JSW Steel Limited has informed the Exchange regarding the Trading Window closure pursuant to SEBI (Prohibition of Insider Trading) Regulations, 2015",,,"{'symbol': 'JSWSTEEL', 'desc': 'Trading Window', 'dt': '22122025155517', 'attchmntFile': 'https://nsearchives.nseindia.com/corporate/jessydenny_22122025155500_Notice_of_Board_Meeting.pdf', 'sm_name': 'JSW Steel Limited', 'sm_isin': 'INE019A01020', 'an_dt': '22-Dec-2025 15:55:17', 'sort_date': '2025-12-22 15:55:17', 'seq_id': '106473896', 'smIndustry': 'Steel And Steel Products', 'orgid': None, 'attchmntText': 'JSW Steel Limited has informed the Exchange regarding the Trading Window closure pursuant to SEBI (Prohibition of Insider Trading) Regulations, 2015', 'bflag': None, 'old_new': None, 'csvName': None, 'exchdisstime': '22-Dec-2025 15:55:18', 'difference': '00:00:01', 'fileSize': '237.96 KB', 'attFileSize': '237.96 KB', 'hasXbrl': True}",0.0
LODHA,NSE_CORP_ANN,Trading Window,"Lodha Developers Limited has informed the Exchange regarding the Trading Window closure pursuant to SEBI (Prohibition of Insider Trading) Regulations, 2015",,,"{'symbol': 'LODHA', 'desc': 'Trading Window', 'dt': '22122025165904', 'attchmntFile': 'https://nsearchives.nseindia.com/corporate/LODHA_22122025165819_LDL_Trading_window_Closure_22122025.pdf', 'sm_name': 'Lodha Developers Limited', 'sm_isin': 'INE670K01029', 'an_dt': '22-Dec-2025 16:59:04', 'sort_date': '2025-12-22 16:59:04', 'seq_id': '106473985', 'smIndustry': None, 'orgid': None, 'attchmntText': 'Lodha Developers Limited has informed the Exchange regarding the Trading Window closure pursuant to SEBI (Prohibition of Insider Trading) Regulations, 2015', 'bflag': None, 'old_new': None, 'csvName': None, 'exchdisstime': '22-Dec-2025 16:59:05', 'difference': '00:00:01', 'fileSize': '222.74 KB', 'attFileSize': '222.74 KB', 'hasXbrl': True}",0.0
MFSL,NSE_CORP_ANN,Shareholders meeting,"Declaration of Postal Ballot Results with respect to Postal Ballot Notice dated November 11, 2025",,,"{'symbol': 'MFSL', 'desc': 'Shareholders meeting', 'dt': '22122025155415', 'attchmntFile': 'https://nsearchives.nseindia.com/corporate/Max_22122025154839_SEDPOSTALBALLOTRESULTS22122025.pdf', 'sm_name': 'Max Financial Services Limited', 'sm_isin': 'INE180A01020', 'an_dt': '22-Dec-2025 15:54:15', 'sort_date': '2025-12-22 15:54:15', 'seq_id': '106473895', 'smIndustry': None, 'orgid': None, 'attchmntText': 'Declaration of Postal Ballot Results with respect to Postal Ballot Notice dated November 11, 2025', 'bflag': None, 'old_new': None, 'csvName': None, 'exchdisstime': '22-Dec-2025 15:54:16', 'difference': '00:00:01', 'fileSize': '11.04 MB', 'attFileSize': '11.04 MB', 'hasXbrl': True}",0.0
MAZDOCK,NSE_CORP_ANN,Trading Window,"Mazagon Dock Shipbuilders Limited has informed the Exchange regarding the Trading Window closure pursuant to SEBI (Prohibition of Insider Trading) Regulations, 2015",,,"{'symbol': 'MAZDOCK', 'desc': 'Trading Window', 'dt': '22122025155659', 'attchmntFile': 'https://nsearchives.nseindia.com/corporate/MAZDOCK_22122025155650_SE_Disclosure_TWC_for_Dec_2025.PDF', 'sm_name': 'Mazagon Dock Shipbuilders Limited', 'sm_isin': 'INE249Z01012', 'an_dt': '22-Dec-2025 15:56:59', 'sort_date': '2025-12-22 15:56:59', 'seq_id': '106473899', 'smIndustry': None, 'orgid': None, 'attchmntText': 'Mazagon Dock Shipbuilders Limited has informed the Exchange regarding the Trading Window closure pursuant to SEBI (Prohibition of Insider Trading) Regulations, 2015', 'bflag': None, 'old_new': None, 'csvName': None, 'exchdisstime': '22-Dec-2025 15:57:00', 'difference': '00:00:01', 'fileSize': '160.43 KB', 'attFileSize': '160.43 KB', 'hasXbrl': True}",0.0
NATIONALUM,NSE_CORP_ANN,Trading Window,"National Aluminium Company Limited has informed the Exchange regarding the Trading Window closure pursuant to SEBI (Prohibition of Insider Trading) Regulations, 2015",,,"{'symbol': 'NATIONALUM', 'desc': 'Trading Window', 'dt': '22122025170144', 'attchmntFile': 'https://nsearchives.nseindia.com/corporate/bharatsahu_22122025170113_SELetterTradingWindowClosure.pdf', 'sm_name': 'National Aluminium Company Limited', 'sm_isin': 'INE139A01026', 'an_dt': '22-Dec-2025 17:01:44', 'sort_date': '2025-12-22 17:01:44', 'seq_id': '106473991', 'smIndustry': 'Aluminium', 'orgid': None, 'attchmntText': 'National Aluminium Company Limited has informed the Exchange regarding the Trading Window closure pursuant to SEBI (Prohibition of Insider Trading) Regulations, 2015', 'bflag': None, 'old_new': None, 'csvName': None, 'exchdisstime': '22-Dec-2025 17:01:45', 'difference': '00:00:01', 'fileSize': '734.79 KB', 'attFileSize': '734.79 KB', 'hasXbrl': True}",0.0
PAYTM,NSE_CORP_ANN,Sale or disposal,One 97 Communications Limited has informed the Exchange about Change in Status - From Wholly Owned Step Down Subsidiary to Step Down Subsidiary of the Company,,,"{'symbol': 'PAYTM', 'desc': 'Sale or disposal', 'dt': '22122025184144', 'attchmntFile': 'https://nsearchives.nseindia.com/corporate/PAYTM_22122025184127_SE_Disclosure_Dec_22_2025_sd.pdf', 'sm_name': 'One 97 Communications Limited', 'sm_isin': 'INE982J01020', 'an_dt': '22-Dec-2025 18:41:44', 'sort_date': '2025-12-22 18:41:44', 'seq_id': '106474169', 'smIndustry': None, 'orgid': None, 'attchmntText': 'One 97 Communications Limited has informed the Exchange about Change in Status - From Wholly Owned Step Down Subsidiary to Step Down Subsidiary of the Company', 'bflag': None, 'old_new': None, 'csvName': None, 'exchdisstime': '22-Dec-2025 18:41:44', 'difference': '00:00:00', 'fileSize': '206.36 KB', 'attFileSize': '206.36 KB', 'hasXbrl': True}",0.0
PAYTM,NSE_CORP_ANN,Incorporation,"One 97 Communications Limited has informed the Exchange about Incorporation of 2 (Two) overseas Step Down Wholly Owned Subsidiaries of the Company through Paytm Cloud Technologies Limited, a Wholly Owned Subsidiary of the Company",,,"{'symbol': 'PAYTM', 'desc': 'Incorporation', 'dt': '22122025182144', 'attchmntFile': 'https://nsearchives.nseindia.com/corporate/PAYTM_22122025182130_SE_Disclosure_Dec_22_2025_sd.pdf', 'sm_name': 'One 97 Communications Limited', 'sm_isin': 'INE982J01020', 'an_dt': '22-Dec-2025 18:21:44', 'sort_date': '2025-12-22 18:21:44', 'seq_id': '106474142', 'smIndustry': None, 'orgid': None, 'attchmntText': 'One 97 Communications Limited has informed the Exchange about Incorporation of 2 (Two) overseas Step Down Wholly Owned Subsidiaries of the Company through Paytm Cloud Technologies Limited, a Wholly Owned Subsidiary of the Company', 'bflag': None, 'old_new': None, 'csvName': None, 'exchdisstime': '22-Dec-2025 18:21:45', 'difference': '00:00:01', 'fileSize': '206.36 KB', 'attFileSize': '206.36 KB', 'hasXbrl': True}",0.0
PIDILITIND,NSE_CORP_ANN,Trading Window,"Pidilite Industries Limited has informed the Exchange regarding the Trading Window closure pursuant to SEBI (Prohibition of Insider Trading) Regulations, 2015",,,"{'symbol': 'PIDILITIND', 'desc': 'Trading Window', 'dt': '22122025165638', 'attchmntFile': 'https://nsearchives.nseindia.com/corporate/Nisha_22122025165534_SE_Intimationwindowclosure.pdf', 'sm_name': 'Pidilite Industries Limited', 'sm_isin': 'INE318A01026', 'an_dt': '22-Dec-2025 16:56:38', 'sort_date': '2025-12-22 16:56:38', 'seq_id': '106473982', 'smIndustry': 'Chemicals - Speciality', 'orgid': None, 'attchmntText': 'Pidilite Industries Limited has informed the Exchange regarding the Trading Window closure pursuant to SEBI (Prohibition of Insider Trading) Regulations, 2015', 'bflag': None, 'old_new': None, 'csvName': None, 'exchdisstime': '22-Dec-2025 16:56:39', 'difference': '00:00:01', 'fileSize': '189.73 KB', 'attFileSize': '189.73 KB', 'hasXbrl': True}",0.0
RBLBANK,NSE_CORP_ANN,Updates,RBL Bank Limited has informed the Exchange regarding 'Allotment of Securities under ESOP'.,,,"{'symbol': 'RBLBANK', 'desc': 'Updates', 'dt': '22122025145535', 'attchmntFile': 'https://nsearchives.nseindia.com/corporate/RBLBANK_22122025145313_IntimationofESOPAllotment_22122025_Signed.pdf', 'sm_name': 'RBL Bank Limited', 'sm_isin': 'INE976G01028', 'an_dt': '22-Dec-2025 14:55:35', 'sort_date': '2025-12-22 14:55:35', 'seq_id': '106473817', 'smIndustry': None, 'orgid': None, 'attchmntText': ""RBL Bank Limited has informed the Exchange regarding 'Allotment of Securities under ESOP'."", 'bflag': None, 'old_new': None, 'csvName': None, 'exchdisstime': '22-Dec-2025 14:55:36', 'difference': '00:00:01', 'fileSize': '195.24 KB', 'attFileSize': '195.24 KB', 'hasXbrl': True}",0.0
SBICARD,NSE_CORP_ANN,ESOP/ESOS/ESPS,SBI Cards and Payment Services Limited has informed the Exchange regarding Allotment of 29896  Shares.,,,"{'symbol': 'SBICARD', 'desc': 'ESOP/ESOS/ESPS', 'dt': '22122025180529', 'attchmntFile': 'https://nsearchives.nseindia.com/corporate/SBICARDS_22122025180315_SEFilingESOPAllotmentDecember2025.pdf', 'sm_name': 'SBI Cards and Payment Services Limited', 'sm_isin': 'INE018E01016', 'an_dt': '22-Dec-2025 18:05:29', 'sort_date': '2025-12-22 18:05:29', 'seq_id': '106474106', 'smIndustry': None, 'orgid': None, 'attchmntText': 'SBI Cards and Payment Services Limited has informed the Exchange regarding Allotment of 29896  Shares.', 'bflag': None, 'old_new': None, 'csvName': None, 'exchdisstime': '22-Dec-2025 18:05:30', 'difference': '00:00:01', 'fileSize': '1.20 MB', 'attFileSize': '1.20 MB', 'hasXbrl': True}",0.0
SHREECEM,NSE_CORP_ANN,Trading Window,"SHREE CEMENT LIMITED has informed the Exchange regarding the Trading Window closure pursuant to SEBI (Prohibition of Insider Trading) Regulations, 2015",,,"{'symbol': 'SHREECEM', 'desc': 'Trading Window', 'dt': '22122025174114', 'attchmntFile': 'https://nsearchives.nseindia.com/corporate/SHREECEM_22122025174034_NSE_BSE_Trading_Window_221225.pdf', 'sm_name': 'SHREE CEMENT LIMITED', 'sm_isin': 'INE070A01015', 'an_dt': '22-Dec-2025 17:41:14', 'sort_date': '2025-12-22 17:41:14', 'seq_id': '106474067', 'smIndustry': 'Cement And Cement Products', 'orgid': None, 'attchmntText': 'SHREE CEMENT LIMITED has informed the Exchange regarding the Trading Window closure pursuant to SEBI (Prohibition of Insider Trading) Regulations, 2015', 'bflag': None, 'old_new': None, 'csvName': None, 'exchdisstime': '22-Dec-2025 17:41:15', 'difference': '00:00:01', 'fileSize': '516.52 KB', 'attFileSize': '516.52 KB', 'hasXbrl': True}",0.0
MOTHERSON,NSE_CORP_ANN,General Updates,"Samvardhana Motherson International Limited has submitted with the Stock Exchange Investors Presentation with respect to acquisition disclosure dated December 22, 2025.",,,"{'symbol': 'MOTHERSON', 'desc': 'General Updates', 'dt': '22122025145416', 'attchmntFile': 'https://nsearchives.nseindia.com/corporate/MOTHERSON_22122025145406_SE_Disclosure.pdf', 'sm_name': 'Samvardhana Motherson International Limited', 'sm_isin': 'INE775A01035', 'an_dt': '22-Dec-2025 14:54:16', 'sort_date': '2025-12-22 14:54:16', 'seq_id': '106473816', 'smIndustry': None, 'orgid': None, 'attchmntText': 'Samvardhana Motherson International Limited has submitted with the Stock Exchange Investors Presentation with respect to acquisition disclosure dated December 22, 2025.', 'bflag': None, 'old_new': None, 'csvName': None, 'exchdisstime': '22-Dec-2025 14:54:16', 'difference': '00:00:00', 'fileSize': '2.42 MB', 'attFileSize': '2.42 MB', 'hasXbrl': True}",0.0
MOTHERSON,NSE_CORP_ANN,Press Release,"Samvardhana Motherson International Limited has informed the Exchange regarding a press release dated December 22, 2025, titled ""Press Release "".",,,"{'symbol': 'MOTHERSON', 'desc': 'Press Release', 'dt': '22122025144705', 'attchmntFile': 'https://nsearchives.nseindia.com/corporate/MOTHERSON_22122025144652_SE_Disclosure.pdf', 'sm_name': 'Samvardhana Motherson International Limited', 'sm_isin': 'INE775A01035', 'an_dt': '22-Dec-2025 14:47:05', 'sort_date': '2025-12-22 14:47:05', 'seq_id': '106473810', 'smIndustry': None, 'orgid': None, 'attchmntText': 'Samvardhana Motherson International Limited has informed the Exchange regarding a press release dated December 22, 2025, titled ""Press Release "".', 'bflag': None, 'old_new': None, 'csvName': None, 'exchdisstime': '22-Dec-2025 14:47:06', 'difference': '00:00:01', 'fileSize': '2.42 MB', 'attFileSize': '2.42 MB', 'hasXbrl': True}",0.0
SHRIRAMFIN,NSE_CORP_ANN,Copy of Newspaper Publication,Shriram Finance Limited has informed the Exchange about Copy of Newspaper Publication for EGM information,,,"{'symbol': 'SHRIRAMFIN', 'desc': 'Copy of Newspaper Publication', 'dt': '22122025153044', 'attchmntFile': 'https://nsearchives.nseindia.com/corporate/Mathew_22122025153026_BSENSEnewspaper.pdf', 'sm_name': 'Shriram Finance Limited', 'sm_isin': 'INE721A01013', 'an_dt': '22-Dec-2025 15:30:44', 'sort_date': '2025-12-22 15:30:44', 'seq_id': '106473866', 'smIndustry': None, 'orgid': None, 'attchmntText': 'Shriram Finance Limited has informed the Exchange about Copy of Newspaper Publication for EGM information', 'bflag': None, 'old_new': None, 'csvName': None, 'exchdisstime': '22-Dec-2025 15:30:45', 'difference': '00:00:01', 'fileSize': '2.23 MB', 'attFileSize': '2.23 MB', 'hasXbrl': True}",0.0
TATACONSUM,NSE_CORP_ANN,ESOP/ESOS/ESPS,TATA CONSUMER PRODUCTS LIMITED has informed the Exchange regarding Allotment of 1736  Shares.,,,"{'symbol': 'TATACONSUM', 'desc': 'ESOP/ESOS/ESPS', 'dt': '22122025150131', 'attchmntFile': 'https://nsearchives.nseindia.com/corporate/Sukhvinder_22122025150038_SE_ESOP_Intimation.pdf', 'sm_name': 'TATA CONSUMER PRODUCTS LIMITED', 'sm_isin': 'INE192A01025', 'an_dt': '22-Dec-2025 15:01:31', 'sort_date': '2025-12-22 15:01:31', 'seq_id': '106473826', 'smIndustry': None, 'orgid': None, 'attchmntText': 'TATA CONSUMER PRODUCTS LIMITED has informed the Exchange regarding Allotment of 1736  Shares.', 'bflag': None, 'old_new': None, 'csvName': None, 'exchdisstime': '22-Dec-2025 15:01:32', 'difference': '00:00:01', 'fileSize': '2.95 MB', 'attFileSize': '2.95 MB', 'hasXbrl': True}",0.0
TATACONSUM,NSE_CORP_ANN,Trading Window,"TATA CONSUMER PRODUCTS LIMITED has informed the Exchange regarding the Trading Window closure pursuant to SEBI (Prohibition of Insider Trading) Regulations, 2015",,,"{'symbol': 'TATACONSUM', 'desc': 'Trading Window', 'dt': '22122025114941', 'attchmntFile': 'https://nsearchives.nseindia.com/corporate/Sukhvinder_22122025114915_SEIntimation_TradingWindowClosure.pdf', 'sm_name': 'TATA CONSUMER PRODUCTS LIMITED', 'sm_isin': 'INE192A01025', 'an_dt': '22-Dec-2025 11:49:41', 'sort_date': '2025-12-22 11:49:41', 'seq_id': '106473651', 'smIndustry': None, 'orgid': None, 'attchmntText': 'TATA CONSUMER PRODUCTS LIMITED has informed the Exchange regarding the Trading Window closure pursuant to SEBI (Prohibition of Insider Trading) Regulations, 2015', 'bflag': None, 'old_new': None, 'csvName': None, 'exchdisstime': '22-Dec-2025 11:49:41', 'difference': '00:00:00', 'fileSize': '256.50 KB', 'attFileSize': '256.50 KB', 'hasXbrl': True}",0.0
FEDERALBNK,NSE_CORP_ANN,General Updates,The Federal Bank  Limited has informed the Exchange about  Allotment of Equity Shares on exercise of Stock options pursuant to Employee Stock Option Scheme,,,"{'symbol': 'FEDERALBNK', 'desc': 'General Updates', 'dt': '22122025115411', 'attchmntFile': 'https://nsearchives.nseindia.com/corporate/FEDERALBNK_22122025115328_ESOS_211209_221225_SE_S.pdf', 'sm_name': 'The Federal Bank  Limited', 'sm_isin': 'INE171A01011', 'an_dt': '22-Dec-2025 11:54:11', 'sort_date': '2025-12-22 11:54:11', 'seq_id': '106473654', 'smIndustry': 'Banks', 'orgid': None, 'attchmntText': 'The Federal Bank  Limited has informed the Exchange about  Allotment of Equity Shares on exercise of Stock options pursuant to Employee Stock Option Scheme', 'bflag': None, 'old_new': None, 'csvName': None, 'exchdisstime': '22-Dec-2025 11:54:12', 'difference': '00:00:01', 'fileSize': '216.13 KB', 'attFileSize': '216.13 KB', 'hasXbrl': True}",0.0
UPL,NSE_CORP_ANN,General Updates,UPL Limited has informed the Exchange about Investment in Hybrid Seeds Vietnam Company Limited,,,"{'symbol': 'UPL', 'desc': 'General Updates', 'dt': '22122025161308', 'attchmntFile': 'https://nsearchives.nseindia.com/corporate/UPL_22122025161255_AdvantaVietnamintimation.pdf', 'sm_name': 'UPL Limited', 'sm_isin': 'INE628A01036', 'an_dt': '22-Dec-2025 16:13:08', 'sort_date': '2025-12-22 16:13:08', 'seq_id': '106473923', 'smIndustry': None, 'orgid': None, 'attchmntText': 'UPL Limited has informed the Exchange about Investment in Hybrid Seeds Vietnam Company Limited', 'bflag': None, 'old_new': None, 'csvName': None, 'exchdisstime': '22-Dec-2025 16:13:10', 'difference': '00:00:02', 'fileSize': '208.86 KB', 'attFileSize': '208.86 KB', 'hasXbrl': True}",0.0
UNITDSPR,NSE_CORP_ANN,Shareholders meeting,United Spirits Limited has submitted the Exchange a copy Srutinizers report of  Postal Ballot,,,"{'symbol': 'UNITDSPR', 'desc': 'Shareholders meeting', 'dt': '22122025160046', 'attchmntFile': 'https://nsearchives.nseindia.com/corporate/MCDOWELL_22122025160009_SE_PB_results_intimation.pdf', 'sm_name': 'United Spirits Limited', 'sm_isin': 'INE854D01024', 'an_dt': '22-Dec-2025 16:00:46', 'sort_date': '2025-12-22 16:00:46', 'seq_id': '106473904', 'smIndustry': None, 'orgid': None, 'attchmntText': 'United Spirits Limited has submitted the Exchange a copy Srutinizers report of  Postal Ballot', 'bflag': None, 'old_new': None, 'csvName': None, 'exchdisstime': '22-Dec-2025 16:00:51', 'difference': '00:00:05', 'fileSize': '2.15 MB', 'attFileSize': '2.15 MB', 'hasXbrl': True}",0.0
VOLTAS,NSE_CORP_ANN,Trading Window,"Voltas Limited has informed the Exchange regarding the Trading Window closure pursuant to SEBI (Prohibition of Insider Trading) Regulations, 2015",,,"{'symbol': 'VOLTAS', 'desc': 'Trading Window', 'dt': '22122025184319', 'attchmntFile': 'https://nsearchives.nseindia.com/corporate/VOLTAS_RB_22122025184259_SE_Intimation_22122025_Signed.pdf', 'sm_name': 'Voltas Limited', 'sm_isin': 'INE226A01021', 'an_dt': '22-Dec-2025 18:43:19', 'sort_date': '2025-12-22 18:43:19', 'seq_id': '106474173', 'smIndustry': 'Engineering', 'orgid': None, 'attchmntText': 'Voltas Limited has informed the Exchange regarding the Trading Window closure pursuant to SEBI (Prohibition of Insider Trading) Regulations, 2015', 'bflag': None, 'old_new': None, 'csvName': None, 'exchdisstime': '22-Dec-2025 18:43:19', 'difference': '00:00:00', 'fileSize': '559.84 KB', 'attFileSize': '559.84 KB', 'hasXbrl': True}",0.0
BIOCON,NSE_CORP_ANN,General Updates,Biocon Limited has informed the Exchange about Issue of Commercial Papers,,,"{'symbol': 'BIOCON', 'desc': 'General Updates', 'dt': '22122025193728', 'attchmntFile': 'https://nsearchives.nseindia.com/corporate/BIOCON_22122025193708_Intimation_for_allotment.pdf', 'sm_name': 'Biocon Limited', 'sm_isin': 'INE376G01013', 'an_dt': '22-Dec-2025 19:37:28', 'sort_date': '2025-12-22 19:37:28', 'seq_id': '106474215', 'smIndustry': 'Pharmaceuticals', 'orgid': None, 'attchmntText': 'Biocon Limited has informed the Exchange about Issue of Commercial Papers', 'bflag': None, 'old_new': None, 'csvName': None, 'exchdisstime': '22-Dec-2025 19:37:29', 'difference': '00:00:01', 'fileSize': '3.01 MB', 'attFileSize': '3.01 MB', 'hasXbrl': True}",0.0
MOTHERSON,NSE_CORP_ANN,Shareholders meeting,Samvardhana Motherson International Limited has submitted with Stock Exchange a copy of voting results and scrutinizer report to the postal ballot.,,,"{'symbol': 'MOTHERSON', 'desc': 'Shareholders meeting', 'dt': '22122025194049', 'attchmntFile': 'https://nsearchives.nseindia.com/corporate/MOTHERSON_22122025193353_SE_Disclosure_Postal_Ballot_22122025.pdf', 'sm_name': 'Samvardhana Motherson International Limited', 'sm_isin': 'INE775A01035', 'an_dt': '22-Dec-2025 19:40:49', 'sort_date': '2025-12-22 19:40:49', 'seq_id': '106474219', 'smIndustry': None, 'orgid': None, 'attchmntText': 'Samvardhana Motherson International Limited has submitted with Stock Exchange a copy of voting results and scrutinizer report to the postal ballot.', 'bflag': None, 'old_new': None, 'csvName': None, 'exchdisstime': '22-Dec-2025 19:40:51', 'difference': '00:00:02', 'fileSize': '860.32 KB', 'attFileSize': '860.32 KB', 'hasXbrl': True}",0.0
YESBANK,NSE_CORP_ANN,Analysts/Institutional Investor Meet/Con. Call Updates,"Disclosure under Regulation 30 read with clause 15 of Para A of Part A of Schedule III of the SEBI (Listing Obligations and Disclosure Requirements) Regulations, 2015 - Schedule of Analyst/ Institutional Investors Meet(s) / Call(s) / VC(s)   Advance Intimation - Kotak Flagship Conference: Chasing Growth 2026",,,"{'symbol': 'YESBANK', 'desc': 'Analysts/Institutional Investor Meet/Con. Call Updates', 'dt': '22122025194756', 'attchmntFile': 'https://nsearchives.nseindia.com/corporate/YESBANK_22122025194453_YBL_SE_Intimation_Analyst_Meet_Advance_Intimation_Kotak_Flagship_signed.pdf', 'sm_name': 'Yes Bank Limited', 'sm_isin': 'INE528G01019', 'an_dt': '22-Dec-2025 19:47:56', 'sort_date': '2025-12-22 19:47:56', 'seq_id': '106474221', 'smIndustry': 'Banks', 'orgid': None, 'attchmntText': 'Disclosure under Regulation 30 read with clause 15 of Para A of Part A of Schedule III of the SEBI (Listing Obligations and Disclosure Requirements) Regulations, 2015 - Schedule of Analyst/ Institutional Investors Meet(s) / Call(s) / VC(s)   Advance Intimation - Kotak Flagship Conference: Chasing Growth 2026', 'bflag': None, 'old_new': None, 'csvName': None, 'exchdisstime': '22-Dec-2025 19:47:57', 'difference': '00:00:01', 'fileSize': '207.14 KB', 'attFileSize': '207.14 KB', 'hasXbrl': True}",0.0
